Country,Model,Date,Actual_Modeling_Value,Forecast,ActualObservedInSource,UsedInMetrics,Error,Absolute_Error
Brunei Darussalam,Holt-Winters,2014-01-01,-0.056,0.903623319665272,True,True,-0.959623319665272,0.959623319665272
Brunei Darussalam,Holt-Winters,2014-02-01,0.376,0.8314858856643924,True,True,-0.4554858856643924,0.4554858856643924
Brunei Darussalam,Holt-Winters,2014-03-01,0.649,0.8949948056137916,True,True,-0.2459948056137916,0.2459948056137916
Brunei Darussalam,Holt-Winters,2014-04-01,0.712,0.863094713993262,True,True,-0.15109471399326202,0.15109471399326202
Brunei Darussalam,Holt-Winters,2014-05-01,0.617,0.7498807061938704,True,True,-0.13288070619387038,0.13288070619387038
Brunei Darussalam,Holt-Winters,2014-06-01,1.258,0.9764810195043605,True,True,0.2815189804956395,0.2815189804956395
Brunei Darussalam,Holt-Winters,2014-07-01,1.039,0.975594254602032,True,True,0.06340574539796795,0.06340574539796795
Brunei Darussalam,Holt-Winters,2014-08-01,0.185,0.919619010998451,True,True,-0.734619010998451,0.734619010998451
Brunei Darussalam,Holt-Winters,2014-09-01,0.823,0.8550692450282648,True,True,-0.0320692450282648,0.0320692450282648
Brunei Darussalam,Holt-Winters,2014-10-01,0.771,0.8603166481221126,True,True,-0.0893166481221126,0.0893166481221126
Brunei Darussalam,Holt-Winters,2014-11-01,0.916,0.8773324033253788,True,True,0.038667596674621274,0.038667596674621274
Brunei Darussalam,Holt-Winters,2014-12-01,0.904,0.971029464417909,True,True,-0.06702946441790902,0.06702946441790902
Brunei Darussalam,Holt-Winters,2015-01-01,0.39,0.9196799106552559,True,True,-0.5296799106552559,0.5296799106552559
Brunei Darussalam,Holt-Winters,2015-02-01,0.504,0.8475424766543763,True,True,-0.3435424766543763,0.3435424766543763
Brunei Darussalam,Holt-Winters,2015-03-01,0.537,0.9110513966037755,True,True,-0.3740513966037755,0.3740513966037755
Brunei Darussalam,Holt-Winters,2015-04-01,0.888,0.8791513049832459,True,True,0.008848695016754116,0.008848695016754116
Brunei Darussalam,Holt-Winters,2015-05-01,0.612,0.7659372971838543,True,True,-0.1539372971838543,0.1539372971838543
Brunei Darussalam,Holt-Winters,2015-06-01,1.186,0.9925376104943444,True,True,0.19346238950565553,0.19346238950565553
Brunei Darussalam,Holt-Winters,2015-07-01,1.545,0.9916508455920158,True,True,0.5533491544079842,0.5533491544079842
Brunei Darussalam,Holt-Winters,2015-08-01,0.821,0.9356756019884349,True,True,-0.11467560198843496,0.11467560198843496
Brunei Darussalam,Holt-Winters,2015-09-01,1.179,0.8711258360182487,True,True,0.3078741639817514,0.3078741639817514
Brunei Darussalam,Holt-Winters,2015-10-01,1.452,0.8763732391120964,True,True,0.5756267608879035,0.5756267608879035
Brunei Darussalam,Holt-Winters,2015-11-01,1.167,0.8933889943153627,True,True,0.27361100568463737,0.27361100568463737
Brunei Darussalam,Holt-Winters,2015-12-01,1.656,0.987086055407893,True,True,0.668913944592107,0.668913944592107
Brunei Darussalam,Holt-Winters,2016-01-01,2.043,0.9357365016452397,True,True,1.1072634983547605,1.1072634983547605
Brunei Darussalam,Holt-Winters,2016-02-01,1.785,0.8635990676443602,True,True,0.9214009323556397,0.9214009323556397
Brunei Darussalam,Holt-Winters,2016-03-01,1.645,0.9271079875937595,True,True,0.7178920124062406,0.7178920124062406
Brunei Darussalam,Holt-Winters,2016-04-01,1.72,0.8952078959732298,True,True,0.8247921040267702,0.8247921040267702
Brunei Darussalam,Holt-Winters,2016-05-01,1.308,0.7819938881738382,True,True,0.5260061118261619,0.5260061118261619
Brunei Darussalam,Holt-Winters,2016-06-01,0.87,1.0085942014843283,True,True,-0.13859420148432833,0.13859420148432833
Brunei Darussalam,Holt-Winters,2016-07-01,1.182,1.0077074365819996,True,True,0.17429256341800037,0.17429256341800037
Brunei Darussalam,Holt-Winters,2016-08-01,1.403,0.9517321929784188,True,True,0.4512678070215812,0.4512678070215812
Brunei Darussalam,Holt-Winters,2016-09-01,0.751,0.8871824270082326,True,True,-0.13618242700823258,0.13618242700823258
Brunei Darussalam,Holt-Winters,2016-10-01,1.07,0.8924298301020803,True,True,0.17757016989791974,0.17757016989791974
Brunei Darussalam,Holt-Winters,2016-11-01,1.156,0.9094455853053466,True,True,0.24655441469465333,0.24655441469465333
Brunei Darussalam,Holt-Winters,2016-12-01,1.349,1.0031426463978768,True,True,0.3458573536021232,0.3458573536021232
Brunei Darussalam,Holt-Winters,2017-01-01,1.54,0.9517930926352236,True,True,0.5882069073647764,0.5882069073647764
Brunei Darussalam,Holt-Winters,2017-02-01,0.725,0.8796556586343441,True,True,-0.15465565863434416,0.15465565863434416
Brunei Darussalam,Holt-Winters,2017-03-01,0.399,0.9431645785837434,True,True,-0.5441645785837433,0.5441645785837433
Brunei Darussalam,Holt-Winters,2017-04-01,0.687,0.9112644869632137,True,True,-0.22426448696321366,0.22426448696321366
Brunei Darussalam,Holt-Winters,2017-05-01,0.648,0.7980504791638221,True,True,-0.15005047916382208,0.15005047916382208
Brunei Darussalam,Holt-Winters,2017-06-01,0.852,1.0246507924743122,True,True,-0.17265079247431225,0.17265079247431225
Brunei Darussalam,Holt-Winters,2017-07-01,1.297,1.0237640275719835,True,True,0.27323597242801645,0.27323597242801645
Brunei Darussalam,Holt-Winters,2017-08-01,0.92,0.9677887839684027,True,True,-0.04778878396840269,0.04778878396840269
Brunei Darussalam,Holt-Winters,2017-09-01,0.916,0.9032390179982165,True,True,0.01276098200178355,0.01276098200178355
Brunei Darussalam,Holt-Winters,2017-10-01,0.826,0.9084864210920642,True,True,-0.08248642109206428,0.08248642109206428
Brunei Darussalam,Holt-Winters,2017-11-01,1.141,0.9255021762953305,True,True,0.21549782370466952,0.21549782370466952
Brunei Darussalam,Holt-Winters,2017-12-01,0.936,1.0191992373878607,True,True,-0.08319923738786061,0.08319923738786061
Brunei Darussalam,Holt-Winters,2018-01-01,0.955,0.9678496836252075,True,True,-0.012849683625207553,0.012849683625207553
Brunei Darussalam,Holt-Winters,2018-02-01,0.528,0.895712249624328,True,True,-0.367712249624328,0.367712249624328
Brunei Darussalam,Holt-Winters,2018-03-01,0.734,0.9592211695737273,True,True,-0.2252211695737273,0.2252211695737273
Brunei Darussalam,Holt-Winters,2018-04-01,0.876,0.9273210779531976,True,True,-0.051321077953197625,0.051321077953197625
Brunei Darussalam,Holt-Winters,2018-05-01,0.268,0.814107070153806,True,True,-0.546107070153806,0.546107070153806
Brunei Darussalam,Holt-Winters,2018-06-01,1.041,1.0407073834642961,True,True,0.00029261653570378243,0.00029261653570378243
Brunei Darussalam,Holt-Winters,2018-07-01,1.398,1.0398206185619674,True,True,0.3581793814380325,0.3581793814380325
Brunei Darussalam,Holt-Winters,2018-08-01,1.16,0.9838453749583866,True,True,0.17615462504161328,0.17615462504161328
Brunei Darussalam,Holt-Winters,2018-09-01,0.689,0.9192956089882004,True,True,-0.23029560898820045,0.23029560898820045
Brunei Darussalam,Holt-Winters,2018-10-01,0.999,0.9245430120820481,True,True,0.07445698791795186,0.07445698791795186
Brunei Darussalam,Holt-Winters,2018-11-01,1.253,0.9415587672853144,True,True,0.3114412327146855,0.3114412327146855
Brunei Darussalam,Holt-Winters,2018-12-01,1.296,1.0352558283778446,True,True,0.26074417162215546,0.26074417162215546
Brunei Darussalam,Holt-Winters,2019-01-01,1.462,0.9839062746151914,True,True,0.47809372538480854,0.47809372538480854
Brunei Darussalam,Holt-Winters,2019-02-01,1.08,0.911768840614312,True,True,0.1682311593856881,0.1682311593856881
Brunei Darussalam,Holt-Winters,2019-03-01,0.945,0.9752777605637112,True,True,-0.03027776056371123,0.03027776056371123
Brunei Darussalam,Holt-Winters,2019-04-01,1.276,0.9433776689431815,True,True,0.3326223310568185,0.3326223310568185
Brunei Darussalam,Holt-Winters,2019-05-01,1.139,0.8301636611437899,True,True,0.3088363388562101,0.3088363388562101
Brunei Darussalam,Holt-Winters,2019-06-01,1.322,1.05676397445428,True,True,0.26523602554572,0.26523602554572
Brunei Darussalam,Holt-Winters,2019-07-01,1.169,1.0558772095519513,True,True,0.11312279044804874,0.11312279044804874
Brunei Darussalam,Holt-Winters,2019-08-01,1.428,0.9999019659483706,True,True,0.4280980340516294,0.4280980340516294
Brunei Darussalam,Holt-Winters,2019-09-01,1.411,0.9353521999781842,True,True,0.47564780002181584,0.47564780002181584
Brunei Darussalam,Holt-Winters,2019-10-01,0.903,0.940599603072032,True,True,-0.03759960307203203,0.03759960307203203
Brunei Darussalam,Holt-Winters,2019-11-01,1.219,0.9576153582752983,True,True,0.26138464172470177,0.26138464172470177
Brunei Darussalam,Holt-Winters,2019-12-01,1.205,1.0513124193678283,True,True,0.1536875806321718,0.1536875806321718
Brunei Darussalam,Holt-Winters,2020-01-01,1.572,0.9999628656051753,True,True,0.5720371343948247,0.5720371343948247
Brunei Darussalam,Holt-Winters,2020-02-01,1.474,0.9278254316042959,True,True,0.5461745683957041,0.5461745683957041
Brunei Darussalam,Holt-Winters,2020-03-01,1.279,0.991334351553695,True,True,0.28766564844630493,0.28766564844630493
Brunei Darussalam,Holt-Winters,2020-04-01,1.196,0.9594342599331654,True,True,0.2365657400668345,0.2365657400668345
Brunei Darussalam,Holt-Winters,2020-05-01,1.127,0.8462202521337738,True,True,0.28077974786622617,0.28077974786622617
Brunei Darussalam,Holt-Winters,2020-06-01,1.072,1.0728205654442637,True,True,-0.0008205654442636767,0.0008205654442636767
Brunei Darussalam,Holt-Winters,2020-07-01,1.212,1.0719338005419352,True,True,0.14006619945806476,0.14006619945806476
Brunei Darussalam,Holt-Winters,2020-08-01,1.294,1.0159585569383545,True,True,0.2780414430616456,0.2780414430616456
Brunei Darussalam,Holt-Winters,2020-09-01,1.059,0.9514087909681681,True,True,0.10759120903183184,0.10759120903183184
Brunei Darussalam,Holt-Winters,2020-10-01,1.115,0.956656194062016,True,True,0.15834380593798403,0.15834380593798403
Brunei Darussalam,Holt-Winters,2020-11-01,1.059,0.9736719492652822,True,True,0.08532805073471772,0.08532805073471772
Brunei Darussalam,Holt-Winters,2020-12-01,1.199,1.0673690103578122,True,True,0.1316309896421879,0.1316309896421879
Brunei Darussalam,Holt-Winters,2021-01-01,1.012,1.0160194565951592,True,True,-0.004019456595159232,0.004019456595159232
Brunei Darussalam,Holt-Winters,2021-02-01,0.439,0.9438820225942798,True,True,-0.5048820225942798,0.5048820225942798
Brunei Darussalam,Holt-Winters,2021-03-01,0.642,1.007390942543679,True,True,-0.3653909425436789,0.3653909425436789
Brunei Darussalam,Holt-Winters,2021-04-01,0.572,0.9754908509231494,True,True,-0.4034908509231494,0.4034908509231494
Brunei Darussalam,Holt-Winters,2021-05-01,0.681,0.8622768431237577,True,True,-0.1812768431237577,0.1812768431237577
Brunei Darussalam,Holt-Winters,2021-06-01,1.041,1.0888771564342477,True,True,-0.047877156434247725,0.047877156434247725
Brunei Darussalam,Holt-Winters,2021-07-01,1.377,1.0879903915319191,True,True,0.2890096084680809,0.2890096084680809
Brunei Darussalam,Holt-Winters,2021-08-01,1.007,1.0320151479283382,True,True,-0.025015147928338255,0.025015147928338255
Brunei Darussalam,Holt-Winters,2021-09-01,0.942,0.9674653819581521,True,True,-0.025465381958152178,0.025465381958152178
Brunei Darussalam,Holt-Winters,2021-10-01,1.437,0.9727127850519999,True,True,0.4642872149480002,0.4642872149480002
Brunei Darussalam,Holt-Winters,2021-11-01,1.311,0.989728540255266,True,True,0.3212714597447339,0.3212714597447339
Brunei Darussalam,Holt-Winters,2021-12-01,1.578,1.0834256013477963,True,True,0.49457439865220376,0.49457439865220376
Brunei Darussalam,Holt-Winters,2022-01-01,1.307,1.0320760475851432,True,True,0.2749239524148568,0.2749239524148568
Brunei Darussalam,Holt-Winters,2022-02-01,0.91,0.9599386135842635,True,True,-0.049938613584263436,0.049938613584263436
Brunei Darussalam,Holt-Winters,2022-03-01,0.689,1.0234475335336628,True,True,-0.33444753353366286,0.33444753353366286
Brunei Darussalam,Holt-Winters,2022-04-01,0.838,0.9915474419131333,True,True,-0.1535474419131333,0.1535474419131333
Brunei Darussalam,Holt-Winters,2022-05-01,0.987,0.8783334341137415,True,True,0.10866656588625845,0.10866656588625845
Brunei Darussalam,Holt-Winters,2022-06-01,1.04,1.1049337474242318,True,True,-0.06493374742423175,0.06493374742423175
Brunei Darussalam,Holt-Winters,2022-07-01,1.347,1.104046982521903,True,True,0.24295301747809694,0.24295301747809694
Brunei Darussalam,Holt-Winters,2022-08-01,1.132,1.048071738918322,True,True,0.08392826108167784,0.08392826108167784
Brunei Darussalam,Holt-Winters,2022-09-01,0.64,0.983521972948136,True,True,-0.343521972948136,0.343521972948136
Brunei Darussalam,Holt-Winters,2022-10-01,1.178,0.9887693760419838,True,True,0.18923062395801615,0.18923062395801615
Brunei Darussalam,Holt-Winters,2022-11-01,0.935,1.0057851312452497,True,True,-0.07078513124524966,0.07078513124524966
Brunei Darussalam,Holt-Winters,2022-12-01,0.784,1.09948219233778,True,True,-0.31548219233777997,0.31548219233777997
Brunei Darussalam,Holt-Winters,2023-01-01,1.276,1.048132638575127,True,True,0.22786736142487296,0.22786736142487296
Brunei Darussalam,Holt-Winters,2023-02-01,0.88,0.9759952045742474,True,True,-0.09599520457424737,0.09599520457424737
Brunei Darussalam,Holt-Winters,2023-03-01,0.518,1.0395041245236467,True,True,-0.5215041245236467,0.5215041245236467
Brunei Darussalam,Holt-Winters,2023-04-01,1.026,1.007604032903117,True,True,0.01839596709688296,0.01839596709688296
Brunei Darussalam,Holt-Winters,2023-05-01,1.141,0.8943900251037255,True,True,0.24660997489627456,0.24660997489627456
Brunei Darussalam,Holt-Winters,2023-06-01,1.327,1.1209903384142152,True,True,0.2060096615857847,0.2060096615857847
Brunei Darussalam,Holt-Winters,2023-07-01,1.143,1.120103573511887,True,True,0.022896426488113075,0.022896426488113075
Brunei Darussalam,Holt-Winters,2023-08-01,1.371,1.064128329908306,True,True,0.306871670091694,0.306871670091694
Brunei Darussalam,Holt-Winters,2023-09-01,1.131,0.99957856393812,True,True,0.13142143606188006,0.13142143606188006
Brunei Darussalam,Holt-Winters,2023-10-01,1.652,1.0048259670319677,True,True,0.6471740329680322,0.6471740329680322
Brunei Darussalam,Holt-Winters,2023-11-01,1.489,1.0218417222352336,True,True,0.4671582777647665,0.4671582777647665
Brunei Darussalam,Holt-Winters,2023-12-01,2.12,1.115538783327764,True,True,1.0044612166722362,1.0044612166722362
Brunei Darussalam,SARIMA,2014-01-01,-0.056,0.9354836930263568,True,True,-0.9914836930263569,0.9914836930263569
Brunei Darussalam,SARIMA,2014-02-01,0.376,0.7965303737593218,True,True,-0.4205303737593218,0.4205303737593218
Brunei Darussalam,SARIMA,2014-03-01,0.649,0.766641452117089,True,True,-0.11764145211708898,0.11764145211708898
Brunei Darussalam,SARIMA,2014-04-01,0.712,0.7315731676368784,True,True,-0.01957316763687844,0.01957316763687844
Brunei Darussalam,SARIMA,2014-05-01,0.617,0.6506210408604425,True,True,-0.033621040860442486,0.033621040860442486
Brunei Darussalam,SARIMA,2014-06-01,1.258,0.9629309413684113,True,True,0.2950690586315887,0.2950690586315887
Brunei Darussalam,SARIMA,2014-07-01,1.039,0.9839406668293708,True,True,0.055059333170629166,0.055059333170629166
Brunei Darussalam,SARIMA,2014-08-01,0.185,0.9384847084515159,True,True,-0.7534847084515159,0.7534847084515159
Brunei Darussalam,SARIMA,2014-09-01,0.823,0.8318352160034674,True,True,-0.008835216003467483,0.008835216003467483
Brunei Darussalam,SARIMA,2014-10-01,0.771,0.862842486733853,True,True,-0.09184248673385298,0.09184248673385298
Brunei Darussalam,SARIMA,2014-11-01,0.916,0.8786367137342999,True,True,0.03736328626570018,0.03736328626570018
Brunei Darussalam,SARIMA,2014-12-01,0.904,1.0264246278982436,True,True,-0.1224246278982436,0.1224246278982436
Brunei Darussalam,SARIMA,2015-01-01,0.39,0.9684919492284553,True,True,-0.5784919492284553,0.5784919492284553
Brunei Darussalam,SARIMA,2015-02-01,0.504,0.8235892247662843,True,True,-0.31958922476628426,0.31958922476628426
Brunei Darussalam,SARIMA,2015-03-01,0.537,0.8119757995525028,True,True,-0.27497579955250273,0.27497579955250273
Brunei Darussalam,SARIMA,2015-04-01,0.888,0.7433180536287918,True,True,0.14468194637120824,0.14468194637120824
Brunei Darussalam,SARIMA,2015-05-01,0.612,0.6894163760901936,True,True,-0.07741637609019358,0.07741637609019358
Brunei Darussalam,SARIMA,2015-06-01,1.186,1.0247437442798828,True,True,0.16125625572011715,0.16125625572011715
Brunei Darussalam,SARIMA,2015-07-01,1.545,0.9950636451705202,True,True,0.5499363548294798,0.5499363548294798
Brunei Darussalam,SARIMA,2015-08-01,0.821,0.950310493297358,True,True,-0.129310493297358,0.129310493297358
Brunei Darussalam,SARIMA,2015-09-01,1.179,0.8335268589890722,True,True,0.34547314101092785,0.34547314101092785
Brunei Darussalam,SARIMA,2015-10-01,1.452,0.8712227669763504,True,True,0.5807772330236496,0.5807772330236496
Brunei Darussalam,SARIMA,2015-11-01,1.167,0.9085863047556126,True,True,0.2584136952443874,0.2584136952443874
Brunei Darussalam,SARIMA,2015-12-01,1.656,1.0770521085417926,True,True,0.5789478914582074,0.5789478914582074
Brunei Darussalam,SARIMA,2016-01-01,2.043,0.999974733772422,True,True,1.0430252662275783,1.0430252662275783
Brunei Darussalam,SARIMA,2016-02-01,1.785,0.8555141940685921,True,True,0.9294858059314078,0.9294858059314078
Brunei Darussalam,SARIMA,2016-03-01,1.645,0.8425424572746235,True,True,0.8024575427253765,0.8024575427253765
Brunei Darussalam,SARIMA,2016-04-01,1.72,0.7763812210697908,True,True,0.9436187789302092,0.9436187789302092
Brunei Darussalam,SARIMA,2016-05-01,1.308,0.7204690406377219,True,True,0.5875309593622782,0.5875309593622782
Brunei Darussalam,SARIMA,2016-06-01,0.87,1.054085654045944,True,True,-0.184085654045944,0.184085654045944
Brunei Darussalam,SARIMA,2016-07-01,1.182,1.0281730353977039,True,True,0.15382696460229606,0.15382696460229606
Brunei Darussalam,SARIMA,2016-08-01,1.403,0.983367647996074,True,True,0.419632352003926,0.419632352003926
Brunei Darussalam,SARIMA,2016-09-01,0.751,0.8673372256346106,True,True,-0.11633722563461057,0.11633722563461057
Brunei Darussalam,SARIMA,2016-10-01,1.07,0.904536006034834,True,True,0.1654639939651661,0.1654639939651661
Brunei Darussalam,SARIMA,2016-11-01,1.156,0.9402964221302492,True,True,0.2157035778697507,0.2157035778697507
Brunei Darussalam,SARIMA,2016-12-01,1.349,1.1072253583934224,True,True,0.24177464160657758,0.24177464160657758
Brunei Darussalam,SARIMA,2017-01-01,1.54,1.0315708977710372,True,True,0.5084291022289629,0.5084291022289629
Brunei Darussalam,SARIMA,2017-02-01,0.725,0.8870774930405204,True,True,-0.16207749304052044,0.16207749304052044
Brunei Darussalam,SARIMA,2017-03-01,0.399,0.8742067116627887,True,True,-0.4752067116627887,0.4752067116627887
Brunei Darussalam,SARIMA,2017-04-01,0.687,0.8078599243800698,True,True,-0.12085992438006976,0.12085992438006976
Brunei Darussalam,SARIMA,2017-05-01,0.648,0.7520971729592942,True,True,-0.10409717295929422,0.10409717295929422
Brunei Darussalam,SARIMA,2017-06-01,0.852,1.0858409368413557,True,True,-0.23384093684135576,0.23384093684135576
Brunei Darussalam,SARIMA,2017-07-01,1.297,1.0596483032365587,True,True,0.23735169676344126,0.23735169676344126
Brunei Darussalam,SARIMA,2017-08-01,0.92,1.0148467981985894,True,True,-0.09484679819858932,0.09484679819858932
Brunei Darussalam,SARIMA,2017-09-01,0.916,0.8987603939646931,True,True,0.017239606035306942,0.017239606035306942
Brunei Darussalam,SARIMA,2017-10-01,0.826,0.9359961229731784,True,True,-0.1099961229731784,0.1099961229731784
Brunei Darussalam,SARIMA,2017-11-01,1.141,0.9718756897989798,True,True,0.16912431020102026,0.16912431020102026
Brunei Darussalam,SARIMA,2017-12-01,0.936,1.1389188525052971,True,True,-0.20291885250529706,0.20291885250529706
Brunei Darussalam,SARIMA,2018-01-01,0.955,1.0631586349328324,True,True,-0.1081586349328324,0.1081586349328324
Brunei Darussalam,SARIMA,2018-02-01,0.528,0.9186676728690035,True,True,-0.3906676728690035,0.3906676728690035
Brunei Darussalam,SARIMA,2018-03-01,0.734,0.905789388061119,True,True,-0.17178938806111899,0.17178938806111899
Brunei Darussalam,SARIMA,2018-04-01,0.876,0.8394563917130976,True,True,0.036543608286902396,0.036543608286902396
Brunei Darussalam,SARIMA,2018-05-01,0.268,0.7836825341011854,True,True,-0.5156825341011854,0.5156825341011854
Brunei Darussalam,SARIMA,2018-06-01,1.041,1.1174168476264965,True,True,-0.07641684762649659,0.07641684762649659
Brunei Darussalam,SARIMA,2018-07-01,1.398,1.0912450259082387,True,True,0.3067549740917612,0.3067549740917612
Brunei Darussalam,SARIMA,2018-08-01,1.16,1.0464432323167114,True,True,0.11355676768328848,0.11355676768328848
Brunei Darussalam,SARIMA,2018-09-01,0.689,0.9303609888904791,True,True,-0.2413609888904792,0.2413609888904792
Brunei Darussalam,SARIMA,2018-10-01,0.999,0.9675939717233587,True,True,0.031406028276641296,0.031406028276641296
Brunei Darussalam,SARIMA,2018-11-01,1.253,1.0034646827669105,True,True,0.24953531723308942,0.24953531723308942
Brunei Darussalam,SARIMA,2018-12-01,1.296,1.170499355684669,True,True,0.12550064431533103,0.12550064431533103
Brunei Darussalam,SARIMA,2019-01-01,1.462,1.0947469984124998,True,True,0.3672530015875002,0.3672530015875002
Brunei Darussalam,SARIMA,2019-02-01,1.08,0.9502558547994331,True,True,0.12974414520056698,0.12974414520056698
Brunei Darussalam,SARIMA,2019-03-01,0.945,0.9373781276779627,True,True,0.00762187232203726,0.00762187232203726
Brunei Darussalam,SARIMA,2019-04-01,1.276,0.8710441063298066,True,True,0.40495589367019347,0.40495589367019347
Brunei Darussalam,SARIMA,2019-05-01,1.139,0.815271074176622,True,True,0.323728925823378,0.323728925823378
Brunei Darussalam,SARIMA,2019-06-01,1.322,1.1490060900921013,True,True,0.17299390990789876,0.17299390990789876
Brunei Darussalam,SARIMA,2019-07-01,1.169,1.1228327215471074,True,True,0.04616727845289259,0.04616727845289259
Brunei Darussalam,SARIMA,2019-08-01,1.428,1.0780309494020912,True,True,0.3499690505979087,0.3499690505979087
Brunei Darussalam,SARIMA,2019-09-01,1.411,0.9619483967271744,True,True,0.4490516032728257,0.4490516032728257
Brunei Darussalam,SARIMA,2019-10-01,0.903,0.9991815836673481,True,True,-0.09618158366734808,0.09618158366734808
Brunei Darussalam,SARIMA,2019-11-01,1.219,1.0350529529097967,True,True,0.18394704709020337,0.18394704709020337
Brunei Darussalam,SARIMA,2019-12-01,1.205,1.2020882568242646,True,True,0.002911743175735504,0.002911743175735504
Brunei Darussalam,SARIMA,2020-01-01,1.572,1.126335315341595,True,True,0.44566468465840514,0.44566468465840514
Brunei Darussalam,SARIMA,2020-02-01,1.474,0.9818441852220294,True,True,0.49215581477797055,0.49215581477797055
Brunei Darussalam,SARIMA,2020-03-01,1.279,0.9689664166509646,True,True,0.3100335833490353,0.3100335833490353
Brunei Darussalam,SARIMA,2020-04-01,1.196,0.9026324714851195,True,True,0.29336752851488046,0.29336752851488046
Brunei Darussalam,SARIMA,2020-05-01,1.127,0.8468593779803786,True,True,0.2801406220196214,0.2801406220196214
Brunei Darussalam,SARIMA,2020-06-01,1.072,1.1805943416912732,True,True,-0.10859434169127313,0.10859434169127313
Brunei Darussalam,SARIMA,2020-07-01,1.212,1.1544210881129333,True,True,0.05757891188706665,0.05757891188706665
Brunei Darussalam,SARIMA,2020-08-01,1.294,1.1096193143739221,True,True,0.1843806856260779,0.1843806856260779
Brunei Darussalam,SARIMA,2020-09-01,1.059,0.9935367846836652,True,True,0.0654632153163347,0.0654632153163347
Brunei Darussalam,SARIMA,2020-10-01,1.115,1.0307699564537285,True,True,0.0842300435462715,0.0842300435462715
Brunei Darussalam,SARIMA,2020-11-01,1.059,1.0666412767760731,True,True,-0.00764127677607318,0.00764127677607318
Brunei Darussalam,SARIMA,2020-12-01,1.199,1.2336765337922178,True,True,-0.03467653379221769,0.03467653379221769
Brunei Darussalam,SARIMA,2021-01-01,1.012,1.157923635730524,True,True,-0.14592363573052403,0.14592363573052403
Brunei Darussalam,SARIMA,2021-02-01,0.439,1.013432504608065,True,True,-0.5744325046080649,0.5744325046080649
Brunei Darussalam,SARIMA,2021-03-01,0.642,1.0005547391177076,True,True,-0.35855473911770763,0.35855473911770763
Brunei Darussalam,SARIMA,2021-04-01,0.572,0.9342207882896735,True,True,-0.3622207882896735,0.3622207882896735
Brunei Darussalam,SARIMA,2021-05-01,0.681,0.8784476993448378,True,True,-0.19744769934483775,0.19744769934483775
Brunei Darussalam,SARIMA,2021-06-01,1.041,1.2121826669357962,True,True,-0.1711826669357963,0.1711826669357963
Brunei Darussalam,SARIMA,2021-07-01,1.377,1.1860094048126517,True,True,0.1909905951873483,0.1909905951873483
Brunei Darussalam,SARIMA,2021-08-01,1.007,1.1412076311921133,True,True,-0.13420763119211343,0.13420763119211343
Brunei Darussalam,SARIMA,2021-09-01,0.942,1.0251250997935402,True,True,-0.08312509979354021,0.08312509979354021
Brunei Darussalam,SARIMA,2021-10-01,1.437,1.0623582726911096,True,True,0.37464172730889045,0.37464172730889045
Brunei Darussalam,SARIMA,2021-11-01,1.311,1.0982295966494016,True,True,0.21277040335059838,0.21277040335059838
Brunei Darussalam,SARIMA,2021-12-01,1.578,1.2652648571512266,True,True,0.31273514284877346,0.31273514284877346
Brunei Darussalam,SARIMA,2022-01-01,1.307,1.1895119558623035,True,True,0.11748804413769642,0.11748804413769642
Brunei Darussalam,SARIMA,2022-02-01,0.91,1.0450208248143835,True,True,-0.1350208248143835,0.1350208248143835
Brunei Darussalam,SARIMA,2022-03-01,0.689,1.0321430590950553,True,True,-0.3431430590950554,0.3431430590950554
Brunei Darussalam,SARIMA,2022-04-01,0.838,0.9658091086878589,True,True,-0.12780910868785889,0.12780910868785889
Brunei Darussalam,SARIMA,2022-05-01,0.987,0.9100360194041119,True,True,0.07696398059588805,0.07696398059588805
Brunei Darussalam,SARIMA,2022-06-01,1.04,1.2437709867066875,True,True,-0.20377098670668747,0.20377098670668747
Brunei Darussalam,SARIMA,2022-07-01,1.347,1.2175977252186292,True,True,0.12940227478137079,0.12940227478137079
Brunei Darussalam,SARIMA,2022-08-01,1.132,1.1727959515892852,True,True,-0.040795951589285284,0.040795951589285284
Brunei Darussalam,SARIMA,2022-09-01,0.64,1.0567134203176811,True,True,-0.4167134203176811,0.4167134203176811
Brunei Darussalam,SARIMA,2022-10-01,1.178,1.0939465931314496,True,True,0.08405340686855034,0.08405340686855034
Brunei Darussalam,SARIMA,2022-11-01,0.935,1.1298179168195026,True,True,-0.19481791681950256,0.19481791681950256
Brunei Darussalam,SARIMA,2022-12-01,0.784,1.2968531770622576,True,True,-0.5128531770622575,0.5128531770622575
Brunei Darussalam,SARIMA,2023-01-01,1.276,1.2211002760131955,True,True,0.05489972398680454,0.05489972398680454
Brunei Darussalam,SARIMA,2023-02-01,0.88,1.0766091449597355,True,True,-0.19660914495973547,0.19660914495973547
Brunei Darussalam,SARIMA,2023-03-01,0.518,1.0637313792574254,True,True,-0.5457313792574254,0.5457313792574254
Brunei Darussalam,SARIMA,2023-04-01,1.026,0.9973974288189505,True,True,0.028602571181049474,0.028602571181049474
Brunei Darussalam,SARIMA,2023-05-01,1.141,0.9416243395603928,True,True,0.1993756604396072,0.1993756604396072
Brunei Darussalam,SARIMA,2023-06-01,1.327,1.2753593068844025,True,True,0.05164069311559749,0.05164069311559749
Brunei Darussalam,SARIMA,2023-07-01,1.143,1.2491860453491415,True,True,-0.10618604534914144,0.10618604534914144
Brunei Darussalam,SARIMA,2023-08-01,1.371,1.204384271720452,True,True,0.16661572827954796,0.16661572827954796
Brunei Darussalam,SARIMA,2023-09-01,1.131,1.088301740439411,True,True,0.042698259560588925,0.042698259560588925
Brunei Darussalam,SARIMA,2023-10-01,1.652,1.125534913259408,True,True,0.526465086740592,0.526465086740592
Brunei Darussalam,SARIMA,2023-11-01,1.489,1.1614062369675464,True,True,0.3275937630324537,0.3275937630324537
Brunei Darussalam,SARIMA,2023-12-01,2.12,1.3284414972295562,True,True,0.7915585027704439,0.7915585027704439
Brunei Darussalam,XGBoost,2014-01-01,-0.056,0.901831865310669,True,True,-0.957831865310669,0.957831865310669
Brunei Darussalam,XGBoost,2014-02-01,0.376,0.7265496253967285,True,True,-0.3505496253967285,0.3505496253967285
Brunei Darussalam,XGBoost,2014-03-01,0.649,0.6926291584968567,True,True,-0.04362915849685667,0.04362915849685667
Brunei Darussalam,XGBoost,2014-04-01,0.712,0.7653992176055908,True,True,-0.053399217605590854,0.053399217605590854
Brunei Darussalam,XGBoost,2014-05-01,0.617,0.7664399147033691,True,True,-0.14943991470336915,0.14943991470336915
Brunei Darussalam,XGBoost,2014-06-01,1.258,0.9383804202079773,True,True,0.3196195797920227,0.3196195797920227
Brunei Darussalam,XGBoost,2014-07-01,1.039,0.7581513524055481,True,True,0.28084864759445183,0.28084864759445183
Brunei Darussalam,XGBoost,2014-08-01,0.185,0.6762574315071106,True,True,-0.4912574315071106,0.4912574315071106
Brunei Darussalam,XGBoost,2014-09-01,0.823,0.6443408727645874,True,True,0.17865912723541255,0.17865912723541255
Brunei Darussalam,XGBoost,2014-10-01,0.771,0.6821103096008301,True,True,0.08888969039916994,0.08888969039916994
Brunei Darussalam,XGBoost,2014-11-01,0.916,0.7195245027542114,True,True,0.1964754972457886,0.1964754972457886
Brunei Darussalam,XGBoost,2014-12-01,0.904,0.8224940896034241,True,True,0.08150591039657595,0.08150591039657595
Brunei Darussalam,XGBoost,2015-01-01,0.39,0.6512007713317871,True,True,-0.2612007713317871,0.2612007713317871
Brunei Darussalam,XGBoost,2015-02-01,0.504,0.6572080850601196,True,True,-0.15320808506011963,0.15320808506011963
Brunei Darussalam,XGBoost,2015-03-01,0.537,0.6416507363319397,True,True,-0.10465073633193966,0.10465073633193966
Brunei Darussalam,XGBoost,2015-04-01,0.888,0.640872597694397,True,True,0.24712740230560304,0.24712740230560304
Brunei Darussalam,XGBoost,2015-05-01,0.612,0.627206563949585,True,True,-0.015206563949584972,0.015206563949584972
Brunei Darussalam,XGBoost,2015-06-01,1.186,0.6653537154197693,True,True,0.5206462845802307,0.5206462845802307
Brunei Darussalam,XGBoost,2015-07-01,1.545,0.6796695590019226,True,True,0.8653304409980773,0.8653304409980773
Brunei Darussalam,XGBoost,2015-08-01,0.821,0.6425485610961914,True,True,0.17845143890380855,0.17845143890380855
Brunei Darussalam,XGBoost,2015-09-01,1.179,0.6139777302742004,True,True,0.5650222697257996,0.5650222697257996
Brunei Darussalam,XGBoost,2015-10-01,1.452,0.6147890090942383,True,True,0.8372109909057617,0.8372109909057617
Brunei Darussalam,XGBoost,2015-11-01,1.167,0.6817992329597473,True,True,0.4852007670402527,0.4852007670402527
Brunei Darussalam,XGBoost,2015-12-01,1.656,0.6915242075920105,True,True,0.9644757924079894,0.9644757924079894
Brunei Darussalam,XGBoost,2016-01-01,2.043,0.6211948394775391,True,True,1.421805160522461,1.421805160522461
Brunei Darussalam,XGBoost,2016-02-01,1.785,0.6025827527046204,True,True,1.1824172472953796,1.1824172472953796
Brunei Darussalam,XGBoost,2016-03-01,1.645,0.6326612830162048,True,True,1.0123387169837952,1.0123387169837952
Brunei Darussalam,XGBoost,2016-04-01,1.72,0.6384311318397522,True,True,1.0815688681602478,1.0815688681602478
Brunei Darussalam,XGBoost,2016-05-01,1.308,0.6378079056739807,True,True,0.6701920943260193,0.6701920943260193
Brunei Darussalam,XGBoost,2016-06-01,0.87,0.7573451399803162,True,True,0.11265486001968383,0.11265486001968383
Brunei Darussalam,XGBoost,2016-07-01,1.182,0.6511840224266052,True,True,0.5308159775733947,0.5308159775733947
Brunei Darussalam,XGBoost,2016-08-01,1.403,0.6278393268585205,True,True,0.7751606731414795,0.7751606731414795
Brunei Darussalam,XGBoost,2016-09-01,0.751,0.5888397693634033,True,True,0.16216023063659668,0.16216023063659668
Brunei Darussalam,XGBoost,2016-10-01,1.07,0.6247647404670715,True,True,0.44523525953292853,0.44523525953292853
Brunei Darussalam,XGBoost,2016-11-01,1.156,0.665916383266449,True,True,0.49008361673355094,0.49008361673355094
Brunei Darussalam,XGBoost,2016-12-01,1.349,0.7050206065177917,True,True,0.6439793934822082,0.6439793934822082
Brunei Darussalam,XGBoost,2017-01-01,1.54,0.638985812664032,True,True,0.901014187335968,0.901014187335968
Brunei Darussalam,XGBoost,2017-02-01,0.725,0.609417736530304,True,True,0.11558226346969602,0.11558226346969602
Brunei Darussalam,XGBoost,2017-03-01,0.399,0.6155604720115662,True,True,-0.21656047201156614,0.21656047201156614
Brunei Darussalam,XGBoost,2017-04-01,0.687,0.639421284198761,True,True,0.04757871580123907,0.04757871580123907
Brunei Darussalam,XGBoost,2017-05-01,0.648,0.6426206231117249,True,True,0.005379376888275167,0.005379376888275167
Brunei Darussalam,XGBoost,2017-06-01,0.852,0.7571995854377747,True,True,0.09480041456222532,0.09480041456222532
Brunei Darussalam,XGBoost,2017-07-01,1.297,0.635168731212616,True,True,0.661831268787384,0.661831268787384
Brunei Darussalam,XGBoost,2017-08-01,0.92,0.6072302460670471,True,True,0.3127697539329529,0.3127697539329529
Brunei Darussalam,XGBoost,2017-09-01,0.916,0.5859741568565369,True,True,0.33002584314346317,0.33002584314346317
Brunei Darussalam,XGBoost,2017-10-01,0.826,0.6247647404670715,True,True,0.20123525953292842,0.20123525953292842
Brunei Darussalam,XGBoost,2017-11-01,1.141,0.6866119503974915,True,True,0.45438804960250856,0.45438804960250856
Brunei Darussalam,XGBoost,2017-12-01,0.936,0.7208638787269592,True,True,0.21513612127304083,0.21513612127304083
Brunei Darussalam,XGBoost,2018-01-01,0.955,0.6356251835823059,True,True,0.31937481641769405,0.31937481641769405
Brunei Darussalam,XGBoost,2018-02-01,0.528,0.6324169635772705,True,True,-0.10441696357727048,0.10441696357727048
Brunei Darussalam,XGBoost,2018-03-01,0.734,0.634367048740387,True,True,0.09963295125961302,0.09963295125961302
Brunei Darussalam,XGBoost,2018-04-01,0.876,0.6432438492774963,True,True,0.23275615072250366,0.23275615072250366
Brunei Darussalam,XGBoost,2018-05-01,0.268,0.6426206231117249,True,True,-0.37462062311172484,0.37462062311172484
Brunei Darussalam,XGBoost,2018-06-01,1.041,0.7369728088378906,True,True,0.3040271911621093,0.3040271911621093
Brunei Darussalam,XGBoost,2018-07-01,1.398,0.635168731212616,True,True,0.7628312687873839,0.7628312687873839
Brunei Darussalam,XGBoost,2018-08-01,1.16,0.6105257868766785,True,True,0.5494742131233215,0.5494742131233215
Brunei Darussalam,XGBoost,2018-09-01,0.689,0.6039330363273621,True,True,0.08506696367263789,0.08506696367263789
Brunei Darussalam,XGBoost,2018-10-01,0.999,0.6454601883888245,True,True,0.35353981161117554,0.35353981161117554
Brunei Darussalam,XGBoost,2018-11-01,1.253,0.6697389483451843,True,True,0.5832610516548156,0.5832610516548156
Brunei Darussalam,XGBoost,2018-12-01,1.296,0.7159363031387329,True,True,0.5800636968612671,0.5800636968612671
Brunei Darussalam,XGBoost,2019-01-01,1.462,0.6231347322463989,True,True,0.838865267753601,0.838865267753601
Brunei Darussalam,XGBoost,2019-02-01,1.08,0.6079853177070618,True,True,0.4720146822929383,0.4720146822929383
Brunei Darussalam,XGBoost,2019-03-01,0.945,0.6155604720115662,True,True,0.3294395279884338,0.3294395279884338
Brunei Darussalam,XGBoost,2019-04-01,1.276,0.6538124680519104,True,True,0.6221875319480896,0.6221875319480896
Brunei Darussalam,XGBoost,2019-05-01,1.139,0.6313536763191223,True,True,0.5076463236808777,0.5076463236808777
Brunei Darussalam,XGBoost,2019-06-01,1.322,0.7369728088378906,True,True,0.5850271911621094,0.5850271911621094
Brunei Darussalam,XGBoost,2019-07-01,1.169,0.648892343044281,True,True,0.520107656955719,0.520107656955719
Brunei Darussalam,XGBoost,2019-08-01,1.428,0.6072302460670471,True,True,0.8207697539329528,0.8207697539329528
Brunei Darussalam,XGBoost,2019-09-01,1.411,0.5702394247055054,True,True,0.8407605752944947,0.8407605752944947
Brunei Darussalam,XGBoost,2019-10-01,0.903,0.5490558743476868,True,True,0.35394412565231326,0.35394412565231326
Brunei Darussalam,XGBoost,2019-11-01,1.219,0.5842728018760681,True,True,0.634727198123932,0.634727198123932
Brunei Darussalam,XGBoost,2019-12-01,1.205,0.6903917193412781,True,True,0.514608280658722,0.514608280658722
Brunei Darussalam,XGBoost,2020-01-01,1.572,0.6383040547370911,True,True,0.933695945262909,0.933695945262909
Brunei Darussalam,XGBoost,2020-02-01,1.474,0.6015256643295288,True,True,0.8724743356704712,0.8724743356704712
Brunei Darussalam,XGBoost,2020-03-01,1.279,0.5981330275535583,True,True,0.6808669724464416,0.6808669724464416
Brunei Darussalam,XGBoost,2020-04-01,1.196,0.5905275940895081,True,True,0.6054724059104919,0.6054724059104919
Brunei Darussalam,XGBoost,2020-05-01,1.127,0.5919954180717468,True,True,0.5350045819282532,0.5350045819282532
Brunei Darussalam,XGBoost,2020-06-01,1.072,0.7185528874397278,True,True,0.3534471125602723,0.3534471125602723
Brunei Darussalam,XGBoost,2020-07-01,1.212,0.6426598429679871,True,True,0.5693401570320129,0.5693401570320129
Brunei Darussalam,XGBoost,2020-08-01,1.294,0.5922029614448547,True,True,0.7017970385551453,0.7017970385551453
Brunei Darussalam,XGBoost,2020-09-01,1.059,0.555212140083313,True,True,0.503787859916687,0.503787859916687
Brunei Darussalam,XGBoost,2020-10-01,1.115,0.5337769389152527,True,True,0.5812230610847473,0.5812230610847473
Brunei Darussalam,XGBoost,2020-11-01,1.059,0.5842728018760681,True,True,0.4747271981239318,0.4747271981239318
Brunei Darussalam,XGBoost,2020-12-01,1.199,0.6696961522102356,True,True,0.5293038477897645,0.5293038477897645
Brunei Darussalam,XGBoost,2021-01-01,1.012,0.6105676293373108,True,True,0.4014323706626892,0.4014323706626892
Brunei Darussalam,XGBoost,2021-02-01,0.439,0.585879385471344,True,True,-0.146879385471344,0.146879385471344
Brunei Darussalam,XGBoost,2021-03-01,0.642,0.6023560166358948,True,True,0.03964398336410524,0.03964398336410524
Brunei Darussalam,XGBoost,2021-04-01,0.572,0.5955536961555481,True,True,-0.023553696155548143,0.023553696155548143
Brunei Darussalam,XGBoost,2021-05-01,0.681,0.5919954180717468,True,True,0.08900458192825322,0.08900458192825322
Brunei Darussalam,XGBoost,2021-06-01,1.041,0.7185528874397278,True,True,0.32244711256027214,0.32244711256027214
Brunei Darussalam,XGBoost,2021-07-01,1.377,0.6393643021583557,True,True,0.7376356978416443,0.7376356978416443
Brunei Darussalam,XGBoost,2021-08-01,1.007,0.5922029614448547,True,True,0.41479703855514516,0.41479703855514516
Brunei Darussalam,XGBoost,2021-09-01,0.942,0.5706261992454529,True,True,0.37137380075454707,0.37137380075454707
Brunei Darussalam,XGBoost,2021-10-01,1.437,0.5498927235603333,True,True,0.8871072764396668,0.8871072764396668
Brunei Darussalam,XGBoost,2021-11-01,1.311,0.5842728018760681,True,True,0.7267271981239318,0.7267271981239318
Brunei Darussalam,XGBoost,2021-12-01,1.578,0.6903917193412781,True,True,0.887608280658722,0.887608280658722
Brunei Darussalam,XGBoost,2022-01-01,1.307,0.6239128708839417,True,True,0.6830871291160583,0.6830871291160583
Brunei Darussalam,XGBoost,2022-02-01,0.91,0.5977030992507935,True,True,0.3122969007492066,0.3122969007492066
Brunei Darussalam,XGBoost,2022-03-01,0.689,0.5981330275535583,True,True,0.0908669724464416,0.0908669724464416
Brunei Darussalam,XGBoost,2022-04-01,0.838,0.601794421672821,True,True,0.23620557832717892,0.23620557832717892
Brunei Darussalam,XGBoost,2022-05-01,0.987,0.5919954180717468,True,True,0.39500458192825316,0.39500458192825316
Brunei Darussalam,XGBoost,2022-06-01,1.04,0.7233656048774719,True,True,0.3166343951225281,0.3166343951225281
Brunei Darussalam,XGBoost,2022-07-01,1.347,0.640969455242157,True,True,0.706030544757843,0.706030544757843
Brunei Darussalam,XGBoost,2022-08-01,1.132,0.5922029614448547,True,True,0.5397970385551452,0.5397970385551452
Brunei Darussalam,XGBoost,2022-09-01,0.64,0.5635951161384583,True,True,0.07640488386154176,0.07640488386154176
Brunei Darussalam,XGBoost,2022-10-01,1.178,0.5311294198036194,True,True,0.6468705801963806,0.6468705801963806
Brunei Darussalam,XGBoost,2022-11-01,0.935,0.5842728018760681,True,True,0.35072719812393194,0.35072719812393194
Brunei Darussalam,XGBoost,2022-12-01,0.784,0.6696961522102356,True,True,0.11430384778976443,0.11430384778976443
Brunei Darussalam,XGBoost,2023-01-01,1.276,0.6176720261573792,True,True,0.6583279738426209,0.6583279738426209
Brunei Darussalam,XGBoost,2023-02-01,0.88,0.585879385471344,True,True,0.294120614528656,0.294120614528656
Brunei Darussalam,XGBoost,2023-03-01,0.518,0.5863093733787537,True,True,-0.06830937337875365,0.06830937337875365
Brunei Darussalam,XGBoost,2023-04-01,1.026,0.5955536961555481,True,True,0.4304463038444519,0.4304463038444519
Brunei Darussalam,XGBoost,2023-05-01,1.141,0.5919954180717468,True,True,0.5490045819282532,0.5490045819282532
Brunei Darussalam,XGBoost,2023-06-01,1.327,0.7233656048774719,True,True,0.603634395122528,0.603634395122528
Brunei Darussalam,XGBoost,2023-07-01,1.143,0.640969455242157,True,True,0.502030544757843,0.502030544757843
Brunei Darussalam,XGBoost,2023-08-01,1.371,0.5922029614448547,True,True,0.7787970385551453,0.7787970385551453
Brunei Darussalam,XGBoost,2023-09-01,1.131,0.555212140083313,True,True,0.575787859916687,0.575787859916687
Brunei Darussalam,XGBoost,2023-10-01,1.652,0.563421905040741,True,True,1.088578094959259,1.088578094959259
Brunei Darussalam,XGBoost,2023-11-01,1.489,0.604968249797821,True,True,0.8840317502021791,0.8840317502021791
Brunei Darussalam,XGBoost,2023-12-01,2.12,0.6975163817405701,True,True,1.42248361825943,1.42248361825943
Brunei Darussalam,Prophet,2014-01-01,-0.056,0.6521937410799539,True,True,-0.7081937410799539,0.7081937410799539
Brunei Darussalam,Prophet,2014-02-01,0.376,0.5808415849706168,True,True,-0.20484158497061677,0.20484158497061677
Brunei Darussalam,Prophet,2014-03-01,0.649,0.6423009614228332,True,True,0.006699038577166805,0.006699038577166805
Brunei Darussalam,Prophet,2014-04-01,0.712,0.610598047010837,True,True,0.10140195298916299,0.10140195298916299
Brunei Darussalam,Prophet,2014-05-01,0.617,0.49777590129083327,True,True,0.11922409870916673,0.11922409870916673
Brunei Darussalam,Prophet,2014-06-01,1.258,0.7251809602280042,True,True,0.5328190397719959,0.5328190397719959
Brunei Darussalam,Prophet,2014-07-01,1.039,0.722635033292629,True,True,0.3163649667073709,0.3163649667073709
Brunei Darussalam,Prophet,2014-08-01,0.185,0.6661054827590607,True,True,-0.4811054827590607,0.4811054827590607
Brunei Darussalam,Prophet,2014-09-01,0.823,0.6003227532179551,True,True,0.2226772467820448,0.2226772467820448
Brunei Darussalam,Prophet,2014-10-01,0.771,0.6091553778124507,True,True,0.16184462218754936,0.16184462218754936
Brunei Darussalam,Prophet,2014-11-01,0.916,0.6258379084640878,True,True,0.2901620915359122,0.2901620915359122
Brunei Darussalam,Prophet,2014-12-01,0.904,0.719458894032573,True,True,0.184541105967427,0.184541105967427
Brunei Darussalam,Prophet,2015-01-01,0.39,0.6662030810887889,True,True,-0.2762030810887889,0.2762030810887889
Brunei Darussalam,Prophet,2015-02-01,0.504,0.5908811643277084,True,True,-0.08688116432770843,0.08688116432770843
Brunei Darussalam,Prophet,2015-03-01,0.537,0.6589249201920157,True,True,-0.12192492019201562,0.12192492019201562
Brunei Darussalam,Prophet,2015-04-01,0.888,0.6255379423854264,True,True,0.26246205761457364,0.26246205761457364
Brunei Darussalam,Prophet,2015-05-01,0.612,0.5129651067000657,True,True,0.09903489329993431,0.09903489329993431
Brunei Darussalam,Prophet,2015-06-01,1.186,0.7420079384431558,True,True,0.4439920615568441,0.4439920615568441
Brunei Darussalam,Prophet,2015-07-01,1.545,0.7357978870144021,True,True,0.8092021129855979,0.8092021129855979
Brunei Darussalam,Prophet,2015-08-01,0.821,0.6784048400096402,True,True,0.14259515999035977,0.14259515999035977
Brunei Darussalam,Prophet,2015-09-01,1.179,0.6118099789245282,True,True,0.5671900210754719,0.5671900210754719
Brunei Darussalam,Prophet,2015-10-01,1.452,0.6272509161907129,True,True,0.824749083809287,0.824749083809287
Brunei Darussalam,Prophet,2015-11-01,1.167,0.6417092871333903,True,True,0.5252907128666098,0.5252907128666098
Brunei Darussalam,Prophet,2015-12-01,1.656,0.735430537327751,True,True,0.9205694626722489,0.9205694626722489
Brunei Darussalam,Prophet,2016-01-01,2.043,0.6801083068840429,True,True,1.3628916931159574,1.3628916931159574
Brunei Darussalam,Prophet,2016-02-01,1.785,0.6009626218199682,True,True,1.1840373781800317,1.1840373781800317
Brunei Darussalam,Prophet,2016-03-01,1.645,0.667425554546792,True,True,0.977574445453208,0.977574445453208
Brunei Darussalam,Prophet,2016-04-01,1.72,0.6389432505206146,True,True,1.0810567494793855,1.0810567494793855
Brunei Darussalam,Prophet,2016-05-01,1.308,0.5258569890653996,True,True,0.7821430109346005,0.7821430109346005
Brunei Darussalam,Prophet,2016-06-01,0.87,0.7494717256086366,True,True,0.12052827439136338,0.12052827439136338
Brunei Darussalam,Prophet,2016-07-01,1.182,0.7542026478892832,True,True,0.4277973521107168,0.4277973521107168
Brunei Darussalam,Prophet,2016-08-01,1.403,0.6996445123396411,True,True,0.7033554876603589,0.7033554876603589
Brunei Darussalam,Prophet,2016-09-01,0.751,0.6358944481601524,True,True,0.11510555183984761,0.11510555183984761
Brunei Darussalam,Prophet,2016-10-01,1.07,0.6314545891180446,True,True,0.4385454108819554,0.4385454108819554
Brunei Darussalam,Prophet,2016-11-01,1.156,0.6523041731127946,True,True,0.5036958268872053,0.5036958268872053
Brunei Darussalam,Prophet,2016-12-01,1.349,0.7454290926836764,True,True,0.6035709073163236,0.6035709073163236
Brunei Darussalam,Prophet,2017-01-01,1.54,0.6962899457035177,True,True,0.8437100542964824,0.8437100542964824
Brunei Darussalam,Prophet,2017-02-01,0.725,0.6290503764309798,True,True,0.09594962356902015,0.09594962356902015
Brunei Darussalam,Prophet,2017-03-01,0.399,0.6839419183345657,True,True,-0.2849419183345657,0.2849419183345657
Brunei Darussalam,Prophet,2017-04-01,0.687,0.6538743202480504,True,True,0.03312567975194969,0.03312567975194969
Brunei Darussalam,Prophet,2017-05-01,0.648,0.5408803511466191,True,True,0.10711964885338088,0.10711964885338088
Brunei Darussalam,Prophet,2017-06-01,0.852,0.766475459256241,True,True,0.08552454074375893,0.08552454074375893
Brunei Darussalam,Prophet,2017-07-01,1.297,0.7675786252866864,True,True,0.5294213747133135,0.5294213747133135
Brunei Darussalam,Prophet,2017-08-01,0.92,0.7119949501204411,True,True,0.20800504987955892,0.20800504987955892
Brunei Darussalam,Prophet,2017-09-01,0.916,0.6471602551598797,True,True,0.2688397448401203,0.2688397448401203
Brunei Darussalam,Prophet,2017-10-01,0.826,0.6493632403921514,True,True,0.17663675960784853,0.17663675960784853
Brunei Darussalam,Prophet,2017-11-01,1.141,0.6681761925140906,True,True,0.47282380748590946,0.47282380748590946
Brunei Darussalam,Prophet,2017-12-01,0.936,0.7615989479579822,True,True,0.17440105204201783,0.17440105204201783
Brunei Darussalam,Prophet,2018-01-01,0.955,0.7104056939205134,True,True,0.2445943060794865,0.2445943060794865
Brunei Darussalam,Prophet,2018-02-01,0.528,0.639053537811186,True,True,-0.11105353781118599,0.11105353781118599
Brunei Darussalam,Prophet,2018-03-01,0.734,0.7005129142633962,True,True,0.03348708573660375,0.03348708573660375
Brunei Darussalam,Prophet,2018-04-01,0.876,0.6688099998513966,True,True,0.20719000014860345,0.20719000014860345
Brunei Darussalam,Prophet,2018-05-01,0.268,0.5559878541314051,True,True,-0.28798785413140504,0.28798785413140504
Brunei Darussalam,Prophet,2018-06-01,1.041,0.7833929130685785,True,True,0.2576070869314214,0.2576070869314214
Brunei Darussalam,Prophet,2018-07-01,1.398,0.7808469861331807,True,True,0.6171530138668192,0.6171530138668192
Brunei Darussalam,Prophet,2018-08-01,1.16,0.7243174355996285,True,True,0.43568256440037145,0.43568256440037145
Brunei Darussalam,Prophet,2018-09-01,0.689,0.6585347060584943,True,True,0.030465293941505656,0.030465293941505656
Brunei Darussalam,Prophet,2018-10-01,0.999,0.6673673306530112,True,True,0.33163266934698876,0.33163266934698876
Brunei Darussalam,Prophet,2018-11-01,1.253,0.6840498613046244,True,True,0.5689501386953755,0.5689501386953755
Brunei Darussalam,Prophet,2018-12-01,1.296,0.7776708468731255,True,True,0.5183291531268746,0.5183291531268746
Brunei Darussalam,Prophet,2019-01-01,1.462,0.724415033929326,True,True,0.7375849660706739,0.7375849660706739
Brunei Darussalam,Prophet,2019-02-01,1.08,0.6490931171682714,True,True,0.4309068828317286,0.4309068828317286
Brunei Darussalam,Prophet,2019-03-01,0.945,0.7171368730325449,True,True,0.22786312696745503,0.22786312696745503
Brunei Darussalam,Prophet,2019-04-01,1.276,0.6837498952259621,True,True,0.5922501047740379,0.5922501047740379
Brunei Darussalam,Prophet,2019-05-01,1.139,0.5711770595406296,True,True,0.5678229404593704,0.5678229404593704
Brunei Darussalam,Prophet,2019-06-01,1.322,0.8002198912837027,True,True,0.5217801087162973,0.5217801087162973
Brunei Darussalam,Prophet,2019-07-01,1.169,0.7940098398549612,True,True,0.37499016014503883,0.37499016014503883
Brunei Darussalam,Prophet,2019-08-01,1.428,0.7366167928501851,True,True,0.6913832071498148,0.6913832071498148
Brunei Darussalam,Prophet,2019-09-01,1.411,0.6700219317650864,True,True,0.7409780682349136,0.7409780682349136
Brunei Darussalam,Prophet,2019-10-01,0.903,0.6854628690312728,True,True,0.21753713096872718,0.21753713096872718
Brunei Darussalam,Prophet,2019-11-01,1.219,0.6999212399739771,True,True,0.5190787600260229,0.5190787600260229
Brunei Darussalam,Prophet,2019-12-01,1.205,0.7936424901683214,True,True,0.4113575098316786,0.4113575098316786
Brunei Darussalam,Prophet,2020-01-01,1.572,0.7383202597245891,True,True,0.8336797402754109,0.8336797402754109
Brunei Darussalam,Prophet,2020-02-01,1.474,0.6591745746605352,True,True,0.8148254253394648,0.8148254253394648
Brunei Darussalam,Prophet,2020-03-01,1.279,0.7256375073873657,True,True,0.5533624926126343,0.5533624926126343
Brunei Darussalam,Prophet,2020-04-01,1.196,0.6971552033611766,True,True,0.4988447966388233,0.4988447966388233
Brunei Darussalam,Prophet,2020-05-01,1.127,0.5840689419059711,True,True,0.5429310580940289,0.5429310580940289
Brunei Darussalam,Prophet,2020-06-01,1.072,0.8076836784492116,True,True,0.26431632155078844,0.26431632155078844
Brunei Darussalam,Prophet,2020-07-01,1.212,0.8124146007298372,True,True,0.3995853992701628,0.3995853992701628
Brunei Darussalam,Prophet,2020-08-01,1.294,0.757856465180248,True,True,0.5361435348197521,0.5361435348197521
Brunei Darussalam,Prophet,2020-09-01,1.059,0.6941064010006972,True,True,0.36489359899930274,0.36489359899930274
Brunei Darussalam,Prophet,2020-10-01,1.115,0.6896665419586244,True,True,0.42533345804137557,0.42533345804137557
Brunei Darussalam,Prophet,2020-11-01,1.059,0.7105161259533604,True,True,0.3484838740466395,0.3484838740466395
Brunei Darussalam,Prophet,2020-12-01,1.199,0.8036410455242344,True,True,0.39535895447576563,0.39535895447576563
Brunei Darussalam,Prophet,2021-01-01,1.012,0.7545018985440701,True,True,0.2574981014559299,0.2574981014559299
Brunei Darussalam,Prophet,2021-02-01,0.439,0.6872623292714988,True,True,-0.24826232927149877,0.24826232927149877
Brunei Darussalam,Prophet,2021-03-01,0.642,0.7421538711751104,True,True,-0.10015387117511043,0.10015387117511043
Brunei Darussalam,Prophet,2021-04-01,0.572,0.7120862730885844,True,True,-0.14008627308858446,0.14008627308858446
Brunei Darussalam,Prophet,2021-05-01,0.681,0.5990923039871974,True,True,0.08190769601280268,0.08190769601280268
Brunei Darussalam,Prophet,2021-06-01,1.041,0.8246874120968242,True,True,0.21631258790317576,0.21631258790317576
Brunei Darussalam,Prophet,2021-07-01,1.377,0.8257905781272432,True,True,0.5512094218727568,0.5512094218727568
Brunei Darussalam,Prophet,2021-08-01,1.007,0.7702069029609702,True,True,0.23679309703902973,0.23679309703902973
Brunei Darussalam,Prophet,2021-09-01,0.942,0.7053722080004119,True,True,0.23662779199958806,0.23662779199958806
Brunei Darussalam,Prophet,2021-10-01,1.437,0.7075751932327017,True,True,0.7294248067672984,0.7294248067672984
Brunei Darussalam,Prophet,2021-11-01,1.311,0.726388145354668,True,True,0.5846118546453319,0.5846118546453319
Brunei Darussalam,Prophet,2021-12-01,1.578,0.8198109007985331,True,True,0.7581890992014669,0.7581890992014669
Brunei Darussalam,Prophet,2022-01-01,1.307,0.7686176467610586,True,True,0.5383823532389413,0.5383823532389413
Brunei Darussalam,Prophet,2022-02-01,0.91,0.6972654906517435,True,True,0.21273450934825655,0.21273450934825655
Brunei Darussalam,Prophet,2022-03-01,0.689,0.7587248671039404,True,True,-0.06972486710394044,0.06972486710394044
Brunei Darussalam,Prophet,2022-04-01,0.838,0.7270219526919259,True,True,0.11097804730807403,0.11097804730807403
Brunei Darussalam,Prophet,2022-05-01,0.987,0.6141998069719279,True,True,0.3728001930280721,0.3728001930280721
Brunei Darussalam,Prophet,2022-06-01,1.04,0.8416048659091058,True,True,0.19839513409089427,0.19839513409089427
Brunei Darussalam,Prophet,2022-07-01,1.347,0.8390589389737294,True,True,0.5079410610262706,0.5079410610262706
Brunei Darussalam,Prophet,2022-08-01,1.132,0.7825293884402009,True,True,0.34947061155979897,0.34947061155979897
Brunei Darussalam,Prophet,2022-09-01,0.64,0.7167466588990692,True,True,-0.07674665889906918,0.07674665889906918
Brunei Darussalam,Prophet,2022-10-01,1.178,0.7255792834935622,True,True,0.4524207165064378,0.4524207165064378
Brunei Darussalam,Prophet,2022-11-01,0.935,0.7422618141451731,True,True,0.19273818585482694,0.19273818585482694
Brunei Darussalam,Prophet,2022-12-01,0.784,0.8358827997136736,True,True,-0.0518827997136736,0.0518827997136736
Brunei Darussalam,Prophet,2023-01-01,1.276,0.7826269867698977,True,True,0.4933730132301023,0.4933730132301023
Brunei Darussalam,Prophet,2023-02-01,0.88,0.7073050700088133,True,True,0.17269492999118674,0.17269492999118674
Brunei Darussalam,Prophet,2023-03-01,0.518,0.7753488258731156,True,True,-0.2573488258731156,0.2573488258731156
Brunei Darussalam,Prophet,2023-04-01,1.026,0.7419618480665314,True,True,0.2840381519334686,0.2840381519334686
Brunei Darussalam,Prophet,2023-05-01,1.141,0.6293890123811783,True,True,0.5116109876188217,0.5116109876188217
Brunei Darussalam,Prophet,2023-06-01,1.327,0.8584318441242718,True,True,0.4685681558757282,0.4685681558757282
Brunei Darussalam,Prophet,2023-07-01,1.143,0.8522217926955209,True,True,0.2907782073044791,0.2907782073044791
Brunei Darussalam,Prophet,2023-08-01,1.371,0.7948287456907529,True,True,0.5761712543092471,0.5761712543092471
Brunei Darussalam,Prophet,2023-09-01,1.131,0.728233884605653,True,True,0.40276611539434704,0.40276611539434704
Brunei Darussalam,Prophet,2023-10-01,1.652,0.7436748218718,True,True,0.9083251781281999,0.9083251781281999
Brunei Darussalam,Prophet,2023-11-01,1.489,0.7581331928144814,True,True,0.7308668071855187,0.7308668071855187
Brunei Darussalam,Prophet,2023-12-01,2.12,0.8518544430088603,True,True,1.26814555699114,1.26814555699114
Cambodia,Holt-Winters,2014-01-01,-0.712,0.37758563201409456,True,True,-1.0895856320140944,1.0895856320140944
Cambodia,Holt-Winters,2014-02-01,-0.09,0.33217158727118706,True,True,-0.4221715872711871,0.4221715872711871
Cambodia,Holt-Winters,2014-03-01,0.889,0.24390089618853153,True,True,0.6450991038114685,0.6450991038114685
Cambodia,Holt-Winters,2014-04-01,0.587,0.1822824988620706,True,True,0.40471750113792937,0.40471750113792937
Cambodia,Holt-Winters,2014-05-01,1.207,0.13829981657730023,True,True,1.0687001834227,1.0687001834227
Cambodia,Holt-Winters,2014-06-01,0.794,0.20707582088153365,True,True,0.5869241791184664,0.5869241791184664
Cambodia,Holt-Winters,2014-07-01,0.456,0.17064361562915384,True,True,0.2853563843708462,0.2853563843708462
Cambodia,Holt-Winters,2014-08-01,0.74,0.21242408397766696,True,True,0.527575916022333,0.527575916022333
Cambodia,Holt-Winters,2014-09-01,0.719,0.21164460513530725,True,True,0.5073553948646927,0.5073553948646927
Cambodia,Holt-Winters,2014-10-01,0.763,0.19454076254849395,True,True,0.5684592374515061,0.5684592374515061
Cambodia,Holt-Winters,2014-11-01,1.784,0.4148550316260339,True,True,1.3691449683739663,1.3691449683739663
Cambodia,Holt-Winters,2014-12-01,1.139,0.30618167494033616,True,True,0.8328183250596639,0.8328183250596639
Cambodia,Holt-Winters,2015-01-01,0.339,0.38453778994526233,True,True,-0.04553778994526231,0.04553778994526231
Cambodia,Holt-Winters,2015-02-01,0.333,0.3391237452023548,True,True,-0.006123745202354758,0.006123745202354758
Cambodia,Holt-Winters,2015-03-01,1.1,0.2508530541196993,True,True,0.8491469458803007,0.8491469458803007
Cambodia,Holt-Winters,2015-04-01,0.655,0.18923465679323836,True,True,0.46576534320676166,0.46576534320676166
Cambodia,Holt-Winters,2015-05-01,1.16,0.14525197450846805,True,True,1.014748025491532,1.014748025491532
Cambodia,Holt-Winters,2015-06-01,1.093,0.2140279788127014,True,True,0.8789720211872986,0.8789720211872986
Cambodia,Holt-Winters,2015-07-01,0.849,0.1775957735603216,True,True,0.6714042264396783,0.6714042264396783
Cambodia,Holt-Winters,2015-08-01,1.112,0.21937624190883478,True,True,0.8926237580911653,0.8926237580911653
Cambodia,Holt-Winters,2015-09-01,1.119,0.21859676306647502,True,True,0.900403236933525,0.900403236933525
Cambodia,Holt-Winters,2015-10-01,1.176,0.20149292047966172,True,True,0.9745070795203382,0.9745070795203382
Cambodia,Holt-Winters,2015-11-01,2.394,0.4218071895572017,True,True,1.9721928104427984,1.9721928104427984
Cambodia,Holt-Winters,2015-12-01,2.319,0.3131338328715039,True,True,2.005866167128496,2.005866167128496
Cambodia,Holt-Winters,2016-01-01,2.154,0.3914899478764301,True,True,1.7625100521235697,1.7625100521235697
Cambodia,Holt-Winters,2016-02-01,0.094,0.3460759031335226,True,True,-0.25207590313352257,0.25207590313352257
Cambodia,Holt-Winters,2016-03-01,1.245,0.2578052120508671,True,True,0.987194787949133,0.987194787949133
Cambodia,Holt-Winters,2016-04-01,2.053,0.19618681472440613,True,True,1.8568131852755938,1.8568131852755938
Cambodia,Holt-Winters,2016-05-01,1.371,0.15220413243963582,True,True,1.218795867560364,1.218795867560364
Cambodia,Holt-Winters,2016-06-01,0.91,0.22098013674386918,True,True,0.6890198632561308,0.6890198632561308
Cambodia,Holt-Winters,2016-07-01,0.82,0.18454793149148938,True,True,0.6354520685085105,0.6354520685085105
Cambodia,Holt-Winters,2016-08-01,1.369,0.22632839984000255,True,True,1.1426716001599975,1.1426716001599975
Cambodia,Holt-Winters,2016-09-01,0.805,0.2255489209976428,True,True,0.5794510790023573,0.5794510790023573
Cambodia,Holt-Winters,2016-10-01,1.023,0.2084450784108295,True,True,0.8145549215891704,0.8145549215891704
Cambodia,Holt-Winters,2016-11-01,1.813,0.42875934748836947,True,True,1.3842406525116304,1.3842406525116304
Cambodia,Holt-Winters,2016-12-01,1.699,0.3200859908026717,True,True,1.3789140091973284,1.3789140091973284
Cambodia,Holt-Winters,2017-01-01,2.227,0.39844210580759787,True,True,1.828557894192402,1.828557894192402
Cambodia,Holt-Winters,2017-02-01,0.749,0.35302806106469037,True,True,0.39597193893530963,0.39597193893530963
Cambodia,Holt-Winters,2017-03-01,0.735,0.26475736998203486,True,True,0.4702426300179651,0.4702426300179651
Cambodia,Holt-Winters,2017-04-01,0.498,0.2031389726555739,True,True,0.2948610273444261,0.2948610273444261
Cambodia,Holt-Winters,2017-05-01,0.452,0.1591562903708036,True,True,0.2928437096291964,0.2928437096291964
Cambodia,Holt-Winters,2017-06-01,0.711,0.22793229467503695,True,True,0.483067705324963,0.483067705324963
Cambodia,Holt-Winters,2017-07-01,0.086,0.19150008942265714,True,True,-0.10550008942265715,0.10550008942265715
Cambodia,Holt-Winters,2017-08-01,1.077,0.23328055777117032,True,True,0.8437194422288297,0.8437194422288297
Cambodia,Holt-Winters,2017-09-01,1.49,0.2325010789288106,True,True,1.2574989210711893,1.2574989210711893
Cambodia,Holt-Winters,2017-10-01,1.02,0.21539723634199726,True,True,0.8046027636580028,0.8046027636580028
Cambodia,Holt-Winters,2017-11-01,1.18,0.43571150541953724,True,True,0.7442884945804626,0.7442884945804626
Cambodia,Holt-Winters,2017-12-01,0.874,0.3270381487338395,True,True,0.5469618512661605,0.5469618512661605
Cambodia,Holt-Winters,2018-01-01,1.465,0.40539426373876564,True,True,1.0596057362612346,1.0596057362612346
Cambodia,Holt-Winters,2018-02-01,-0.259,0.35998021899585814,True,True,-0.6189802189958582,0.6189802189958582
Cambodia,Holt-Winters,2018-03-01,0.278,0.2717095279132027,True,True,0.0062904720867973385,0.0062904720867973385
Cambodia,Holt-Winters,2018-04-01,0.013,0.21009113058674167,True,True,-0.19709113058674166,0.19709113058674166
Cambodia,Holt-Winters,2018-05-01,0.539,0.16610844830197136,True,True,0.3728915516980287,0.3728915516980287
Cambodia,Holt-Winters,2018-06-01,0.459,0.23488445260620477,True,True,0.22411554739379524,0.22411554739379524
Cambodia,Holt-Winters,2018-07-01,0.476,0.1984522473538249,True,True,0.27754775264617504,0.27754775264617504
Cambodia,Holt-Winters,2018-08-01,0.307,0.2402327157023381,True,True,0.0667672842976619,0.0667672842976619
Cambodia,Holt-Winters,2018-09-01,0.696,0.23945323685997838,True,True,0.45654676314002157,0.45654676314002157
Cambodia,Holt-Winters,2018-10-01,1.243,0.22234939427316502,True,True,1.0206506057268352,1.0206506057268352
Cambodia,Holt-Winters,2018-11-01,1.773,0.442663663350705,True,True,1.3303363366492948,1.3303363366492948
Cambodia,Holt-Winters,2018-12-01,2.212,0.3339903066650073,True,True,1.878009693334993,1.878009693334993
Cambodia,Holt-Winters,2019-01-01,1.913,0.4123464216699334,True,True,1.5006535783300667,1.5006535783300667
Cambodia,Holt-Winters,2019-02-01,2.153,0.3669323769270259,True,True,1.7860676230729742,1.7860676230729742
Cambodia,Holt-Winters,2019-03-01,1.353,0.27866168584437045,True,True,1.0743383141556295,1.0743383141556295
Cambodia,Holt-Winters,2019-04-01,1.479,0.21704328851790944,True,True,1.2619567114820907,1.2619567114820907
Cambodia,Holt-Winters,2019-05-01,0.988,0.17306060623313912,True,True,0.8149393937668609,0.8149393937668609
Cambodia,Holt-Winters,2019-06-01,1.255,0.24183661053737254,True,True,1.0131633894626273,1.0131633894626273
Cambodia,Holt-Winters,2019-07-01,0.894,0.20540440528499268,True,True,0.6885955947150073,0.6885955947150073
Cambodia,Holt-Winters,2019-08-01,0.724,0.24718487363350586,True,True,0.47681512636649415,0.47681512636649415
Cambodia,Holt-Winters,2019-09-01,0.64,0.24640539479114615,True,True,0.39359460520885386,0.39359460520885386
Cambodia,Holt-Winters,2019-10-01,1.366,0.2293015522043328,True,True,1.1366984477956672,1.1366984477956672
Cambodia,Holt-Winters,2019-11-01,1.468,0.4496158212818728,True,True,1.0183841787181271,1.0183841787181271
Cambodia,Holt-Winters,2019-12-01,1.524,0.34094246459617505,True,True,1.183057535403825,1.183057535403825
Cambodia,Holt-Winters,2020-01-01,2.433,0.4192985796011012,True,True,2.0137014203988985,2.0137014203988985
Cambodia,Holt-Winters,2020-02-01,1.093,0.3738845348581937,True,True,0.7191154651418064,0.7191154651418064
Cambodia,Holt-Winters,2020-03-01,1.786,0.2856138437755382,True,True,1.5003861562244618,1.5003861562244618
Cambodia,Holt-Winters,2020-04-01,0.672,0.2239954464490772,True,True,0.44800455355092283,0.44800455355092283
Cambodia,Holt-Winters,2020-05-01,1.742,0.1800127641643069,True,True,1.561987235835693,1.561987235835693
Cambodia,Holt-Winters,2020-06-01,1.194,0.2487887684685403,True,True,0.9452112315314596,0.9452112315314596
Cambodia,Holt-Winters,2020-07-01,1.251,0.21235656321616045,True,True,1.0386434367838395,1.0386434367838395
Cambodia,Holt-Winters,2020-08-01,1.19,0.25413703156467365,True,True,0.9358629684353263,0.9358629684353263
Cambodia,Holt-Winters,2020-09-01,1.119,0.2533575527223139,True,True,0.865642447277686,0.865642447277686
Cambodia,Holt-Winters,2020-10-01,0.061,0.23625371013550062,True,True,-0.17525371013550062,0.17525371013550062
Cambodia,Holt-Winters,2020-11-01,1.234,0.45656797921304054,True,True,0.7774320207869594,0.7774320207869594
Cambodia,Holt-Winters,2020-12-01,1.317,0.3478946225273428,True,True,0.9691053774726571,0.9691053774726571
Cambodia,Holt-Winters,2021-01-01,0.194,0.42625073753226905,True,True,-0.23225073753226905,0.23225073753226905
Cambodia,Holt-Winters,2021-02-01,0.242,0.38083669278936144,True,True,-0.13883669278936145,0.13883669278936145
Cambodia,Holt-Winters,2021-03-01,1.407,0.292566001706706,True,True,1.114433998293294,1.114433998293294
Cambodia,Holt-Winters,2021-04-01,0.509,0.23094760438024503,True,True,0.278052395619755,0.278052395619755
Cambodia,Holt-Winters,2021-05-01,0.762,0.18696492209547466,True,True,0.5750350779045253,0.5750350779045253
Cambodia,Holt-Winters,2021-06-01,0.947,0.2557409263997081,True,True,0.6912590736002919,0.6912590736002919
Cambodia,Holt-Winters,2021-07-01,0.805,0.21930872114732827,True,True,0.5856912788526718,0.5856912788526718
Cambodia,Holt-Winters,2021-08-01,1.115,0.2610891894958414,True,True,0.8539108105041586,0.8539108105041586
Cambodia,Holt-Winters,2021-09-01,0.248,0.2603097106534817,True,True,-0.012309710653481687,0.012309710653481687
Cambodia,Holt-Winters,2021-10-01,0.595,0.24320586806666838,True,True,0.3517941319333316,0.3517941319333316
Cambodia,Holt-Winters,2021-11-01,1.292,0.4635201371442083,True,True,0.8284798628557917,0.8284798628557917
Cambodia,Holt-Winters,2021-12-01,0.953,0.3548467804585106,True,True,0.5981532195414894,0.5981532195414894
Cambodia,Holt-Winters,2022-01-01,1.88,0.4332028954634368,True,True,1.446797104536563,1.446797104536563
Cambodia,Holt-Winters,2022-02-01,1.186,0.3877888507205292,True,True,0.7982111492794708,0.7982111492794708
Cambodia,Holt-Winters,2022-03-01,1.084,0.29951815963787376,True,True,0.7844818403621263,0.7844818403621263
Cambodia,Holt-Winters,2022-04-01,-0.078,0.2378997623114128,True,True,-0.3158997623114128,0.3158997623114128
Cambodia,Holt-Winters,2022-05-01,0.294,0.19391708002664249,True,True,0.1000829199733575,0.1000829199733575
Cambodia,Holt-Winters,2022-06-01,1.572,0.26269308433087585,True,True,1.3093069156691242,1.3093069156691242
Cambodia,Holt-Winters,2022-07-01,0.516,0.22626087907849604,True,True,0.289739120921504,0.289739120921504
Cambodia,Holt-Winters,2022-08-01,0.655,0.26804134742700925,True,True,0.3869586525729908,0.3869586525729908
Cambodia,Holt-Winters,2022-09-01,0.664,0.26726186858464945,True,True,0.3967381314153506,0.3967381314153506
Cambodia,Holt-Winters,2022-10-01,0.429,0.25015802599783615,True,True,0.17884197400216384,0.17884197400216384
Cambodia,Holt-Winters,2022-11-01,1.481,0.47047229507537613,True,True,1.010527704924624,1.010527704924624
Cambodia,Holt-Winters,2022-12-01,0.76,0.36179893838967836,True,True,0.39820106161032165,0.39820106161032165
Cambodia,Holt-Winters,2023-01-01,0.607,0.4401550533946046,True,True,0.1668449466053954,0.1668449466053954
Cambodia,Holt-Winters,2023-02-01,1.246,0.39474100865169703,True,True,0.851258991348303,0.851258991348303
Cambodia,Holt-Winters,2023-03-01,0.749,0.30647031756904153,True,True,0.44252968243095847,0.44252968243095847
Cambodia,Holt-Winters,2023-04-01,1.644,0.24485192024258057,True,True,1.3991480797574194,1.3991480797574194
Cambodia,Holt-Winters,2023-05-01,1.694,0.20086923795781025,True,True,1.4931307620421896,1.4931307620421896
Cambodia,Holt-Winters,2023-06-01,1.349,0.2696452422620436,True,True,1.0793547577379563,1.0793547577379563
Cambodia,Holt-Winters,2023-07-01,1.22,0.2332130370096638,True,True,0.9867869629903362,0.9867869629903362
Cambodia,Holt-Winters,2023-08-01,1.858,0.274993505358177,True,True,1.5830064946418232,1.5830064946418232
Cambodia,Holt-Winters,2023-09-01,0.925,0.2742140265158172,True,True,0.6507859734841828,0.6507859734841828
Cambodia,Holt-Winters,2023-10-01,1.203,0.2571101839290039,True,True,0.9458898160709961,0.9458898160709961
Cambodia,Holt-Winters,2023-11-01,1.811,0.4774244530065439,True,True,1.333575546993456,1.333575546993456
Cambodia,Holt-Winters,2023-12-01,2.482,0.36875109632084613,True,True,2.113248903679154,2.113248903679154
Cambodia,SARIMA,2014-01-01,-0.712,0.40306625050143063,True,True,-1.1150662505014306,1.1150662505014306
Cambodia,SARIMA,2014-02-01,-0.09,0.7968195925535652,True,True,-0.8868195925535651,0.8868195925535651
Cambodia,SARIMA,2014-03-01,0.889,0.38319775193790095,True,True,0.5058022480620991,0.5058022480620991
Cambodia,SARIMA,2014-04-01,0.587,0.3103537387878322,True,True,0.2766462612121678,0.2766462612121678
Cambodia,SARIMA,2014-05-01,1.207,0.31045588620224307,True,True,0.896544113797757,0.896544113797757
Cambodia,SARIMA,2014-06-01,0.794,0.6036058651940257,True,True,0.19039413480597434,0.19039413480597434
Cambodia,SARIMA,2014-07-01,0.456,0.39689585735665706,True,True,0.05910414264334296,0.05910414264334296
Cambodia,SARIMA,2014-08-01,0.74,0.5728890508379738,True,True,0.16711094916202618,0.16711094916202618
Cambodia,SARIMA,2014-09-01,0.719,0.45240804519261996,True,True,0.26659195480738,0.26659195480738
Cambodia,SARIMA,2014-10-01,0.763,0.5551863804322045,True,True,0.20781361956779554,0.20781361956779554
Cambodia,SARIMA,2014-11-01,1.784,1.041633694336701,True,True,0.742366305663299,0.742366305663299
Cambodia,SARIMA,2014-12-01,1.139,0.9764414959400858,True,True,0.16255850405991423,0.16255850405991423
Cambodia,SARIMA,2015-01-01,0.339,0.9536818454287368,True,True,-0.6146818454287368,0.6146818454287368
Cambodia,SARIMA,2015-02-01,0.333,0.8808366627245447,True,True,-0.5478366627245448,0.5478366627245448
Cambodia,SARIMA,2015-03-01,1.1,0.4728298555452698,True,True,0.6271701444547303,0.6271701444547303
Cambodia,SARIMA,2015-04-01,0.655,0.33703621668106937,True,True,0.31796378331893066,0.31796378331893066
Cambodia,SARIMA,2015-05-01,1.16,0.34355876487779435,True,True,0.8164412351222056,0.8164412351222056
Cambodia,SARIMA,2015-06-01,1.093,0.6163550305806909,True,True,0.4766449694193091,0.4766449694193091
Cambodia,SARIMA,2015-07-01,0.849,0.3835481871275031,True,True,0.4654518128724969,0.4654518128724969
Cambodia,SARIMA,2015-08-01,1.112,0.5929484878662584,True,True,0.5190515121337417,0.5190515121337417
Cambodia,SARIMA,2015-09-01,1.119,0.4223513499505801,True,True,0.6966486500494199,0.6966486500494199
Cambodia,SARIMA,2015-10-01,1.176,0.5721821844595678,True,True,0.6038178155404321,0.6038178155404321
Cambodia,SARIMA,2015-11-01,2.394,1.1035369333358205,True,True,1.2904630666641796,1.2904630666641796
Cambodia,SARIMA,2015-12-01,2.319,0.9629331668338729,True,True,1.356066833166127,1.356066833166127
Cambodia,SARIMA,2016-01-01,2.154,0.9455489631400759,True,True,1.2084510368599242,1.2084510368599242
Cambodia,SARIMA,2016-02-01,0.094,0.9271624380226126,True,True,-0.8331624380226126,0.8331624380226126
Cambodia,SARIMA,2016-03-01,1.245,0.5156017445181867,True,True,0.7293982554818134,0.7293982554818134
Cambodia,SARIMA,2016-04-01,2.053,0.3564955067039968,True,True,1.6965044932960032,1.6965044932960032
Cambodia,SARIMA,2016-05-01,1.371,0.38529153307334224,True,True,0.9857084669266578,0.9857084669266578
Cambodia,SARIMA,2016-06-01,0.91,0.6179802489547742,True,True,0.2920197510452258,0.2920197510452258
Cambodia,SARIMA,2016-07-01,0.82,0.37573640371009287,True,True,0.4442635962899071,0.4442635962899071
Cambodia,SARIMA,2016-08-01,1.369,0.5877345978672264,True,True,0.7812654021327736,0.7812654021327736
Cambodia,SARIMA,2016-09-01,0.805,0.41431787261012964,True,True,0.3906821273898704,0.3906821273898704
Cambodia,SARIMA,2016-10-01,1.023,0.5650508071798053,True,True,0.45794919282019464,0.45794919282019464
Cambodia,SARIMA,2016-11-01,1.813,1.1047475993450446,True,True,0.7082524006549553,0.7082524006549553
Cambodia,SARIMA,2016-12-01,1.699,0.8759856678449995,True,True,0.8230143321550005,0.8230143321550005
Cambodia,SARIMA,2017-01-01,2.227,0.9144746286368871,True,True,1.3125253713631126,1.3125253713631126
Cambodia,SARIMA,2017-02-01,0.749,0.9166688310212691,True,True,-0.16766883102126906,0.16766883102126906
Cambodia,SARIMA,2017-03-01,0.735,0.5052109772002588,True,True,0.22978902279974123,0.22978902279974123
Cambodia,SARIMA,2017-04-01,0.498,0.35258887406413897,True,True,0.14541112593586103,0.14541112593586103
Cambodia,SARIMA,2017-05-01,0.452,0.37831765346145585,True,True,0.07368234653854416,0.07368234653854416
Cambodia,SARIMA,2017-06-01,0.711,0.6170414391143969,True,True,0.09395856088560306,0.09395856088560306
Cambodia,SARIMA,2017-07-01,0.086,0.37745817537194465,True,True,-0.29145817537194463,0.29145817537194463
Cambodia,SARIMA,2017-08-01,1.077,0.5871971963171725,True,True,0.48980280368282747,0.48980280368282747
Cambodia,SARIMA,2017-09-01,1.49,0.417039281691707,True,True,1.072960718308293,1.072960718308293
Cambodia,SARIMA,2017-10-01,1.02,0.5649236495774802,True,True,0.4550763504225198,0.4550763504225198
Cambodia,SARIMA,2017-11-01,1.18,1.1009970828099542,True,True,0.07900291719004571,0.07900291719004571
Cambodia,SARIMA,2017-12-01,0.874,0.8872863492999727,True,True,-0.013286349299972744,0.013286349299972744
Cambodia,SARIMA,2018-01-01,1.465,0.9187058305865885,True,True,0.5462941694134116,0.5462941694134116
Cambodia,SARIMA,2018-02-01,-0.259,0.9152406113789368,True,True,-1.1742406113789368,1.1742406113789368
Cambodia,SARIMA,2018-03-01,0.278,0.5039772351046957,True,True,-0.2259772351046957,0.2259772351046957
Cambodia,SARIMA,2018-04-01,0.013,0.3519283328855657,True,True,-0.3389283328855657,0.3389283328855657
Cambodia,SARIMA,2018-05-01,0.539,0.3767312206604639,True,True,0.16226877933953615,0.16226877933953615
Cambodia,SARIMA,2018-06-01,0.459,0.6170603424410549,True,True,-0.15806034244105488,0.15806034244105488
Cambodia,SARIMA,2018-07-01,0.476,0.3777047844200994,True,True,0.09829521557990056,0.09829521557990056
Cambodia,SARIMA,2018-08-01,0.307,0.5875657439375285,True,True,-0.2805657439375285,0.2805657439375285
Cambodia,SARIMA,2018-09-01,0.696,0.4171779161173507,True,True,0.27882208388264923,0.27882208388264923
Cambodia,SARIMA,2018-10-01,1.243,0.5653542275771442,True,True,0.677645772422856,0.677645772422856
Cambodia,SARIMA,2018-11-01,1.773,1.1013801302089687,True,True,0.6716198697910312,0.6716198697910312
Cambodia,SARIMA,2018-12-01,2.212,0.8909820411070898,True,True,1.3210179588929103,1.3210179588929103
Cambodia,SARIMA,2019-01-01,1.913,0.9200033712982318,True,True,0.9929966287017682,0.9929966287017682
Cambodia,SARIMA,2019-02-01,2.153,0.9160242763897568,True,True,1.2369757236102432,1.2369757236102432
Cambodia,SARIMA,2019-03-01,1.353,0.5047313952396337,True,True,0.8482686047603663,0.8482686047603663
Cambodia,SARIMA,2019-04-01,1.479,0.3522356604461179,True,True,1.1267643395538822,1.1267643395538822
Cambodia,SARIMA,2019-05-01,0.988,0.3773290930041149,True,True,0.6106709069958851,0.6106709069958851
Cambodia,SARIMA,2019-06-01,1.255,0.6171127157033015,True,True,0.6378872842966984,0.6378872842966984
Cambodia,SARIMA,2019-07-01,0.894,0.377574718423316,True,True,0.516425281576684,0.516425281576684
Cambodia,SARIMA,2019-08-01,0.724,0.5875524654581142,True,True,0.13644753454188574,0.13644753454188574
Cambodia,SARIMA,2019-09-01,0.64,0.4170027063941647,True,True,0.2229972936058353,0.2229972936058353
Cambodia,SARIMA,2019-10-01,1.366,0.5653095628938748,True,True,0.8006904371061253,0.8006904371061253
Cambodia,SARIMA,2019-11-01,1.468,1.1015521715488814,True,True,0.36644782845111856,0.36644782845111856
Cambodia,SARIMA,2019-12-01,1.524,0.8898771907348593,True,True,0.6341228092651408,0.6341228092651408
Cambodia,SARIMA,2020-01-01,2.433,0.9196001170120478,True,True,1.513399882987952,1.513399882987952
Cambodia,SARIMA,2020-02-01,1.093,0.9160126644745659,True,True,0.1769873355254341,0.1769873355254341
Cambodia,SARIMA,2020-03-01,1.786,0.5047120284019325,True,True,1.2812879715980676,1.2812879715980676
Cambodia,SARIMA,2020-04-01,0.672,0.35223695446245173,True,True,0.3197630455375483,0.3197630455375483
Cambodia,SARIMA,2020-05-01,1.742,0.37734915967943705,True,True,1.364650840320563,1.364650840320563
Cambodia,SARIMA,2020-06-01,1.194,0.6171052818355419,True,True,0.576894718164458,0.576894718164458
Cambodia,SARIMA,2020-07-01,1.251,0.3775760887548274,True,True,0.8734239112451725,0.8734239112451725
Cambodia,SARIMA,2020-08-01,1.19,0.5875326136778545,True,True,0.6024673863221455,0.6024673863221455
Cambodia,SARIMA,2020-09-01,1.119,0.4170158222433003,True,True,0.7019841777566997,0.7019841777566997
Cambodia,SARIMA,2020-10-01,0.061,0.5652898949998816,True,True,-0.5042898949998815,0.5042898949998815
Cambodia,SARIMA,2020-11-01,1.234,1.1015090656039395,True,True,0.13249093439606052,0.13249093439606052
Cambodia,SARIMA,2020-12-01,1.317,0.8897956260461005,True,True,0.42720437395389943,0.42720437395389943
Cambodia,SARIMA,2021-01-01,0.194,0.9195733357837331,True,True,-0.7255733357837331,0.7255733357837331
Cambodia,SARIMA,2021-02-01,0.242,0.915968442297412,True,True,-0.673968442297412,0.673968442297412
Cambodia,SARIMA,2021-03-01,1.407,0.5046704618214769,True,True,0.9023295381785231,0.9023295381785231
Cambodia,SARIMA,2021-04-01,0.509,0.35221890483012436,True,True,0.15678109516987565,0.15678109516987565
Cambodia,SARIMA,2021-05-01,0.762,0.3773119239174434,True,True,0.3846880760825566,0.3846880760825566
Cambodia,SARIMA,2021-06-01,0.947,0.6171031315188935,True,True,0.32989686848110644,0.32989686848110644
Cambodia,SARIMA,2021-07-01,0.805,0.3775834957178697,True,True,0.42741650428213035,0.42741650428213035
Cambodia,SARIMA,2021-08-01,1.115,0.587535787368304,True,True,0.527464212631696,0.527464212631696
Cambodia,SARIMA,2021-09-01,0.248,0.4170244372166225,True,True,-0.16902443721662253,0.16902443721662253
Cambodia,SARIMA,2021-10-01,0.595,0.5652948738138319,True,True,0.02970512618616805,0.02970512618616805
Cambodia,SARIMA,2021-11-01,1.292,1.1015042616781667,True,True,0.1904957383218333,0.1904957383218333
Cambodia,SARIMA,2021-12-01,0.953,0.8898698156638272,True,True,0.06313018433617279,0.06313018433617279
Cambodia,SARIMA,2022-01-01,1.88,0.9196000525026123,True,True,0.9603999474973876,0.9603999474973876
Cambodia,SARIMA,2022-02-01,1.186,0.9159744659692163,True,True,0.27002553403078366,0.27002553403078366
Cambodia,SARIMA,2022-03-01,1.084,0.5046766158681739,True,True,0.5793233841318262,0.5793233841318262
Cambodia,SARIMA,2022-04-01,-0.078,0.35222101215786383,True,True,-0.43022101215786385,0.43022101215786385
Cambodia,SARIMA,2022-05-01,0.294,0.377315258367479,True,True,-0.083315258367479,0.083315258367479
Cambodia,SARIMA,2022-06-01,1.572,0.6171038243607077,True,True,0.9548961756392924,0.9548961756392924
Cambodia,SARIMA,2022-07-01,0.516,0.3775825202412386,True,True,0.1384174797587614,0.1384174797587614
Cambodia,SARIMA,2022-08-01,0.655,0.5875365593926345,True,True,0.06746344060736553,0.06746344060736553
Cambodia,SARIMA,2022-09-01,0.664,0.4170226318155483,True,True,0.24697736818445176,0.24697736818445176
Cambodia,SARIMA,2022-10-01,0.429,0.5652954168458341,True,True,-0.13629541684583407,0.13629541684583407
Cambodia,SARIMA,2022-11-01,1.481,1.1015073523012047,True,True,0.3794926476987954,0.3794926476987954
Cambodia,SARIMA,2022-12-01,0.76,0.8898655930590494,True,True,-0.12986559305904943,0.12986559305904943
Cambodia,SARIMA,2023-01-01,0.607,0.9195983810102197,True,True,-0.31259838101021975,0.31259838101021975
Cambodia,SARIMA,2023-02-01,1.246,0.9159763122445088,True,True,0.3300236877554912,0.3300236877554912
Cambodia,SARIMA,2023-03-01,0.749,0.5046782917642475,True,True,0.2443217082357525,0.2443217082357525
Cambodia,SARIMA,2023-04-01,1.644,0.35222180820881305,True,True,1.2917781917911868,1.2917781917911868
Cambodia,SARIMA,2023-05-01,1.694,0.3773170230778724,True,True,1.3166829769221275,1.3166829769221275
Cambodia,SARIMA,2023-06-01,1.349,0.6171038657734278,True,True,0.7318961342265722,0.7318961342265722
Cambodia,SARIMA,2023-07-01,1.22,0.3775822069551638,True,True,0.8424177930448362,0.8424177930448362
Cambodia,SARIMA,2023-08-01,1.858,0.587536281257062,True,True,1.270463718742938,1.270463718742938
Cambodia,SARIMA,2023-09-01,0.925,0.41702234855632836,True,True,0.5079776514436717,0.5079776514436717
Cambodia,SARIMA,2023-10-01,1.203,0.5652950613038882,True,True,0.6377049386961119,0.6377049386961119
Cambodia,SARIMA,2023-11-01,1.811,1.1015072582579235,True,True,0.7094927417420764,0.7094927417420764
Cambodia,SARIMA,2023-12-01,2.482,0.8898617842309338,True,True,1.5921382157690664,1.5921382157690664
Cambodia,XGBoost,2014-01-01,-0.712,0.8418610095977783,True,True,-1.5538610095977783,1.5538610095977783
Cambodia,XGBoost,2014-02-01,-0.09,0.6845118403434753,True,True,-0.7745118403434753,0.7745118403434753
Cambodia,XGBoost,2014-03-01,0.889,0.10580332577228546,True,True,0.7831966742277146,0.7831966742277146
Cambodia,XGBoost,2014-04-01,0.587,0.5617428421974182,True,True,0.025257157802581753,0.025257157802581753
Cambodia,XGBoost,2014-05-01,1.207,0.20617030560970306,True,True,1.000829694390297,1.000829694390297
Cambodia,XGBoost,2014-06-01,0.794,0.5186358094215393,True,True,0.27536419057846073,0.27536419057846073
Cambodia,XGBoost,2014-07-01,0.456,0.2869125008583069,True,True,0.16908749914169313,0.16908749914169313
Cambodia,XGBoost,2014-08-01,0.74,0.6107812523841858,True,True,0.1292187476158142,0.1292187476158142
Cambodia,XGBoost,2014-09-01,0.719,0.39221763610839844,True,True,0.32678236389160153,0.32678236389160153
Cambodia,XGBoost,2014-10-01,0.763,0.7151435613632202,True,True,0.0478564386367798,0.0478564386367798
Cambodia,XGBoost,2014-11-01,1.784,1.438683271408081,True,True,0.345316728591919,0.345316728591919
Cambodia,XGBoost,2014-12-01,1.139,1.4552855491638184,True,True,-0.31628554916381835,0.31628554916381835
Cambodia,XGBoost,2015-01-01,0.339,1.392200231552124,True,True,-1.053200231552124,1.053200231552124
Cambodia,XGBoost,2015-02-01,0.333,1.2271137237548828,True,True,-0.8941137237548828,0.8941137237548828
Cambodia,XGBoost,2015-03-01,1.1,0.8760538101196289,True,True,0.22394618988037118,0.22394618988037118
Cambodia,XGBoost,2015-04-01,0.655,0.4922686815261841,True,True,0.16273131847381594,0.16273131847381594
Cambodia,XGBoost,2015-05-01,1.16,0.5780656337738037,True,True,0.5819343662261962,0.5819343662261962
Cambodia,XGBoost,2015-06-01,1.093,0.3935941457748413,True,True,0.6994058542251587,0.6994058542251587
Cambodia,XGBoost,2015-07-01,0.849,0.4667549729347229,True,True,0.3822450270652771,0.3822450270652771
Cambodia,XGBoost,2015-08-01,1.112,0.5103382468223572,True,True,0.6016617531776429,0.6016617531776429
Cambodia,XGBoost,2015-09-01,1.119,0.48380622267723083,True,True,0.6351937773227692,0.6351937773227692
Cambodia,XGBoost,2015-10-01,1.176,0.613997220993042,True,True,0.5620027790069579,0.5620027790069579
Cambodia,XGBoost,2015-11-01,2.394,1.1147584915161133,True,True,1.2792415084838868,1.2792415084838868
Cambodia,XGBoost,2015-12-01,2.319,0.39790645241737366,True,True,1.9210935475826263,1.9210935475826263
Cambodia,XGBoost,2016-01-01,2.154,0.596626341342926,True,True,1.557373658657074,1.557373658657074
Cambodia,XGBoost,2016-02-01,0.094,0.5073457360267639,True,True,-0.41334573602676394,0.41334573602676394
Cambodia,XGBoost,2016-03-01,1.245,0.38801276683807373,True,True,0.8569872331619264,0.8569872331619264
Cambodia,XGBoost,2016-04-01,2.053,0.37514248490333557,True,True,1.6778575150966644,1.6778575150966644
Cambodia,XGBoost,2016-05-01,1.371,0.6487517952919006,True,True,0.7222482047080994,0.7222482047080994
Cambodia,XGBoost,2016-06-01,0.91,0.510064423084259,True,True,0.399935576915741,0.399935576915741
Cambodia,XGBoost,2016-07-01,0.82,0.5716023445129395,True,True,0.2483976554870605,0.2483976554870605
Cambodia,XGBoost,2016-08-01,1.369,0.5816617608070374,True,True,0.7873382391929626,0.7873382391929626
Cambodia,XGBoost,2016-09-01,0.805,0.5630612373352051,True,True,0.24193876266479497,0.24193876266479497
Cambodia,XGBoost,2016-10-01,1.023,0.7104659676551819,True,True,0.312534032344818,0.312534032344818
Cambodia,XGBoost,2016-11-01,1.813,0.9421774744987488,True,True,0.8708225255012512,0.8708225255012512
Cambodia,XGBoost,2016-12-01,1.699,0.5049967765808105,True,True,1.1940032234191895,1.1940032234191895
Cambodia,XGBoost,2017-01-01,2.227,0.8182055950164795,True,True,1.4087944049835204,1.4087944049835204
Cambodia,XGBoost,2017-02-01,0.749,0.49658846855163574,True,True,0.25241153144836426,0.25241153144836426
Cambodia,XGBoost,2017-03-01,0.735,0.3323034942150116,True,True,0.4026965057849884,0.4026965057849884
Cambodia,XGBoost,2017-04-01,0.498,0.5525745153427124,True,True,-0.054574515342712404,0.054574515342712404
Cambodia,XGBoost,2017-05-01,0.452,0.5649134516716003,True,True,-0.11291345167160033,0.11291345167160033
Cambodia,XGBoost,2017-06-01,0.711,0.5571879148483276,True,True,0.15381208515167233,0.15381208515167233
Cambodia,XGBoost,2017-07-01,0.086,0.6595330238342285,True,True,-0.5735330238342286,0.5735330238342286
Cambodia,XGBoost,2017-08-01,1.077,0.5956984162330627,True,True,0.4813015837669372,0.4813015837669372
Cambodia,XGBoost,2017-09-01,1.49,0.7187692523002625,True,True,0.7712307476997375,0.7712307476997375
Cambodia,XGBoost,2017-10-01,1.02,0.6949224472045898,True,True,0.3250775527954102,0.3250775527954102
Cambodia,XGBoost,2017-11-01,1.18,0.7591848373413086,True,True,0.42081516265869134,0.42081516265869134
Cambodia,XGBoost,2017-12-01,0.874,0.6638965606689453,True,True,0.2101034393310547,0.2101034393310547
Cambodia,XGBoost,2018-01-01,1.465,0.8207762241363525,True,True,0.6442237758636475,0.6442237758636475
Cambodia,XGBoost,2018-02-01,-0.259,0.6809234023094177,True,True,-0.9399234023094177,0.9399234023094177
Cambodia,XGBoost,2018-03-01,0.278,0.4349047541618347,True,True,-0.1569047541618347,0.1569047541618347
Cambodia,XGBoost,2018-04-01,0.013,0.636391282081604,True,True,-0.623391282081604,0.623391282081604
Cambodia,XGBoost,2018-05-01,0.539,0.41414016485214233,True,True,0.1248598351478577,0.1248598351478577
Cambodia,XGBoost,2018-06-01,0.459,0.5601809024810791,True,True,-0.10118090248107908,0.10118090248107908
Cambodia,XGBoost,2018-07-01,0.476,0.651468813419342,True,True,-0.17546881341934206,0.17546881341934206
Cambodia,XGBoost,2018-08-01,0.307,0.6098407506942749,True,True,-0.3028407506942749,0.3028407506942749
Cambodia,XGBoost,2018-09-01,0.696,0.5610163807868958,True,True,0.1349836192131042,0.1349836192131042
Cambodia,XGBoost,2018-10-01,1.243,0.692477285861969,True,True,0.5505227141380311,0.5505227141380311
Cambodia,XGBoost,2018-11-01,1.773,1.0258885622024536,True,True,0.7471114377975463,0.7471114377975463
Cambodia,XGBoost,2018-12-01,2.212,0.5637295246124268,True,True,1.6482704753875734,1.6482704753875734
Cambodia,XGBoost,2019-01-01,1.913,0.7294290661811829,True,True,1.1835709338188172,1.1835709338188172
Cambodia,XGBoost,2019-02-01,2.153,0.5237233638763428,True,True,1.6292766361236573,1.6292766361236573
Cambodia,XGBoost,2019-03-01,1.353,0.2974795997142792,True,True,1.0555204002857208,1.0555204002857208
Cambodia,XGBoost,2019-04-01,1.479,0.5063327550888062,True,True,0.9726672449111939,0.9726672449111939
Cambodia,XGBoost,2019-05-01,0.988,0.4782826602458954,True,True,0.5097173397541046,0.5097173397541046
Cambodia,XGBoost,2019-06-01,1.255,0.5026775598526001,True,True,0.7523224401473998,0.7523224401473998
Cambodia,XGBoost,2019-07-01,0.894,0.5965167284011841,True,True,0.29748327159881593,0.29748327159881593
Cambodia,XGBoost,2019-08-01,0.724,0.5723215937614441,True,True,0.15167840623855589,0.15167840623855589
Cambodia,XGBoost,2019-09-01,0.64,0.6854497790336609,True,True,-0.045449779033660875,0.045449779033660875
Cambodia,XGBoost,2019-10-01,1.366,0.7356052398681641,True,True,0.630394760131836,0.630394760131836
Cambodia,XGBoost,2019-11-01,1.468,0.8916248083114624,True,True,0.5763751916885376,0.5763751916885376
Cambodia,XGBoost,2019-12-01,1.524,0.7433260083198547,True,True,0.7806739916801453,0.7806739916801453
Cambodia,XGBoost,2020-01-01,2.433,0.7807332277297974,True,True,1.6522667722702025,1.6522667722702025
Cambodia,XGBoost,2020-02-01,1.093,0.5055870413780212,True,True,0.5874129586219787,0.5874129586219787
Cambodia,XGBoost,2020-03-01,1.786,0.32150304317474365,True,True,1.4644969568252564,1.4644969568252564
Cambodia,XGBoost,2020-04-01,0.672,0.49502435326576233,True,True,0.1769756467342377,0.1769756467342377
Cambodia,XGBoost,2020-05-01,1.742,0.38310304284095764,True,True,1.3588969571590424,1.3588969571590424
Cambodia,XGBoost,2020-06-01,1.194,0.4437500536441803,True,True,0.7502499463558197,0.7502499463558197
Cambodia,XGBoost,2020-07-01,1.251,0.6140571236610413,True,True,0.6369428763389586,0.6369428763389586
Cambodia,XGBoost,2020-08-01,1.19,0.58526211977005,True,True,0.6047378802299499,0.6047378802299499
Cambodia,XGBoost,2020-09-01,1.119,0.6688911318778992,True,True,0.4501088681221008,0.4501088681221008
Cambodia,XGBoost,2020-10-01,0.061,0.6368191838264465,True,True,-0.5758191838264466,0.5758191838264466
Cambodia,XGBoost,2020-11-01,1.234,1.0063214302062988,True,True,0.22767856979370116,0.22767856979370116
Cambodia,XGBoost,2020-12-01,1.317,0.476298451423645,True,True,0.8407015485763549,0.8407015485763549
Cambodia,XGBoost,2021-01-01,0.194,0.7070165276527405,True,True,-0.5130165276527405,0.5130165276527405
Cambodia,XGBoost,2021-02-01,0.242,0.492536723613739,True,True,-0.250536723613739,0.250536723613739
Cambodia,XGBoost,2021-03-01,1.407,0.34805503487586975,True,True,1.0589449651241303,1.0589449651241303
Cambodia,XGBoost,2021-04-01,0.509,0.5245824456214905,True,True,-0.01558244562149047,0.01558244562149047
Cambodia,XGBoost,2021-05-01,0.762,0.5866765379905701,True,True,0.17532346200942994,0.17532346200942994
Cambodia,XGBoost,2021-06-01,0.947,0.5251559019088745,True,True,0.42184409809112544,0.42184409809112544
Cambodia,XGBoost,2021-07-01,0.805,0.602664589881897,True,True,0.20233541011810308,0.20233541011810308
Cambodia,XGBoost,2021-08-01,1.115,0.5927689075469971,True,True,0.5222310924530029,0.5222310924530029
Cambodia,XGBoost,2021-09-01,0.248,0.7328431606292725,True,True,-0.48484316062927246,0.48484316062927246
Cambodia,XGBoost,2021-10-01,0.595,0.6437280774116516,True,True,-0.04872807741165164,0.04872807741165164
Cambodia,XGBoost,2021-11-01,1.292,0.7560851573944092,True,True,0.5359148426055909,0.5359148426055909
Cambodia,XGBoost,2021-12-01,0.953,0.8285493850708008,True,True,0.12445061492919918,0.12445061492919918
Cambodia,XGBoost,2022-01-01,1.88,0.7496304512023926,True,True,1.1303695487976073,1.1303695487976073
Cambodia,XGBoost,2022-02-01,1.186,0.5505664348602295,True,True,0.6354335651397705,0.6354335651397705
Cambodia,XGBoost,2022-03-01,1.084,0.40649038553237915,True,True,0.6775096144676209,0.6775096144676209
Cambodia,XGBoost,2022-04-01,-0.078,0.5183719992637634,True,True,-0.5963719992637634,0.5963719992637634
Cambodia,XGBoost,2022-05-01,0.294,0.6055762767791748,True,True,-0.3115762767791748,0.3115762767791748
Cambodia,XGBoost,2022-06-01,1.572,0.4453514814376831,True,True,1.126648518562317,1.126648518562317
Cambodia,XGBoost,2022-07-01,0.516,0.6112769842147827,True,True,-0.0952769842147827,0.0952769842147827
Cambodia,XGBoost,2022-08-01,0.655,0.5649880170822144,True,True,0.09001198291778567,0.09001198291778567
Cambodia,XGBoost,2022-09-01,0.664,0.5695978403091431,True,True,0.09440215969085697,0.09440215969085697
Cambodia,XGBoost,2022-10-01,0.429,0.7371930480003357,True,True,-0.3081930480003357,0.3081930480003357
Cambodia,XGBoost,2022-11-01,1.481,0.9723516702651978,True,True,0.5086483297348023,0.5086483297348023
Cambodia,XGBoost,2022-12-01,0.76,0.3847499191761017,True,True,0.3752500808238983,0.3752500808238983
Cambodia,XGBoost,2023-01-01,0.607,0.6321887373924255,True,True,-0.025188737392425553,0.025188737392425553
Cambodia,XGBoost,2023-02-01,1.246,0.4105827510356903,True,True,0.8354172489643097,0.8354172489643097
Cambodia,XGBoost,2023-03-01,0.749,0.5672597885131836,True,True,0.1817402114868164,0.1817402114868164
Cambodia,XGBoost,2023-04-01,1.644,0.5339529514312744,True,True,1.1100470485687255,1.1100470485687255
Cambodia,XGBoost,2023-05-01,1.694,0.6553541421890259,True,True,1.038645857810974,1.038645857810974
Cambodia,XGBoost,2023-06-01,1.349,0.5078899264335632,True,True,0.8411100735664367,0.8411100735664367
Cambodia,XGBoost,2023-07-01,1.22,0.6006519794464111,True,True,0.6193480205535888,0.6193480205535888
Cambodia,XGBoost,2023-08-01,1.858,0.5550062656402588,True,True,1.3029937343597413,1.3029937343597413
Cambodia,XGBoost,2023-09-01,0.925,0.6406208276748657,True,True,0.2843791723251343,0.2843791723251343
Cambodia,XGBoost,2023-10-01,1.203,0.697907030582428,True,True,0.5050929694175721,0.5050929694175721
Cambodia,XGBoost,2023-11-01,1.811,0.9274237155914307,True,True,0.8835762844085693,0.8835762844085693
Cambodia,XGBoost,2023-12-01,2.482,0.6453190445899963,True,True,1.8366809554100039,1.8366809554100039
Cambodia,Prophet,2014-01-01,-0.712,0.8596332208828827,True,True,-1.5716332208828827,1.5716332208828827
Cambodia,Prophet,2014-02-01,-0.09,0.8177418040901918,True,True,-0.9077418040901918,0.9077418040901918
Cambodia,Prophet,2014-03-01,0.889,0.7278003836066987,True,True,0.16119961639330127,0.16119961639330127
Cambodia,Prophet,2014-04-01,0.587,0.6667043125054679,True,True,-0.07970431250546794,0.07970431250546794
Cambodia,Prophet,2014-05-01,1.207,0.6238579932221945,True,True,0.5831420067778056,0.5831420067778056
Cambodia,Prophet,2014-06-01,0.794,0.6917310068646109,True,True,0.10226899313538917,0.10226899313538917
Cambodia,Prophet,2014-07-01,0.456,0.6536315466364796,True,True,-0.19763154663647958,0.19763154663647958
Cambodia,Prophet,2014-08-01,0.74,0.6942520529301928,True,True,0.04574794706980723,0.04574794706980723
Cambodia,Prophet,2014-09-01,0.719,0.6943269271652154,True,True,0.024673072834784593,0.024673072834784593
Cambodia,Prophet,2014-10-01,0.763,0.6782749692472709,True,True,0.08472503075272908,0.08472503075272908
Cambodia,Prophet,2014-11-01,1.784,0.8990443524577469,True,True,0.8849556475422531,0.8849556475422531
Cambodia,Prophet,2014-12-01,1.139,0.788609770880335,True,True,0.350390229119665,0.350390229119665
Cambodia,Prophet,2015-01-01,0.339,0.8776329857074071,True,True,-0.538632985707407,0.538632985707407
Cambodia,Prophet,2015-02-01,0.333,0.8289305936180629,True,True,-0.49593059361806285,0.49593059361806285
Cambodia,Prophet,2015-03-01,1.1,0.7464107137069094,True,True,0.3535892862930907,0.3535892862930907
Cambodia,Prophet,2015-04-01,0.655,0.6842000637924028,True,True,-0.02920006379240281,0.02920006379240281
Cambodia,Prophet,2015-05-01,1.16,0.6417928203157088,True,True,0.5182071796842911,0.5182071796842911
Cambodia,Prophet,2015-06-01,1.093,0.707741373965616,True,True,0.385258626034384,0.385258626034384
Cambodia,Prophet,2015-07-01,0.849,0.6676449109989192,True,True,0.18135508900108077,0.18135508900108077
Cambodia,Prophet,2015-08-01,1.112,0.7082094521425963,True,True,0.40379054785740376,0.40379054785740376
Cambodia,Prophet,2015-09-01,1.119,0.7097817798313649,True,True,0.40921822016863507,0.40921822016863507
Cambodia,Prophet,2015-10-01,1.176,0.6953263269657345,True,True,0.48067367303426545,0.48067367303426545
Cambodia,Prophet,2015-11-01,2.394,0.9171937383720608,True,True,1.4768062616279394,1.4768062616279394
Cambodia,Prophet,2015-12-01,2.319,0.8028572625336594,True,True,1.5161427374663405,1.5161427374663405
Cambodia,Prophet,2016-01-01,2.154,0.895549614801578,True,True,1.258450385198422,1.258450385198422
Cambodia,Prophet,2016-02-01,0.094,0.8401060274094212,True,True,-0.7461060274094212,0.7461060274094212
Cambodia,Prophet,2016-03-01,1.245,0.7547499189782934,True,True,0.49025008102170675,0.49025008102170675
Cambodia,Prophet,2016-04-01,2.053,0.6956676647250555,True,True,1.3573323352749445,1.3573323352749445
Cambodia,Prophet,2016-05-01,1.371,0.651818431880562,True,True,0.719181568119438,0.719181568119438
Cambodia,Prophet,2016-06-01,0.91,0.7233026085870813,True,True,0.18669739141291875,0.18669739141291875
Cambodia,Prophet,2016-07-01,0.82,0.6893984737171767,True,True,0.1306015262828233,0.1306015262828233
Cambodia,Prophet,2016-08-01,1.369,0.7302780291494206,True,True,0.6387219708505794,0.6387219708505794
Cambodia,Prophet,2016-09-01,0.805,0.7275002278752789,True,True,0.07749977212472114,0.07749977212472114
Cambodia,Prophet,2016-10-01,1.023,0.7083149086810993,True,True,0.31468509131890066,0.31468509131890066
Cambodia,Prophet,2016-11-01,1.813,0.9263429089048822,True,True,0.8866570910951177,0.8866570910951177
Cambodia,Prophet,2016-12-01,1.699,0.8239705841763614,True,True,0.8750294158236387,0.8750294158236387
Cambodia,Prophet,2017-01-01,2.227,0.9054270289555164,True,True,1.3215729710444835,1.3215729710444835
Cambodia,Prophet,2017-02-01,0.749,0.8704099277282522,True,True,-0.12140992772825221,0.12140992772825221
Cambodia,Prophet,2017-03-01,0.735,0.7731637117244159,True,True,-0.038163711724415905,0.038163711724415905
Cambodia,Prophet,2017-04-01,0.498,0.7131101133258111,True,True,-0.2151101133258111,0.2151101133258111
Cambodia,Prophet,2017-05-01,0.452,0.6697828985459274,True,True,-0.21778289854592742,0.21778289854592742
Cambodia,Prophet,2017-06-01,0.711,0.7395019909099578,True,True,-0.028501990909957864,0.028501990909957864
Cambodia,Prophet,2017-07-01,0.086,0.703467797800859,True,True,-0.617467797800859,0.617467797800859
Cambodia,Prophet,2017-08-01,1.077,0.7441933220087581,True,True,0.33280667799124186,0.33280667799124186
Cambodia,Prophet,2017-09-01,1.49,0.7428175174175164,True,True,0.7471824825824835,0.7471824825824835
Cambodia,Prophet,2017-10-01,1.02,0.7251875270462205,True,True,0.29481247295377955,0.29481247295377955
Cambodia,Prophet,2017-11-01,1.18,0.9446769688660421,True,True,0.2353230311339578,0.2353230311339578
Cambodia,Prophet,2017-12-01,0.874,0.8382319540396895,True,True,0.03576804596031047,0.03576804596031047
Cambodia,Prophet,2018-01-01,1.465,0.9235093207939741,True,True,0.541490679206026,0.541490679206026
Cambodia,Prophet,2018-02-01,-0.259,0.8816179040013001,True,True,-1.1406179040013003,1.1406179040013003
Cambodia,Prophet,2018-03-01,0.278,0.7916764835177947,True,True,-0.5136764835177947,0.5136764835177947
Cambodia,Prophet,2018-04-01,0.013,0.7305804124165652,True,True,-0.7175804124165652,0.7175804124165652
Cambodia,Prophet,2018-05-01,0.539,0.687734093133299,True,True,-0.148734093133299,0.148734093133299
Cambodia,Prophet,2018-06-01,0.459,0.7556071067757096,True,True,-0.2966071067757096,0.2966071067757096
Cambodia,Prophet,2018-07-01,0.476,0.7175076465475733,True,True,-0.24150764654757328,0.24150764654757328
Cambodia,Prophet,2018-08-01,0.307,0.7581281528412905,True,True,-0.45112815284129054,0.45112815284129054
Cambodia,Prophet,2018-09-01,0.696,0.7582030270762975,True,True,-0.062203027076297546,0.062203027076297546
Cambodia,Prophet,2018-10-01,1.243,0.7421510691583715,True,True,0.5008489308416286,0.5008489308416286
Cambodia,Prophet,2018-11-01,1.773,0.9629204523688446,True,True,0.8100795476311553,0.8100795476311553
Cambodia,Prophet,2018-12-01,2.212,0.8524858707914151,True,True,1.359514129208585,1.359514129208585
Cambodia,Prophet,2019-01-01,1.913,0.941509085618484,True,True,0.971490914381516,0.971490914381516
Cambodia,Prophet,2019-02-01,2.153,0.8928066935291656,True,True,1.2601933064708344,1.2601933064708344
Cambodia,Prophet,2019-03-01,1.353,0.8102868136179735,True,True,0.5427131863820265,0.5427131863820265
Cambodia,Prophet,2019-04-01,1.479,0.7480761637034876,True,True,0.7309238362965125,0.7309238362965125
Cambodia,Prophet,2019-05-01,0.988,0.705668920226806,True,True,0.28233107977319394,0.28233107977319394
Cambodia,Prophet,2019-06-01,1.255,0.7716174738767152,True,True,0.4833825261232847,0.4833825261232847
Cambodia,Prophet,2019-07-01,0.894,0.731521010910012,True,True,0.16247898908998804,0.16247898908998804
Cambodia,Prophet,2019-08-01,0.724,0.7720855520536702,True,True,-0.048085552053670266,0.048085552053670266
Cambodia,Prophet,2019-09-01,0.64,0.7736578797424529,True,True,-0.1336578797424529,0.1336578797424529
Cambodia,Prophet,2019-10-01,1.366,0.7592024268768248,True,True,0.6067975731231753,0.6067975731231753
Cambodia,Prophet,2019-11-01,1.468,0.9810698382831811,True,True,0.4869301617168189,0.4869301617168189
Cambodia,Prophet,2019-12-01,1.524,0.8667333624447456,True,True,0.6572666375552544,0.6572666375552544
Cambodia,Prophet,2020-01-01,2.433,0.959425714712679,True,True,1.4735742852873208,1.4735742852873208
Cambodia,Prophet,2020-02-01,1.093,0.9039821273205132,True,True,0.18901787267948678,0.18901787267948678
Cambodia,Prophet,2020-03-01,1.786,0.8186260188894053,True,True,0.9673739811105947,0.9673739811105947
Cambodia,Prophet,2020-04-01,0.672,0.7595437646361595,True,True,-0.08754376463615943,0.08754376463615943
Cambodia,Prophet,2020-05-01,1.742,0.7156945317916669,True,True,1.0263054682083332,1.0263054682083332
Cambodia,Prophet,2020-06-01,1.194,0.7871787084981714,True,True,0.40682129150182855,0.40682129150182855
Cambodia,Prophet,2020-07-01,1.251,0.7532745736282704,True,True,0.49772542637172945,0.49772542637172945
Cambodia,Prophet,2020-08-01,1.19,0.794154129060568,True,True,0.3958458709394319,0.3958458709394319
Cambodia,Prophet,2020-09-01,1.119,0.7913763277863781,True,True,0.3276236722136219,0.3276236722136219
Cambodia,Prophet,2020-10-01,0.061,0.772191008592216,True,True,-0.711191008592216,0.711191008592216
Cambodia,Prophet,2020-11-01,1.234,0.9902190088159905,True,True,0.24378099118400953,0.24378099118400953
Cambodia,Prophet,2020-12-01,1.317,0.8878466840874402,True,True,0.4291533159125598,0.4291533159125598
Cambodia,Prophet,2021-01-01,0.194,0.9693031288666054,True,True,-0.7753031288666055,0.7753031288666055
Cambodia,Prophet,2021-02-01,0.242,0.9342860276393161,True,True,-0.6922860276393161,0.6922860276393161
Cambodia,Prophet,2021-03-01,1.407,0.8370398116354929,True,True,0.5699601883645071,0.5699601883645071
Cambodia,Prophet,2021-04-01,0.509,0.7769862132368779,True,True,-0.2679862132368779,0.2679862132368779
Cambodia,Prophet,2021-05-01,0.762,0.7336589984570051,True,True,0.028341001542994904,0.028341001542994904
Cambodia,Prophet,2021-06-01,0.947,0.8033780908210596,True,True,0.14362190917894035,0.14362190917894035
Cambodia,Prophet,2021-07-01,0.805,0.7673438977119601,True,True,0.03765610228803995,0.03765610228803995
Cambodia,Prophet,2021-08-01,1.115,0.8080694219198338,True,True,0.3069305780801662,0.3069305780801662
Cambodia,Prophet,2021-09-01,0.248,0.8066936173285941,True,True,-0.5586936173285941,0.5586936173285941
Cambodia,Prophet,2021-10-01,0.595,0.7890636269573102,True,True,-0.19406362695731028,0.19406362695731028
Cambodia,Prophet,2021-11-01,1.292,1.0085530687771485,True,True,0.2834469312228516,0.2834469312228516
Cambodia,Prophet,2021-12-01,0.953,0.9021080539507855,True,True,0.05089194604921443,0.05089194604921443
Cambodia,Prophet,2022-01-01,1.88,0.9873854207050807,True,True,0.8926145792949192,0.8926145792949192
Cambodia,Prophet,2022-02-01,1.186,0.9454940039123823,True,True,0.2405059960876177,0.2405059960876177
Cambodia,Prophet,2022-03-01,1.084,0.8555525834288866,True,True,0.22844741657111345,0.22844741657111345
Cambodia,Prophet,2022-04-01,-0.078,0.7944565123276249,True,True,-0.8724565123276249,0.8724565123276249
Cambodia,Prophet,2022-05-01,0.294,0.7516101930443835,True,True,-0.4576101930443835,0.4576101930443835
Cambodia,Prophet,2022-06-01,1.572,0.8194832066868072,True,True,0.7525167933131929,0.7525167933131929
Cambodia,Prophet,2022-07-01,0.516,0.7813837464586633,True,True,-0.26538374645866325,0.26538374645866325
Cambodia,Prophet,2022-08-01,0.655,0.8220042527524001,True,True,-0.16700425275240005,0.16700425275240005
Cambodia,Prophet,2022-09-01,0.664,0.8220791269874035,True,True,-0.15807912698740345,0.15807912698740345
Cambodia,Prophet,2022-10-01,0.429,0.8060271690694637,True,True,-0.3770271690694637,0.3770271690694637
Cambodia,Prophet,2022-11-01,1.481,1.0267965522799316,True,True,0.4542034477200685,0.4542034477200685
Cambodia,Prophet,2022-12-01,0.76,0.9163619707025227,True,True,-0.15636197070252267,0.15636197070252267
Cambodia,Prophet,2023-01-01,0.607,1.0053851855296205,True,True,-0.39838518552962054,0.39838518552962054
Cambodia,Prophet,2023-02-01,1.246,0.9566827934402335,True,True,0.28931720655976645,0.28931720655976645
Cambodia,Prophet,2023-03-01,0.749,0.8741629135290792,True,True,-0.12516291352907916,0.12516291352907916
Cambodia,Prophet,2023-04-01,1.644,0.8119522636145928,True,True,0.8320477363854071,0.8320477363854071
Cambodia,Prophet,2023-05-01,1.694,0.7695450201378972,True,True,0.9244549798621028,0.9244549798621028
Cambodia,Prophet,2023-06-01,1.349,0.8354935737878106,True,True,0.5135064262121893,0.5135064262121893
Cambodia,Prophet,2023-07-01,1.22,0.795397110821112,True,True,0.424602889178888,0.424602889178888
Cambodia,Prophet,2023-08-01,1.858,0.8359616519647859,True,True,1.0220383480352142,1.0220383480352142
Cambodia,Prophet,2023-09-01,0.925,0.8375339796535535,True,True,0.08746602034644657,0.08746602034644657
Cambodia,Prophet,2023-10-01,1.203,0.8230785267879023,True,True,0.3799214732120978,0.3799214732120978
Cambodia,Prophet,2023-11-01,1.811,1.0449459381942496,True,True,0.7660540618057503,0.7660540618057503
Cambodia,Prophet,2023-12-01,2.482,0.9306094623558534,True,True,1.5513905376441468,1.5513905376441468
Indonesia,Holt-Winters,2014-01-01,0.511,0.74452460187468,True,True,-0.23352460187467994,0.23352460187467994
Indonesia,Holt-Winters,2014-02-01,0.743,0.809728812572382,True,True,-0.06672881257238206,0.06672881257238206
Indonesia,Holt-Winters,2014-03-01,1.067,0.826481887121236,True,True,0.2405181128787639,0.2405181128787639
Indonesia,Holt-Winters,2014-04-01,0.926,0.7887634937064867,True,True,0.13723650629351336,0.13723650629351336
Indonesia,Holt-Winters,2014-05-01,1.061,0.8037431971667705,True,True,0.2572568028332295,0.2572568028332295
Indonesia,Holt-Winters,2014-06-01,0.851,0.874745005079271,True,True,-0.02374500507927102,0.02374500507927102
Indonesia,Holt-Winters,2014-07-01,0.935,0.8616911423074674,True,True,0.0733088576925327,0.0733088576925327
Indonesia,Holt-Winters,2014-08-01,0.381,0.8446905710248439,True,True,-0.4636905710248439,0.4636905710248439
Indonesia,Holt-Winters,2014-09-01,0.341,0.8234240088404411,True,True,-0.48242400884044107,0.48242400884044107
Indonesia,Holt-Winters,2014-10-01,0.74,0.7956316393085974,True,True,-0.05563163930859738,0.05563163930859738
Indonesia,Holt-Winters,2014-11-01,0.778,0.7734232276326181,True,True,0.004576772367381965,0.004576772367381965
Indonesia,Holt-Winters,2014-12-01,0.697,0.7757077941207676,True,True,-0.07870779412076767,0.07870779412076767
Indonesia,Holt-Winters,2015-01-01,0.472,0.7591641869278756,True,True,-0.2871641869278756,0.2871641869278756
Indonesia,Holt-Winters,2015-02-01,0.29,0.8243683976255777,True,True,-0.5343683976255778,0.5343683976255778
Indonesia,Holt-Winters,2015-03-01,0.544,0.8411214721744317,True,True,-0.29712147217443163,0.29712147217443163
Indonesia,Holt-Winters,2015-04-01,0.412,0.8034030787596822,True,True,-0.3914030787596822,0.3914030787596822
Indonesia,Holt-Winters,2015-05-01,0.623,0.8183827822199661,True,True,-0.19538278221996608,0.19538278221996608
Indonesia,Holt-Winters,2015-06-01,0.915,0.8893845901324666,True,True,0.025615409867533412,0.025615409867533412
Indonesia,Holt-Winters,2015-07-01,1.076,0.876330727360663,True,True,0.1996692726393371,0.1996692726393371
Indonesia,Holt-Winters,2015-08-01,0.791,0.8593301560780395,True,True,-0.0683301560780395,0.0683301560780395
Indonesia,Holt-Winters,2015-09-01,0.972,0.8380635938936366,True,True,0.13393640610636337,0.13393640610636337
Indonesia,Holt-Winters,2015-10-01,0.981,0.810271224361793,True,True,0.170728775638207,0.170728775638207
Indonesia,Holt-Winters,2015-11-01,1.288,0.7880628126858137,True,True,0.49993718731418635,0.49993718731418635
Indonesia,Holt-Winters,2015-12-01,1.542,0.7903473791739632,True,True,0.7516526208260368,0.7516526208260368
Indonesia,Holt-Winters,2016-01-01,1.643,0.7738037719810712,True,True,0.8691962280189288,0.8691962280189288
Indonesia,Holt-Winters,2016-02-01,1.357,0.8390079826787732,True,True,0.5179920173212268,0.5179920173212268
Indonesia,Holt-Winters,2016-03-01,1.683,0.8557610572276273,True,True,0.8272389427723728,0.8272389427723728
Indonesia,Holt-Winters,2016-04-01,1.43,0.8180426638128778,True,True,0.6119573361871221,0.6119573361871221
Indonesia,Holt-Winters,2016-05-01,1.557,0.8330223672731617,True,True,0.7239776327268382,0.7239776327268382
Indonesia,Holt-Winters,2016-06-01,1.27,0.9040241751856622,True,True,0.36597582481433777,0.36597582481433777
Indonesia,Holt-Winters,2016-07-01,1.443,0.8909703124138586,True,True,0.5520296875861415,0.5520296875861415
Indonesia,Holt-Winters,2016-08-01,1.459,0.8739697411312352,True,True,0.5850302588687649,0.5850302588687649
Indonesia,Holt-Winters,2016-09-01,1.315,0.8527031789468322,True,True,0.4622968210531677,0.4622968210531677
Indonesia,Holt-Winters,2016-10-01,0.967,0.8249108094149886,True,True,0.14208919058501135,0.14208919058501135
Indonesia,Holt-Winters,2016-11-01,0.961,0.8027023977390093,True,True,0.15829760226099066,0.15829760226099066
Indonesia,Holt-Winters,2016-12-01,1.126,0.8049869642271589,True,True,0.321013035772841,0.321013035772841
Indonesia,Holt-Winters,2017-01-01,1.031,0.7884433570342668,True,True,0.2425566429657331,0.2425566429657331
Indonesia,Holt-Winters,2017-02-01,0.759,0.8536475677319688,True,True,-0.0946475677319688,0.0946475677319688
Indonesia,Holt-Winters,2017-03-01,0.837,0.8704006422808229,True,True,-0.033400642280822956,0.033400642280822956
Indonesia,Holt-Winters,2017-04-01,0.731,0.8326822488660734,True,True,-0.10168224886607347,0.10168224886607347
Indonesia,Holt-Winters,2017-05-01,0.978,0.8476619523263573,True,True,0.13033804767364265,0.13033804767364265
Indonesia,Holt-Winters,2017-06-01,0.836,0.9186637602388579,True,True,-0.08266376023885791,0.08266376023885791
Indonesia,Holt-Winters,2017-07-01,1.006,0.9056098974670541,True,True,0.10039010253294589,0.10039010253294589
Indonesia,Holt-Winters,2017-08-01,0.949,0.8886093261844308,True,True,0.060390673815569174,0.060390673815569174
Indonesia,Holt-Winters,2017-09-01,0.968,0.8673427640000279,True,True,0.10065723599997212,0.10065723599997212
Indonesia,Holt-Winters,2017-10-01,1.067,0.8395503944681842,True,True,0.2274496055318157,0.2274496055318157
Indonesia,Holt-Winters,2017-11-01,0.896,0.8173419827922049,True,True,0.07865801720779508,0.07865801720779508
Indonesia,Holt-Winters,2017-12-01,0.617,0.8196265492803544,True,True,-0.2026265492803544,0.2026265492803544
Indonesia,Holt-Winters,2018-01-01,0.868,0.8030829420874624,True,True,0.06491705791253755,0.06491705791253755
Indonesia,Holt-Winters,2018-02-01,0.71,0.8682871527851644,True,True,-0.15828715278516448,0.15828715278516448
Indonesia,Holt-Winters,2018-03-01,0.863,0.8850402273340185,True,True,-0.02204022733401856,0.02204022733401856
Indonesia,Holt-Winters,2018-04-01,0.66,0.8473218339192691,True,True,-0.18732183391926904,0.18732183391926904
Indonesia,Holt-Winters,2018-05-01,0.784,0.8623015373795528,True,True,-0.07830153737955281,0.07830153737955281
Indonesia,Holt-Winters,2018-06-01,0.842,0.9333033452920535,True,True,-0.09130334529205353,0.09130334529205353
Indonesia,Holt-Winters,2018-07-01,0.976,0.9202494825202497,True,True,0.05575051747975024,0.05575051747975024
Indonesia,Holt-Winters,2018-08-01,0.996,0.9032489112376264,True,True,0.09275108876237359,0.09275108876237359
Indonesia,Holt-Winters,2018-09-01,0.834,0.8819823490532235,True,True,-0.047982349053223516,0.047982349053223516
Indonesia,Holt-Winters,2018-10-01,0.919,0.8541899795213799,True,True,0.06481002047862017,0.06481002047862017
Indonesia,Holt-Winters,2018-11-01,1.081,0.8319815678454006,True,True,0.2490184321545994,0.2490184321545994
Indonesia,Holt-Winters,2018-12-01,1.252,0.83426613433355,True,True,0.41773386566645,0.41773386566645
Indonesia,Holt-Winters,2019-01-01,1.112,0.8177225271406581,True,True,0.294277472859342,0.294277472859342
Indonesia,Holt-Winters,2019-02-01,1.089,0.8829267378383601,True,True,0.2060732621616399,0.2060732621616399
Indonesia,Holt-Winters,2019-03-01,1.089,0.8996798123872142,True,True,0.1893201876127858,0.1893201876127858
Indonesia,Holt-Winters,2019-04-01,1.078,0.8619614189724647,True,True,0.21603858102753537,0.21603858102753537
Indonesia,Holt-Winters,2019-05-01,1.111,0.8769411224327485,True,True,0.23405887756725152,0.23405887756725152
Indonesia,Holt-Winters,2019-06-01,0.84,0.9479429303452491,True,True,-0.10794293034524916,0.10794293034524916
Indonesia,Holt-Winters,2019-07-01,0.822,0.9348890675734454,True,True,-0.11288906757344541,0.11288906757344541
Indonesia,Holt-Winters,2019-08-01,0.921,0.917888496290822,True,True,0.0031115037091780096,0.0031115037091780096
Indonesia,Holt-Winters,2019-09-01,0.786,0.8966219341064191,True,True,-0.11062193410641907,0.11062193410641907
Indonesia,Holt-Winters,2019-10-01,0.929,0.8688295645745754,True,True,0.06017043542542466,0.06017043542542466
Indonesia,Holt-Winters,2019-11-01,1.285,0.8466211528985962,True,True,0.43837884710140373,0.43837884710140373
Indonesia,Holt-Winters,2019-12-01,1.447,0.8489057193867456,True,True,0.5980942806132544,0.5980942806132544
Indonesia,Holt-Winters,2020-01-01,1.415,0.8323621121938537,True,True,0.5826378878061463,0.5826378878061463
Indonesia,Holt-Winters,2020-02-01,1.407,0.8975663228915557,True,True,0.5094336771084443,0.5094336771084443
Indonesia,Holt-Winters,2020-03-01,1.274,0.9143193974404097,True,True,0.35968060255959033,0.35968060255959033
Indonesia,Holt-Winters,2020-04-01,1.095,0.8766010040256603,True,True,0.21839899597433965,0.21839899597433965
Indonesia,Holt-Winters,2020-05-01,1.21,0.8915807074859441,True,True,0.3184192925140559,0.3184192925140559
Indonesia,Holt-Winters,2020-06-01,1.044,0.9625825153984447,True,True,0.08141748460155529,0.08141748460155529
Indonesia,Holt-Winters,2020-07-01,1.11,0.949528652626641,True,True,0.1604713473733591,0.1604713473733591
Indonesia,Holt-Winters,2020-08-01,1.25,0.9325280813440175,True,True,0.31747191865598245,0.31747191865598245
Indonesia,Holt-Winters,2020-09-01,1.098,0.9112615191596147,True,True,0.18673848084038536,0.18673848084038536
Indonesia,Holt-Winters,2020-10-01,0.943,0.883469149627771,True,True,0.05953085037222894,0.05953085037222894
Indonesia,Holt-Winters,2020-11-01,1.008,0.8612607379517918,True,True,0.1467392620482082,0.1467392620482082
Indonesia,Holt-Winters,2020-12-01,0.935,0.8635453044399413,True,True,0.07145469556005879,0.07145469556005879
Indonesia,Holt-Winters,2021-01-01,0.827,0.8470016972470492,True,True,-0.020001697247049255,0.020001697247049255
Indonesia,Holt-Winters,2021-02-01,0.872,0.9122059079447513,True,True,-0.04020590794475132,0.04020590794475132
Indonesia,Holt-Winters,2021-03-01,0.863,0.9289589824936053,True,True,-0.06595898249360532,0.06595898249360532
Indonesia,Holt-Winters,2021-04-01,0.74,0.891240589078856,True,True,-0.15124058907885596,0.15124058907885596
Indonesia,Holt-Winters,2021-05-01,0.994,0.9062202925391397,True,True,0.08777970746086028,0.08777970746086028
Indonesia,Holt-Winters,2021-06-01,1.091,0.9772221004516403,True,True,0.1137778995483597,0.1137778995483597
Indonesia,Holt-Winters,2021-07-01,1.289,0.9641682376798366,True,True,0.3248317623201633,0.3248317623201633
Indonesia,Holt-Winters,2021-08-01,1.266,0.9471676663972132,True,True,0.31883233360278684,0.31883233360278684
Indonesia,Holt-Winters,2021-09-01,1.037,0.9259011042128104,True,True,0.11109889578718957,0.11109889578718957
Indonesia,Holt-Winters,2021-10-01,1.203,0.8981087346809666,True,True,0.30489126531903343,0.30489126531903343
Indonesia,Holt-Winters,2021-11-01,0.787,0.8759003230049873,True,True,-0.08890032300498729,0.08890032300498729
Indonesia,Holt-Winters,2021-12-01,1.041,0.8781848894931369,True,True,0.16281511050686304,0.16281511050686304
Indonesia,Holt-Winters,2022-01-01,0.996,0.8616412823002448,True,True,0.13435871769975516,0.13435871769975516
Indonesia,Holt-Winters,2022-02-01,0.871,0.9268454929979469,True,True,-0.055845492997946944,0.055845492997946944
Indonesia,Holt-Winters,2022-03-01,0.933,0.9435985675468009,True,True,-0.010598567546800886,0.010598567546800886
Indonesia,Holt-Winters,2022-04-01,0.908,0.9058801741320515,True,True,0.002119825867948566,0.002119825867948566
Indonesia,Holt-Winters,2022-05-01,1.132,0.9208598775923353,True,True,0.21114012240766455,0.21114012240766455
Indonesia,Holt-Winters,2022-06-01,0.952,0.9918616855048359,True,True,-0.03986168550483593,0.03986168550483593
Indonesia,Holt-Winters,2022-07-01,1.091,0.9788078227330322,True,True,0.11219217726696773,0.11219217726696773
Indonesia,Holt-Winters,2022-08-01,1.079,0.9618072514504088,True,True,0.11719274854959116,0.11719274854959116
Indonesia,Holt-Winters,2022-09-01,1.068,0.9405406892660059,True,True,0.1274593107339942,0.1274593107339942
Indonesia,Holt-Winters,2022-10-01,0.645,0.9127483197341623,True,True,-0.26774831973416224,0.26774831973416224
Indonesia,Holt-Winters,2022-11-01,0.771,0.890539908058183,True,True,-0.11953990805818293,0.11953990805818293
Indonesia,Holt-Winters,2022-12-01,0.701,0.8928244745463325,True,True,-0.19182447454633256,0.19182447454633256
Indonesia,Holt-Winters,2023-01-01,0.721,0.8762808673534405,True,True,-0.1552808673534405,0.1552808673534405
Indonesia,Holt-Winters,2023-02-01,0.738,0.9414850780511425,True,True,-0.20348507805114247,0.20348507805114247
Indonesia,Holt-Winters,2023-03-01,0.875,0.9582381525999966,True,True,-0.08323815259999656,0.08323815259999656
Indonesia,Holt-Winters,2023-04-01,1.038,0.9205197591852471,True,True,0.11748024081475295,0.11748024081475295
Indonesia,Holt-Winters,2023-05-01,1.114,0.935499462645531,True,True,0.17850053735446914,0.17850053735446914
Indonesia,Holt-Winters,2023-06-01,1.194,1.0065012705580316,True,True,0.18749872944196833,0.18749872944196833
Indonesia,Holt-Winters,2023-07-01,1.317,0.9934474077862278,True,True,0.3235525922137722,0.3235525922137722
Indonesia,Holt-Winters,2023-08-01,1.251,0.9764468365036044,True,True,0.27455316349639547,0.27455316349639547
Indonesia,Holt-Winters,2023-09-01,1.066,0.9551802743192015,True,True,0.11081972568079856,0.11081972568079856
Indonesia,Holt-Winters,2023-10-01,1.45,0.9273879047873579,True,True,0.5226120952126421,0.5226120952126421
Indonesia,Holt-Winters,2023-11-01,1.546,0.9051794931113786,True,True,0.6408205068886215,0.6408205068886215
Indonesia,Holt-Winters,2023-12-01,1.664,0.907464059599528,True,True,0.7565359404004719,0.7565359404004719
Indonesia,SARIMA,2014-01-01,0.511,0.6886255469728225,True,True,-0.1776255469728225,0.1776255469728225
Indonesia,SARIMA,2014-02-01,0.743,0.7624000292655546,True,True,-0.01940002926555462,0.01940002926555462
Indonesia,SARIMA,2014-03-01,1.067,0.7189586639988219,True,True,0.34804133600117804,0.34804133600117804
Indonesia,SARIMA,2014-04-01,0.926,0.680295483823505,True,True,0.24570451617649502,0.24570451617649502
Indonesia,SARIMA,2014-05-01,1.061,0.6410587899635429,True,True,0.419941210036457,0.419941210036457
Indonesia,SARIMA,2014-06-01,0.851,0.7100441616157092,True,True,0.14095583838429082,0.14095583838429082
Indonesia,SARIMA,2014-07-01,0.935,0.7145384390420513,True,True,0.22046156095794878,0.22046156095794878
Indonesia,SARIMA,2014-08-01,0.381,0.6923281570667307,True,True,-0.31132815706673067,0.31132815706673067
Indonesia,SARIMA,2014-09-01,0.341,0.6417197476679364,True,True,-0.30071974766793635,0.30071974766793635
Indonesia,SARIMA,2014-10-01,0.74,0.5780534840446823,True,True,0.16194651595531773,0.16194651595531773
Indonesia,SARIMA,2014-11-01,0.778,0.5692019233780119,True,True,0.20879807662198813,0.20879807662198813
Indonesia,SARIMA,2014-12-01,0.697,0.5665823713374847,True,True,0.13041762866251527,0.13041762866251527
Indonesia,SARIMA,2015-01-01,0.472,0.5565948656627647,True,True,-0.08459486566276475,0.08459486566276475
Indonesia,SARIMA,2015-02-01,0.29,0.6424409966212721,True,True,-0.3524409966212721,0.3524409966212721
Indonesia,SARIMA,2015-03-01,0.544,0.6229658828927018,True,True,-0.07896588289270179,0.07896588289270179
Indonesia,SARIMA,2015-04-01,0.412,0.6083771921217939,True,True,-0.1963771921217939,0.1963771921217939
Indonesia,SARIMA,2015-05-01,0.623,0.5944675002818026,True,True,0.02853249971819738,0.02853249971819738
Indonesia,SARIMA,2015-06-01,0.915,0.6612356498502371,True,True,0.25376435014976295,0.25376435014976295
Indonesia,SARIMA,2015-07-01,1.076,0.6769385161063333,True,True,0.3990614838936668,0.3990614838936668
Indonesia,SARIMA,2015-08-01,0.791,0.6655757416731316,True,True,0.12542425832686843,0.12542425832686843
Indonesia,SARIMA,2015-09-01,0.972,0.6330447123604537,True,True,0.3389552876395463,0.3389552876395463
Indonesia,SARIMA,2015-10-01,0.981,0.5869273955028582,True,True,0.39407260449714177,0.39407260449714177
Indonesia,SARIMA,2015-11-01,1.288,0.5765855750915259,True,True,0.7114144249084742,0.7114144249084742
Indonesia,SARIMA,2015-12-01,1.542,0.5727422930743702,True,True,0.9692577069256298,0.9692577069256298
Indonesia,SARIMA,2016-01-01,1.643,0.5724405543703419,True,True,1.070559445629658,1.070559445629658
Indonesia,SARIMA,2016-02-01,1.357,0.6364696834565367,True,True,0.7205303165434633,0.7205303165434633
Indonesia,SARIMA,2016-03-01,1.683,0.6569550638290701,True,True,1.0260449361709298,1.0260449361709298
Indonesia,SARIMA,2016-04-01,1.43,0.6176119572489114,True,True,0.8123880427510886,0.8123880427510886
Indonesia,SARIMA,2016-05-01,1.557,0.6336037031861436,True,True,0.9233962968138564,0.9233962968138564
Indonesia,SARIMA,2016-06-01,1.27,0.7144312585862683,True,True,0.5555687414137317,0.5555687414137317
Indonesia,SARIMA,2016-07-01,1.443,0.6926908971131823,True,True,0.7503091028868177,0.7503091028868177
Indonesia,SARIMA,2016-08-01,1.459,0.6835767059681781,True,True,0.775423294031822,0.775423294031822
Indonesia,SARIMA,2016-09-01,1.315,0.6590194609259046,True,True,0.6559805390740954,0.6559805390740954
Indonesia,SARIMA,2016-10-01,0.967,0.623679476586884,True,True,0.3433205234131159,0.3433205234131159
Indonesia,SARIMA,2016-11-01,0.961,0.5968301668887617,True,True,0.3641698331112383,0.3641698331112383
Indonesia,SARIMA,2016-12-01,1.126,0.6005144090775503,True,True,0.5254855909224496,0.5254855909224496
Indonesia,SARIMA,2017-01-01,1.031,0.5949149436667931,True,True,0.4360850563332068,0.4360850563332068
Indonesia,SARIMA,2017-02-01,0.759,0.65977318737544,True,True,0.09922681262456001,0.09922681262456001
Indonesia,SARIMA,2017-03-01,0.837,0.6761496975074618,True,True,0.16085030249253818,0.16085030249253818
Indonesia,SARIMA,2017-04-01,0.731,0.6370614082901941,True,True,0.0939385917098059,0.0939385917098059
Indonesia,SARIMA,2017-05-01,0.978,0.6495145734231411,True,True,0.32848542657685886,0.32848542657685886
Indonesia,SARIMA,2017-06-01,0.836,0.7295614965765984,True,True,0.10643850342340155,0.10643850342340155
Indonesia,SARIMA,2017-07-01,1.006,0.7096976736393996,True,True,0.2963023263606004,0.2963023263606004
Indonesia,SARIMA,2017-08-01,0.949,0.699786244937345,True,True,0.24921375506265497,0.24921375506265497
Indonesia,SARIMA,2017-09-01,0.968,0.6735944065390328,True,True,0.2944055934609672,0.2944055934609672
Indonesia,SARIMA,2017-10-01,1.067,0.6364586066071947,True,True,0.4305413933928053,0.4305413933928053
Indonesia,SARIMA,2017-11-01,0.896,0.6108305902845215,True,True,0.28516940971547855,0.28516940971547855
Indonesia,SARIMA,2017-12-01,0.617,0.6140885229062515,True,True,0.0029114770937485046,0.0029114770937485046
Indonesia,SARIMA,2018-01-01,0.868,0.6082591994806272,True,True,0.25974080051937276,0.25974080051937276
Indonesia,SARIMA,2018-02-01,0.71,0.6744083083681642,True,True,0.03559169163183573,0.03559169163183573
Indonesia,SARIMA,2018-03-01,0.863,0.6886099617784753,True,True,0.17439003822152466,0.17439003822152466
Indonesia,SARIMA,2018-04-01,0.66,0.6510300856963699,True,True,0.008969914303630144,0.008969914303630144
Indonesia,SARIMA,2018-05-01,0.784,0.6618867726377513,True,True,0.12211322736224872,0.12211322736224872
Indonesia,SARIMA,2018-06-01,0.842,0.7411240202556496,True,True,0.10087597974435036,0.10087597974435036
Indonesia,SARIMA,2018-07-01,0.976,0.723437359913221,True,True,0.252562640086779,0.252562640086779
Indonesia,SARIMA,2018-08-01,0.996,0.7134429541736115,True,True,0.2825570458263885,0.2825570458263885
Indonesia,SARIMA,2018-09-01,0.834,0.6868725236057645,True,True,0.1471274763942355,0.1471274763942355
Indonesia,SARIMA,2018-10-01,0.919,0.6491964292680918,True,True,0.2698035707319082,0.2698035707319082
Indonesia,SARIMA,2018-11-01,1.081,0.624501461592602,True,True,0.45649853840739796,0.45649853840739796
Indonesia,SARIMA,2018-12-01,1.252,0.6273258444961991,True,True,0.6246741555038009,0.6246741555038009
Indonesia,SARIMA,2019-01-01,1.112,0.6218382919788227,True,True,0.4901617080211774,0.4901617080211774
Indonesia,SARIMA,2019-02-01,1.089,0.6878492328057643,True,True,0.4011507671942357,0.4011507671942357
Indonesia,SARIMA,2019-03-01,1.089,0.7024512131009598,True,True,0.38654878689904015,0.38654878689904015
Indonesia,SARIMA,2019-04-01,1.078,0.6647536279275221,True,True,0.41324637207247794,0.41324637207247794
Indonesia,SARIMA,2019-05-01,1.111,0.675936280235942,True,True,0.435063719764058,0.435063719764058
Indonesia,SARIMA,2019-06-01,0.84,0.7552765273804677,True,True,0.08472347261953228,0.08472347261953228
Indonesia,SARIMA,2019-07-01,0.822,0.7373270042399213,True,True,0.0846729957600787,0.0846729957600787
Indonesia,SARIMA,2019-08-01,0.921,0.7273873246273274,True,True,0.19361267537267268,0.19361267537267268
Indonesia,SARIMA,2019-09-01,0.786,0.70094313556153,True,True,0.08505686443847005,0.08505686443847005
Indonesia,SARIMA,2019-10-01,0.929,0.6634141443615064,True,True,0.2655858556384937,0.2655858556384937
Indonesia,SARIMA,2019-11-01,1.285,0.6385808697451621,True,True,0.6464191302548378,0.6464191302548378
Indonesia,SARIMA,2019-12-01,1.447,0.6414608810802654,True,True,0.8055391189197346,0.8055391189197346
Indonesia,SARIMA,2020-01-01,1.415,0.6359643243638717,True,True,0.7790356756361283,0.7790356756361283
Indonesia,SARIMA,2020-02-01,1.407,0.7019052598922307,True,True,0.7050947401077693,0.7050947401077693
Indonesia,SARIMA,2020-03-01,1.274,0.7166138743896108,True,True,0.5573861256103892,0.5573861256103892
Indonesia,SARIMA,2020-04-01,1.095,0.6788315117482545,True,True,0.41616848825174546,0.41616848825174546
Indonesia,SARIMA,2020-05-01,1.21,0.6900902629916739,True,True,0.5199097370083261,0.5199097370083261
Indonesia,SARIMA,2020-06-01,1.044,0.7694733305928794,True,True,0.27452666940712067,0.27452666940712067
Indonesia,SARIMA,2020-07-01,1.11,0.7514077344111119,True,True,0.35859226558888824,0.35859226558888824
Indonesia,SARIMA,2020-08-01,1.25,0.7414694531047354,True,True,0.5085305468952646,0.5085305468952646
Indonesia,SARIMA,2020-09-01,1.098,0.7150399947184395,True,True,0.3829600052815606,0.3829600052815606
Indonesia,SARIMA,2020-10-01,0.943,0.6775342641707803,True,True,0.2654657358292196,0.2654657358292196
Indonesia,SARIMA,2020-11-01,1.008,0.6526529834822967,True,True,0.3553470165177033,0.3553470165177033
Indonesia,SARIMA,2020-12-01,0.935,0.6555558892256507,True,True,0.2794441107743494,0.2794441107743494
Indonesia,SARIMA,2021-01-01,0.827,0.6500389254823962,True,True,0.1769610745176038,0.1769610745176038
Indonesia,SARIMA,2021-02-01,0.872,0.7159931036088132,True,True,0.1560068963911868,0.1560068963911868
Indonesia,SARIMA,2021-03-01,0.863,0.7306698724124737,True,True,0.13233012758752627,0.13233012758752627
Indonesia,SARIMA,2021-04-01,0.74,0.6929004949228509,True,True,0.047099505077149106,0.047099505077149106
Indonesia,SARIMA,2021-05-01,0.994,0.7041340427619563,True,True,0.28986595723804365,0.28986595723804365
Indonesia,SARIMA,2021-06-01,1.091,0.7835078743625795,True,True,0.30749212563742045,0.30749212563742045
Indonesia,SARIMA,2021-07-01,1.289,0.7654663107736613,True,True,0.5235336892263386,0.5235336892263386
Indonesia,SARIMA,2021-08-01,1.266,0.755524569345454,True,True,0.510475430654546,0.510475430654546
Indonesia,SARIMA,2021-09-01,1.037,0.7290863491057074,True,True,0.30791365089429257,0.30791365089429257
Indonesia,SARIMA,2021-10-01,1.203,0.6915699956024326,True,True,0.5114300043975675,0.5114300043975675
Indonesia,SARIMA,2021-11-01,0.787,0.6667004742295317,True,True,0.12029952577046832,0.12029952577046832
Indonesia,SARIMA,2021-12-01,1.041,0.6695984073767031,True,True,0.37140159262329686,0.37140159262329686
Indonesia,SARIMA,2022-01-01,0.996,0.6640833804816684,True,True,0.3319166195183316,0.3319166195183316
Indonesia,SARIMA,2022-02-01,0.871,0.7300409664377565,True,True,0.14095903356224349,0.14095903356224349
Indonesia,SARIMA,2022-03-01,0.933,0.7447133356475882,True,True,0.18828666435241181,0.18828666435241181
Indonesia,SARIMA,2022-04-01,0.908,0.7069482918857516,True,True,0.20105170811424844,0.20105170811424844
Indonesia,SARIMA,2022-05-01,1.132,0.7181788678379015,True,True,0.41382113216209837,0.41382113216209837
Indonesia,SARIMA,2022-06-01,0.952,0.797550691992022,True,True,0.15444930800797796,0.15444930800797796
Indonesia,SARIMA,2022-07-01,1.091,0.7795146380484856,True,True,0.31148536195151433,0.31148536195151433
Indonesia,SARIMA,2022-08-01,1.079,0.7695730451394245,True,True,0.3094269548605755,0.3094269548605755
Indonesia,SARIMA,2022-09-01,1.068,0.7431345127986676,True,True,0.32486548720133246,0.32486548720133246
Indonesia,SARIMA,2022-10-01,0.645,0.7056174487387169,True,True,-0.060617448738716884,0.060617448738716884
Indonesia,SARIMA,2022-11-01,0.771,0.6807500827409164,True,True,0.0902499172590836,0.0902499172590836
Indonesia,SARIMA,2022-12-01,0.701,0.683646944915259,True,True,0.017353055084740943,0.017353055084740943
Indonesia,SARIMA,2023-01-01,0.721,0.6781330417702615,True,True,0.04286695822973852,0.04286695822973852
Indonesia,SARIMA,2023-02-01,0.738,0.7440895823686189,True,True,-0.0060895823686188955,0.0060895823686188955
Indonesia,SARIMA,2023-03-01,0.875,0.7587642082262293,True,True,0.11623579177377075,0.11623579177377075
Indonesia,SARIMA,2023-04-01,1.038,0.7209980721880483,True,True,0.3170019278119517,0.3170019278119517
Indonesia,SARIMA,2023-05-01,1.114,0.7322303995347542,True,True,0.3817696004652459,0.3817696004652459
Indonesia,SARIMA,2023-06-01,1.194,0.8116029277429603,True,True,0.38239707225703967,0.38239707225703967
Indonesia,SARIMA,2023-07-01,1.317,0.7935650224220222,True,True,0.5234349775779777,0.5234349775779777
Indonesia,SARIMA,2023-08-01,1.251,0.783623632242048,True,True,0.4673763677579519,0.4673763677579519
Indonesia,SARIMA,2023-09-01,1.066,0.7571856598981299,True,True,0.30881434010187014,0.30881434010187014
Indonesia,SARIMA,2023-10-01,1.45,0.7196692972948109,True,True,0.7303307027051891,0.7303307027051891
Indonesia,SARIMA,2023-11-01,1.546,0.6948010620380358,True,True,0.8511989379619642,0.8511989379619642
Indonesia,SARIMA,2023-12-01,1.664,0.6976983026039923,True,True,0.9663016973960076,0.9663016973960076
Indonesia,XGBoost,2014-01-01,0.511,0.7126008868217468,True,True,-0.20160088682174682,0.20160088682174682
Indonesia,XGBoost,2014-02-01,0.743,0.679480791091919,True,True,0.06351920890808105,0.06351920890808105
Indonesia,XGBoost,2014-03-01,1.067,0.624893844127655,True,True,0.4421061558723449,0.4421061558723449
Indonesia,XGBoost,2014-04-01,0.926,0.6038497686386108,True,True,0.3221502313613892,0.3221502313613892
Indonesia,XGBoost,2014-05-01,1.061,0.5755982398986816,True,True,0.4854017601013183,0.4854017601013183
Indonesia,XGBoost,2014-06-01,0.851,0.5862246751785278,True,True,0.26477532482147215,0.26477532482147215
Indonesia,XGBoost,2014-07-01,0.935,0.5562570095062256,True,True,0.37874299049377447,0.37874299049377447
Indonesia,XGBoost,2014-08-01,0.381,0.5481919050216675,True,True,-0.16719190502166748,0.16719190502166748
Indonesia,XGBoost,2014-09-01,0.341,0.5561465620994568,True,True,-0.21514656209945676,0.21514656209945676
Indonesia,XGBoost,2014-10-01,0.74,0.5550071597099304,True,True,0.18499284029006957,0.18499284029006957
Indonesia,XGBoost,2014-11-01,0.778,0.5310395359992981,True,True,0.24696046400070193,0.24696046400070193
Indonesia,XGBoost,2014-12-01,0.697,0.5158785581588745,True,True,0.18112144184112544,0.18112144184112544
Indonesia,XGBoost,2015-01-01,0.472,0.5395556688308716,True,True,-0.0675556688308716,0.0675556688308716
Indonesia,XGBoost,2015-02-01,0.29,0.5567674040794373,True,True,-0.2667674040794373,0.2667674040794373
Indonesia,XGBoost,2015-03-01,0.544,0.5157201290130615,True,True,0.028279870986938516,0.028279870986938516
Indonesia,XGBoost,2015-04-01,0.412,0.5733175873756409,True,True,-0.1613175873756409,0.1613175873756409
Indonesia,XGBoost,2015-05-01,0.623,0.5426798462867737,True,True,0.08032015371322632,0.08032015371322632
Indonesia,XGBoost,2015-06-01,0.915,0.5412702560424805,True,True,0.37372974395751957,0.37372974395751957
Indonesia,XGBoost,2015-07-01,1.076,0.6017205119132996,True,True,0.4742794880867005,0.4742794880867005
Indonesia,XGBoost,2015-08-01,0.791,0.6190085411071777,True,True,0.1719914588928223,0.1719914588928223
Indonesia,XGBoost,2015-09-01,0.972,0.5944880247116089,True,True,0.3775119752883911,0.3775119752883911
Indonesia,XGBoost,2015-10-01,0.981,0.5352900624275208,True,True,0.44570993757247923,0.44570993757247923
Indonesia,XGBoost,2015-11-01,1.288,0.5636266469955444,True,True,0.7243733530044556,0.7243733530044556
Indonesia,XGBoost,2015-12-01,1.542,0.5387710928916931,True,True,1.003228907108307,1.003228907108307
Indonesia,XGBoost,2016-01-01,1.643,0.5755512118339539,True,True,1.0674487881660462,1.0674487881660462
Indonesia,XGBoost,2016-02-01,1.357,0.5973494052886963,True,True,0.7596505947113037,0.7596505947113037
Indonesia,XGBoost,2016-03-01,1.683,0.6055921316146851,True,True,1.077407868385315,1.077407868385315
Indonesia,XGBoost,2016-04-01,1.43,0.6130931973457336,True,True,0.8169068026542663,0.8169068026542663
Indonesia,XGBoost,2016-05-01,1.557,0.6206943988800049,True,True,0.9363056011199951,0.9363056011199951
Indonesia,XGBoost,2016-06-01,1.27,0.6256151795387268,True,True,0.6443848204612732,0.6443848204612732
Indonesia,XGBoost,2016-07-01,1.443,0.6159015893936157,True,True,0.8270984106063843,0.8270984106063843
Indonesia,XGBoost,2016-08-01,1.459,0.5887208580970764,True,True,0.8702791419029237,0.8702791419029237
Indonesia,XGBoost,2016-09-01,1.315,0.5776854753494263,True,True,0.7373145246505737,0.7373145246505737
Indonesia,XGBoost,2016-10-01,0.967,0.5757907032966614,True,True,0.3912092967033386,0.3912092967033386
Indonesia,XGBoost,2016-11-01,0.961,0.5551963448524475,True,True,0.40580365514755246,0.40580365514755246
Indonesia,XGBoost,2016-12-01,1.126,0.5437934994697571,True,True,0.5822065005302428,0.5822065005302428
Indonesia,XGBoost,2017-01-01,1.031,0.5733252167701721,True,True,0.4576747832298278,0.4576747832298278
Indonesia,XGBoost,2017-02-01,0.759,0.5786209106445312,True,True,0.18037908935546876,0.18037908935546876
Indonesia,XGBoost,2017-03-01,0.837,0.5863035321235657,True,True,0.2506964678764343,0.2506964678764343
Indonesia,XGBoost,2017-04-01,0.731,0.5694729685783386,True,True,0.16152703142166136,0.16152703142166136
Indonesia,XGBoost,2017-05-01,0.978,0.5720155239105225,True,True,0.4059844760894775,0.4059844760894775
Indonesia,XGBoost,2017-06-01,0.836,0.5723262429237366,True,True,0.2636737570762634,0.2636737570762634
Indonesia,XGBoost,2017-07-01,1.006,0.5738440752029419,True,True,0.4321559247970581,0.4321559247970581
Indonesia,XGBoost,2017-08-01,0.949,0.5765235424041748,True,True,0.37247645759582515,0.37247645759582515
Indonesia,XGBoost,2017-09-01,0.968,0.5824782252311707,True,True,0.3855217747688293,0.3855217747688293
Indonesia,XGBoost,2017-10-01,1.067,0.5757907032966614,True,True,0.49120929670333857,0.49120929670333857
Indonesia,XGBoost,2017-11-01,0.896,0.5551963448524475,True,True,0.3408036551475525,0.3408036551475525
Indonesia,XGBoost,2017-12-01,0.617,0.5551963448524475,True,True,0.06180365514755248,0.06180365514755248
Indonesia,XGBoost,2018-01-01,0.868,0.5733252167701721,True,True,0.2946747832298279,0.2946747832298279
Indonesia,XGBoost,2018-02-01,0.71,0.5918012857437134,True,True,0.11819871425628659,0.11819871425628659
Indonesia,XGBoost,2018-03-01,0.863,0.5823984146118164,True,True,0.2806015853881836,0.2806015853881836
Indonesia,XGBoost,2018-04-01,0.66,0.5918012857437134,True,True,0.06819871425628665,0.06819871425628665
Indonesia,XGBoost,2018-05-01,0.784,0.5961723923683167,True,True,0.18782760763168338,0.18782760763168338
Indonesia,XGBoost,2018-06-01,0.842,0.6002622246742249,True,True,0.24173777532577512,0.24173777532577512
Indonesia,XGBoost,2018-07-01,0.976,0.6174643039703369,True,True,0.35853569602966306,0.35853569602966306
Indonesia,XGBoost,2018-08-01,0.996,0.6104483604431152,True,True,0.38555163955688476,0.38555163955688476
Indonesia,XGBoost,2018-09-01,0.834,0.6022074818611145,True,True,0.23179251813888546,0.23179251813888546
Indonesia,XGBoost,2018-10-01,0.919,0.6016927361488342,True,True,0.3173072638511658,0.3173072638511658
Indonesia,XGBoost,2018-11-01,1.081,0.576488196849823,True,True,0.504511803150177,0.504511803150177
Indonesia,XGBoost,2018-12-01,1.252,0.5551963448524475,True,True,0.6968036551475525,0.6968036551475525
Indonesia,XGBoost,2019-01-01,1.112,0.5733252167701721,True,True,0.538674783229828,0.538674783229828
Indonesia,XGBoost,2019-02-01,1.089,0.5823984146118164,True,True,0.5066015853881836,0.5066015853881836
Indonesia,XGBoost,2019-03-01,1.089,0.5823984146118164,True,True,0.5066015853881836,0.5066015853881836
Indonesia,XGBoost,2019-04-01,1.078,0.5823984146118164,True,True,0.49560158538818366,0.49560158538818366
Indonesia,XGBoost,2019-05-01,1.111,0.5867695212364197,True,True,0.5242304787635803,0.5242304787635803
Indonesia,XGBoost,2019-06-01,0.84,0.5870802402496338,True,True,0.2529197597503662,0.2529197597503662
Indonesia,XGBoost,2019-07-01,0.822,0.5720155239105225,True,True,0.2499844760894775,0.2499844760894775
Indonesia,XGBoost,2019-08-01,0.921,0.5656993389129639,True,True,0.3553006610870362,0.3553006610870362
Indonesia,XGBoost,2019-09-01,0.786,0.5730753540992737,True,True,0.21292464590072635,0.21292464590072635
Indonesia,XGBoost,2019-10-01,0.929,0.5663878917694092,True,True,0.36261210823059087,0.36261210823059087
Indonesia,XGBoost,2019-11-01,1.285,0.5551963448524475,True,True,0.7298036551475524,0.7298036551475524
Indonesia,XGBoost,2019-12-01,1.447,0.5551963448524475,True,True,0.8918036551475526,0.8918036551475526
Indonesia,XGBoost,2020-01-01,1.415,0.5733252167701721,True,True,0.8416747832298279,0.8416747832298279
Indonesia,XGBoost,2020-02-01,1.407,0.5823984146118164,True,True,0.8246015853881836,0.8246015853881836
Indonesia,XGBoost,2020-03-01,1.274,0.5823984146118164,True,True,0.6916015853881836,0.6916015853881836
Indonesia,XGBoost,2020-04-01,1.095,0.5823984146118164,True,True,0.5126015853881836,0.5126015853881836
Indonesia,XGBoost,2020-05-01,1.21,0.5867695212364197,True,True,0.6232304787635803,0.6232304787635803
Indonesia,XGBoost,2020-06-01,1.044,0.5870802402496338,True,True,0.45691975975036625,0.45691975975036625
Indonesia,XGBoost,2020-07-01,1.11,0.5961723923683167,True,True,0.5138276076316834,0.5138276076316834
Indonesia,XGBoost,2020-08-01,1.25,0.5897055864334106,True,True,0.6602944135665894,0.6602944135665894
Indonesia,XGBoost,2020-09-01,1.098,0.5824782252311707,True,True,0.5155217747688294,0.5155217747688294
Indonesia,XGBoost,2020-10-01,0.943,0.5757907032966614,True,True,0.3672092967033386,0.3672092967033386
Indonesia,XGBoost,2020-11-01,1.008,0.5551963448524475,True,True,0.4528036551475525,0.4528036551475525
Indonesia,XGBoost,2020-12-01,0.935,0.5551963448524475,True,True,0.37980365514755254,0.37980365514755254
Indonesia,XGBoost,2021-01-01,0.827,0.5733252167701721,True,True,0.25367478322982784,0.25367478322982784
Indonesia,XGBoost,2021-02-01,0.872,0.5823984146118164,True,True,0.2896015853881836,0.2896015853881836
Indonesia,XGBoost,2021-03-01,0.863,0.5823984146118164,True,True,0.2806015853881836,0.2806015853881836
Indonesia,XGBoost,2021-04-01,0.74,0.5823984146118164,True,True,0.15760158538818358,0.15760158538818358
Indonesia,XGBoost,2021-05-01,0.994,0.5867695212364197,True,True,0.4072304787635803,0.4072304787635803
Indonesia,XGBoost,2021-06-01,1.091,0.5870802402496338,True,True,0.5039197597503662,0.5039197597503662
Indonesia,XGBoost,2021-07-01,1.289,0.5867695212364197,True,True,0.7022304787635802,0.7022304787635802
Indonesia,XGBoost,2021-08-01,1.266,0.5765235424041748,True,True,0.6894764575958252,0.6894764575958252
Indonesia,XGBoost,2021-09-01,1.037,0.5730753540992737,True,True,0.46392464590072624,0.46392464590072624
Indonesia,XGBoost,2021-10-01,1.203,0.5757907032966614,True,True,0.6272092967033387,0.6272092967033387
Indonesia,XGBoost,2021-11-01,0.787,0.5551963448524475,True,True,0.23180365514755252,0.23180365514755252
Indonesia,XGBoost,2021-12-01,1.041,0.5551963448524475,True,True,0.4858036551475524,0.4858036551475524
Indonesia,XGBoost,2022-01-01,0.996,0.5733252167701721,True,True,0.4226747832298279,0.4226747832298279
Indonesia,XGBoost,2022-02-01,0.871,0.5823984146118164,True,True,0.2886015853881836,0.2886015853881836
Indonesia,XGBoost,2022-03-01,0.933,0.5823984146118164,True,True,0.35060158538818365,0.35060158538818365
Indonesia,XGBoost,2022-04-01,0.908,0.5823984146118164,True,True,0.3256015853881836,0.3256015853881836
Indonesia,XGBoost,2022-05-01,1.132,0.5867695212364197,True,True,0.5452304787635802,0.5452304787635802
Indonesia,XGBoost,2022-06-01,0.952,0.5870802402496338,True,True,0.36491975975036617,0.36491975975036617
Indonesia,XGBoost,2022-07-01,1.091,0.5867695212364197,True,True,0.5042304787635803,0.5042304787635803
Indonesia,XGBoost,2022-08-01,1.079,0.5859264135360718,True,True,0.4930735864639282,0.4930735864639282
Indonesia,XGBoost,2022-09-01,1.068,0.5824782252311707,True,True,0.4855217747688294,0.4855217747688294
Indonesia,XGBoost,2022-10-01,0.645,0.5757907032966614,True,True,0.06920929670333864,0.06920929670333864
Indonesia,XGBoost,2022-11-01,0.771,0.5551963448524475,True,True,0.2158036551475525,0.2158036551475525
Indonesia,XGBoost,2022-12-01,0.701,0.5551963448524475,True,True,0.14580365514755245,0.14580365514755245
Indonesia,XGBoost,2023-01-01,0.721,0.5733252167701721,True,True,0.14767478322982786,0.14767478322982786
Indonesia,XGBoost,2023-02-01,0.738,0.5823984146118164,True,True,0.15560158538818358,0.15560158538818358
Indonesia,XGBoost,2023-03-01,0.875,0.5823984146118164,True,True,0.2926015853881836,0.2926015853881836
Indonesia,XGBoost,2023-04-01,1.038,0.5823984146118164,True,True,0.4556015853881836,0.4556015853881836
Indonesia,XGBoost,2023-05-01,1.114,0.5867695212364197,True,True,0.5272304787635804,0.5272304787635804
Indonesia,XGBoost,2023-06-01,1.194,0.5870802402496338,True,True,0.6069197597503662,0.6069197597503662
Indonesia,XGBoost,2023-07-01,1.317,0.5867695212364197,True,True,0.7302304787635803,0.7302304787635803
Indonesia,XGBoost,2023-08-01,1.251,0.5765235424041748,True,True,0.6744764575958251,0.6744764575958251
Indonesia,XGBoost,2023-09-01,1.066,0.5730753540992737,True,True,0.4929246459007264,0.4929246459007264
Indonesia,XGBoost,2023-10-01,1.45,0.5757907032966614,True,True,0.8742092967033386,0.8742092967033386
Indonesia,XGBoost,2023-11-01,1.546,0.5551963448524475,True,True,0.9908036551475525,0.9908036551475525
Indonesia,XGBoost,2023-12-01,1.664,0.5551963448524475,True,True,1.1088036551475524,1.1088036551475524
Indonesia,Prophet,2014-01-01,0.511,0.5614208939598445,True,True,-0.050420893959844504,0.050420893959844504
Indonesia,Prophet,2014-02-01,0.743,0.6265369081617957,True,True,0.11646309183820425,0.11646309183820425
Indonesia,Prophet,2014-03-01,1.067,0.6426585203186033,True,True,0.4243414796813967,0.4243414796813967
Indonesia,Prophet,2014-04-01,0.926,0.6048754892337346,True,True,0.32112451076626547,0.32112451076626547
Indonesia,Prophet,2014-05-01,1.061,0.6203104985664994,True,True,0.4406895014335005,0.4406895014335005
Indonesia,Prophet,2014-06-01,0.851,0.691988494900774,True,True,0.159011505099226,0.159011505099226
Indonesia,Prophet,2014-07-01,0.935,0.6788117506891296,True,True,0.2561882493108705,0.2561882493108705
Indonesia,Prophet,2014-08-01,0.381,0.6615390581499084,True,True,-0.2805390581499084,0.2805390581499084
Indonesia,Prophet,2014-09-01,0.341,0.6396765899513215,True,True,-0.29867658995132146,0.29867658995132146
Indonesia,Prophet,2014-10-01,0.74,0.611882173908258,True,True,0.12811782609174194,0.12811782609174194
Indonesia,Prophet,2014-11-01,0.778,0.590426758394839,True,True,0.18757324160516098,0.18757324160516098
Indonesia,Prophet,2014-12-01,0.697,0.5930188443181701,True,True,0.10398115568182986,0.10398115568182986
Indonesia,Prophet,2015-01-01,0.472,0.57674086630145,True,True,-0.10474086630145008,0.10474086630145008
Indonesia,Prophet,2015-02-01,0.29,0.6419140009234112,True,True,-0.35191400092341124,0.35191400092341124
Indonesia,Prophet,2015-03-01,0.544,0.6566361246047586,True,True,-0.11263612460475858,0.11263612460475858
Indonesia,Prophet,2015-04-01,0.412,0.6192880983748841,True,True,-0.2072880983748841,0.2072880983748841
Indonesia,Prophet,2015-05-01,0.623,0.6355946542147523,True,True,-0.012594654214752254,0.012594654214752254
Indonesia,Prophet,2015-06-01,0.915,0.7074961982658319,True,True,0.20750380173416816,0.20750380173416816
Indonesia,Prophet,2015-07-01,1.076,0.6938659348074157,True,True,0.3821340651925844,0.3821340651925844
Indonesia,Prophet,2015-08-01,0.791,0.6764360309472798,True,True,0.11456396905272026,0.11456396905272026
Indonesia,Prophet,2015-09-01,0.972,0.6545988176671308,True,True,0.3174011823328692,0.3174011823328692
Indonesia,Prophet,2015-10-01,0.981,0.6268552250291961,True,True,0.3541447749708039,0.3541447749708039
Indonesia,Prophet,2015-11-01,1.288,0.6056922053554887,True,True,0.6823077946445113,0.6823077946445113
Indonesia,Prophet,2015-12-01,1.542,0.6079420505655722,True,True,0.9340579494344279,0.9340579494344279
Indonesia,Prophet,2016-01-01,1.643,0.5920781559248016,True,True,1.0509218440751984,1.0509218440751984
Indonesia,Prophet,2016-02-01,1.357,0.6572615607949752,True,True,0.6997384392050248,0.6997384392050248
Indonesia,Prophet,2016-03-01,1.683,0.6746154340925956,True,True,1.0083845659074044,1.0083845659074044
Indonesia,Prophet,2016-04-01,1.43,0.6361235083292416,True,True,0.7938764916707584,0.7938764916707584
Indonesia,Prophet,2016-05-01,1.557,0.6498182288556834,True,True,0.9071817711443165,0.9071817711443165
Indonesia,Prophet,2016-06-01,1.27,0.7208989332543729,True,True,0.5491010667456271,0.5491010667456271
Indonesia,Prophet,2016-07-01,1.443,0.7086290728838727,True,True,0.7343709271161274,0.7343709271161274
Indonesia,Prophet,2016-08-01,1.459,0.6916926582018552,True,True,0.7673073417981449,0.7673073417981449
Indonesia,Prophet,2016-09-01,1.315,0.6698033513387266,True,True,0.6451966486612734,0.6451966486612734
Indonesia,Prophet,2016-10-01,0.967,0.6419422069560511,True,True,0.3250577930439489,0.3250577930439489
Indonesia,Prophet,2016-11-01,0.961,0.619905449769824,True,True,0.341094550230176,0.341094550230176
Indonesia,Prophet,2016-12-01,1.126,0.6231621229724913,True,True,0.5028378770275086,0.5028378770275086
Indonesia,Prophet,2017-01-01,1.031,0.6060966150120779,True,True,0.424903384987922,0.424903384987922
Indonesia,Prophet,2017-02-01,0.759,0.6711087220020033,True,True,0.08789127799799668,0.08789127799799668
Indonesia,Prophet,2017-03-01,0.837,0.6886371422595532,True,True,0.14836285774044677,0.14836285774044677
Indonesia,Prophet,2017-04-01,0.731,0.6504726839900431,True,True,0.08052731600995688,0.08052731600995688
Indonesia,Prophet,2017-05-01,0.978,0.6650364228210801,True,True,0.31296357717891987,0.31296357717891987
Indonesia,Prophet,2017-06-01,0.836,0.7364407105767918,True,True,0.09955928942320813,0.09955928942320813
Indonesia,Prophet,2017-07-01,1.006,0.7237178046096536,True,True,0.2822821953903464,0.2822821953903464
Indonesia,Prophet,2017-08-01,0.949,0.7066097532028006,True,True,0.24239024679719934,0.24239024679719934
Indonesia,Prophet,2017-09-01,0.968,0.6847299625352784,True,True,0.28327003746472157,0.28327003746472157
Indonesia,Prophet,2017-10-01,1.067,0.6568963116827959,True,True,0.410103688317204,0.410103688317204
Indonesia,Prophet,2017-11-01,0.896,0.6351494878933912,True,True,0.2608505121066088,0.2608505121066088
Indonesia,Prophet,2017-12-01,0.617,0.638077202113336,True,True,-0.02107720211333597,0.02107720211333597
Indonesia,Prophet,2018-01-01,0.868,0.6213984296646242,True,True,0.24660157033537577,0.24660157033537577
Indonesia,Prophet,2018-02-01,0.71,0.6865144438665727,True,True,0.023485556133427288,0.023485556133427288
Indonesia,Prophet,2018-03-01,0.863,0.7026360560233832,True,True,0.1603639439766168,0.1603639439766168
Indonesia,Prophet,2018-04-01,0.66,0.6648530249385177,True,True,-0.004853024938517692,0.004853024938517692
Indonesia,Prophet,2018-05-01,0.784,0.6802880342712824,True,True,0.10371196572871766,0.10371196572871766
Indonesia,Prophet,2018-06-01,0.842,0.7519660306055629,True,True,0.09003396939443709,0.09003396939443709
Indonesia,Prophet,2018-07-01,0.976,0.7387892863939134,True,True,0.2372107136060866,0.2372107136060866
Indonesia,Prophet,2018-08-01,0.996,0.7215165938546954,True,True,0.27448340614530464,0.27448340614530464
Indonesia,Prophet,2018-09-01,0.834,0.6996541256561039,True,True,0.1343458743438961,0.1343458743438961
Indonesia,Prophet,2018-10-01,0.919,0.6718597096130464,True,True,0.24714029038695362,0.24714029038695362
Indonesia,Prophet,2018-11-01,1.081,0.6504042940996261,True,True,0.4305957059003739,0.4305957059003739
Indonesia,Prophet,2018-12-01,1.252,0.6529963800229487,True,True,0.5990036199770513,0.5990036199770513
Indonesia,Prophet,2019-01-01,1.112,0.6367184020062374,True,True,0.4752815979937627,0.4752815979937627
Indonesia,Prophet,2019-02-01,1.089,0.7018915366281887,True,True,0.38710846337181126,0.38710846337181126
Indonesia,Prophet,2019-03-01,1.089,0.7166136603095478,True,True,0.3723863396904522,0.3723863396904522
Indonesia,Prophet,2019-04-01,1.078,0.6792656340796657,True,True,0.3987343659203344,0.3987343659203344
Indonesia,Prophet,2019-05-01,1.111,0.6955721899195335,True,True,0.4154278100804665,0.4154278100804665
Indonesia,Prophet,2019-06-01,0.84,0.7674737339706154,True,True,0.07252626602938461,0.07252626602938461
Indonesia,Prophet,2019-07-01,0.822,0.7538434705121981,True,True,0.06815652948780182,0.06815652948780182
Indonesia,Prophet,2019-08-01,0.921,0.7364135666520621,True,True,0.1845864333479379,0.1845864333479379
Indonesia,Prophet,2019-09-01,0.786,0.7145763533719145,True,True,0.07142364662808554,0.07142364662808554
Indonesia,Prophet,2019-10-01,0.929,0.6868327607339837,True,True,0.24216723926601635,0.24216723926601635
Indonesia,Prophet,2019-11-01,1.285,0.6656697410602699,True,True,0.61933025893973,0.61933025893973
Indonesia,Prophet,2019-12-01,1.447,0.6679195862703591,True,True,0.779080413729641,0.779080413729641
Indonesia,Prophet,2020-01-01,1.415,0.652055691629587,True,True,0.762944308370413,0.762944308370413
Indonesia,Prophet,2020-02-01,1.407,0.7172390964997618,True,True,0.6897609035002382,0.6897609035002382
Indonesia,Prophet,2020-03-01,1.274,0.7345929697973699,True,True,0.5394070302026301,0.5394070302026301
Indonesia,Prophet,2020-04-01,1.095,0.6961010440340205,True,True,0.39889895596597946,0.39889895596597946
Indonesia,Prophet,2020-05-01,1.21,0.7097957645604659,True,True,0.5002042354395341,0.5002042354395341
Indonesia,Prophet,2020-06-01,1.044,0.7808764689591611,True,True,0.26312353104083896,0.26312353104083896
Indonesia,Prophet,2020-07-01,1.11,0.7686066085886568,True,True,0.3413933914113433,0.3413933914113433
Indonesia,Prophet,2020-08-01,1.25,0.7516701939066378,True,True,0.4983298060933622,0.4983298060933622
Indonesia,Prophet,2020-09-01,1.098,0.7297808870435122,True,True,0.3682191129564879,0.3682191129564879
Indonesia,Prophet,2020-10-01,0.943,0.7019197426608346,True,True,0.24108025733916538,0.24108025733916538
Indonesia,Prophet,2020-11-01,1.008,0.6798829854746096,True,True,0.32811701452539044,0.32811701452539044
Indonesia,Prophet,2020-12-01,0.935,0.6831396586772709,True,True,0.25186034132272916,0.25186034132272916
Indonesia,Prophet,2021-01-01,0.827,0.6660741507168652,True,True,0.1609258492831348,0.1609258492831348
Indonesia,Prophet,2021-02-01,0.872,0.7310862577067901,True,True,0.14091374229320985,0.14091374229320985
Indonesia,Prophet,2021-03-01,0.863,0.7486146779643368,True,True,0.1143853220356632,0.1143853220356632
Indonesia,Prophet,2021-04-01,0.74,0.7104502196948317,True,True,0.029549780305168305,0.029549780305168305
Indonesia,Prophet,2021-05-01,0.994,0.7250139585258594,True,True,0.2689860414741406,0.2689860414741406
Indonesia,Prophet,2021-06-01,1.091,0.7964182462815846,True,True,0.29458175371841533,0.29458175371841533
Indonesia,Prophet,2021-07-01,1.289,0.7836953403144366,True,True,0.5053046596855634,0.5053046596855634
Indonesia,Prophet,2021-08-01,1.266,0.7665872889075824,True,True,0.4994127110924176,0.4994127110924176
Indonesia,Prophet,2021-09-01,1.037,0.7447074982400614,True,True,0.2922925017599385,0.2922925017599385
Indonesia,Prophet,2021-10-01,1.203,0.7168738473875766,True,True,0.4861261526124234,0.4861261526124234
Indonesia,Prophet,2021-11-01,0.787,0.6951270235981744,True,True,0.09187297640182568,0.09187297640182568
Indonesia,Prophet,2021-12-01,1.041,0.69805473781812,True,True,0.34294526218187993,0.34294526218187993
Indonesia,Prophet,2022-01-01,0.996,0.6813759653694103,True,True,0.31462403463058974,0.31462403463058974
Indonesia,Prophet,2022-02-01,0.871,0.7464919795713592,True,True,0.12450802042864084,0.12450802042864084
Indonesia,Prophet,2022-03-01,0.933,0.7626135917281722,True,True,0.17038640827182783,0.17038640827182783
Indonesia,Prophet,2022-04-01,0.908,0.724830560643303,True,True,0.18316943935669705,0.18316943935669705
Indonesia,Prophet,2022-05-01,1.132,0.7402655699760672,True,True,0.3917344300239327,0.3917344300239327
Indonesia,Prophet,2022-06-01,0.952,0.8119435663103376,True,True,0.14005643368966236,0.14005643368966236
Indonesia,Prophet,2022-07-01,1.091,0.7987668220986974,True,True,0.29223317790130254,0.29223317790130254
Indonesia,Prophet,2022-08-01,1.079,0.7814941295594786,True,True,0.29750587044052135,0.29750587044052135
Indonesia,Prophet,2022-09-01,1.068,0.7596316613608868,True,True,0.3083683386391133,0.3083683386391133
Indonesia,Prophet,2022-10-01,0.645,0.7318372453178241,True,True,-0.08683724531782411,0.08683724531782411
Indonesia,Prophet,2022-11-01,0.771,0.7103818298044097,True,True,0.06061817019559035,0.06061817019559035
Indonesia,Prophet,2022-12-01,0.701,0.7129739157277333,True,True,-0.01197391572773332,0.01197391572773332
Indonesia,Prophet,2023-01-01,0.721,0.6966959377110171,True,True,0.024304062288982853,0.024304062288982853
Indonesia,Prophet,2023-02-01,0.738,0.7618690723329792,True,True,-0.02386907233297919,0.02386907233297919
Indonesia,Prophet,2023-03-01,0.875,0.776591196014327,True,True,0.09840880398567298,0.09840880398567298
Indonesia,Prophet,2023-04-01,1.038,0.7392431697844487,True,True,0.29875683021555133,0.29875683021555133
Indonesia,Prophet,2023-05-01,1.114,0.755549725624315,True,True,0.3584502743756851,0.3584502743756851
Indonesia,Prophet,2023-06-01,1.194,0.8274512696754068,True,True,0.3665487303245931,0.3665487303245931
Indonesia,Prophet,2023-07-01,1.317,0.8138210062169795,True,True,0.5031789937830204,0.5031789937830204
Indonesia,Prophet,2023-08-01,1.251,0.7963911023568452,True,True,0.4546088976431547,0.4546088976431547
Indonesia,Prophet,2023-09-01,1.066,0.7745538890766965,True,True,0.2914461109233035,0.2914461109233035
Indonesia,Prophet,2023-10-01,1.45,0.7468102964387645,True,True,0.7031897035612354,0.7031897035612354
Indonesia,Prophet,2023-11-01,1.546,0.7256472767650577,True,True,0.8203527232349423,0.8203527232349423
Indonesia,Prophet,2023-12-01,1.664,0.7278971219751398,True,True,0.9361028780248601,0.9361028780248601
Lao People's Democratic Republic,Holt-Winters,2014-01-01,-0.723,0.3938291595956268,True,True,-1.1168291595956268,1.1168291595956268
Lao People's Democratic Republic,Holt-Winters,2014-02-01,0.646,0.5082681984046068,True,True,0.13773180159539322,0.13773180159539322
Lao People's Democratic Republic,Holt-Winters,2014-03-01,1.231,0.19625904982311532,True,True,1.0347409501768847,1.0347409501768847
Lao People's Democratic Republic,Holt-Winters,2014-04-01,0.916,0.21000373496739028,True,True,0.7059962650326097,0.7059962650326097
Lao People's Democratic Republic,Holt-Winters,2014-05-01,1.357,0.029705175691220043,True,True,1.3272948243087799,1.3272948243087799
Lao People's Democratic Republic,Holt-Winters,2014-06-01,1.138,0.22365401306935612,True,True,0.9143459869306438,0.9143459869306438
Lao People's Democratic Republic,Holt-Winters,2014-07-01,0.448,0.15434060781229172,True,True,0.2936593921877083,0.2936593921877083
Lao People's Democratic Republic,Holt-Winters,2014-08-01,0.678,0.1854649763825958,True,True,0.49253502361740426,0.49253502361740426
Lao People's Democratic Republic,Holt-Winters,2014-09-01,0.996,0.22447283537762028,True,True,0.7715271646223797,0.7715271646223797
Lao People's Democratic Republic,Holt-Winters,2014-10-01,1.049,0.2373490938241371,True,True,0.8116509061758628,0.8116509061758628
Lao People's Democratic Republic,Holt-Winters,2014-11-01,2.162,0.29713705621179437,True,True,1.8648629437882056,1.8648629437882056
Lao People's Democratic Republic,Holt-Winters,2014-12-01,0.469,0.1682587424940896,True,True,0.3007412575059104,0.3007412575059104
Lao People's Democratic Republic,Holt-Winters,2015-01-01,0.162,0.3938291595956268,True,True,-0.2318291595956268,0.2318291595956268
Lao People's Democratic Republic,Holt-Winters,2015-02-01,1.015,0.5082681984046068,True,True,0.5067318015953931,0.5067318015953931
Lao People's Democratic Republic,Holt-Winters,2015-03-01,1.618,0.19625904982311532,True,True,1.4217409501768847,1.4217409501768847
Lao People's Democratic Republic,Holt-Winters,2015-04-01,0.517,0.21000373496739028,True,True,0.30699626503260974,0.30699626503260974
Lao People's Democratic Republic,Holt-Winters,2015-05-01,2.031,0.029705175691220043,True,True,2.00129482430878,2.00129482430878
Lao People's Democratic Republic,Holt-Winters,2015-06-01,1.779,0.22365401306935612,True,True,1.5553459869306439,1.5553459869306439
Lao People's Democratic Republic,Holt-Winters,2015-07-01,0.65,0.15434060781229172,True,True,0.49565939218770827,0.49565939218770827
Lao People's Democratic Republic,Holt-Winters,2015-08-01,1.158,0.1854649763825958,True,True,0.9725350236174042,0.9725350236174042
Lao People's Democratic Republic,Holt-Winters,2015-09-01,1.571,0.22447283537762028,True,True,1.3465271646223798,1.3465271646223798
Lao People's Democratic Republic,Holt-Winters,2015-10-01,1.16,0.2373490938241371,True,True,0.9226509061758628,0.9226509061758628
Lao People's Democratic Republic,Holt-Winters,2015-11-01,3.27,0.29713705621179437,True,True,2.9728629437882055,2.9728629437882055
Lao People's Democratic Republic,Holt-Winters,2015-12-01,2.096,0.1682587424940896,True,True,1.9277412575059105,1.9277412575059105
Lao People's Democratic Republic,Holt-Winters,2016-01-01,1.277,0.3938291595956268,True,True,0.8831708404043731,0.8831708404043731
Lao People's Democratic Republic,Holt-Winters,2016-02-01,-0.929,0.5082681984046068,True,True,-1.437268198404607,1.437268198404607
Lao People's Democratic Republic,Holt-Winters,2016-03-01,0.806,0.19625904982311532,True,True,0.6097409501768847,0.6097409501768847
Lao People's Democratic Republic,Holt-Winters,2016-04-01,2.838,0.21000373496739028,True,True,2.6279962650326096,2.6279962650326096
Lao People's Democratic Republic,Holt-Winters,2016-05-01,1.365,0.029705175691220043,True,True,1.3352948243087799,1.3352948243087799
Lao People's Democratic Republic,Holt-Winters,2016-06-01,1.194,0.22365401306935612,True,True,0.9703459869306439,0.9703459869306439
Lao People's Democratic Republic,Holt-Winters,2016-07-01,0.79,0.15434060781229172,True,True,0.6356593921877083,0.6356593921877083
Lao People's Democratic Republic,Holt-Winters,2016-08-01,1.132,0.1854649763825958,True,True,0.9465350236174042,0.9465350236174042
Lao People's Democratic Republic,Holt-Winters,2016-09-01,1.01,0.22447283537762028,True,True,0.7855271646223797,0.7855271646223797
Lao People's Democratic Republic,Holt-Winters,2016-10-01,1.965,0.2373490938241371,True,True,1.727650906175863,1.727650906175863
Lao People's Democratic Republic,Holt-Winters,2016-11-01,2.126,0.29713705621179437,True,True,1.8288629437882056,1.8288629437882056
Lao People's Democratic Republic,Holt-Winters,2016-12-01,1.855,0.1682587424940896,True,True,1.6867412575059104,1.6867412575059104
Lao People's Democratic Republic,Holt-Winters,2017-01-01,2.416,0.3938291595956268,True,True,2.0221708404043732,2.0221708404043732
Lao People's Democratic Republic,Holt-Winters,2017-02-01,0.949,0.5082681984046068,True,True,0.44073180159539316,0.44073180159539316
Lao People's Democratic Republic,Holt-Winters,2017-03-01,0.905,0.19625904982311532,True,True,0.7087409501768847,0.7087409501768847
Lao People's Democratic Republic,Holt-Winters,2017-04-01,0.347,0.21000373496739028,True,True,0.1369962650326097,0.1369962650326097
Lao People's Democratic Republic,Holt-Winters,2017-05-01,0.236,0.029705175691220043,True,True,0.20629482430877993,0.20629482430877993
Lao People's Democratic Republic,Holt-Winters,2017-06-01,1.115,0.22365401306935612,True,True,0.8913459869306439,0.8913459869306439
Lao People's Democratic Republic,Holt-Winters,2017-07-01,0.001,0.15434060781229172,True,True,-0.15334060781229172,0.15334060781229172
Lao People's Democratic Republic,Holt-Winters,2017-08-01,1.11,0.1854649763825958,True,True,0.9245350236174044,0.9245350236174044
Lao People's Democratic Republic,Holt-Winters,2017-09-01,1.652,0.22447283537762028,True,True,1.4275271646223797,1.4275271646223797
Lao People's Democratic Republic,Holt-Winters,2017-10-01,1.009,0.2373490938241371,True,True,0.7716509061758627,0.7716509061758627
Lao People's Democratic Republic,Holt-Winters,2017-11-01,1.456,0.29713705621179437,True,True,1.1588629437882056,1.1588629437882056
Lao People's Democratic Republic,Holt-Winters,2017-12-01,0.522,0.1682587424940896,True,True,0.35374125750591046,0.35374125750591046
Lao People's Democratic Republic,Holt-Winters,2018-01-01,1.556,0.3938291595956268,True,True,1.1621708404043734,1.1621708404043734
Lao People's Democratic Republic,Holt-Winters,2018-02-01,-0.061,0.5082681984046068,True,True,-0.5692681984046069,0.5692681984046069
Lao People's Democratic Republic,Holt-Winters,2018-03-01,1.034,0.19625904982311532,True,True,0.8377409501768847,0.8377409501768847
Lao People's Democratic Republic,Holt-Winters,2018-04-01,-0.381,0.21000373496739028,True,True,-0.5910037349673902,0.5910037349673902
Lao People's Democratic Republic,Holt-Winters,2018-05-01,0.372,0.029705175691220043,True,True,0.34229482430877994,0.34229482430877994
Lao People's Democratic Republic,Holt-Winters,2018-06-01,0.621,0.22365401306935612,True,True,0.3973459869306439,0.3973459869306439
Lao People's Democratic Republic,Holt-Winters,2018-07-01,0.265,0.15434060781229172,True,True,0.11065939218770829,0.11065939218770829
Lao People's Democratic Republic,Holt-Winters,2018-08-01,0.517,0.1854649763825958,True,True,0.3315350236174042,0.3315350236174042
Lao People's Democratic Republic,Holt-Winters,2018-09-01,1.29,0.22447283537762028,True,True,1.0655271646223798,1.0655271646223798
Lao People's Democratic Republic,Holt-Winters,2018-10-01,1.481,0.2373490938241371,True,True,1.243650906175863,1.243650906175863
Lao People's Democratic Republic,Holt-Winters,2018-11-01,2.237,0.29713705621179437,True,True,1.9398629437882058,1.9398629437882058
Lao People's Democratic Republic,Holt-Winters,2018-12-01,2.895,0.1682587424940896,True,True,2.7267412575059105,2.7267412575059105
Lao People's Democratic Republic,Holt-Winters,2019-01-01,2.179,0.3938291595956268,True,True,1.7851708404043731,1.7851708404043731
Lao People's Democratic Republic,Holt-Winters,2019-02-01,3.262,0.5082681984046068,True,True,2.7537318015953933,2.7537318015953933
Lao People's Democratic Republic,Holt-Winters,2019-03-01,1.892,0.19625904982311532,True,True,1.6957409501768845,1.6957409501768845
Lao People's Democratic Republic,Holt-Winters,2019-04-01,2.739,0.21000373496739028,True,True,2.5289962650326094,2.5289962650326094
Lao People's Democratic Republic,Holt-Winters,2019-05-01,1.923,0.029705175691220043,True,True,1.89329482430878,1.89329482430878
Lao People's Democratic Republic,Holt-Winters,2019-06-01,2.478,0.22365401306935612,True,True,2.254345986930644,2.254345986930644
Lao People's Democratic Republic,Holt-Winters,2019-07-01,1.379,0.15434060781229172,True,True,1.2246593921877083,1.2246593921877083
Lao People's Democratic Republic,Holt-Winters,2019-08-01,1.036,0.1854649763825958,True,True,0.8505350236174043,0.8505350236174043
Lao People's Democratic Republic,Holt-Winters,2019-09-01,0.927,0.22447283537762028,True,True,0.7025271646223797,0.7025271646223797
Lao People's Democratic Republic,Holt-Winters,2019-10-01,1.732,0.2373490938241371,True,True,1.4946509061758628,1.4946509061758628
Lao People's Democratic Republic,Holt-Winters,2019-11-01,1.717,0.29713705621179437,True,True,1.4198629437882058,1.4198629437882058
Lao People's Democratic Republic,Holt-Winters,2019-12-01,1.35,0.1682587424940896,True,True,1.1817412575059105,1.1817412575059105
Lao People's Democratic Republic,Holt-Winters,2020-01-01,2.926,0.3938291595956268,True,True,2.5321708404043735,2.5321708404043735
Lao People's Democratic Republic,Holt-Winters,2020-02-01,1.84,0.5082681984046068,True,True,1.3317318015953932,1.3317318015953932
Lao People's Democratic Republic,Holt-Winters,2020-03-01,2.23,0.19625904982311532,True,True,2.0337409501768846,2.0337409501768846
Lao People's Democratic Republic,Holt-Winters,2020-04-01,0.181,0.21000373496739028,True,True,-0.029003734967390282,0.029003734967390282
Lao People's Democratic Republic,Holt-Winters,2020-05-01,2.362,0.029705175691220043,True,True,2.33229482430878,2.33229482430878
Lao People's Democratic Republic,Holt-Winters,2020-06-01,1.833,0.22365401306935612,True,True,1.609345986930644,1.609345986930644
Lao People's Democratic Republic,Holt-Winters,2020-07-01,1.756,0.15434060781229172,True,True,1.6016593921877083,1.6016593921877083
Lao People's Democratic Republic,Holt-Winters,2020-08-01,0.881,0.1854649763825958,True,True,0.6955350236174043,0.6955350236174043
Lao People's Democratic Republic,Holt-Winters,2020-09-01,1.766,0.22447283537762028,True,True,1.5415271646223798,1.5415271646223798
Lao People's Democratic Republic,Holt-Winters,2020-10-01,-0.099,0.2373490938241371,True,True,-0.33634909382413714,0.33634909382413714
Lao People's Democratic Republic,Holt-Winters,2020-11-01,1.528,0.29713705621179437,True,True,1.2308629437882057,1.2308629437882057
Lao People's Democratic Republic,Holt-Winters,2020-12-01,0.817,0.1682587424940896,True,True,0.6487412575059104,0.6487412575059104
Lao People's Democratic Republic,Holt-Winters,2021-01-01,-0.208,0.3938291595956268,True,True,-0.6018291595956268,0.6018291595956268
Lao People's Democratic Republic,Holt-Winters,2021-02-01,1.061,0.5082681984046068,True,True,0.5527318015953931,0.5527318015953931
Lao People's Democratic Republic,Holt-Winters,2021-03-01,1.901,0.19625904982311532,True,True,1.7047409501768847,1.7047409501768847
Lao People's Democratic Republic,Holt-Winters,2021-04-01,0.554,0.21000373496739028,True,True,0.34399626503260977,0.34399626503260977
Lao People's Democratic Republic,Holt-Winters,2021-05-01,1.528,0.029705175691220043,True,True,1.49829482430878,1.49829482430878
Lao People's Democratic Republic,Holt-Winters,2021-06-01,1.309,0.22365401306935612,True,True,1.0853459869306439,1.0853459869306439
Lao People's Democratic Republic,Holt-Winters,2021-07-01,1.043,0.15434060781229172,True,True,0.8886593921877082,0.8886593921877082
Lao People's Democratic Republic,Holt-Winters,2021-08-01,1.744,0.1854649763825958,True,True,1.5585350236174043,1.5585350236174043
Lao People's Democratic Republic,Holt-Winters,2021-09-01,0.921,0.22447283537762028,True,True,0.6965271646223797,0.6965271646223797
Lao People's Democratic Republic,Holt-Winters,2021-10-01,0.697,0.2373490938241371,True,True,0.45965090617586285,0.45965090617586285
Lao People's Democratic Republic,Holt-Winters,2021-11-01,1.571,0.29713705621179437,True,True,1.2738629437882056,1.2738629437882056
Lao People's Democratic Republic,Holt-Winters,2021-12-01,0.542,0.1682587424940896,True,True,0.3737412575059105,0.3737412575059105
Lao People's Democratic Republic,Holt-Winters,2022-01-01,2.297,0.3938291595956268,True,True,1.9031708404043735,1.9031708404043735
Lao People's Democratic Republic,Holt-Winters,2022-02-01,-0.002,0.5082681984046068,True,True,-0.5102681984046068,0.5102681984046068
Lao People's Democratic Republic,Holt-Winters,2022-03-01,1.647,0.19625904982311532,True,True,1.4507409501768846,1.4507409501768846
Lao People's Democratic Republic,Holt-Winters,2022-04-01,-0.622,0.21000373496739028,True,True,-0.8320037349673903,0.8320037349673903
Lao People's Democratic Republic,Holt-Winters,2022-05-01,-0.402,0.029705175691220043,True,True,-0.4317051756912201,0.4317051756912201
Lao People's Democratic Republic,Holt-Winters,2022-06-01,1.364,0.22365401306935612,True,True,1.140345986930644,1.140345986930644
Lao People's Democratic Republic,Holt-Winters,2022-07-01,1.205,0.15434060781229172,True,True,1.0506593921877083,1.0506593921877083
Lao People's Democratic Republic,Holt-Winters,2022-08-01,0.912,0.1854649763825958,True,True,0.7265350236174042,0.7265350236174042
Lao People's Democratic Republic,Holt-Winters,2022-09-01,0.817,0.22447283537762028,True,True,0.5925271646223796,0.5925271646223796
Lao People's Democratic Republic,Holt-Winters,2022-10-01,0.377,0.2373490938241371,True,True,0.1396509061758629,0.1396509061758629
Lao People's Democratic Republic,Holt-Winters,2022-11-01,2.704,0.29713705621179437,True,True,2.4068629437882056,2.4068629437882056
Lao People's Democratic Republic,Holt-Winters,2022-12-01,0.908,0.1682587424940896,True,True,0.7397412575059105,0.7397412575059105
Lao People's Democratic Republic,Holt-Winters,2023-01-01,0.437,0.3938291595956268,True,True,0.04317084040437319,0.04317084040437319
Lao People's Democratic Republic,Holt-Winters,2023-02-01,1.781,0.5082681984046068,True,True,1.272731801595393,1.272731801595393
Lao People's Democratic Republic,Holt-Winters,2023-03-01,1.111,0.19625904982311532,True,True,0.9147409501768846,0.9147409501768846
Lao People's Democratic Republic,Holt-Winters,2023-04-01,2.441,0.21000373496739028,True,True,2.2309962650326094,2.2309962650326094
Lao People's Democratic Republic,Holt-Winters,2023-05-01,1.993,0.029705175691220043,True,True,1.96329482430878,1.96329482430878
Lao People's Democratic Republic,Holt-Winters,2023-06-01,1.436,0.22365401306935612,True,True,1.2123459869306439,1.2123459869306439
Lao People's Democratic Republic,Holt-Winters,2023-07-01,1.534,0.15434060781229172,True,True,1.3796593921877083,1.3796593921877083
Lao People's Democratic Republic,Holt-Winters,2023-08-01,1.159,0.1854649763825958,True,True,0.9735350236174043,0.9735350236174043
Lao People's Democratic Republic,Holt-Winters,2023-09-01,1.192,0.22447283537762028,True,True,0.9675271646223796,0.9675271646223796
Lao People's Democratic Republic,Holt-Winters,2023-10-01,1.714,0.2373490938241371,True,True,1.4766509061758628,1.4766509061758628
Lao People's Democratic Republic,Holt-Winters,2023-11-01,2.145,0.29713705621179437,True,True,1.8478629437882057,1.8478629437882057
Lao People's Democratic Republic,Holt-Winters,2023-12-01,2.56,0.1682587424940896,True,True,2.3917412575059105,2.3917412575059105
Lao People's Democratic Republic,SARIMA,2014-01-01,-0.723,0.1654386297166186,True,True,-0.8884386297166186,0.8884386297166186
Lao People's Democratic Republic,SARIMA,2014-02-01,0.646,1.1446751115643266,True,True,-0.49867511156432653,0.49867511156432653
Lao People's Democratic Republic,SARIMA,2014-03-01,1.231,0.24762543935141657,True,True,0.9833745606485835,0.9833745606485835
Lao People's Democratic Republic,SARIMA,2014-04-01,0.916,0.469969444628931,True,True,0.44603055537106906,0.44603055537106906
Lao People's Democratic Republic,SARIMA,2014-05-01,1.357,0.21497827471638775,True,True,1.1420217252836122,1.1420217252836122
Lao People's Democratic Republic,SARIMA,2014-06-01,1.138,0.732682838894401,True,True,0.4053171611055989,0.4053171611055989
Lao People's Democratic Republic,SARIMA,2014-07-01,0.448,0.5159756825210385,True,True,-0.06797568252103853,0.06797568252103853
Lao People's Democratic Republic,SARIMA,2014-08-01,0.678,0.5077625114264035,True,True,0.17023748857359655,0.17023748857359655
Lao People's Democratic Republic,SARIMA,2014-09-01,0.996,0.597484081089531,True,True,0.398515918910469,0.398515918910469
Lao People's Democratic Republic,SARIMA,2014-10-01,1.049,0.6958872712410329,True,True,0.35311272875896704,0.35311272875896704
Lao People's Democratic Republic,SARIMA,2014-11-01,2.162,0.8242866641275627,True,True,1.3377133358724373,1.3377133358724373
Lao People's Democratic Republic,SARIMA,2014-12-01,0.469,0.8242219159649755,True,True,-0.35522191596497554,0.35522191596497554
Lao People's Democratic Republic,SARIMA,2015-01-01,0.162,0.8056830663692152,True,True,-0.6436830663692151,0.6436830663692151
Lao People's Democratic Republic,SARIMA,2015-02-01,1.015,1.2244859325136708,True,True,-0.20948593251367087,0.20948593251367087
Lao People's Democratic Republic,SARIMA,2015-03-01,1.618,0.3102952938441453,True,True,1.3077047061558549,1.3077047061558549
Lao People's Democratic Republic,SARIMA,2015-04-01,0.517,0.5151666905009622,True,True,0.0018333094990378163,0.0018333094990378163
Lao People's Democratic Republic,SARIMA,2015-05-01,2.031,0.2647792122629246,True,True,1.7662207877370755,1.7662207877370755
Lao People's Democratic Republic,SARIMA,2015-06-01,1.779,0.7359158696276257,True,True,1.0430841303723741,1.0430841303723741
Lao People's Democratic Republic,SARIMA,2015-07-01,0.65,0.4835908764431334,True,True,0.1664091235568666,0.1664091235568666
Lao People's Democratic Republic,SARIMA,2015-08-01,1.158,0.5256700247152017,True,True,0.6323299752847982,0.6323299752847982
Lao People's Democratic Republic,SARIMA,2015-09-01,1.571,0.5942305512622006,True,True,0.9767694487377994,0.9767694487377994
Lao People's Democratic Republic,SARIMA,2015-10-01,1.16,0.721591702213725,True,True,0.4384082977862749,0.4384082977862749
Lao People's Democratic Republic,SARIMA,2015-11-01,3.27,1.018968854881242,True,True,2.251031145118758,2.251031145118758
Lao People's Democratic Republic,SARIMA,2015-12-01,2.096,0.8560906456898492,True,True,1.239909354310151,1.239909354310151
Lao People's Democratic Republic,SARIMA,2016-01-01,1.277,0.8089682040585576,True,True,0.4680317959414423,0.4680317959414423
Lao People's Democratic Republic,SARIMA,2016-02-01,-0.929,1.335451683948355,True,True,-2.264451683948355,2.264451683948355
Lao People's Democratic Republic,SARIMA,2016-03-01,0.806,0.3900366517156273,True,True,0.41596334828437276,0.41596334828437276
Lao People's Democratic Republic,SARIMA,2016-04-01,2.838,0.5565333564723836,True,True,2.2814666435276165,2.2814666435276165
Lao People's Democratic Republic,SARIMA,2016-05-01,1.365,0.2984615132745283,True,True,1.0665384867254717,1.0665384867254717
Lao People's Democratic Republic,SARIMA,2016-06-01,1.194,0.7274889166616295,True,True,0.46651108333837044,0.46651108333837044
Lao People's Democratic Republic,SARIMA,2016-07-01,0.79,0.45750135842658607,True,True,0.33249864157341397,0.33249864157341397
Lao People's Democratic Republic,SARIMA,2016-08-01,1.132,0.5271946535610199,True,True,0.60480534643898,0.60480534643898
Lao People's Democratic Republic,SARIMA,2016-09-01,1.01,0.5734404211672375,True,True,0.43655957883276253,0.43655957883276253
Lao People's Democratic Republic,SARIMA,2016-10-01,1.965,0.6802524830473825,True,True,1.2847475169526175,1.2847475169526175
Lao People's Democratic Republic,SARIMA,2016-11-01,2.126,1.0454372463956167,True,True,1.0805627536043831,1.0805627536043831
Lao People's Democratic Republic,SARIMA,2016-12-01,1.855,0.6775591086773045,True,True,1.1774408913226955,1.1774408913226955
Lao People's Democratic Republic,SARIMA,2017-01-01,2.416,0.7632062207881523,True,True,1.6527937792118477,1.6527937792118477
Lao People's Democratic Republic,SARIMA,2017-02-01,0.949,1.3171723761580225,True,True,-0.36817237615802256,0.36817237615802256
Lao People's Democratic Republic,SARIMA,2017-03-01,0.905,0.3765239950652122,True,True,0.5284760049347879,0.5284760049347879
Lao People's Democratic Republic,SARIMA,2017-04-01,0.347,0.5486241431463263,True,True,-0.20162414314632637,0.20162414314632637
Lao People's Democratic Republic,SARIMA,2017-05-01,0.236,0.2910999607368683,True,True,-0.05509996073686829,0.05509996073686829
Lao People's Democratic Republic,SARIMA,2017-06-01,1.115,0.7282182092285657,True,True,0.38678179077143426,0.38678179077143426
Lao People's Democratic Republic,SARIMA,2017-07-01,0.001,0.46276463335575285,True,True,-0.46176463335575285,0.46176463335575285
Lao People's Democratic Republic,SARIMA,2017-08-01,1.11,0.5257517381157423,True,True,0.5842482618842578,0.5842482618842578
Lao People's Democratic Republic,SARIMA,2017-09-01,1.652,0.5760357590579422,True,True,1.0759642409420578,1.0759642409420578
Lao People's Democratic Republic,SARIMA,2017-10-01,1.009,0.6831321995676273,True,True,0.3258678004323726,0.3258678004323726
Lao People's Democratic Republic,SARIMA,2017-11-01,1.456,1.0286252614008569,True,True,0.4273747385991431,0.4273747385991431
Lao People's Democratic Republic,SARIMA,2017-12-01,0.522,0.6956062018524595,True,True,-0.17360620185245945,0.17360620185245945
Lao People's Democratic Republic,SARIMA,2018-01-01,1.556,0.7681783392114082,True,True,0.7878216607885918,0.7878216607885918
Lao People's Democratic Republic,SARIMA,2018-02-01,-0.061,1.3113848761441411,True,True,-1.372384876144141,1.372384876144141
Lao People's Democratic Republic,SARIMA,2018-03-01,1.034,0.37240789744411545,True,True,0.6615921025558846,0.6615921025558846
Lao People's Democratic Republic,SARIMA,2018-04-01,-0.381,0.5465911707160938,True,True,-0.9275911707160938,0.9275911707160938
Lao People's Democratic Republic,SARIMA,2018-05-01,0.372,0.2895494583202894,True,True,0.08245054167971061,0.08245054167971061
Lao People's Democratic Republic,SARIMA,2018-06-01,0.621,0.7287326639691254,True,True,-0.1077326639691254,0.1077326639691254
Lao People's Democratic Republic,SARIMA,2018-07-01,0.265,0.4640155267523703,True,True,-0.19901552675237028,0.19901552675237028
Lao People's Democratic Republic,SARIMA,2018-08-01,0.517,0.5258077723383545,True,True,-0.008807772338354503,0.008807772338354503
Lao People's Democratic Republic,SARIMA,2018-09-01,1.29,0.5772144208030568,True,True,0.7127855791969432,0.7127855791969432
Lao People's Democratic Republic,SARIMA,2018-10-01,1.481,0.6857352857114276,True,True,0.7952647142885725,0.7952647142885725
Lao People's Democratic Republic,SARIMA,2018-11-01,2.237,1.028661069473968,True,True,1.2083389305260321,1.2083389305260321
Lao People's Democratic Republic,SARIMA,2018-12-01,2.895,0.7062100005167642,True,True,2.1887899994832356,2.1887899994832356
Lao People's Democratic Republic,SARIMA,2019-01-01,2.179,0.7708569731090171,True,True,1.4081430268909827,1.4081430268909827
Lao People's Democratic Republic,SARIMA,2019-02-01,3.262,1.3133390117050034,True,True,1.9486609882949966,1.9486609882949966
Lao People's Democratic Republic,SARIMA,2019-03-01,1.892,0.37383400787054144,True,True,1.5181659921294584,1.5181659921294584
Lao People's Democratic Republic,SARIMA,2019-04-01,2.739,0.5473831042591706,True,True,2.1916168957408293,2.1916168957408293
Lao People's Democratic Republic,SARIMA,2019-05-01,1.923,0.290247690419893,True,True,1.632752309580107,1.632752309580107
Lao People's Democratic Republic,SARIMA,2019-06-01,2.478,0.7286224482799945,True,True,1.7493775517200056,1.7493775517200056
Lao People's Democratic Republic,SARIMA,2019-07-01,1.379,0.4635001239414375,True,True,0.9154998760585624,0.9154998760585624
Lao People's Democratic Republic,SARIMA,2019-08-01,1.036,0.5259036903881684,True,True,0.5100963096118316,0.5100963096118316
Lao People's Democratic Republic,SARIMA,2019-09-01,0.927,0.5768963695781949,True,True,0.35010363042180515,0.35010363042180515
Lao People's Democratic Republic,SARIMA,2019-10-01,1.732,0.6852350589547227,True,True,1.0467649410452773,1.0467649410452773
Lao People's Democratic Republic,SARIMA,2019-11-01,1.717,1.0298488350271104,True,True,0.6871511649728896,0.6871511649728896
Lao People's Democratic Republic,SARIMA,2019-12-01,1.35,0.7037245170297686,True,True,0.6462754829702315,0.6462754829702315
Lao People's Democratic Republic,SARIMA,2020-01-01,2.926,0.7701998185346288,True,True,2.1558001814653713,2.1558001814653713
Lao People's Democratic Republic,SARIMA,2020-02-01,1.84,1.3135270351108288,True,True,0.5264729648891713,0.5264729648891713
Lao People's Democratic Republic,SARIMA,2020-03-01,2.23,0.37396359995662537,True,True,1.8560364000433747,1.8560364000433747
Lao People's Democratic Republic,SARIMA,2020-04-01,0.181,0.5474371508907686,True,True,-0.3664371508907686,0.3664371508907686
Lao People's Democratic Republic,SARIMA,2020-05-01,2.362,0.2902781913829549,True,True,2.071721808617045,2.071721808617045
Lao People's Democratic Republic,SARIMA,2020-06-01,1.833,0.7285985134893084,True,True,1.1044014865106915,1.1044014865106915
Lao People's Democratic Republic,SARIMA,2020-07-01,1.756,0.4634700677499767,True,True,1.2925299322500234,1.2925299322500234
Lao People's Democratic Republic,SARIMA,2020-08-01,0.881,0.5258888081945283,True,True,0.3551111918054717,0.3551111918054717
Lao People's Democratic Republic,SARIMA,2020-09-01,1.766,0.5768489871001253,True,True,1.1891510128998748,1.1891510128998748
Lao People's Democratic Republic,SARIMA,2020-10-01,-0.099,0.685107416723232,True,True,-0.784107416723232,0.784107416723232
Lao People's Democratic Republic,SARIMA,2020-11-01,1.528,1.0297111989951555,True,True,0.4982888010048445,0.4982888010048445
Lao People's Democratic Republic,SARIMA,2020-12-01,0.817,0.7032554916657843,True,True,0.11374450833421568,0.11374450833421568
Lao People's Democratic Republic,SARIMA,2021-01-01,-0.208,0.7700846696683277,True,True,-0.9780846696683276,0.9780846696683276
Lao People's Democratic Republic,SARIMA,2021-02-01,1.061,1.3133671162150833,True,True,-0.25236711621508334,0.25236711621508334
Lao People's Democratic Republic,SARIMA,2021-03-01,1.901,0.37384775994852343,True,True,1.5271522400514765,1.5271522400514765
Lao People's Democratic Republic,SARIMA,2021-04-01,0.554,0.547374861677052,True,True,0.006625138322948088,0.006625138322948088
Lao People's Democratic Republic,SARIMA,2021-05-01,1.528,0.2902252229750119,True,True,1.237774777024988,1.237774777024988
Lao People's Democratic Republic,SARIMA,2021-06-01,1.309,0.728609049285187,True,True,0.580390950714813,0.580390950714813
Lao People's Democratic Republic,SARIMA,2021-07-01,1.043,0.4635100244009533,True,True,0.5794899755990466,0.5794899755990466
Lao People's Democratic Republic,SARIMA,2021-08-01,1.744,0.5258837010681916,True,True,1.2181162989318084,1.2181162989318084
Lao People's Democratic Republic,SARIMA,2021-09-01,0.921,0.5768769237728023,True,True,0.34412307622719773,0.34412307622719773
Lao People's Democratic Republic,SARIMA,2021-10-01,0.697,0.6851573970342416,True,True,0.011842602965758342,0.011842602965758342
Lao People's Democratic Republic,SARIMA,2021-11-01,1.571,1.029642650542364,True,True,0.541357349457636,0.541357349457636
Lao People's Democratic Republic,SARIMA,2021-12-01,0.542,0.7034850403931819,True,True,-0.1614850403931819,0.1614850403931819
Lao People's Democratic Republic,SARIMA,2022-01-01,2.297,0.7701443539290784,True,True,1.5268556460709217,1.5268556460709217
Lao People's Democratic Republic,SARIMA,2022-02-01,-0.002,1.3133719761431422,True,True,-1.3153719761431422,1.3153719761431422
Lao People's Democratic Republic,SARIMA,2022-03-01,1.647,0.373851748628453,True,True,1.273148251371547,1.273148251371547
Lao People's Democratic Republic,SARIMA,2022-04-01,-0.622,0.5473781150241364,True,True,-1.1693781150241365,1.1693781150241365
Lao People's Democratic Republic,SARIMA,2022-05-01,-0.402,0.2902290853692407,True,True,-0.6922290853692408,0.6922290853692408
Lao People's Democratic Republic,SARIMA,2022-06-01,1.364,0.7286095477239877,True,True,0.6353904522760124,0.6353904522760124
Lao People's Democratic Republic,SARIMA,2022-07-01,1.205,0.4635076104448002,True,True,0.7414923895551999,0.7414923895551999
Lao People's Democratic Republic,SARIMA,2022-08-01,0.912,0.5258853369885863,True,True,0.38611466301141373,0.38611466301141373
Lao People's Democratic Republic,SARIMA,2022-09-01,0.817,0.5768771052781237,True,True,0.2401228947218762,0.2401228947218762
Lao People's Democratic Republic,SARIMA,2022-10-01,0.377,0.6851607610658708,True,True,-0.30816076106587076,0.30816076106587076
Lao People's Democratic Republic,SARIMA,2022-11-01,2.704,1.0296602046242738,True,True,1.6743397953757264,1.6743397953757264
Lao People's Democratic Republic,SARIMA,2022-12-01,0.908,0.703492181549176,True,True,0.204507818450824,0.204507818450824
Lao People's Democratic Republic,SARIMA,2023-01-01,0.437,0.7701457285427709,True,True,-0.33314572854277086,0.33314572854277086
Lao People's Democratic Republic,SARIMA,2023-02-01,1.781,1.3133827603709365,True,True,0.46761723962906343,0.46761723962906343
Lao People's Democratic Republic,SARIMA,2023-03-01,1.111,0.3738595071040154,True,True,0.7371404928959846,0.7371404928959846
Lao People's Democratic Republic,SARIMA,2023-04-01,2.441,0.5473821608041503,True,True,1.8936178391958496,1.8936178391958496
Lao People's Democratic Republic,SARIMA,2023-05-01,1.993,0.29023240110337384,True,True,1.7027675988966262,1.7027675988966262
Lao People's Democratic Republic,SARIMA,2023-06-01,1.436,0.7286087441254927,True,True,0.7073912558745072,0.7073912558745072
Lao People's Democratic Republic,SARIMA,2023-07-01,1.534,0.4635050523959381,True,True,1.070494947604062,1.070494947604062
Lao People's Democratic Republic,SARIMA,2023-08-01,1.159,0.5258855129728921,True,True,0.6331144870271079,0.6331144870271079
Lao People's Democratic Republic,SARIMA,2023-09-01,1.192,0.5768751041417032,True,True,0.6151248958582968,0.6151248958582968
Lao People's Democratic Republic,SARIMA,2023-10-01,1.714,0.6851568352243078,True,True,1.0288431647756922,1.0288431647756922
Lao People's Democratic Republic,SARIMA,2023-11-01,2.145,1.0296630675570335,True,True,1.1153369324429665,1.1153369324429665
Lao People's Democratic Republic,SARIMA,2023-12-01,2.56,0.7034750960962244,True,True,1.8565249039037757,1.8565249039037757
Lao People's Democratic Republic,XGBoost,2014-01-01,-0.723,0.6387412548065186,True,True,-1.3617412548065184,1.3617412548065184
Lao People's Democratic Republic,XGBoost,2014-02-01,0.646,0.6231858730316162,True,True,0.022814126968383808,0.022814126968383808
Lao People's Democratic Republic,XGBoost,2014-03-01,1.231,-0.09932434558868408,True,True,1.3303243455886842,1.3303243455886842
Lao People's Democratic Republic,XGBoost,2014-04-01,0.916,0.5823102593421936,True,True,0.33368974065780643,0.33368974065780643
Lao People's Democratic Republic,XGBoost,2014-05-01,1.357,0.42957282066345215,True,True,0.9274271793365478,0.9274271793365478
Lao People's Democratic Republic,XGBoost,2014-06-01,1.138,0.35301387310028076,True,True,0.7849861268997191,0.7849861268997191
Lao People's Democratic Republic,XGBoost,2014-07-01,0.448,0.7013437151908875,True,True,-0.25334371519088744,0.25334371519088744
Lao People's Democratic Republic,XGBoost,2014-08-01,0.678,0.687872052192688,True,True,-0.009872052192687941,0.009872052192687941
Lao People's Democratic Republic,XGBoost,2014-09-01,0.996,0.7379789352416992,True,True,0.2580210647583008,0.2580210647583008
Lao People's Democratic Republic,XGBoost,2014-10-01,1.049,1.2283755540847778,True,True,-0.1793755540847779,0.1793755540847779
Lao People's Democratic Republic,XGBoost,2014-11-01,2.162,1.0387088060379028,True,True,1.123291193962097,1.123291193962097
Lao People's Democratic Republic,XGBoost,2014-12-01,0.469,1.1701520681381226,True,True,-0.7011520681381226,0.7011520681381226
Lao People's Democratic Republic,XGBoost,2015-01-01,0.162,2.282492160797119,True,True,-2.120492160797119,2.120492160797119
Lao People's Democratic Republic,XGBoost,2015-02-01,1.015,1.0791550874710083,True,True,-0.0641550874710084,0.0641550874710084
Lao People's Democratic Republic,XGBoost,2015-03-01,1.618,0.829400897026062,True,True,0.7885991029739381,0.7885991029739381
Lao People's Democratic Republic,XGBoost,2015-04-01,0.517,0.6606132388114929,True,True,-0.1436132388114929,0.1436132388114929
Lao People's Democratic Republic,XGBoost,2015-05-01,2.031,0.6704185009002686,True,True,1.3605814990997316,1.3605814990997316
Lao People's Democratic Republic,XGBoost,2015-06-01,1.779,0.68113774061203,True,True,1.0978622593879699,1.0978622593879699
Lao People's Democratic Republic,XGBoost,2015-07-01,0.65,0.6310831308364868,True,True,0.018916869163513206,0.018916869163513206
Lao People's Democratic Republic,XGBoost,2015-08-01,1.158,0.8935921788215637,True,True,0.2644078211784362,0.2644078211784362
Lao People's Democratic Republic,XGBoost,2015-09-01,1.571,0.8682081699371338,True,True,0.7027918300628662,0.7027918300628662
Lao People's Democratic Republic,XGBoost,2015-10-01,1.16,0.8706735372543335,True,True,0.2893264627456664,0.2893264627456664
Lao People's Democratic Republic,XGBoost,2015-11-01,3.27,1.3211580514907837,True,True,1.9488419485092163,1.9488419485092163
Lao People's Democratic Republic,XGBoost,2015-12-01,2.096,0.7516797184944153,True,True,1.3443202815055848,1.3443202815055848
Lao People's Democratic Republic,XGBoost,2016-01-01,1.277,0.8013207912445068,True,True,0.4756792087554931,0.4756792087554931
Lao People's Democratic Republic,XGBoost,2016-02-01,-0.929,1.5165225267410278,True,True,-2.445522526741028,2.445522526741028
Lao People's Democratic Republic,XGBoost,2016-03-01,0.806,0.9485510587692261,True,True,-0.14255105876922602,0.14255105876922602
Lao People's Democratic Republic,XGBoost,2016-04-01,2.838,0.7976803183555603,True,True,2.0403196816444398,2.0403196816444398
Lao People's Democratic Republic,XGBoost,2016-05-01,1.365,0.410020112991333,True,True,0.954979887008667,0.954979887008667
Lao People's Democratic Republic,XGBoost,2016-06-01,1.194,0.5212020874023438,True,True,0.6727979125976562,0.6727979125976562
Lao People's Democratic Republic,XGBoost,2016-07-01,0.79,0.315924733877182,True,True,0.47407526612281803,0.47407526612281803
Lao People's Democratic Republic,XGBoost,2016-08-01,1.132,0.4203353226184845,True,True,0.7116646773815154,0.7116646773815154
Lao People's Democratic Republic,XGBoost,2016-09-01,1.01,0.8406295776367188,True,True,0.16937042236328126,0.16937042236328126
Lao People's Democratic Republic,XGBoost,2016-10-01,1.965,1.2011029720306396,True,True,0.7638970279693604,0.7638970279693604
Lao People's Democratic Republic,XGBoost,2016-11-01,2.126,1.3496184349060059,True,True,0.776381565093994,0.776381565093994
Lao People's Democratic Republic,XGBoost,2016-12-01,1.855,1.5554685592651367,True,True,0.29953144073486326,0.29953144073486326
Lao People's Democratic Republic,XGBoost,2017-01-01,2.416,1.2547099590301514,True,True,1.1612900409698486,1.1612900409698486
Lao People's Democratic Republic,XGBoost,2017-02-01,0.949,1.754776954650879,True,True,-0.805776954650879,0.805776954650879
Lao People's Democratic Republic,XGBoost,2017-03-01,0.905,1.0374627113342285,True,True,-0.1324627113342285,0.1324627113342285
Lao People's Democratic Republic,XGBoost,2017-04-01,0.347,0.8559839725494385,True,True,-0.5089839725494385,0.5089839725494385
Lao People's Democratic Republic,XGBoost,2017-05-01,0.236,0.6571704745292664,True,True,-0.42117047452926637,0.42117047452926637
Lao People's Democratic Republic,XGBoost,2017-06-01,1.115,0.6333461999893188,True,True,0.48165380001068114,0.48165380001068114
Lao People's Democratic Republic,XGBoost,2017-07-01,0.001,0.5869823694229126,True,True,-0.5859823694229126,0.5859823694229126
Lao People's Democratic Republic,XGBoost,2017-08-01,1.11,0.6005366444587708,True,True,0.5094633555412293,0.5094633555412293
Lao People's Democratic Republic,XGBoost,2017-09-01,1.652,0.7346900105476379,True,True,0.917309989452362,0.917309989452362
Lao People's Democratic Republic,XGBoost,2017-10-01,1.009,0.9748786091804504,True,True,0.03412139081954946,0.03412139081954946
Lao People's Democratic Republic,XGBoost,2017-11-01,1.456,1.2227847576141357,True,True,0.23321524238586422,0.23321524238586422
Lao People's Democratic Republic,XGBoost,2017-12-01,0.522,1.7390106916427612,True,True,-1.2170106916427612,1.2170106916427612
Lao People's Democratic Republic,XGBoost,2018-01-01,1.556,1.5860211849212646,True,True,-0.0300211849212646,0.0300211849212646
Lao People's Democratic Republic,XGBoost,2018-02-01,-0.061,0.8916363716125488,True,True,-0.9526363716125488,0.9526363716125488
Lao People's Democratic Republic,XGBoost,2018-03-01,1.034,0.7835635542869568,True,True,0.25043644571304324,0.25043644571304324
Lao People's Democratic Republic,XGBoost,2018-04-01,-0.381,0.7299962639808655,True,True,-1.1109962639808655,1.1109962639808655
Lao People's Democratic Republic,XGBoost,2018-05-01,0.372,0.8345161080360413,True,True,-0.46251610803604126,0.46251610803604126
Lao People's Democratic Republic,XGBoost,2018-06-01,0.621,0.8533482551574707,True,True,-0.2323482551574707,0.2323482551574707
Lao People's Democratic Republic,XGBoost,2018-07-01,0.265,0.9473044276237488,True,True,-0.6823044276237488,0.6823044276237488
Lao People's Democratic Republic,XGBoost,2018-08-01,0.517,0.8066179752349854,True,True,-0.28961797523498534,0.28961797523498534
Lao People's Democratic Republic,XGBoost,2018-09-01,1.29,0.7714537382125854,True,True,0.5185462617874146,0.5185462617874146
Lao People's Democratic Republic,XGBoost,2018-10-01,1.481,1.2052562236785889,True,True,0.2757437763214112,0.2757437763214112
Lao People's Democratic Republic,XGBoost,2018-11-01,2.237,1.0704704523086548,True,True,1.1665295476913453,1.1665295476913453
Lao People's Democratic Republic,XGBoost,2018-12-01,2.895,1.04244863986969,True,True,1.85255136013031,1.85255136013031
Lao People's Democratic Republic,XGBoost,2019-01-01,2.179,1.9394804239273071,True,True,0.2395195760726927,0.2395195760726927
Lao People's Democratic Republic,XGBoost,2019-02-01,3.262,1.694519281387329,True,True,1.567480718612671,1.567480718612671
Lao People's Democratic Republic,XGBoost,2019-03-01,1.892,1.1631587743759155,True,True,0.7288412256240844,0.7288412256240844
Lao People's Democratic Republic,XGBoost,2019-04-01,2.739,0.7536427974700928,True,True,1.985357202529907,1.985357202529907
Lao People's Democratic Republic,XGBoost,2019-05-01,1.923,0.5333377718925476,True,True,1.3896622281074524,1.3896622281074524
Lao People's Democratic Republic,XGBoost,2019-06-01,2.478,0.5015196800231934,True,True,1.9764803199768068,1.9764803199768068
Lao People's Democratic Republic,XGBoost,2019-07-01,1.379,0.5250216126441956,True,True,0.8539783873558044,0.8539783873558044
Lao People's Democratic Republic,XGBoost,2019-08-01,1.036,0.5227875709533691,True,True,0.5132124290466309,0.5132124290466309
Lao People's Democratic Republic,XGBoost,2019-09-01,0.927,0.5088381171226501,True,True,0.4181618828773499,0.4181618828773499
Lao People's Democratic Republic,XGBoost,2019-10-01,1.732,0.7386513948440552,True,True,0.9933486051559448,0.9933486051559448
Lao People's Democratic Republic,XGBoost,2019-11-01,1.717,0.8080056309700012,True,True,0.9089943690299989,0.9089943690299989
Lao People's Democratic Republic,XGBoost,2019-12-01,1.35,1.2034544944763184,True,True,0.14654550552368173,0.14654550552368173
Lao People's Democratic Republic,XGBoost,2020-01-01,2.926,0.8120046257972717,True,True,2.1139953742027284,2.1139953742027284
Lao People's Democratic Republic,XGBoost,2020-02-01,1.84,1.2790040969848633,True,True,0.5609959030151368,0.5609959030151368
Lao People's Democratic Republic,XGBoost,2020-03-01,2.23,0.8620184659957886,True,True,1.3679815340042114,1.3679815340042114
Lao People's Democratic Republic,XGBoost,2020-04-01,0.181,0.7650149464607239,True,True,-0.5840149464607238,0.5840149464607238
Lao People's Democratic Republic,XGBoost,2020-05-01,2.362,0.5267525315284729,True,True,1.8352474684715272,1.8352474684715272
Lao People's Democratic Republic,XGBoost,2020-06-01,1.833,0.6403409838676453,True,True,1.1926590161323547,1.1926590161323547
Lao People's Democratic Republic,XGBoost,2020-07-01,1.756,0.6155324578285217,True,True,1.1404675421714783,1.1404675421714783
Lao People's Democratic Republic,XGBoost,2020-08-01,0.881,0.663017988204956,True,True,0.21798201179504395,0.21798201179504395
Lao People's Democratic Republic,XGBoost,2020-09-01,1.766,0.7275470495223999,True,True,1.0384529504776001,1.0384529504776001
Lao People's Democratic Republic,XGBoost,2020-10-01,-0.099,1.2609888315200806,True,True,-1.3599888315200805,1.3599888315200805
Lao People's Democratic Republic,XGBoost,2020-11-01,1.528,1.4902666807174683,True,True,0.03773331928253176,0.03773331928253176
Lao People's Democratic Republic,XGBoost,2020-12-01,0.817,1.0007082223892212,True,True,-0.18370822238922124,0.18370822238922124
Lao People's Democratic Republic,XGBoost,2021-01-01,-0.208,1.6356403827667236,True,True,-1.8436403827667236,1.8436403827667236
Lao People's Democratic Republic,XGBoost,2021-02-01,1.061,2.1138813495635986,True,True,-1.0528813495635987,1.0528813495635987
Lao People's Democratic Republic,XGBoost,2021-03-01,1.901,1.1331995725631714,True,True,0.7678004274368286,0.7678004274368286
Lao People's Democratic Republic,XGBoost,2021-04-01,0.554,0.8938518762588501,True,True,-0.33985187625885005,0.33985187625885005
Lao People's Democratic Republic,XGBoost,2021-05-01,1.528,0.5160377621650696,True,True,1.0119622378349304,1.0119622378349304
Lao People's Democratic Republic,XGBoost,2021-06-01,1.309,0.6411479115486145,True,True,0.6678520884513854,0.6678520884513854
Lao People's Democratic Republic,XGBoost,2021-07-01,1.043,0.5695672631263733,True,True,0.47343273687362664,0.47343273687362664
Lao People's Democratic Republic,XGBoost,2021-08-01,1.744,0.5186192393302917,True,True,1.2253807606697082,1.2253807606697082
Lao People's Democratic Republic,XGBoost,2021-09-01,0.921,0.5677727460861206,True,True,0.35322725391387944,0.35322725391387944
Lao People's Democratic Republic,XGBoost,2021-10-01,0.697,0.6622568368911743,True,True,0.034743163108825637,0.034743163108825637
Lao People's Democratic Republic,XGBoost,2021-11-01,1.571,0.9921461343765259,True,True,0.5788538656234741,0.5788538656234741
Lao People's Democratic Republic,XGBoost,2021-12-01,0.542,1.156211495399475,True,True,-0.6142114953994751,0.6142114953994751
Lao People's Democratic Republic,XGBoost,2022-01-01,2.297,0.9516323804855347,True,True,1.3453676195144655,1.3453676195144655
Lao People's Democratic Republic,XGBoost,2022-02-01,-0.002,0.888067901134491,True,True,-0.890067901134491,0.890067901134491
Lao People's Democratic Republic,XGBoost,2022-03-01,1.647,0.6908078789710999,True,True,0.9561921210289002,0.9561921210289002
Lao People's Democratic Republic,XGBoost,2022-04-01,-0.622,0.7637597918510437,True,True,-1.3857597918510436,1.3857597918510436
Lao People's Democratic Republic,XGBoost,2022-05-01,-0.402,0.7283107042312622,True,True,-1.1303107042312623,1.1303107042312623
Lao People's Democratic Republic,XGBoost,2022-06-01,1.364,0.7755556106567383,True,True,0.5884443893432618,0.5884443893432618
Lao People's Democratic Republic,XGBoost,2022-07-01,1.205,0.7574781179428101,True,True,0.44752188205719,0.44752188205719
Lao People's Democratic Republic,XGBoost,2022-08-01,0.912,0.9082211852073669,True,True,0.0037788147926330895,0.0037788147926330895
Lao People's Democratic Republic,XGBoost,2022-09-01,0.817,1.03733491897583,True,True,-0.22033491897583013,0.22033491897583013
Lao People's Democratic Republic,XGBoost,2022-10-01,0.377,1.283933401107788,True,True,-0.9069334011077881,0.9069334011077881
Lao People's Democratic Republic,XGBoost,2022-11-01,2.704,1.1294225454330444,True,True,1.5745774545669557,1.5745774545669557
Lao People's Democratic Republic,XGBoost,2022-12-01,0.908,1.0368341207504272,True,True,-0.12883412075042722,0.12883412075042722
Lao People's Democratic Republic,XGBoost,2023-01-01,0.437,1.9190922975540161,True,True,-1.482092297554016,1.482092297554016
Lao People's Democratic Republic,XGBoost,2023-02-01,1.781,1.2989732027053833,True,True,0.4820267972946166,0.4820267972946166
Lao People's Democratic Republic,XGBoost,2023-03-01,1.111,0.818179190158844,True,True,0.292820809841156,0.292820809841156
Lao People's Democratic Republic,XGBoost,2023-04-01,2.441,0.2721184194087982,True,True,2.1688815805912016,2.1688815805912016
Lao People's Democratic Republic,XGBoost,2023-05-01,1.993,0.32997193932533264,True,True,1.6630280606746675,1.6630280606746675
Lao People's Democratic Republic,XGBoost,2023-06-01,1.436,0.44790902733802795,True,True,0.988090972661972,0.988090972661972
Lao People's Democratic Republic,XGBoost,2023-07-01,1.534,0.3527129292488098,True,True,1.1812870707511902,1.1812870707511902
Lao People's Democratic Republic,XGBoost,2023-08-01,1.159,0.40803155303001404,True,True,0.750968446969986,0.750968446969986
Lao People's Democratic Republic,XGBoost,2023-09-01,1.192,0.579423189163208,True,True,0.6125768108367919,0.6125768108367919
Lao People's Democratic Republic,XGBoost,2023-10-01,1.714,0.6172202229499817,True,True,1.0967797770500183,1.0967797770500183
Lao People's Democratic Republic,XGBoost,2023-11-01,2.145,0.8145720362663269,True,True,1.3304279637336731,1.3304279637336731
Lao People's Democratic Republic,XGBoost,2023-12-01,2.56,1.1693490743637085,True,True,1.3906509256362916,1.3906509256362916
Lao People's Democratic Republic,Prophet,2014-01-01,-0.723,0.9853231146350216,True,True,-1.7083231146350215,1.7083231146350215
Lao People's Democratic Republic,Prophet,2014-02-01,0.646,1.107750934579143,True,True,-0.46175093457914296,0.46175093457914296
Lao People's Democratic Republic,Prophet,2014-03-01,1.231,0.7923053321554794,True,True,0.4386946678445207,0.4386946678445207
Lao People's Democratic Republic,Prophet,2014-04-01,0.916,0.8072820491900694,True,True,0.10871795080993063,0.10871795080993063
Lao People's Democratic Republic,Prophet,2014-05-01,1.357,0.6237639439350882,True,True,0.7332360560649118,0.7332360560649118
Lao People's Democratic Republic,Prophet,2014-06-01,1.138,0.8164617623357614,True,True,0.3215382376642385,0.3215382376642385
Lao People's Democratic Republic,Prophet,2014-07-01,0.448,0.7452893129418465,True,True,-0.2972893129418465,0.2972893129418465
Lao People's Democratic Republic,Prophet,2014-08-01,0.678,0.7734501900347006,True,True,-0.09545019003470057,0.09545019003470057
Lao People's Democratic Republic,Prophet,2014-09-01,0.996,0.8147084633348995,True,True,0.18129153666510045,0.18129153666510045
Lao People's Democratic Republic,Prophet,2014-10-01,1.049,0.8288313243948433,True,True,0.22016867560515663,0.22016867560515663
Lao People's Democratic Republic,Prophet,2014-11-01,2.162,0.8916054014445152,True,True,1.2703945985554848,1.2703945985554848
Lao People's Democratic Republic,Prophet,2014-12-01,0.469,0.7610010919409445,True,True,-0.2920010919409445,0.2920010919409445
Lao People's Democratic Republic,Prophet,2015-01-01,0.162,1.0104611664898007,True,True,-0.8484611664898006,0.8484611664898006
Lao People's Democratic Republic,Prophet,2015-02-01,1.015,1.112379288304472,True,True,-0.09737928830447218,0.09737928830447218
Lao People's Democratic Republic,Prophet,2015-03-01,1.618,0.8187782915536019,True,True,0.7992217084463982,0.7992217084463982
Lao People's Democratic Republic,Prophet,2015-04-01,0.517,0.8310737805425926,True,True,-0.3140737805425926,0.3140737805425926
Lao People's Democratic Republic,Prophet,2015-05-01,2.031,0.6422254852093273,True,True,1.388774514790673,1.388774514790673
Lao People's Democratic Republic,Prophet,2015-06-01,1.779,0.8346975930400082,True,True,0.9443024069599917,0.9443024069599917
Lao People's Democratic Republic,Prophet,2015-07-01,0.65,0.762609439457613,True,True,-0.11260943945761293,0.11260943945761293
Lao People's Democratic Republic,Prophet,2015-08-01,1.158,0.78775651244579,True,True,0.3702434875542099,0.3702434875542099
Lao People's Democratic Republic,Prophet,2015-09-01,1.571,0.8346050203276364,True,True,0.7363949796723636,0.7363949796723636
Lao People's Democratic Republic,Prophet,2015-10-01,1.16,0.8484507095549104,True,True,0.3115492904450895,0.3115492904450895
Lao People's Democratic Republic,Prophet,2015-11-01,3.27,0.9131816738800128,True,True,2.356818326119987,2.356818326119987
Lao People's Democratic Republic,Prophet,2015-12-01,2.096,0.7773073379576594,True,True,1.3186926620423407,1.3186926620423407
Lao People's Democratic Republic,Prophet,2016-01-01,1.277,1.035394355010743,True,True,0.24160564498925696,0.24160564498925696
Lao People's Democratic Republic,Prophet,2016-02-01,-0.929,1.116902225016785,True,True,-2.045902225016785,2.045902225016785
Lao People's Democratic Republic,Prophet,2016-03-01,0.806,0.8149204386413349,True,True,-0.008920438641334849,0.008920438641334849
Lao People's Democratic Republic,Prophet,2016-04-01,2.838,0.8341834576088457,True,True,2.0038165423911543,2.0038165423911543
Lao People's Democratic Republic,Prophet,2016-05-01,1.365,0.6614194489727839,True,True,0.7035805510272161,0.7035805510272161
Lao People's Democratic Republic,Prophet,2016-06-01,1.194,0.8543277779379747,True,True,0.3396722220620253,0.3396722220620253
Lao People's Democratic Republic,Prophet,2016-07-01,0.79,0.7851986279179259,True,True,0.004801372082074096,0.004801372082074096
Lao People's Democratic Republic,Prophet,2016-08-01,1.132,0.8196698322727887,True,True,0.3123301677272112,0.3123301677272112
Lao People's Democratic Republic,Prophet,2016-09-01,1.01,0.849880305340937,True,True,0.16011969465906306,0.16011969465906306
Lao People's Democratic Republic,Prophet,2016-10-01,1.965,0.8644071428507856,True,True,1.1005928571492145,1.1005928571492145
Lao People's Democratic Republic,Prophet,2016-11-01,2.126,0.9229367071781029,True,True,1.203063292821897,1.203063292821897
Lao People's Democratic Republic,Prophet,2016-12-01,1.855,0.8032181455110554,True,True,1.0517818544889446,1.0517818544889446
Lao People's Democratic Republic,Prophet,2017-01-01,2.416,1.0346578437635494,True,True,1.3813421562364505,1.3813421562364505
Lao People's Democratic Republic,Prophet,2017-02-01,0.949,1.1776746914878986,True,True,-0.22867469148789865,0.22867469148789865
Lao People's Democratic Republic,Prophet,2017-03-01,0.905,0.8407994926497818,True,True,0.0642005073502182,0.0642005073502182
Lao People's Democratic Republic,Prophet,2017-04-01,0.347,0.8580981009965996,True,True,-0.5110981009965996,0.5110981009965996
Lao People's Democratic Republic,Prophet,2017-05-01,0.236,0.6799432796395457,True,True,-0.4439432796395457,0.4439432796395457
Lao People's Democratic Republic,Prophet,2017-06-01,1.115,0.8727869807455063,True,True,0.24221301925449368,0.24221301925449368
Lao People's Democratic Republic,Prophet,2017-07-01,0.001,0.8026020087781109,True,True,-0.8016020087781109,0.8016020087781109
Lao People's Democratic Republic,Prophet,2017-08-01,1.11,0.8338714758037458,True,True,0.27612852419625433,0.27612852419625433
Lao People's Democratic Republic,Prophet,2017-09-01,1.652,0.8695818606439532,True,True,0.7824181393560468,0.7824181393560468
Lao People's Democratic Republic,Prophet,2017-10-01,1.009,0.8839310270083977,True,True,0.12506897299160225,0.12506897299160225
Lao People's Democratic Republic,Prophet,2017-11-01,1.456,0.9446378402078476,True,True,0.5113621597921524,0.5113621597921524
Lao People's Democratic Republic,Prophet,2017-12-01,0.522,0.8194197447838752,True,True,-0.29741974478387523,0.29741974478387523
Lao People's Democratic Republic,Prophet,2018-01-01,1.556,1.0599958687498185,True,True,0.4960041312501815,0.4960041312501815
Lao People's Democratic Republic,Prophet,2018-02-01,-0.061,1.182423688694033,True,True,-1.2434236886940329,1.2434236886940329
Lao People's Democratic Republic,Prophet,2018-03-01,1.034,0.866978086270316,True,True,0.167021913729684,0.167021913729684
Lao People's Democratic Republic,Prophet,2018-04-01,-0.381,0.881954803304875,True,True,-1.262954803304875,1.262954803304875
Lao People's Democratic Republic,Prophet,2018-05-01,0.372,0.6984366980499012,True,True,-0.32643669804990116,0.32643669804990116
Lao People's Democratic Republic,Prophet,2018-06-01,0.621,0.8911345164505876,True,True,-0.2701345164505876,0.2701345164505876
Lao People's Democratic Republic,Prophet,2018-07-01,0.265,0.8199620670566745,True,True,-0.5549620670566745,0.5549620670566745
Lao People's Democratic Republic,Prophet,2018-08-01,0.517,0.8481229441494972,True,True,-0.33112294414949717,0.33112294414949717
Lao People's Democratic Republic,Prophet,2018-09-01,1.29,0.8893812174496913,True,True,0.4006187825503087,0.4006187825503087
Lao People's Democratic Republic,Prophet,2018-10-01,1.481,0.9035040785096862,True,True,0.5774959214903139,0.5774959214903139
Lao People's Democratic Republic,Prophet,2018-11-01,2.237,0.9662781555593472,True,True,1.270721844440653,1.270721844440653
Lao People's Democratic Republic,Prophet,2018-12-01,2.895,0.8356738460557488,True,True,2.059326153944251,2.059326153944251
Lao People's Democratic Republic,Prophet,2019-01-01,2.179,1.0851339206046025,True,True,1.0938660793953974,1.0938660793953974
Lao People's Democratic Republic,Prophet,2019-02-01,3.262,1.1870520424193036,True,True,2.0749479575806964,2.0749479575806964
Lao People's Democratic Republic,Prophet,2019-03-01,1.892,0.8934510456683362,True,True,0.9985489543316637,0.9985489543316637
Lao People's Democratic Republic,Prophet,2019-04-01,2.739,0.9057465346574084,True,True,1.8332534653425916,1.8332534653425916
Lao People's Democratic Republic,Prophet,2019-05-01,1.923,0.7168982393241681,True,True,1.206101760675832,1.206101760675832
Lao People's Democratic Republic,Prophet,2019-06-01,2.478,0.9093703471548441,True,True,1.5686296528451562,1.5686296528451562
Lao People's Democratic Republic,Prophet,2019-07-01,1.379,0.837282193572408,True,True,0.541717806427592,0.541717806427592
Lao People's Democratic Republic,Prophet,2019-08-01,1.036,0.8624292665605655,True,True,0.17357073343943452,0.17357073343943452
Lao People's Democratic Republic,Prophet,2019-09-01,0.927,0.909277774442459,True,True,0.017722225557540994,0.017722225557540994
Lao People's Democratic Republic,Prophet,2019-10-01,1.732,0.9231234636697264,True,True,0.8088765363302736,0.8088765363302736
Lao People's Democratic Republic,Prophet,2019-11-01,1.717,0.9878544279948961,True,True,0.729145572005104,0.729145572005104
Lao People's Democratic Republic,Prophet,2019-12-01,1.35,0.8519800920724587,True,True,0.49801990792754136,0.49801990792754136
Lao People's Democratic Republic,Prophet,2020-01-01,2.926,1.1100671091255743,True,True,1.8159328908744259,1.8159328908744259
Lao People's Democratic Republic,Prophet,2020-02-01,1.84,1.1915749791315597,True,True,0.6484250208684403,0.6484250208684403
Lao People's Democratic Republic,Prophet,2020-03-01,2.23,0.8895931927562,True,True,1.3404068072438,1.3404068072438
Lao People's Democratic Republic,Prophet,2020-04-01,0.181,0.9088562117237032,True,True,-0.7278562117237033,0.7278562117237033
Lao People's Democratic Republic,Prophet,2020-05-01,2.362,0.7360922030875968,True,True,1.6259077969124034,1.6259077969124034
Lao People's Democratic Republic,Prophet,2020-06-01,1.833,0.9290005320527768,True,True,0.9039994679472232,0.9039994679472232
Lao People's Democratic Republic,Prophet,2020-07-01,1.756,0.859871382032765,True,True,0.896128617967235,0.896128617967235
Lao People's Democratic Republic,Prophet,2020-08-01,0.881,0.8943425863877084,True,True,-0.013342586387708355,0.013342586387708355
Lao People's Democratic Republic,Prophet,2020-09-01,1.766,0.9245530594557829,True,True,0.8414469405442171,0.8414469405442171
Lao People's Democratic Republic,Prophet,2020-10-01,-0.099,0.939079896965651,True,True,-1.038079896965651,1.038079896965651
Lao People's Democratic Republic,Prophet,2020-11-01,1.528,0.9976094612929232,True,True,0.5303905387070769,0.5303905387070769
Lao People's Democratic Republic,Prophet,2020-12-01,0.817,0.8778908996258561,True,True,-0.06089089962585614,0.06089089962585614
Lao People's Democratic Republic,Prophet,2021-01-01,-0.208,1.109330597878361,True,True,-1.317330597878361,1.317330597878361
Lao People's Democratic Republic,Prophet,2021-02-01,1.061,1.2523474456026304,True,True,-0.1913474456026305,0.1913474456026305
Lao People's Democratic Republic,Prophet,2021-03-01,1.901,0.9154722467645698,True,True,0.9855277532354302,0.9855277532354302
Lao People's Democratic Republic,Prophet,2021-04-01,0.554,0.9327708551113697,True,True,-0.37877085511136965,0.37877085511136965
Lao People's Democratic Republic,Prophet,2021-05-01,1.528,0.7546160337543473,True,True,0.7733839662456528,0.7733839662456528
Lao People's Democratic Republic,Prophet,2021-06-01,1.309,0.9474597348603222,True,True,0.36154026513967774,0.36154026513967774
Lao People's Democratic Republic,Prophet,2021-07-01,1.043,0.8772747628929236,True,True,0.16572523710707632,0.16572523710707632
Lao People's Democratic Republic,Prophet,2021-08-01,1.744,0.9085442299185358,True,True,0.8354557700814642,0.8354557700814642
Lao People's Democratic Republic,Prophet,2021-09-01,0.921,0.9442546147587573,True,True,-0.02325461475875723,0.02325461475875723
Lao People's Democratic Republic,Prophet,2021-10-01,0.697,0.958603781123196,True,True,-0.26160378112319604,0.26160378112319604
Lao People's Democratic Republic,Prophet,2021-11-01,1.571,1.0193105943226608,True,True,0.5516894056773392,0.5516894056773392
Lao People's Democratic Republic,Prophet,2021-12-01,0.542,0.894092498898704,True,True,-0.352092498898704,0.352092498898704
Lao People's Democratic Republic,Prophet,2022-01-01,2.297,1.1346686228646834,True,True,1.1623313771353168,1.1623313771353168
Lao People's Democratic Republic,Prophet,2022-02-01,-0.002,1.2570964428087905,True,True,-1.2590964428087905,1.2590964428087905
Lao People's Democratic Republic,Prophet,2022-03-01,1.647,0.9416508403851138,True,True,0.7053491596148862,0.7053491596148862
Lao People's Democratic Republic,Prophet,2022-04-01,-0.622,0.9566275574196448,True,True,-1.5786275574196447,1.5786275574196447
Lao People's Democratic Republic,Prophet,2022-05-01,-0.402,0.773109452164736,True,True,-1.175109452164736,1.175109452164736
Lao People's Democratic Republic,Prophet,2022-06-01,1.364,0.9658072705654366,True,True,0.3981927294345635,0.3981927294345635
Lao People's Democratic Republic,Prophet,2022-07-01,1.205,0.8946348211714814,True,True,0.31036517882851866,0.31036517882851866
Lao People's Democratic Republic,Prophet,2022-08-01,0.912,0.9227956982643497,True,True,-0.010795698264349674,0.010795698264349674
Lao People's Democratic Republic,Prophet,2022-09-01,0.817,0.9640539715645419,True,True,-0.14705397156454192,0.14705397156454192
Lao People's Democratic Republic,Prophet,2022-10-01,0.377,0.978176832624495,True,True,-0.601176832624495,0.601176832624495
Lao People's Democratic Republic,Prophet,2022-11-01,2.704,1.0409509096741447,True,True,1.6630490903258555,1.6630490903258555
Lao People's Democratic Republic,Prophet,2022-12-01,0.908,0.910346600170595,True,True,-0.002346600170594959,0.002346600170594959
Lao People's Democratic Republic,Prophet,2023-01-01,0.437,1.1598066747195173,True,True,-0.7228066747195172,0.7228066747195172
Lao People's Democratic Republic,Prophet,2023-02-01,1.781,1.2617247965340685,True,True,0.5192752034659314,0.5192752034659314
Lao People's Democratic Republic,Prophet,2023-03-01,1.111,0.9681237997831909,True,True,0.14287620021680913,0.14287620021680913
Lao People's Democratic Republic,Prophet,2023-04-01,2.441,0.9804192887722479,True,True,1.460580711227752,1.460580711227752
Lao People's Democratic Republic,Prophet,2023-05-01,1.993,0.7915709934389643,True,True,1.2014290065610358,1.2014290065610358
Lao People's Democratic Republic,Prophet,2023-06-01,1.436,0.9840431012696429,True,True,0.45195689873035705,0.45195689873035705
Lao People's Democratic Republic,Prophet,2023-07-01,1.534,0.9119549476872607,True,True,0.6220450523127393,0.6220450523127393
Lao People's Democratic Republic,Prophet,2023-08-01,1.159,0.9371020206754358,True,True,0.22189797932456423,0.22189797932456423
Lao People's Democratic Republic,Prophet,2023-09-01,1.192,0.9839505285572767,True,True,0.20804947144272323,0.20804947144272323
Lao People's Democratic Republic,Prophet,2023-10-01,1.714,0.9977962177845257,True,True,0.7162037822154743,0.7162037822154743
Lao People's Democratic Republic,Prophet,2023-11-01,2.145,1.062527182109672,True,True,1.082472817890328,1.082472817890328
Lao People's Democratic Republic,Prophet,2023-12-01,2.56,0.9266528461873088,True,True,1.6333471538126911,1.6333471538126911
Malaysia,Holt-Winters,2014-01-01,0.14,0.8541623592929456,True,True,-0.7141623592929456,0.7141623592929456
Malaysia,Holt-Winters,2014-02-01,0.636,0.8956261309057482,True,True,-0.25962613090574815,0.25962613090574815
Malaysia,Holt-Winters,2014-03-01,0.984,0.9188475191018552,True,True,0.06515248089814474,0.06515248089814474
Malaysia,Holt-Winters,2014-04-01,1.055,0.8863733892679874,True,True,0.16862661073201257,0.16862661073201257
Malaysia,Holt-Winters,2014-05-01,1.039,0.8824838699220845,True,True,0.15651613007791543,0.15651613007791543
Malaysia,Holt-Winters,2014-06-01,1.516,0.9504364233107085,True,True,0.5655635766892915,0.5655635766892915
Malaysia,Holt-Winters,2014-07-01,1.39,0.9341665580239945,True,True,0.4558334419760054,0.4558334419760054
Malaysia,Holt-Winters,2014-08-01,0.513,0.9362630112663004,True,True,-0.4232630112663004,0.4232630112663004
Malaysia,Holt-Winters,2014-09-01,0.853,0.8328189031829496,True,True,0.02018109681705038,0.02018109681705038
Malaysia,Holt-Winters,2014-10-01,0.85,0.826507846467635,True,True,0.023492153532365,0.023492153532365
Malaysia,Holt-Winters,2014-11-01,0.848,0.8131061599988297,True,True,0.03489384000117024,0.03489384000117024
Malaysia,Holt-Winters,2014-12-01,0.801,0.8171615439521311,True,True,-0.016161543952131097,0.016161543952131097
Malaysia,Holt-Winters,2015-01-01,0.571,0.8713806562980398,True,True,-0.3003806562980399,0.3003806562980399
Malaysia,Holt-Winters,2015-02-01,0.642,0.9128444279108424,True,True,-0.2708444279108424,0.2708444279108424
Malaysia,Holt-Winters,2015-03-01,0.959,0.9360658161069495,True,True,0.022934183893050464,0.022934183893050464
Malaysia,Holt-Winters,2015-04-01,1.027,0.9035916862730817,True,True,0.12340831372691818,0.12340831372691818
Malaysia,Holt-Winters,2015-05-01,0.945,0.8997021669271789,True,True,0.04529783307282109,0.04529783307282109
Malaysia,Holt-Winters,2015-06-01,1.294,0.9676547203158028,True,True,0.32634527968419724,0.32634527968419724
Malaysia,Holt-Winters,2015-07-01,1.538,0.9513848550290888,True,True,0.5866151449709113,0.5866151449709113
Malaysia,Holt-Winters,2015-08-01,1.059,0.9534813082713947,True,True,0.10551869172860529,0.10551869172860529
Malaysia,Holt-Winters,2015-09-01,1.243,0.8500372001880439,True,True,0.39296279981195625,0.39296279981195625
Malaysia,Holt-Winters,2015-10-01,1.334,0.8437261434727292,True,True,0.49027385652727085,0.49027385652727085
Malaysia,Holt-Winters,2015-11-01,1.141,0.8303244570039241,True,True,0.3106755429960759,0.3106755429960759
Malaysia,Holt-Winters,2015-12-01,1.484,0.8343798409572255,True,True,0.6496201590427745,0.6496201590427745
Malaysia,Holt-Winters,2016-01-01,2.023,0.8885989533031342,True,True,1.134401046696866,1.134401046696866
Malaysia,Holt-Winters,2016-02-01,1.656,0.9300627249159367,True,True,0.7259372750840632,0.7259372750840632
Malaysia,Holt-Winters,2016-03-01,1.743,0.9532841131120438,True,True,0.7897158868879564,0.7897158868879564
Malaysia,Holt-Winters,2016-04-01,1.925,0.920809983278176,True,True,1.004190016721824,1.004190016721824
Malaysia,Holt-Winters,2016-05-01,1.463,0.9169204639322731,True,True,0.546079536067727,0.546079536067727
Malaysia,Holt-Winters,2016-06-01,1.049,0.9848730173208972,True,True,0.06412698267910277,0.06412698267910277
Malaysia,Holt-Winters,2016-07-01,1.397,0.9686031520341831,True,True,0.4283968479658169,0.4283968479658169
Malaysia,Holt-Winters,2016-08-01,1.617,0.970699605276489,True,True,0.646300394723511,0.646300394723511
Malaysia,Holt-Winters,2016-09-01,1.078,0.8672554971931381,True,True,0.21074450280686197,0.21074450280686197
Malaysia,Holt-Winters,2016-10-01,1.237,0.8609444404778235,True,True,0.3760555595221766,0.3760555595221766
Malaysia,Holt-Winters,2016-11-01,1.141,0.8475427540090184,True,True,0.29345724599098166,0.29345724599098166
Malaysia,Holt-Winters,2016-12-01,1.201,0.8515981379623198,True,True,0.3494018620376803,0.3494018620376803
Malaysia,Holt-Winters,2017-01-01,1.252,0.9058172503082285,True,True,0.34618274969177154,0.34618274969177154
Malaysia,Holt-Winters,2017-02-01,0.905,0.947281021921031,True,True,-0.042281021921031,0.042281021921031
Malaysia,Holt-Winters,2017-03-01,0.733,0.9705024101171381,True,True,-0.23750241011713813,0.23750241011713813
Malaysia,Holt-Winters,2017-04-01,0.801,0.9380282802832702,True,True,-0.1370282802832702,0.1370282802832702
Malaysia,Holt-Winters,2017-05-01,0.957,0.9341387609373674,True,True,0.0228612390626326,0.0228612390626326
Malaysia,Holt-Winters,2017-06-01,0.981,1.0020913143259913,True,True,-0.021091314325991317,0.021091314325991317
Malaysia,Holt-Winters,2017-07-01,1.078,0.9858214490392774,True,True,0.0921785509607227,0.0921785509607227
Malaysia,Holt-Winters,2017-08-01,0.999,0.9879179022815833,True,True,0.011082097718416728,0.011082097718416728
Malaysia,Holt-Winters,2017-09-01,0.91,0.8844737941982325,True,True,0.025526205801767565,0.025526205801767565
Malaysia,Holt-Winters,2017-10-01,1.222,0.8781627374829178,True,True,0.34383726251708213,0.34383726251708213
Malaysia,Holt-Winters,2017-11-01,1.221,0.8647610510141126,True,True,0.3562389489858875,0.3562389489858875
Malaysia,Holt-Winters,2017-12-01,1.102,0.868816434967414,True,True,0.23318356503258608,0.23318356503258608
Malaysia,Holt-Winters,2018-01-01,0.843,0.9230355473133227,True,True,-0.08003554731332274,0.08003554731332274
Malaysia,Holt-Winters,2018-02-01,0.696,0.9644993189261253,True,True,-0.26849931892612533,0.26849931892612533
Malaysia,Holt-Winters,2018-03-01,0.929,0.9877207071222324,True,True,-0.05872070712223232,0.05872070712223232
Malaysia,Holt-Winters,2018-04-01,0.959,0.9552465772883646,True,True,0.003753422711635368,0.003753422711635368
Malaysia,Holt-Winters,2018-05-01,0.675,0.9513570579424617,True,True,-0.2763570579424617,0.2763570579424617
Malaysia,Holt-Winters,2018-06-01,1.112,1.0193096113310856,True,True,0.09269038866891455,0.09269038866891455
Malaysia,Holt-Winters,2018-07-01,1.379,1.0030397460443714,True,True,0.3759602539556286,0.3759602539556286
Malaysia,Holt-Winters,2018-08-01,1.293,1.0051361992866774,True,True,0.2878638007133225,0.2878638007133225
Malaysia,Holt-Winters,2018-09-01,0.887,0.9016920912033267,True,True,-0.014692091203326707,0.014692091203326707
Malaysia,Holt-Winters,2018-10-01,1.128,0.8953810344880121,True,True,0.2326189655119878,0.2326189655119878
Malaysia,Holt-Winters,2018-11-01,1.317,0.881979348019207,True,True,0.435020651980793,0.435020651980793
Malaysia,Holt-Winters,2018-12-01,1.359,0.8860347319725084,True,True,0.4729652680274916,0.4729652680274916
Malaysia,Holt-Winters,2019-01-01,1.509,0.940253844318417,True,True,0.5687461556815829,0.5687461556815829
Malaysia,Holt-Winters,2019-02-01,1.242,0.9817176159312195,True,True,0.26028238406878046,0.26028238406878046
Malaysia,Holt-Winters,2019-03-01,1.179,1.0049390041273265,True,True,0.17406099587267354,0.17406099587267354
Malaysia,Holt-Winters,2019-04-01,1.429,0.9724648742934588,True,True,0.4565351257065412,0.4565351257065412
Malaysia,Holt-Winters,2019-05-01,1.428,0.968575354947556,True,True,0.45942464505244396,0.45942464505244396
Malaysia,Holt-Winters,2019-06-01,1.197,1.0365279083361798,True,True,0.16047209166382026,0.16047209166382026
Malaysia,Holt-Winters,2019-07-01,1.266,1.0202580430494659,True,True,0.24574195695053414,0.24574195695053414
Malaysia,Holt-Winters,2019-08-01,1.498,1.0223544962917717,True,True,0.47564550370822833,0.47564550370822833
Malaysia,Holt-Winters,2019-09-01,1.333,0.918910388208421,True,True,0.414089611791579,0.414089611791579
Malaysia,Holt-Winters,2019-10-01,1.02,0.9125993314931063,True,True,0.10740066850689367,0.10740066850689367
Malaysia,Holt-Winters,2019-11-01,1.357,0.8991976450243012,True,True,0.45780235497569877,0.45780235497569877
Malaysia,Holt-Winters,2019-12-01,1.146,0.9032530289776026,True,True,0.24274697102239728,0.24274697102239728
Malaysia,Holt-Winters,2020-01-01,1.462,0.9574721413235113,True,True,0.5045278586764886,0.5045278586764886
Malaysia,Holt-Winters,2020-02-01,1.371,0.9989359129363139,True,True,0.3720640870636861,0.3720640870636861
Malaysia,Holt-Winters,2020-03-01,1.486,1.0221573011324208,True,True,0.46384269886757923,0.46384269886757923
Malaysia,Holt-Winters,2020-04-01,1.44,0.9896831712985531,True,True,0.45031682870144685,0.45031682870144685
Malaysia,Holt-Winters,2020-05-01,1.445,0.9857936519526502,True,True,0.45920634804734983,0.45920634804734983
Malaysia,Holt-Winters,2020-06-01,1.097,1.0537462053412743,True,True,0.0432537946587257,0.0432537946587257
Malaysia,Holt-Winters,2020-07-01,1.125,1.0374763400545601,True,True,0.08752365994543987,0.08752365994543987
Malaysia,Holt-Winters,2020-08-01,1.274,1.0395727932968661,True,True,0.23442720670313388,0.23442720670313388
Malaysia,Holt-Winters,2020-09-01,1.027,0.9361286852135153,True,True,0.09087131478648458,0.09087131478648458
Malaysia,Holt-Winters,2020-10-01,1.305,0.9298176284982006,True,True,0.37518237150179934,0.37518237150179934
Malaysia,Holt-Winters,2020-11-01,1.198,0.9164159420293955,True,True,0.2815840579706045,0.2815840579706045
Malaysia,Holt-Winters,2020-12-01,1.178,0.9204713259826969,True,True,0.25752867401730306,0.25752867401730306
Malaysia,Holt-Winters,2021-01-01,0.843,0.9746904383286056,True,True,-0.1316904383286056,0.1316904383286056
Malaysia,Holt-Winters,2021-02-01,0.867,1.016154209941408,True,True,-0.14915420994140804,0.14915420994140804
Malaysia,Holt-Winters,2021-03-01,1.105,1.0393755981375152,True,True,0.06562440186248475,0.06562440186248475
Malaysia,Holt-Winters,2021-04-01,0.91,1.0069014683036472,True,True,-0.09690146830364721,0.09690146830364721
Malaysia,Holt-Winters,2021-05-01,0.832,1.0030119489577443,True,True,-0.1710119489577443,0.1710119489577443
Malaysia,Holt-Winters,2021-06-01,1.098,1.0709645023463683,True,True,0.02703549765363178,0.02703549765363178
Malaysia,Holt-Winters,2021-07-01,1.45,1.0546946370596544,True,True,0.3953053629403456,0.3953053629403456
Malaysia,Holt-Winters,2021-08-01,1.165,1.0567910903019604,True,True,0.10820890969803965,0.10820890969803965
Malaysia,Holt-Winters,2021-09-01,1.046,0.9533469822186096,True,True,0.09265301778139046,0.09265301778139046
Malaysia,Holt-Winters,2021-10-01,1.616,0.947035925503295,True,True,0.6689640744967051,0.6689640744967051
Malaysia,Holt-Winters,2021-11-01,1.158,0.9336342390344898,True,True,0.22436576096551009,0.22436576096551009
Malaysia,Holt-Winters,2021-12-01,1.145,0.9376896229877911,True,True,0.2073103770122089,0.2073103770122089
Malaysia,Holt-Winters,2022-01-01,1.304,0.9919087353336999,True,True,0.3120912646663001,0.3120912646663001
Malaysia,Holt-Winters,2022-02-01,1.163,1.0333725069465023,True,True,0.12962749305349774,0.12962749305349774
Malaysia,Holt-Winters,2022-03-01,1.138,1.0565938951426095,True,True,0.08140610485739042,0.08140610485739042
Malaysia,Holt-Winters,2022-04-01,0.896,1.0241197653087415,True,True,-0.12811976530874147,0.12811976530874147
Malaysia,Holt-Winters,2022-05-01,1.036,1.0202302459628385,True,True,0.01576975403716152,0.01576975403716152
Malaysia,Holt-Winters,2022-06-01,0.827,1.0881827993514628,True,True,-0.2611827993514628,0.2611827993514628
Malaysia,Holt-Winters,2022-07-01,1.333,1.0719129340647486,True,True,0.26108706593525133,0.26108706593525133
Malaysia,Holt-Winters,2022-08-01,0.976,1.0740093873070546,True,True,-0.09800938730705466,0.09800938730705466
Malaysia,Holt-Winters,2022-09-01,0.729,0.9705652792237038,True,True,-0.24156527922370385,0.24156527922370385
Malaysia,Holt-Winters,2022-10-01,0.773,0.9642542225083893,True,True,-0.1912542225083893,0.1912542225083893
Malaysia,Holt-Winters,2022-11-01,0.846,0.9508525360395841,True,True,-0.10485253603958411,0.10485253603958411
Malaysia,Holt-Winters,2022-12-01,0.475,0.9549079199928854,True,True,-0.4799079199928854,0.4799079199928854
Malaysia,Holt-Winters,2023-01-01,1.067,1.009127032338794,True,True,0.057872967661205976,0.057872967661205976
Malaysia,Holt-Winters,2023-02-01,0.773,1.0505908039515965,True,True,-0.2775908039515965,0.2775908039515965
Malaysia,Holt-Winters,2023-03-01,0.614,1.0738121921477037,True,True,-0.45981219214770375,0.45981219214770375
Malaysia,Holt-Winters,2023-04-01,1.178,1.0413380623138357,True,True,0.1366619376861642,0.1366619376861642
Malaysia,Holt-Winters,2023-05-01,1.387,1.037448542967933,True,True,0.349551457032067,0.349551457032067
Malaysia,Holt-Winters,2023-06-01,1.32,1.105401096356557,True,True,0.21459890364344303,0.21459890364344303
Malaysia,Holt-Winters,2023-07-01,1.312,1.0891312310698429,True,True,0.22286876893015717,0.22286876893015717
Malaysia,Holt-Winters,2023-08-01,1.359,1.091227684312149,True,True,0.2677723156878511,0.2677723156878511
Malaysia,Holt-Winters,2023-09-01,1.247,0.9877835762287981,True,True,0.259216423771202,0.259216423771202
Malaysia,Holt-Winters,2023-10-01,1.561,0.9814725195134836,True,True,0.5795274804865164,0.5795274804865164
Malaysia,Holt-Winters,2023-11-01,1.321,0.9680708330446783,True,True,0.3529291669553216,0.3529291669553216
Malaysia,Holt-Winters,2023-12-01,1.599,0.9721262169979799,True,True,0.6268737830020201,0.6268737830020201
Malaysia,SARIMA,2014-01-01,0.14,0.8792204588557104,True,True,-0.7392204588557104,0.7392204588557104
Malaysia,SARIMA,2014-02-01,0.636,0.9335484968685198,True,True,-0.2975484968685198,0.2975484968685198
Malaysia,SARIMA,2014-03-01,0.984,0.9013311939017838,True,True,0.08266880609821614,0.08266880609821614
Malaysia,SARIMA,2014-04-01,1.055,0.8736279833217799,True,True,0.18137201667822,0.18137201667822
Malaysia,SARIMA,2014-05-01,1.039,0.8842032133262585,True,True,0.15479678667374142,0.15479678667374142
Malaysia,SARIMA,2014-06-01,1.516,0.9479591328671824,True,True,0.5680408671328177,0.5680408671328177
Malaysia,SARIMA,2014-07-01,1.39,0.9659164498646424,True,True,0.4240835501353575,0.4240835501353575
Malaysia,SARIMA,2014-08-01,0.513,0.996324350923945,True,True,-0.483324350923945,0.483324350923945
Malaysia,SARIMA,2014-09-01,0.853,0.8529386783072048,True,True,6.132169279515765e-05,6.132169279515765e-05
Malaysia,SARIMA,2014-10-01,0.85,0.8435962126535528,True,True,0.006403787346447198,0.006403787346447198
Malaysia,SARIMA,2014-11-01,0.848,0.8140175127036351,True,True,0.03398248729636488,0.03398248729636488
Malaysia,SARIMA,2014-12-01,0.801,0.8200561903189866,True,True,-0.019056190318986532,0.019056190318986532
Malaysia,SARIMA,2015-01-01,0.571,0.9101348832866215,True,True,-0.33913488328662156,0.33913488328662156
Malaysia,SARIMA,2015-02-01,0.642,0.9330585601063514,True,True,-0.29105856010635134,0.29105856010635134
Malaysia,SARIMA,2015-03-01,0.959,0.9534570486201033,True,True,0.005542951379896688,0.005542951379896688
Malaysia,SARIMA,2015-04-01,1.027,0.8940863047906072,True,True,0.13291369520939267,0.13291369520939267
Malaysia,SARIMA,2015-05-01,0.945,0.9166617430561735,True,True,0.028338256943826412,0.028338256943826412
Malaysia,SARIMA,2015-06-01,1.294,1.0123507917349752,True,True,0.2816492082650248,0.2816492082650248
Malaysia,SARIMA,2015-07-01,1.538,0.9805909505936407,True,True,0.5574090494063594,0.5574090494063594
Malaysia,SARIMA,2015-08-01,1.059,1.0066452002698678,True,True,0.05235479973013213,0.05235479973013213
Malaysia,SARIMA,2015-09-01,1.243,0.8663078605929176,True,True,0.37669213940708246,0.37669213940708246
Malaysia,SARIMA,2015-10-01,1.334,0.8583048593374448,True,True,0.47569514066255525,0.47569514066255525
Malaysia,SARIMA,2015-11-01,1.141,0.8356103038682724,True,True,0.3053896961317276,0.3053896961317276
Malaysia,SARIMA,2015-12-01,1.484,0.8517199976485899,True,True,0.6322800023514101,0.6322800023514101
Malaysia,SARIMA,2016-01-01,2.023,0.9330657908905181,True,True,1.0899342091094821,1.0899342091094821
Malaysia,SARIMA,2016-02-01,1.656,0.9606052988815069,True,True,0.695394701118493,0.695394701118493
Malaysia,SARIMA,2016-03-01,1.743,0.9746744965549053,True,True,0.7683255034450948,0.7683255034450948
Malaysia,SARIMA,2016-04-01,1.925,0.9197276286840791,True,True,1.0052723713159208,1.0052723713159208
Malaysia,SARIMA,2016-05-01,1.463,0.9396684558105947,True,True,0.5233315441894054,0.5233315441894054
Malaysia,SARIMA,2016-06-01,1.049,1.0341219115719078,True,True,0.014878088428092129,0.014878088428092129
Malaysia,SARIMA,2016-07-01,1.397,1.0052139961498383,True,True,0.3917860038501617,0.3917860038501617
Malaysia,SARIMA,2016-08-01,1.617,1.0329836995387798,True,True,0.5840163004612202,0.5840163004612202
Malaysia,SARIMA,2016-09-01,1.078,0.8911205005408104,True,True,0.1868794994591897,0.1868794994591897
Malaysia,SARIMA,2016-10-01,1.237,0.8841931680843804,True,True,0.3528068319156197,0.3528068319156197
Malaysia,SARIMA,2016-11-01,1.141,0.8597844945841961,True,True,0.28121550541580387,0.28121550541580387
Malaysia,SARIMA,2016-12-01,1.201,0.8760856332845101,True,True,0.32491436671549,0.32491436671549
Malaysia,SARIMA,2017-01-01,1.252,0.9571859104487109,True,True,0.29481408955128907,0.29481408955128907
Malaysia,SARIMA,2017-02-01,0.905,0.985267481577817,True,True,-0.08026748157781693,0.08026748157781693
Malaysia,SARIMA,2017-03-01,0.733,0.998996112321121,True,True,-0.26599611232112097,0.26599611232112097
Malaysia,SARIMA,2017-04-01,0.801,0.9445026202347945,True,True,-0.14350262023479443,0.14350262023479443
Malaysia,SARIMA,2017-05-01,0.957,0.9638843066695202,True,True,-0.006884306669520224,0.006884306669520224
Malaysia,SARIMA,2017-06-01,0.981,1.05918437851845,True,True,-0.07818437851845006,0.07818437851845006
Malaysia,SARIMA,2017-07-01,1.078,1.0293335645839132,True,True,0.04866643541608684,0.04866643541608684
Malaysia,SARIMA,2017-08-01,0.999,1.0576131843929166,True,True,-0.05861318439291663,0.05861318439291663
Malaysia,SARIMA,2017-09-01,0.91,0.9152616854349721,True,True,-0.005261685434972074,0.005261685434972074
Malaysia,SARIMA,2017-10-01,1.222,0.908825631862245,True,True,0.313174368137755,0.313174368137755
Malaysia,SARIMA,2017-11-01,1.221,0.8840142499723832,True,True,0.3369857500276169,0.3369857500276169
Malaysia,SARIMA,2017-12-01,1.102,0.9008173001567851,True,True,0.20118269984321502,0.20118269984321502
Malaysia,SARIMA,2018-01-01,0.843,0.9814502143851517,True,True,-0.1384502143851517,0.1384502143851517
Malaysia,SARIMA,2018-02-01,0.696,1.0099454743195084,True,True,-0.3139454743195085,0.3139454743195085
Malaysia,SARIMA,2018-03-01,0.929,1.0232696393719252,True,True,-0.09426963937192512,0.09426963937192512
Malaysia,SARIMA,2018-04-01,0.959,0.9691458946041318,True,True,-0.010145894604131844,0.010145894604131844
Malaysia,SARIMA,2018-05-01,0.675,0.988190503385024,True,True,-0.31319050338502397,0.31319050338502397
Malaysia,SARIMA,2018-06-01,1.112,1.0837807180058647,True,True,0.02821928199413537,0.02821928199413537
Malaysia,SARIMA,2018-07-01,1.379,1.0536689744525451,True,True,0.32533102554745486,0.32533102554745486
Malaysia,SARIMA,2018-08-01,1.293,1.082227028784864,True,True,0.21077297121513583,0.21077297121513583
Malaysia,SARIMA,2018-09-01,0.887,0.9396138252774474,True,True,-0.0526138252774474,0.0526138252774474
Malaysia,SARIMA,2018-10-01,1.128,0.9334217035346504,True,True,0.19457829646534952,0.19457829646534952
Malaysia,SARIMA,2018-11-01,1.317,0.9083752800144863,True,True,0.40862471998551364,0.40862471998551364
Malaysia,SARIMA,2018-12-01,1.359,0.9253892873333919,True,True,0.4336107126666081,0.4336107126666081
Malaysia,SARIMA,2019-01-01,1.509,1.005822930688592,True,True,0.5031770693114079,0.5031770693114079
Malaysia,SARIMA,2019-02-01,1.242,1.03450826521043,True,True,0.20749173478956995,0.20749173478956995
Malaysia,SARIMA,2019-03-01,1.179,1.0476545775974424,True,True,0.13134542240255764,0.13134542240255764
Malaysia,SARIMA,2019-04-01,1.429,0.9936994065567647,True,True,0.43530059344323535,0.43530059344323535
Malaysia,SARIMA,2019-05-01,1.428,1.012584189325469,True,True,0.4154158106745309,0.4154158106745309
Malaysia,SARIMA,2019-06-01,1.197,1.1083273754742464,True,True,0.08867262452575364,0.08867262452575364
Malaysia,SARIMA,2019-07-01,1.266,1.078070410601062,True,True,0.1879295893989381,0.1879295893989381
Malaysia,SARIMA,2019-08-01,1.498,1.1067625107428916,True,True,0.39123748925710844,0.39123748925710844
Malaysia,SARIMA,2019-09-01,1.333,0.9640229353647124,True,True,0.36897706463528757,0.36897706463528757
Malaysia,SARIMA,2019-10-01,1.02,0.957950126815451,True,True,0.06204987318454902,0.06204987318454902
Malaysia,SARIMA,2019-11-01,1.357,0.9327917172910039,True,True,0.42420828270899613,0.42420828270899613
Malaysia,SARIMA,2019-12-01,1.146,0.949912156672931,True,True,0.19608784332706886,0.19608784332706886
Malaysia,SARIMA,2020-01-01,1.462,1.0302455482157011,True,True,0.43175445178429883,0.43175445178429883
Malaysia,SARIMA,2020-02-01,1.371,1.0590251546187184,True,True,0.3119748453812816,0.3119748453812816
Malaysia,SARIMA,2020-03-01,1.486,1.072082524361389,True,True,0.41391747563861103,0.41391747563861103
Malaysia,SARIMA,2020-04-01,1.44,1.018211081665543,True,True,0.421788918334457,0.421788918334457
Malaysia,SARIMA,2020-05-01,1.445,1.0370170492938628,True,True,0.4079829507061372,0.4079829507061372
Malaysia,SARIMA,2020-06-01,1.097,1.1328343013553523,True,True,-0.03583430135535237,0.03583430135535237
Malaysia,SARIMA,2020-07-01,1.125,1.1025076348503733,True,True,0.022492365149626714,0.022492365149626714
Malaysia,SARIMA,2020-08-01,1.274,1.1312656570435946,True,True,0.1427343429564054,0.1427343429564054
Malaysia,SARIMA,2020-09-01,1.027,0.9884639668610581,True,True,0.03853603313894183,0.03853603313894183
Malaysia,SARIMA,2020-10-01,1.305,0.9824496706207678,True,True,0.3225503293792321,0.3225503293792321
Malaysia,SARIMA,2020-11-01,1.198,0.9572360853980967,True,True,0.24076391460190327,0.24076391460190327
Malaysia,SARIMA,2020-12-01,1.178,0.9744084401803236,True,True,0.20359155981967636,0.20359155981967636
Malaysia,SARIMA,2021-01-01,0.843,1.0546929071701499,True,True,-0.21169290717014988,0.21169290717014988
Malaysia,SARIMA,2021-02-01,0.867,1.0835186332136078,True,True,-0.21651863321360776,0.21651863321360776
Malaysia,SARIMA,2021-03-01,1.105,1.096532552738508,True,True,0.008467447261492067,0.008467447261492067
Malaysia,SARIMA,2021-04-01,0.91,1.0427020613543903,True,True,-0.13270206135439022,0.13270206135439022
Malaysia,SARIMA,2021-05-01,0.832,1.0614694324730152,True,True,-0.2294694324730152,0.2294694324730152
Malaysia,SARIMA,2021-06-01,1.098,1.1573230723317032,True,True,-0.059323072331703086,0.059323072331703086
Malaysia,SARIMA,2021-07-01,1.45,1.126962108892856,True,True,0.32303789110714387,0.32303789110714387
Malaysia,SARIMA,2021-08-01,1.165,1.155752429122682,True,True,0.00924757087731809,0.00924757087731809
Malaysia,SARIMA,2021-09-01,1.046,1.0129203033826661,True,True,0.0330796966173339,0.0330796966173339
Malaysia,SARIMA,2021-10-01,1.616,1.0069346889224022,True,True,0.6090653110775979,0.6090653110775979
Malaysia,SARIMA,2021-11-01,1.158,0.9816940795374792,True,True,0.1763059204625207,0.1763059204625207
Malaysia,SARIMA,2021-12-01,1.145,0.9988919064597812,True,True,0.1461080935402188,0.1461080935402188
Malaysia,SARIMA,2022-01-01,1.304,1.0791523708128132,True,True,0.22484762918718681,0.22484762918718681
Malaysia,SARIMA,2022-02-01,1.163,1.1080007135940995,True,True,0.05499928640590057,0.05499928640590057
Malaysia,SARIMA,2022-03-01,1.138,1.1209933200824933,True,True,0.017006679917506595,0.017006679917506595
Malaysia,SARIMA,2022-04-01,0.896,1.0671829118062728,True,True,-0.17118291180627276,0.17118291180627276
Malaysia,SARIMA,2022-05-01,1.036,1.0859313588025339,True,True,-0.049931358802533854,0.049931358802533854
Malaysia,SARIMA,2022-06-01,0.827,1.1818028297637884,True,True,-0.3548028297637884,0.3548028297637884
Malaysia,SARIMA,2022-07-01,1.333,1.1514250643774613,True,True,0.18157493562253868,0.18157493562253868
Malaysia,SARIMA,2022-08-01,0.976,1.180231219221916,True,True,-0.204231219221916,0.204231219221916
Malaysia,SARIMA,2022-09-01,0.729,1.0373841722221926,True,True,-0.3083841722221926,0.3083841722221926
Malaysia,SARIMA,2022-10-01,0.773,1.0314126182379768,True,True,-0.2584126182379768,0.2584126182379768
Malaysia,SARIMA,2022-11-01,0.846,1.0061587590823002,True,True,-0.16015875908230026,0.16015875908230026
Malaysia,SARIMA,2022-12-01,0.475,1.0233690709716743,True,True,-0.5483690709716743,0.5483690709716743
Malaysia,SARIMA,2023-01-01,1.067,1.103617770446635,True,True,-0.036617770446635056,0.036617770446635056
Malaysia,SARIMA,2023-02-01,0.773,1.1324771996499907,True,True,-0.3594771996499907,0.3594771996499907
Malaysia,SARIMA,2023-03-01,0.614,1.1454593592343452,True,True,-0.5314593592343452,0.5314593592343452
Malaysia,SARIMA,2023-04-01,1.178,1.0916587953529904,True,True,0.08634120464700956,0.08634120464700956
Malaysia,SARIMA,2023-05-01,1.387,1.1103979657118956,True,True,0.27660203428810437,0.27660203428810437
Malaysia,SARIMA,2023-06-01,1.32,1.2062781783763705,True,True,0.11372182162362954,0.11372182162362954
Malaysia,SARIMA,2023-07-01,1.312,1.175892175437296,True,True,0.1361078245627041,0.1361078245627041
Malaysia,SARIMA,2023-08-01,1.359,1.2047060925510096,True,True,0.1542939074489904,0.1542939074489904
Malaysia,SARIMA,2023-09-01,1.247,1.0618517309956381,True,True,0.185148269004362,0.185148269004362
Malaysia,SARIMA,2023-10-01,1.561,1.0558870696863885,True,True,0.5051129303136115,0.5051129303136115
Malaysia,SARIMA,2023-11-01,1.321,1.0306267154398823,True,True,0.2903732845601177,0.2903732845601177
Malaysia,SARIMA,2023-12-01,1.599,1.0478431478418833,True,True,0.5511568521581167,0.5511568521581167
Malaysia,XGBoost,2014-01-01,0.14,0.7217251658439636,True,True,-0.5817251658439636,0.5817251658439636
Malaysia,XGBoost,2014-02-01,0.636,0.6618458032608032,True,True,-0.025845803260803213,0.025845803260803213
Malaysia,XGBoost,2014-03-01,0.984,0.584333598613739,True,True,0.39966640138626097,0.39966640138626097
Malaysia,XGBoost,2014-04-01,1.055,0.5594084858894348,True,True,0.4955915141105651,0.4955915141105651
Malaysia,XGBoost,2014-05-01,1.039,0.6402283906936646,True,True,0.3987716093063354,0.3987716093063354
Malaysia,XGBoost,2014-06-01,1.516,0.6355982422828674,True,True,0.8804017577171326,0.8804017577171326
Malaysia,XGBoost,2014-07-01,1.39,0.6227102279663086,True,True,0.7672897720336913,0.7672897720336913
Malaysia,XGBoost,2014-08-01,0.513,0.6435112357139587,True,True,-0.13051123571395873,0.13051123571395873
Malaysia,XGBoost,2014-09-01,0.853,0.6286821365356445,True,True,0.22431786346435545,0.22431786346435545
Malaysia,XGBoost,2014-10-01,0.85,0.637894332408905,True,True,0.21210566759109495,0.21210566759109495
Malaysia,XGBoost,2014-11-01,0.848,0.645098090171814,True,True,0.202901909828186,0.202901909828186
Malaysia,XGBoost,2014-12-01,0.801,0.6389675140380859,True,True,0.1620324859619141,0.1620324859619141
Malaysia,XGBoost,2015-01-01,0.571,0.6103106737136841,True,True,-0.03931067371368413,0.03931067371368413
Malaysia,XGBoost,2015-02-01,0.642,0.6056845188140869,True,True,0.0363154811859131,0.0363154811859131
Malaysia,XGBoost,2015-03-01,0.959,0.5749887824058533,True,True,0.3840112175941467,0.3840112175941467
Malaysia,XGBoost,2015-04-01,1.027,0.6283848881721497,True,True,0.39861511182785025,0.39861511182785025
Malaysia,XGBoost,2015-05-01,0.945,0.6111887693405151,True,True,0.3338112306594848,0.3338112306594848
Malaysia,XGBoost,2015-06-01,1.294,0.5923320651054382,True,True,0.7016679348945618,0.7016679348945618
Malaysia,XGBoost,2015-07-01,1.538,0.6366322040557861,True,True,0.9013677959442139,0.9013677959442139
Malaysia,XGBoost,2015-08-01,1.059,0.6400070786476135,True,True,0.4189929213523864,0.4189929213523864
Malaysia,XGBoost,2015-09-01,1.243,0.62345951795578,True,True,0.6195404820442201,0.6195404820442201
Malaysia,XGBoost,2015-10-01,1.334,0.6588757038116455,True,True,0.6751242961883546,0.6751242961883546
Malaysia,XGBoost,2015-11-01,1.141,0.6563260555267334,True,True,0.4846739444732666,0.4846739444732666
Malaysia,XGBoost,2015-12-01,1.484,0.6434510350227356,True,True,0.8405489649772644,0.8405489649772644
Malaysia,XGBoost,2016-01-01,2.023,0.6171070337295532,True,True,1.405892966270447,1.405892966270447
Malaysia,XGBoost,2016-02-01,1.656,0.6227898597717285,True,True,1.0332101402282714,1.0332101402282714
Malaysia,XGBoost,2016-03-01,1.743,0.624012291431427,True,True,1.118987708568573,1.118987708568573
Malaysia,XGBoost,2016-04-01,1.925,0.6119982004165649,True,True,1.313001799583435,1.313001799583435
Malaysia,XGBoost,2016-05-01,1.463,0.6252945065498352,True,True,0.8377054934501649,0.8377054934501649
Malaysia,XGBoost,2016-06-01,1.049,0.6300870180130005,True,True,0.41891298198699944,0.41891298198699944
Malaysia,XGBoost,2016-07-01,1.397,0.6365307569503784,True,True,0.7604692430496216,0.7604692430496216
Malaysia,XGBoost,2016-08-01,1.617,0.6437230110168457,True,True,0.9732769889831543,0.9732769889831543
Malaysia,XGBoost,2016-09-01,1.078,0.620668351650238,True,True,0.45733164834976203,0.45733164834976203
Malaysia,XGBoost,2016-10-01,1.237,0.6550969481468201,True,True,0.58190305185318,0.58190305185318
Malaysia,XGBoost,2016-11-01,1.141,0.652547299861908,True,True,0.48845270013809206,0.48845270013809206
Malaysia,XGBoost,2016-12-01,1.201,0.645960807800293,True,True,0.5550391921997071,0.5550391921997071
Malaysia,XGBoost,2017-01-01,1.252,0.6075080037117004,True,True,0.6444919962882996,0.6444919962882996
Malaysia,XGBoost,2017-02-01,0.905,0.6125462055206299,True,True,0.29245379447937014,0.29245379447937014
Malaysia,XGBoost,2017-03-01,0.733,0.6084513068199158,True,True,0.12454869318008421,0.12454869318008421
Malaysia,XGBoost,2017-04-01,0.801,0.6281588673591614,True,True,0.17284113264083867,0.17284113264083867
Malaysia,XGBoost,2017-05-01,0.957,0.6194689273834229,True,True,0.3375310726165771,0.3375310726165771
Malaysia,XGBoost,2017-06-01,0.981,0.629557192325592,True,True,0.35144280767440794,0.35144280767440794
Malaysia,XGBoost,2017-07-01,1.078,0.6432445049285889,True,True,0.4347554950714112,0.4347554950714112
Malaysia,XGBoost,2017-08-01,0.999,0.6402696967124939,True,True,0.3587303032875061,0.3587303032875061
Malaysia,XGBoost,2017-09-01,0.91,0.620668351650238,True,True,0.289331648349762,0.289331648349762
Malaysia,XGBoost,2017-10-01,1.222,0.6566058993339539,True,True,0.5653941006660461,0.5653941006660461
Malaysia,XGBoost,2017-11-01,1.221,0.6540562510490417,True,True,0.5669437489509583,0.5669437489509583
Malaysia,XGBoost,2017-12-01,1.102,0.645960807800293,True,True,0.4560391921997071,0.4560391921997071
Malaysia,XGBoost,2018-01-01,0.843,0.6039119362831116,True,True,0.2390880637168884,0.2390880637168884
Malaysia,XGBoost,2018-02-01,0.696,0.6148681640625,True,True,0.08113183593749995,0.08113183593749995
Malaysia,XGBoost,2018-03-01,0.929,0.6189286112785339,True,True,0.3100713887214661,0.3100713887214661
Malaysia,XGBoost,2018-04-01,0.959,0.6222408413887024,True,True,0.33675915861129757,0.33675915861129757
Malaysia,XGBoost,2018-05-01,0.675,0.6322715878486633,True,True,0.042728412151336714,0.042728412151336714
Malaysia,XGBoost,2018-06-01,1.112,0.6305949687957764,True,True,0.48140503120422373,0.48140503120422373
Malaysia,XGBoost,2018-07-01,1.379,0.638749897480011,True,True,0.740250102519989,0.740250102519989
Malaysia,XGBoost,2018-08-01,1.293,0.6437230110168457,True,True,0.6492769889831542,0.6492769889831542
Malaysia,XGBoost,2018-09-01,0.887,0.620668351650238,True,True,0.266331648349762,0.266331648349762
Malaysia,XGBoost,2018-10-01,1.128,0.6566058993339539,True,True,0.47139410066604603,0.47139410066604603
Malaysia,XGBoost,2018-11-01,1.317,0.652547299861908,True,True,0.664452700138092,0.664452700138092
Malaysia,XGBoost,2018-12-01,1.359,0.645960807800293,True,True,0.713039192199707,0.713039192199707
Malaysia,XGBoost,2019-01-01,1.509,0.6075080037117004,True,True,0.9014919962882995,0.9014919962882995
Malaysia,XGBoost,2019-02-01,1.242,0.608950138092041,True,True,0.633049861907959,0.633049861907959
Malaysia,XGBoost,2019-03-01,1.179,0.6166066527366638,True,True,0.5623933472633362,0.5623933472633362
Malaysia,XGBoost,2019-04-01,1.429,0.6281588673591614,True,True,0.8008411326408387,0.8008411326408387
Malaysia,XGBoost,2019-05-01,1.428,0.6253869533538818,True,True,0.8026130466461181,0.8026130466461181
Malaysia,XGBoost,2019-06-01,1.197,0.6365307569503784,True,True,0.5604692430496216,0.5604692430496216
Malaysia,XGBoost,2019-07-01,1.266,0.6422032117843628,True,True,0.6237967882156372,0.6237967882156372
Malaysia,XGBoost,2019-08-01,1.498,0.6382109522819519,True,True,0.8597890477180481,0.8597890477180481
Malaysia,XGBoost,2019-09-01,1.333,0.620668351650238,True,True,0.7123316483497619,0.7123316483497619
Malaysia,XGBoost,2019-10-01,1.02,0.6566058993339539,True,True,0.36339410066604616,0.36339410066604616
Malaysia,XGBoost,2019-11-01,1.357,0.6540562510490417,True,True,0.7029437489509582,0.7029437489509582
Malaysia,XGBoost,2019-12-01,1.146,0.645960807800293,True,True,0.5000391921997069,0.5000391921997069
Malaysia,XGBoost,2020-01-01,1.462,0.6075080037117004,True,True,0.8544919962882995,0.8544919962882995
Malaysia,XGBoost,2020-02-01,1.371,0.608950138092041,True,True,0.762049861907959,0.762049861907959
Malaysia,XGBoost,2020-03-01,1.486,0.613010585308075,True,True,0.872989414691925,0.872989414691925
Malaysia,XGBoost,2020-04-01,1.44,0.6281588673591614,True,True,0.8118411326408386,0.8118411326408386
Malaysia,XGBoost,2020-05-01,1.445,0.6253869533538818,True,True,0.8196130466461182,0.8196130466461182
Malaysia,XGBoost,2020-06-01,1.097,0.6365307569503784,True,True,0.46046924304962156,0.46046924304962156
Malaysia,XGBoost,2020-07-01,1.125,0.6422032117843628,True,True,0.4827967882156372,0.4827967882156372
Malaysia,XGBoost,2020-08-01,1.274,0.6382109522819519,True,True,0.6357890477180481,0.6357890477180481
Malaysia,XGBoost,2020-09-01,1.027,0.620668351650238,True,True,0.4063316483497619,0.4063316483497619
Malaysia,XGBoost,2020-10-01,1.305,0.6566058993339539,True,True,0.6483941006660461,0.6483941006660461
Malaysia,XGBoost,2020-11-01,1.198,0.652547299861908,True,True,0.545452700138092,0.545452700138092
Malaysia,XGBoost,2020-12-01,1.178,0.645960807800293,True,True,0.532039192199707,0.532039192199707
Malaysia,XGBoost,2021-01-01,0.843,0.6075080037117004,True,True,0.23549199628829953,0.23549199628829953
Malaysia,XGBoost,2021-02-01,0.867,0.6125462055206299,True,True,0.2544537944793701,0.2544537944793701
Malaysia,XGBoost,2021-03-01,1.105,0.613010585308075,True,True,0.49198941469192503,0.49198941469192503
Malaysia,XGBoost,2021-04-01,0.91,0.6281588673591614,True,True,0.28184113264083865,0.28184113264083865
Malaysia,XGBoost,2021-05-01,0.832,0.6253869533538818,True,True,0.20661304664611813,0.20661304664611813
Malaysia,XGBoost,2021-06-01,1.098,0.6365307569503784,True,True,0.46146924304962167,0.46146924304962167
Malaysia,XGBoost,2021-07-01,1.45,0.6422032117843628,True,True,0.8077967882156372,0.8077967882156372
Malaysia,XGBoost,2021-08-01,1.165,0.6382109522819519,True,True,0.5267890477180481,0.5267890477180481
Malaysia,XGBoost,2021-09-01,1.046,0.620668351650238,True,True,0.425331648349762,0.425331648349762
Malaysia,XGBoost,2021-10-01,1.616,0.6566058993339539,True,True,0.9593941006660462,0.9593941006660462
Malaysia,XGBoost,2021-11-01,1.158,0.6540562510490417,True,True,0.5039437489509582,0.5039437489509582
Malaysia,XGBoost,2021-12-01,1.145,0.645960807800293,True,True,0.49903919219970705,0.49903919219970705
Malaysia,XGBoost,2022-01-01,1.304,0.6075080037117004,True,True,0.6964919962882996,0.6964919962882996
Malaysia,XGBoost,2022-02-01,1.163,0.6125462055206299,True,True,0.5504537944793702,0.5504537944793702
Malaysia,XGBoost,2022-03-01,1.138,0.613010585308075,True,True,0.524989414691925,0.524989414691925
Malaysia,XGBoost,2022-04-01,0.896,0.6281588673591614,True,True,0.26784113264083864,0.26784113264083864
Malaysia,XGBoost,2022-05-01,1.036,0.6253869533538818,True,True,0.4106130466461182,0.4106130466461182
Malaysia,XGBoost,2022-06-01,0.827,0.6365307569503784,True,True,0.19046924304962154,0.19046924304962154
Malaysia,XGBoost,2022-07-01,1.333,0.6422032117843628,True,True,0.6907967882156372,0.6907967882156372
Malaysia,XGBoost,2022-08-01,0.976,0.6382109522819519,True,True,0.3377890477180481,0.3377890477180481
Malaysia,XGBoost,2022-09-01,0.729,0.620668351650238,True,True,0.10833164834976194,0.10833164834976194
Malaysia,XGBoost,2022-10-01,0.773,0.6566058993339539,True,True,0.11639410066604616,0.11639410066604616
Malaysia,XGBoost,2022-11-01,0.846,0.652547299861908,True,True,0.19345270013809202,0.19345270013809202
Malaysia,XGBoost,2022-12-01,0.475,0.645960807800293,True,True,-0.170960807800293,0.170960807800293
Malaysia,XGBoost,2023-01-01,1.067,0.6075080037117004,True,True,0.4594919962882995,0.4594919962882995
Malaysia,XGBoost,2023-02-01,0.773,0.608950138092041,True,True,0.164049861907959,0.164049861907959
Malaysia,XGBoost,2023-03-01,0.614,0.613010585308075,True,True,0.000989414691925039,0.000989414691925039
Malaysia,XGBoost,2023-04-01,1.178,0.6281588673591614,True,True,0.5498411326408386,0.5498411326408386
Malaysia,XGBoost,2023-05-01,1.387,0.6253869533538818,True,True,0.7616130466461182,0.7616130466461182
Malaysia,XGBoost,2023-06-01,1.32,0.6365307569503784,True,True,0.6834692430496216,0.6834692430496216
Malaysia,XGBoost,2023-07-01,1.312,0.6422032117843628,True,True,0.6697967882156373,0.6697967882156373
Malaysia,XGBoost,2023-08-01,1.359,0.6382109522819519,True,True,0.7207890477180481,0.7207890477180481
Malaysia,XGBoost,2023-09-01,1.247,0.620668351650238,True,True,0.6263316483497621,0.6263316483497621
Malaysia,XGBoost,2023-10-01,1.561,0.6566058993339539,True,True,0.9043941006660461,0.9043941006660461
Malaysia,XGBoost,2023-11-01,1.321,0.6540562510490417,True,True,0.6669437489509582,0.6669437489509582
Malaysia,XGBoost,2023-12-01,1.599,0.645960807800293,True,True,0.953039192199707,0.953039192199707
Malaysia,Prophet,2014-01-01,0.14,0.7421759393845263,True,True,-0.6021759393845263,0.6021759393845263
Malaysia,Prophet,2014-02-01,0.636,0.7897634925466914,True,True,-0.15376349254669142,0.15376349254669142
Malaysia,Prophet,2014-03-01,0.984,0.802069944812241,True,True,0.18193005518775895,0.18193005518775895
Malaysia,Prophet,2014-04-01,1.055,0.7402109616979552,True,True,0.31478903830204474,0.31478903830204474
Malaysia,Prophet,2014-05-01,1.039,0.7289902162602239,True,True,0.31000978373977606,0.31000978373977606
Malaysia,Prophet,2014-06-01,1.516,0.8354434520225178,True,True,0.6805565479774822,0.6805565479774822
Malaysia,Prophet,2014-07-01,1.39,0.8214095661576266,True,True,0.5685904338423733,0.5685904338423733
Malaysia,Prophet,2014-08-01,0.513,0.8379786595768488,True,True,-0.3249786595768488,0.3249786595768488
Malaysia,Prophet,2014-09-01,0.853,0.6948238744756259,True,True,0.1581761255243741,0.1581761255243741
Malaysia,Prophet,2014-10-01,0.85,0.6976992604480787,True,True,0.15230073955192125,0.15230073955192125
Malaysia,Prophet,2014-11-01,0.848,0.6836588157471506,True,True,0.16434118425284938,0.16434118425284938
Malaysia,Prophet,2014-12-01,0.801,0.6877994813856493,True,True,0.11320051861435076,0.11320051861435076
Malaysia,Prophet,2015-01-01,0.571,0.7611905864615046,True,True,-0.19019058646150466,0.19019058646150466
Malaysia,Prophet,2015-02-01,0.642,0.808019404021087,True,True,-0.16601940402108695,0.16601940402108695
Malaysia,Prophet,2015-03-01,0.959,0.8192572079545604,True,True,0.1397427920454396,0.1397427920454396
Malaysia,Prophet,2015-04-01,1.027,0.7577705493617216,True,True,0.2692294506382783,0.2692294506382783
Malaysia,Prophet,2015-05-01,0.945,0.7482100032065974,True,True,0.1967899967934026,0.1967899967934026
Malaysia,Prophet,2015-06-01,1.294,0.8550632025610777,True,True,0.43893679743892233,0.43893679743892233
Malaysia,Prophet,2015-07-01,1.538,0.8403618491843527,True,True,0.6976381508156473,0.6976381508156473
Malaysia,Prophet,2015-08-01,1.059,0.8558478147965192,True,True,0.20315218520348077,0.20315218520348077
Malaysia,Prophet,2015-09-01,1.243,0.712640770478189,True,True,0.5303592295218111,0.5303592295218111
Malaysia,Prophet,2015-10-01,1.334,0.7161205043678945,True,True,0.6178794956321055,0.6178794956321055
Malaysia,Prophet,2015-11-01,1.141,0.702375003011751,True,True,0.43862499698824897,0.43862499698824897
Malaysia,Prophet,2015-12-01,1.484,0.706717678037489,True,True,0.777282321962511,0.777282321962511
Malaysia,Prophet,2016-01-01,2.023,0.7801794445136085,True,True,1.2428205554863916,1.2428205554863916
Malaysia,Prophet,2016-02-01,1.656,0.8262286619241936,True,True,0.8297713380758063,0.8297713380758063
Malaysia,Prophet,2016-03-01,1.743,0.8414360498953573,True,True,0.9015639501046429,0.9015639501046429
Malaysia,Prophet,2016-04-01,1.925,0.7790440749939327,True,True,1.1459559250060674,1.1459559250060674
Malaysia,Prophet,2016-05-01,1.463,0.7645472671299113,True,True,0.6984527328700888,0.6984527328700888
Malaysia,Prophet,2016-06-01,1.049,0.8699368554153654,True,True,0.17906314458463457,0.17906314458463457
Malaysia,Prophet,2016-07-01,1.397,0.8571827470481831,True,True,0.5398172529518169,0.5398172529518169
Malaysia,Prophet,2016-08-01,1.617,0.8758563419400316,True,True,0.7411436580599684,0.7411436580599684
Malaysia,Prophet,2016-09-01,1.078,0.7330793244756553,True,True,0.3449206755243448,0.3449206755243448
Malaysia,Prophet,2016-10-01,1.237,0.7347345819731658,True,True,0.5022654180268343,0.5022654180268343
Malaysia,Prophet,2016-11-01,1.141,0.7201085057873381,True,True,0.4208914942126619,0.4208914942126619
Malaysia,Prophet,2016-12-01,1.201,0.7238234366410013,True,True,0.4771765633589987,0.4771765633589987
Malaysia,Prophet,2017-01-01,1.252,0.7969368820954891,True,True,0.4550631179045109,0.4550631179045109
Malaysia,Prophet,2017-02-01,0.905,0.8452608108745643,True,True,0.05973918912543574,0.05973918912543574
Malaysia,Prophet,2017-03-01,0.733,0.8586635019516338,True,True,-0.12566350195163378,0.12566350195163378
Malaysia,Prophet,2017-04-01,0.801,0.7965025877189184,True,True,0.004497412281081692,0.004497412281081692
Malaysia,Prophet,2017-05-01,0.957,0.783635272101638,True,True,0.173364727898362,0.173364727898362
Malaysia,Prophet,2017-06-01,0.981,0.8896003442009655,True,True,0.09139965579903453,0.09139965579903453
Malaysia,Prophet,2017-07-01,1.078,0.8762160953091848,True,True,0.2017839046908153,0.2017839046908153
Malaysia,Prophet,2017-08-01,0.999,0.8938485165453905,True,True,0.10515148345460945,0.10515148345460945
Malaysia,Prophet,2017-09-01,0.91,0.7508372345100249,True,True,0.1591627654899751,0.1591627654899751
Malaysia,Prophet,2017-10-01,1.222,0.7531039136234456,True,True,0.46889608637655433,0.46889608637655433
Malaysia,Prophet,2017-11-01,1.221,0.7387697013370152,True,True,0.48223029866298484,0.48223029866298484
Malaysia,Prophet,2017-12-01,1.102,0.7427007665091157,True,True,0.35929923349088444,0.35929923349088444
Malaysia,Prophet,2018-01-01,0.843,0.8159757006876104,True,True,0.027024299312389588,0.027024299312389588
Malaysia,Prophet,2018-02-01,0.696,0.8635632538497791,True,True,-0.1675632538497791,0.1675632538497791
Malaysia,Prophet,2018-03-01,0.929,0.8758697061153329,True,True,0.05313029388466717,0.05313029388466717
Malaysia,Prophet,2018-04-01,0.959,0.8140107230010449,True,True,0.14498927699895503,0.14498927699895503
Malaysia,Prophet,2018-05-01,0.675,0.8027899775633193,True,True,-0.12778997756331922,0.12778997756331922
Malaysia,Prophet,2018-06-01,1.112,0.9092432133256237,True,True,0.20275678667437635,0.20275678667437635
Malaysia,Prophet,2018-07-01,1.379,0.8952093274607206,True,True,0.48379067253927943,0.48379067253927943
Malaysia,Prophet,2018-08-01,1.293,0.9117784208799474,True,True,0.3812215791200525,0.3812215791200525
Malaysia,Prophet,2018-09-01,0.887,0.7686236357787128,True,True,0.11837636422128717,0.11837636422128717
Malaysia,Prophet,2018-10-01,1.128,0.7714990217511782,True,True,0.35650097824882165,0.35650097824882165
Malaysia,Prophet,2018-11-01,1.317,0.7574585770502421,True,True,0.5595414229497578,0.5595414229497578
Malaysia,Prophet,2018-12-01,1.359,0.7615992426887378,True,True,0.5974007573112622,0.5974007573112622
Malaysia,Prophet,2019-01-01,1.509,0.8349903477646045,True,True,0.6740096522353954,0.6740096522353954
Malaysia,Prophet,2019-02-01,1.242,0.8818191653241728,True,True,0.3601808346758272,0.3601808346758272
Malaysia,Prophet,2019-03-01,1.179,0.8930569692576541,True,True,0.28594303074234595,0.28594303074234595
Malaysia,Prophet,2019-04-01,1.429,0.8315703106648084,True,True,0.5974296893351917,0.5974296893351917
Malaysia,Prophet,2019-05-01,1.428,0.8220097645096909,True,True,0.6059902354903091,0.6059902354903091
Malaysia,Prophet,2019-06-01,1.197,0.9288629638641644,True,True,0.2681370361358356,0.2681370361358356
Malaysia,Prophet,2019-07-01,1.266,0.9141616104874418,True,True,0.3518383895125582,0.3518383895125582
Malaysia,Prophet,2019-08-01,1.498,0.9296475760996069,True,True,0.5683524239003931,0.5683524239003931
Malaysia,Prophet,2019-09-01,1.333,0.7864405317812835,True,True,0.5465594682187165,0.5465594682187165
Malaysia,Prophet,2019-10-01,1.02,0.7899202656709925,True,True,0.23007973432900752,0.23007973432900752
Malaysia,Prophet,2019-11-01,1.357,0.7761747643148481,True,True,0.5808252356851519,0.5808252356851519
Malaysia,Prophet,2019-12-01,1.146,0.7805174393405906,True,True,0.3654825606594093,0.3654825606594093
Malaysia,Prophet,2020-01-01,1.462,0.8539792058167026,True,True,0.6080207941832974,0.6080207941832974
Malaysia,Prophet,2020-02-01,1.371,0.90002842322729,True,True,0.47097157677270995,0.47097157677270995
Malaysia,Prophet,2020-03-01,1.486,0.9152358111984381,True,True,0.5707641888015619,0.5707641888015619
Malaysia,Prophet,2020-04-01,1.44,0.8528438362970252,True,True,0.5871561637029747,0.5871561637029747
Malaysia,Prophet,2020-05-01,1.445,0.838347028433006,True,True,0.606652971566994,0.606652971566994
Malaysia,Prophet,2020-06-01,1.097,0.9437366167184699,True,True,0.1532633832815301,0.1532633832815301
Malaysia,Prophet,2020-07-01,1.125,0.9309825083512786,True,True,0.1940174916487214,0.1940174916487214
Malaysia,Prophet,2020-08-01,1.274,0.9496561032431314,True,True,0.3243438967568686,0.3243438967568686
Malaysia,Prophet,2020-09-01,1.027,0.8068790857787509,True,True,0.22012091422124902,0.22012091422124902
Malaysia,Prophet,2020-10-01,1.305,0.8085343432762572,True,True,0.49646565672374277,0.49646565672374277
Malaysia,Prophet,2020-11-01,1.198,0.793908267090439,True,True,0.4040917329095609,0.4040917329095609
Malaysia,Prophet,2020-12-01,1.178,0.7976231979440891,True,True,0.38037680205591085,0.38037680205591085
Malaysia,Prophet,2021-01-01,0.843,0.8707366433985914,True,True,-0.027736643398591387,0.027736643398591387
Malaysia,Prophet,2021-02-01,0.867,0.919060572177657,True,True,-0.05206057217765703,0.05206057217765703
Malaysia,Prophet,2021-03-01,1.105,0.9324632632547237,True,True,0.17253673674527625,0.17253673674527625
Malaysia,Prophet,2021-04-01,0.91,0.8703023490220134,True,True,0.03969765097798661,0.03969765097798661
Malaysia,Prophet,2021-05-01,0.832,0.8574350334047294,True,True,-0.025435033404729412,0.025435033404729412
Malaysia,Prophet,2021-06-01,1.098,0.9634001055040716,True,True,0.13459989449592846,0.13459989449592846
Malaysia,Prophet,2021-07-01,1.45,0.950015856612274,True,True,0.499984143387726,0.499984143387726
Malaysia,Prophet,2021-08-01,1.165,0.9676482778484772,True,True,0.19735172215152286,0.19735172215152286
Malaysia,Prophet,2021-09-01,1.046,0.8246369958131117,True,True,0.22136300418688837,0.22136300418688837
Malaysia,Prophet,2021-10-01,1.616,0.8269036749265364,True,True,0.7890963250734637,0.7890963250734637
Malaysia,Prophet,2021-11-01,1.158,0.8125694626401151,True,True,0.3454305373598848,0.3454305373598848
Malaysia,Prophet,2021-12-01,1.145,0.816500527812215,True,True,0.32849947218778497,0.32849947218778497
Malaysia,Prophet,2022-01-01,1.304,0.8897754619907091,True,True,0.41422453800929093,0.41422453800929093
Malaysia,Prophet,2022-02-01,1.163,0.9373630151528735,True,True,0.22563698484712658,0.22563698484712658
Malaysia,Prophet,2022-03-01,1.138,0.9496694674184303,True,True,0.18833053258156962,0.18833053258156962
Malaysia,Prophet,2022-04-01,0.896,0.8878104843041353,True,True,0.00818951569586468,0.00818951569586468
Malaysia,Prophet,2022-05-01,1.036,0.8765897388664073,True,True,0.1594102611335927,0.1594102611335927
Malaysia,Prophet,2022-06-01,0.827,0.9830429746287004,True,True,-0.15604297462870043,0.15604297462870043
Malaysia,Prophet,2022-07-01,1.333,0.9690090887638136,True,True,0.3639909112361863,0.3639909112361863
Malaysia,Prophet,2022-08-01,0.976,0.9855781821830447,True,True,-0.009578182183044737,0.009578182183044737
Malaysia,Prophet,2022-09-01,0.729,0.8424233970818109,True,True,-0.11342339708181093,0.11342339708181093
Malaysia,Prophet,2022-10-01,0.773,0.8452987830542547,True,True,-0.07229878305425463,0.07229878305425463
Malaysia,Prophet,2022-11-01,0.846,0.8312583383533306,True,True,0.014741661646669346,0.014741661646669346
Malaysia,Prophet,2022-12-01,0.475,0.8353990039918298,True,True,-0.3603990039918298,0.3603990039918298
Malaysia,Prophet,2023-01-01,1.067,0.9087901090676919,True,True,0.15820989093230808,0.15820989093230808
Malaysia,Prophet,2023-02-01,0.773,0.9556189266272721,True,True,-0.18261892662727208,0.18261892662727208
Malaysia,Prophet,2023-03-01,0.614,0.9668567305607467,True,True,-0.35285673056074673,0.35285673056074673
Malaysia,Prophet,2023-04-01,1.178,0.9053700719679059,True,True,0.27262992803209407,0.27262992803209407
Malaysia,Prophet,2023-05-01,1.387,0.8958095258127827,True,True,0.4911904741872173,0.4911904741872173
Malaysia,Prophet,2023-06-01,1.32,1.0026627251672828,True,True,0.31733727483271723,0.31733727483271723
Malaysia,Prophet,2023-07-01,1.312,0.9879613717905343,True,True,0.3240386282094657,0.3240386282094657
Malaysia,Prophet,2023-08-01,1.359,1.0034473374027038,True,True,0.35555266259729623,0.35555266259729623
Malaysia,Prophet,2023-09-01,1.247,0.8602402930843764,True,True,0.38675970691562367,0.38675970691562367
Malaysia,Prophet,2023-10-01,1.561,0.8637200269740871,True,True,0.6972799730259128,0.6972799730259128
Malaysia,Prophet,2023-11-01,1.321,0.8499745256179324,True,True,0.47102547438206754,0.47102547438206754
Malaysia,Prophet,2023-12-01,1.599,0.8543172006436731,True,True,0.7446827993563269,0.7446827993563269
Myanmar,Holt-Winters,2014-01-01,0.478,0.6313634991961747,True,True,-0.15336349919617476,0.15336349919617476
Myanmar,Holt-Winters,2014-02-01,0.885,0.706868960556229,True,True,0.17813103944377096,0.17813103944377096
Myanmar,Holt-Winters,2014-03-01,1.023,0.5565358866708867,True,True,0.4664641133291132,0.4664641133291132
Myanmar,Holt-Winters,2014-04-01,1.346,0.39072021875532287,True,True,0.9552797812446772,0.9552797812446772
Myanmar,Holt-Winters,2014-05-01,1.141,0.28049711959991735,True,True,0.8605028804000827,0.8605028804000827
Myanmar,Holt-Winters,2014-06-01,1.339,0.47030396839302735,True,True,0.8686960316069726,0.8686960316069726
Myanmar,Holt-Winters,2014-07-01,0.98,0.4582423169727497,True,True,0.5217576830272503,0.5217576830272503
Myanmar,Holt-Winters,2014-08-01,0.486,0.4846532303105345,True,True,0.0013467696894655101,0.0013467696894655101
Myanmar,Holt-Winters,2014-09-01,0.616,0.40139654415255754,True,True,0.21460345584744245,0.21460345584744245
Myanmar,Holt-Winters,2014-10-01,0.644,0.4344407315277281,True,True,0.2095592684722719,0.2095592684722719
Myanmar,Holt-Winters,2014-11-01,1.33,0.4643127410012175,True,True,0.8656872589987825,0.8656872589987825
Myanmar,Holt-Winters,2014-12-01,1.272,0.4426130544227423,True,True,0.8293869455772578,0.8293869455772578
Myanmar,Holt-Winters,2015-01-01,1.093,0.6313634991961747,True,True,0.46163650080382523,0.46163650080382523
Myanmar,Holt-Winters,2015-02-01,0.776,0.706868960556229,True,True,0.06913103944377097,0.06913103944377097
Myanmar,Holt-Winters,2015-03-01,1.629,0.5565358866708867,True,True,1.0724641133291133,1.0724641133291133
Myanmar,Holt-Winters,2015-04-01,0.113,0.39072021875532287,True,True,-0.2777202187553229,0.2777202187553229
Myanmar,Holt-Winters,2015-05-01,1.465,0.28049711959991735,True,True,1.1845028804000828,1.1845028804000828
Myanmar,Holt-Winters,2015-06-01,1.508,0.47030396839302735,True,True,1.0376960316069725,1.0376960316069725
Myanmar,Holt-Winters,2015-07-01,0.982,0.4582423169727497,True,True,0.5237576830272503,0.5237576830272503
Myanmar,Holt-Winters,2015-08-01,1.095,0.4846532303105345,True,True,0.6103467696894656,0.6103467696894656
Myanmar,Holt-Winters,2015-09-01,1.477,0.40139654415255754,True,True,1.0756034558474425,1.0756034558474425
Myanmar,Holt-Winters,2015-10-01,0.87,0.4344407315277281,True,True,0.4355592684722719,0.4355592684722719
Myanmar,Holt-Winters,2015-11-01,1.642,0.4643127410012175,True,True,1.1776872589987823,1.1776872589987823
Myanmar,Holt-Winters,2015-12-01,1.583,0.4426130544227423,True,True,1.1403869455772577,1.1403869455772577
Myanmar,Holt-Winters,2016-01-01,0.762,0.6313634991961747,True,True,0.13063650080382527,0.13063650080382527
Myanmar,Holt-Winters,2016-02-01,1.632,0.706868960556229,True,True,0.9251310394437708,0.9251310394437708
Myanmar,Holt-Winters,2016-03-01,2.096,0.5565358866708867,True,True,1.5394641133291134,1.5394641133291134
Myanmar,Holt-Winters,2016-04-01,2.233,0.39072021875532287,True,True,1.8422797812446772,1.8422797812446772
Myanmar,Holt-Winters,2016-05-01,1.398,0.28049711959991735,True,True,1.1175028804000826,1.1175028804000826
Myanmar,Holt-Winters,2016-06-01,0.998,0.47030396839302735,True,True,0.5276960316069726,0.5276960316069726
Myanmar,Holt-Winters,2016-07-01,0.616,0.4582423169727497,True,True,0.1577576830272503,0.1577576830272503
Myanmar,Holt-Winters,2016-08-01,1.485,0.4846532303105345,True,True,1.0003467696894657,1.0003467696894657
Myanmar,Holt-Winters,2016-09-01,1.246,0.40139654415255754,True,True,0.8446034558474425,0.8446034558474425
Myanmar,Holt-Winters,2016-10-01,1.722,0.4344407315277281,True,True,1.2875592684722719,1.2875592684722719
Myanmar,Holt-Winters,2016-11-01,1.503,0.4643127410012175,True,True,1.0386872589987823,1.0386872589987823
Myanmar,Holt-Winters,2016-12-01,1.781,0.4426130544227423,True,True,1.3383869455772577,1.3383869455772577
Myanmar,Holt-Winters,2017-01-01,2.19,0.6313634991961747,True,True,1.5586365008038252,1.5586365008038252
Myanmar,Holt-Winters,2017-02-01,1.795,0.706868960556229,True,True,1.0881310394437709,1.0881310394437709
Myanmar,Holt-Winters,2017-03-01,1.101,0.5565358866708867,True,True,0.5444641133291133,0.5444641133291133
Myanmar,Holt-Winters,2017-04-01,0.338,0.39072021875532287,True,True,-0.052720218755322845,0.052720218755322845
Myanmar,Holt-Winters,2017-05-01,0.547,0.28049711959991735,True,True,0.2665028804000827,0.2665028804000827
Myanmar,Holt-Winters,2017-06-01,1.301,0.47030396839302735,True,True,0.8306960316069726,0.8306960316069726
Myanmar,Holt-Winters,2017-07-01,0.882,0.4582423169727497,True,True,0.4237576830272503,0.4237576830272503
Myanmar,Holt-Winters,2017-08-01,1.349,0.4846532303105345,True,True,0.8643467696894656,0.8643467696894656
Myanmar,Holt-Winters,2017-09-01,1.527,0.40139654415255754,True,True,1.1256034558474424,1.1256034558474424
Myanmar,Holt-Winters,2017-10-01,1.612,0.4344407315277281,True,True,1.177559268472272,1.177559268472272
Myanmar,Holt-Winters,2017-11-01,1.689,0.4643127410012175,True,True,1.2246872589987825,1.2246872589987825
Myanmar,Holt-Winters,2017-12-01,1.737,0.4426130544227423,True,True,1.2943869455772579,1.2943869455772579
Myanmar,Holt-Winters,2018-01-01,1.428,0.6313634991961747,True,True,0.7966365008038252,0.7966365008038252
Myanmar,Holt-Winters,2018-02-01,1.422,0.706868960556229,True,True,0.7151310394437709,0.7151310394437709
Myanmar,Holt-Winters,2018-03-01,1.658,0.5565358866708867,True,True,1.1014641133291132,1.1014641133291132
Myanmar,Holt-Winters,2018-04-01,1.049,0.39072021875532287,True,True,0.658279781244677,0.658279781244677
Myanmar,Holt-Winters,2018-05-01,0.495,0.28049711959991735,True,True,0.21450288040008264,0.21450288040008264
Myanmar,Holt-Winters,2018-06-01,0.663,0.47030396839302735,True,True,0.19269603160697268,0.19269603160697268
Myanmar,Holt-Winters,2018-07-01,0.996,0.4582423169727497,True,True,0.5377576830272504,0.5377576830272504
Myanmar,Holt-Winters,2018-08-01,0.9,0.4846532303105345,True,True,0.41534676968946554,0.41534676968946554
Myanmar,Holt-Winters,2018-09-01,1.183,0.40139654415255754,True,True,0.7816034558474425,0.7816034558474425
Myanmar,Holt-Winters,2018-10-01,0.556,0.4344407315277281,True,True,0.12155926847227194,0.12155926847227194
Myanmar,Holt-Winters,2018-11-01,0.955,0.4643127410012175,True,True,0.49068725899878246,0.49068725899878246
Myanmar,Holt-Winters,2018-12-01,2.009,0.4426130544227423,True,True,1.5663869455772577,1.5663869455772577
Myanmar,Holt-Winters,2019-01-01,1.605,0.6313634991961747,True,True,0.9736365008038252,0.9736365008038252
Myanmar,Holt-Winters,2019-02-01,1.862,0.706868960556229,True,True,1.155131039443771,1.155131039443771
Myanmar,Holt-Winters,2019-03-01,0.869,0.5565358866708867,True,True,0.3124641133291133,0.3124641133291133
Myanmar,Holt-Winters,2019-04-01,1.915,0.39072021875532287,True,True,1.5242797812446771,1.5242797812446771
Myanmar,Holt-Winters,2019-05-01,2.309,0.28049711959991735,True,True,2.0285028804000826,2.0285028804000826
Myanmar,Holt-Winters,2019-06-01,1.865,0.47030396839302735,True,True,1.3946960316069728,1.3946960316069728
Myanmar,Holt-Winters,2019-07-01,1.235,0.4582423169727497,True,True,0.7767576830272505,0.7767576830272505
Myanmar,Holt-Winters,2019-08-01,1.45,0.4846532303105345,True,True,0.9653467696894655,0.9653467696894655
Myanmar,Holt-Winters,2019-09-01,0.915,0.40139654415255754,True,True,0.5136034558474425,0.5136034558474425
Myanmar,Holt-Winters,2019-10-01,1.621,0.4344407315277281,True,True,1.1865592684722719,1.1865592684722719
Myanmar,Holt-Winters,2019-11-01,2.155,0.4643127410012175,True,True,1.6906872589987822,1.6906872589987822
Myanmar,Holt-Winters,2019-12-01,1.136,0.4426130544227423,True,True,0.6933869455772577,0.6933869455772577
Myanmar,Holt-Winters,2020-01-01,2.02,0.6313634991961747,True,True,1.3886365008038253,1.3886365008038253
Myanmar,Holt-Winters,2020-02-01,1.355,0.706868960556229,True,True,0.6481310394437709,0.6481310394437709
Myanmar,Holt-Winters,2020-03-01,1.959,0.5565358866708867,True,True,1.4024641133291134,1.4024641133291134
Myanmar,Holt-Winters,2020-04-01,1.411,0.39072021875532287,True,True,1.020279781244677,1.020279781244677
Myanmar,Holt-Winters,2020-05-01,1.247,0.28049711959991735,True,True,0.9665028804000828,0.9665028804000828
Myanmar,Holt-Winters,2020-06-01,1.593,0.47030396839302735,True,True,1.1226960316069725,1.1226960316069725
Myanmar,Holt-Winters,2020-07-01,1.745,0.4582423169727497,True,True,1.2867576830272505,1.2867576830272505
Myanmar,Holt-Winters,2020-08-01,1.341,0.4846532303105345,True,True,0.8563467696894655,0.8563467696894655
Myanmar,Holt-Winters,2020-09-01,1.69,0.40139654415255754,True,True,1.2886034558474424,1.2886034558474424
Myanmar,Holt-Winters,2020-10-01,1.403,0.4344407315277281,True,True,0.9685592684722719,0.9685592684722719
Myanmar,Holt-Winters,2020-11-01,1.661,0.4643127410012175,True,True,1.1966872589987825,1.1966872589987825
Myanmar,Holt-Winters,2020-12-01,1.638,0.4426130544227423,True,True,1.1953869455772577,1.1953869455772577
Myanmar,Holt-Winters,2021-01-01,2.003,0.6313634991961747,True,True,1.3716365008038254,1.3716365008038254
Myanmar,Holt-Winters,2021-02-01,1.742,0.706868960556229,True,True,1.035131039443771,1.035131039443771
Myanmar,Holt-Winters,2021-03-01,2.32,0.5565358866708867,True,True,1.7634641133291131,1.7634641133291131
Myanmar,Holt-Winters,2021-04-01,0.895,0.39072021875532287,True,True,0.5042797812446771,0.5042797812446771
Myanmar,Holt-Winters,2021-05-01,1.154,0.28049711959991735,True,True,0.8735028804000826,0.8735028804000826
Myanmar,Holt-Winters,2021-06-01,1.425,0.47030396839302735,True,True,0.9546960316069727,0.9546960316069727
Myanmar,Holt-Winters,2021-07-01,1.322,0.4582423169727497,True,True,0.8637576830272504,0.8637576830272504
Myanmar,Holt-Winters,2021-08-01,1.224,0.4846532303105345,True,True,0.7393467696894656,0.7393467696894656
Myanmar,Holt-Winters,2021-09-01,1.147,0.40139654415255754,True,True,0.7456034558474425,0.7456034558474425
Myanmar,Holt-Winters,2021-10-01,1.828,0.4344407315277281,True,True,1.393559268472272,1.393559268472272
Myanmar,Holt-Winters,2021-11-01,1.943,0.4643127410012175,True,True,1.4786872589987825,1.4786872589987825
Myanmar,Holt-Winters,2021-12-01,1.693,0.4426130544227423,True,True,1.2503869455772578,1.2503869455772578
Myanmar,Holt-Winters,2022-01-01,1.785,0.6313634991961747,True,True,1.1536365008038252,1.1536365008038252
Myanmar,Holt-Winters,2022-02-01,0.335,0.706868960556229,True,True,-0.37186896055622903,0.37186896055622903
Myanmar,Holt-Winters,2022-03-01,2.424,0.5565358866708867,True,True,1.8674641133291132,1.8674641133291132
Myanmar,Holt-Winters,2022-04-01,0.717,0.39072021875532287,True,True,0.3262797812446771,0.3262797812446771
Myanmar,Holt-Winters,2022-05-01,0.037,0.28049711959991735,True,True,-0.24349711959991735,0.24349711959991735
Myanmar,Holt-Winters,2022-06-01,0.998,0.47030396839302735,True,True,0.5276960316069726,0.5276960316069726
Myanmar,Holt-Winters,2022-07-01,1.875,0.4582423169727497,True,True,1.4167576830272504,1.4167576830272504
Myanmar,Holt-Winters,2022-08-01,1.744,0.4846532303105345,True,True,1.2593467696894656,1.2593467696894656
Myanmar,Holt-Winters,2022-09-01,1.328,0.40139654415255754,True,True,0.9266034558474425,0.9266034558474425
Myanmar,Holt-Winters,2022-10-01,1.202,0.4344407315277281,True,True,0.7675592684722718,0.7675592684722718
Myanmar,Holt-Winters,2022-11-01,1.743,0.4643127410012175,True,True,1.2786872589987825,1.2786872589987825
Myanmar,Holt-Winters,2022-12-01,2.34,0.4426130544227423,True,True,1.8973869455772576,1.8973869455772576
Myanmar,Holt-Winters,2023-01-01,1.572,0.6313634991961747,True,True,0.9406365008038253,0.9406365008038253
Myanmar,Holt-Winters,2023-02-01,2.001,0.706868960556229,True,True,1.2941310394437708,1.2941310394437708
Myanmar,Holt-Winters,2023-03-01,1.402,0.5565358866708867,True,True,0.8454641133291132,0.8454641133291132
Myanmar,Holt-Winters,2023-04-01,1.888,0.39072021875532287,True,True,1.497279781244677,1.497279781244677
Myanmar,Holt-Winters,2023-05-01,1.583,0.28049711959991735,True,True,1.3025028804000827,1.3025028804000827
Myanmar,Holt-Winters,2023-06-01,1.658,0.47030396839302735,True,True,1.1876960316069725,1.1876960316069725
Myanmar,Holt-Winters,2023-07-01,1.89,0.4582423169727497,True,True,1.4317576830272503,1.4317576830272503
Myanmar,Holt-Winters,2023-08-01,1.433,0.4846532303105345,True,True,0.9483467696894656,0.9483467696894656
Myanmar,Holt-Winters,2023-09-01,1.596,0.40139654415255754,True,True,1.1946034558474425,1.1946034558474425
Myanmar,Holt-Winters,2023-10-01,1.303,0.4344407315277281,True,True,0.8685592684722718,0.8685592684722718
Myanmar,Holt-Winters,2023-11-01,2.014,0.4643127410012175,True,True,1.5496872589987822,1.5496872589987822
Myanmar,Holt-Winters,2023-12-01,2.918,0.4426130544227423,True,True,2.4753869455772577,2.4753869455772577
Myanmar,SARIMA,2014-01-01,0.478,0.6337117241256384,True,True,-0.15571172412563838,0.15571172412563838
Myanmar,SARIMA,2014-02-01,0.885,1.0435290809636268,True,True,-0.15852908096362683,0.15852908096362683
Myanmar,SARIMA,2014-03-01,1.023,0.874918073279701,True,True,0.14808192672029896,0.14808192672029896
Myanmar,SARIMA,2014-04-01,1.346,0.7424944230966212,True,True,0.6035055769033789,0.6035055769033789
Myanmar,SARIMA,2014-05-01,1.141,0.47391924947221,True,True,0.66708075052779,0.66708075052779
Myanmar,SARIMA,2014-06-01,1.339,0.8251376827166648,True,True,0.5138623172833352,0.5138623172833352
Myanmar,SARIMA,2014-07-01,0.98,0.7933828444082662,True,True,0.18661715559173375,0.18661715559173375
Myanmar,SARIMA,2014-08-01,0.486,0.8394620359533096,True,True,-0.3534620359533096,0.3534620359533096
Myanmar,SARIMA,2014-09-01,0.616,0.7253350246229999,True,True,-0.10933502462299993,0.10933502462299993
Myanmar,SARIMA,2014-10-01,0.644,0.7887450582789665,True,True,-0.14474505827896644,0.14474505827896644
Myanmar,SARIMA,2014-11-01,1.33,0.8344084850700197,True,True,0.4955915149299803,0.4955915149299803
Myanmar,SARIMA,2014-12-01,1.272,0.8125924390336073,True,True,0.4594075609663927,0.4594075609663927
Myanmar,SARIMA,2015-01-01,1.093,1.0736763604441517,True,True,0.01932363955584826,0.01932363955584826
Myanmar,SARIMA,2015-02-01,0.776,1.2009162381432947,True,True,-0.4249162381432947,0.4249162381432947
Myanmar,SARIMA,2015-03-01,1.629,0.952732800477272,True,True,0.676267199522728,0.676267199522728
Myanmar,SARIMA,2015-04-01,0.113,0.7672052669201274,True,True,-0.6542052669201274,0.6542052669201274
Myanmar,SARIMA,2015-05-01,1.465,0.5346249009171045,True,True,0.9303750990828956,0.9303750990828956
Myanmar,SARIMA,2015-06-01,1.508,0.842230975017524,True,True,0.665769024982476,0.665769024982476
Myanmar,SARIMA,2015-07-01,0.982,0.8066966227600083,True,True,0.17530337723999168,0.17530337723999168
Myanmar,SARIMA,2015-08-01,1.095,0.8676768026358557,True,True,0.2273231973641443,0.2273231973641443
Myanmar,SARIMA,2015-09-01,1.477,0.7478301879907578,True,True,0.7291698120092422,0.7291698120092422
Myanmar,SARIMA,2015-10-01,0.87,0.8300620416728377,True,True,0.03993795832716229,0.03993795832716229
Myanmar,SARIMA,2015-11-01,1.642,0.8753178089038175,True,True,0.7666821910961824,0.7666821910961824
Myanmar,SARIMA,2015-12-01,1.583,0.879407034770294,True,True,0.7035929652297059,0.7035929652297059
Myanmar,SARIMA,2016-01-01,0.762,1.096179462964313,True,True,-0.3341794629643129,0.3341794629643129
Myanmar,SARIMA,2016-02-01,1.632,1.2697834155151813,True,True,0.36221658448481864,0.36221658448481864
Myanmar,SARIMA,2016-03-01,2.096,0.9912846624573839,True,True,1.1047153375426162,1.1047153375426162
Myanmar,SARIMA,2016-04-01,2.233,0.8026866729018303,True,True,1.4303133270981698,1.4303133270981698
Myanmar,SARIMA,2016-05-01,1.398,0.5520532797791975,True,True,0.8459467202208024,0.8459467202208024
Myanmar,SARIMA,2016-06-01,0.998,0.8705053085225515,True,True,0.12749469147744852,0.12749469147744852
Myanmar,SARIMA,2016-07-01,0.616,0.8240284727738852,True,True,-0.20802847277388525,0.20802847277388525
Myanmar,SARIMA,2016-08-01,1.485,0.8811903090708457,True,True,0.6038096909291544,0.6038096909291544
Myanmar,SARIMA,2016-09-01,1.246,0.7608070063919194,True,True,0.48519299360808055,0.48519299360808055
Myanmar,SARIMA,2016-10-01,1.722,0.8248419164731424,True,True,0.8971580835268576,0.8971580835268576
Myanmar,SARIMA,2016-11-01,1.503,0.9114534343185673,True,True,0.5915465656814326,0.5915465656814326
Myanmar,SARIMA,2016-12-01,1.781,0.8559666333159772,True,True,0.9250333666840227,0.9250333666840227
Myanmar,SARIMA,2017-01-01,2.19,1.0989298114362345,True,True,1.0910701885637655,1.0910701885637655
Myanmar,SARIMA,2017-02-01,1.795,1.2835479890267985,True,True,0.5114520109732015,0.5114520109732015
Myanmar,SARIMA,2017-03-01,1.101,1.008719953915123,True,True,0.09228004608487694,0.09228004608487694
Myanmar,SARIMA,2017-04-01,0.338,0.8223464690868852,True,True,-0.4843464690868852,0.4843464690868852
Myanmar,SARIMA,2017-05-01,0.547,0.5704694893075828,True,True,-0.023469489307582747,0.023469489307582747
Myanmar,SARIMA,2017-06-01,1.301,0.8905730008711634,True,True,0.4104269991288365,0.4104269991288365
Myanmar,SARIMA,2017-07-01,0.882,0.8443952196434839,True,True,0.037604780356516154,0.037604780356516154
Myanmar,SARIMA,2017-08-01,1.349,0.9009942734605771,True,True,0.44800572653942283,0.44800572653942283
Myanmar,SARIMA,2017-09-01,1.527,0.7808532662663539,True,True,0.746146733733646,0.746146733733646
Myanmar,SARIMA,2017-10-01,1.612,0.8443528188360261,True,True,0.767647181163974,0.767647181163974
Myanmar,SARIMA,2017-11-01,1.689,0.9304383869579012,True,True,0.7585616130420989,0.7585616130420989
Myanmar,SARIMA,2017-12-01,1.737,0.8746679029919509,True,True,0.8623320970080492,0.8623320970080492
Myanmar,SARIMA,2018-01-01,1.428,1.1191099481192868,True,True,0.30889005188071317,0.30889005188071317
Myanmar,SARIMA,2018-02-01,1.422,1.30167658822714,True,True,0.12032341177285999,0.12032341177285999
Myanmar,SARIMA,2018-03-01,1.658,1.028047278112924,True,True,0.629952721887076,0.629952721887076
Myanmar,SARIMA,2018-04-01,1.049,0.8417708914380877,True,True,0.20722910856191223,0.20722910856191223
Myanmar,SARIMA,2018-05-01,0.495,0.5906527687408506,True,True,-0.0956527687408506,0.0956527687408506
Myanmar,SARIMA,2018-06-01,0.663,0.9102885037518645,True,True,-0.2472885037518645,0.2472885037518645
Myanmar,SARIMA,2018-07-01,0.996,0.8645568722292085,True,True,0.13144312777079148,0.13144312777079148
Myanmar,SARIMA,2018-08-01,0.9,0.9213203634404076,True,True,-0.021320363440407553,0.021320363440407553
Myanmar,SARIMA,2018-09-01,1.183,0.8011982510336471,True,True,0.381801748966353,0.381801748966353
Myanmar,SARIMA,2018-10-01,0.556,0.86545328591314,True,True,-0.3094532859131399,0.3094532859131399
Myanmar,SARIMA,2018-11-01,0.955,0.9498447567358685,True,True,0.005155243264131415,0.005155243264131415
Myanmar,SARIMA,2018-12-01,2.009,0.8965284114223895,True,True,1.1124715885776104,1.1124715885776104
Myanmar,SARIMA,2019-01-01,1.605,1.1398737999560629,True,True,0.4651262000439371,0.4651262000439371
Myanmar,SARIMA,2019-02-01,1.862,1.322014337635969,True,True,0.5399856623640311,0.5399856623640311
Myanmar,SARIMA,2019-03-01,0.869,1.0482183165433843,True,True,-0.17921831654338427,0.17921831654338427
Myanmar,SARIMA,2019-04-01,1.915,0.8618491597458906,True,True,1.0531508402541094,1.0531508402541094
Myanmar,SARIMA,2019-05-01,2.309,0.6107722283075465,True,True,1.6982277716924536,1.6982277716924536
Myanmar,SARIMA,2019-06-01,1.865,0.9303461750324127,True,True,0.9346538249675873,0.9346538249675873
Myanmar,SARIMA,2019-07-01,1.235,0.884596388243812,True,True,0.35040361175618806,0.35040361175618806
Myanmar,SARIMA,2019-08-01,1.45,0.941380869272922,True,True,0.508619130727078,0.508619130727078
Myanmar,SARIMA,2019-09-01,0.915,0.8212485430749771,True,True,0.09375145692502296,0.09375145692502296
Myanmar,SARIMA,2019-10-01,1.621,0.8855156833959726,True,True,0.7354843166040274,0.7354843166040274
Myanmar,SARIMA,2019-11-01,2.155,0.9699510188751415,True,True,1.1850489811248583,1.1850489811248583
Myanmar,SARIMA,2019-12-01,1.136,0.9166141357036879,True,True,0.21938586429631202,0.21938586429631202
Myanmar,SARIMA,2020-01-01,2.02,1.1599130886738105,True,True,0.8600869113261895,0.8600869113261895
Myanmar,SARIMA,2020-02-01,1.355,1.342143599745,True,True,0.012856400255000011,0.012856400255000011
Myanmar,SARIMA,2020-03-01,1.959,1.0683004617804124,True,True,0.8906995382195877,0.8906995382195877
Myanmar,SARIMA,2020-04-01,1.411,0.8819285286830058,True,True,0.5290714713169943,0.5290714713169943
Myanmar,SARIMA,2020-05-01,1.247,0.6308198442083794,True,True,0.6161801557916207,0.6161801557916207
Myanmar,SARIMA,2020-06-01,1.593,0.9504138418617946,True,True,0.6425861581382054,0.6425861581382054
Myanmar,SARIMA,2020-07-01,1.745,0.9046459427865225,True,True,0.8403540572134776,0.8403540572134776
Myanmar,SARIMA,2020-08-01,1.341,0.9614233849047299,True,True,0.3795766150952701,0.3795766150952701
Myanmar,SARIMA,2020-09-01,1.69,0.841290415584064,True,True,0.8487095844159359,0.8487095844159359
Myanmar,SARIMA,2020-10-01,1.403,0.9055263233733409,True,True,0.4974736766266591,0.4974736766266591
Myanmar,SARIMA,2020-11-01,1.661,0.9900307629640626,True,True,0.6709692370359375,0.6709692370359375
Myanmar,SARIMA,2020-12-01,1.638,0.9365932083723661,True,True,0.7014067916276338,0.7014067916276338
Myanmar,SARIMA,2021-01-01,2.003,1.179937877199779,True,True,0.8230621228002211,0.8230621228002211
Myanmar,SARIMA,2021-02-01,1.742,1.362184733516002,True,True,0.379815266483998,0.379815266483998
Myanmar,SARIMA,2021-03-01,2.32,1.0883490708457708,True,True,1.231650929154229,1.231650929154229
Myanmar,SARIMA,2021-04-01,0.895,0.9019809899011347,True,True,-0.006980989901134715,0.006980989901134715
Myanmar,SARIMA,2021-05-01,1.154,0.650871027892199,True,True,0.5031289721078009,0.5031289721078009
Myanmar,SARIMA,2021-06-01,1.425,0.9704673038226231,True,True,0.4545326961773769,0.4545326961773769
Myanmar,SARIMA,2021-07-01,1.322,0.9247003891798488,True,True,0.3972996108201513,0.3972996108201513
Myanmar,SARIMA,2021-08-01,1.224,0.9814770603404538,True,True,0.2425229396595462,0.2425229396595462
Myanmar,SARIMA,2021-09-01,1.147,0.8613445195620395,True,True,0.2856554804379605,0.2856554804379605
Myanmar,SARIMA,2021-10-01,1.828,0.925580339312318,True,True,0.9024196606876821,0.9024196606876821
Myanmar,SARIMA,2021-11-01,1.943,1.0100820678474285,True,True,0.9329179321525716,0.9329179321525716
Myanmar,SARIMA,2021-12-01,1.693,0.9566466791211119,True,True,0.7363533208788882,0.7363533208788882
Myanmar,SARIMA,2022-01-01,1.785,1.1999926579498301,True,True,0.5850073420501698,0.5850073420501698
Myanmar,SARIMA,2022-02-01,0.335,1.382235599078263,True,True,-1.0472355990782631,1.0472355990782631
Myanmar,SARIMA,2022-03-01,2.424,1.1084017762682692,True,True,1.3155982237317307,1.3155982237317307
Myanmar,SARIMA,2022-04-01,0.717,0.9220337589630346,True,True,-0.20503375896303466,0.20503375896303466
Myanmar,SARIMA,2022-05-01,0.037,0.6709251197504424,True,True,-0.6339251197504424,0.6339251197504424
Myanmar,SARIMA,2022-06-01,0.998,0.9905205410699106,True,True,0.007479458930089389,0.007479458930089389
Myanmar,SARIMA,2022-07-01,1.875,0.9447543584830194,True,True,0.9302456415169806,0.9302456415169806
Myanmar,SARIMA,2022-08-01,1.744,1.0015313292777743,True,True,0.7424686707222257,0.7424686707222257
Myanmar,SARIMA,2022-09-01,1.328,0.8813988093277608,True,True,0.44660119067223925,0.44660119067223925
Myanmar,SARIMA,2022-10-01,1.202,0.9456359148556509,True,True,0.25636408514434905,0.25636408514434905
Myanmar,SARIMA,2022-11-01,1.743,1.0301348366537335,True,True,0.7128651633462666,0.7128651633462666
Myanmar,SARIMA,2022-12-01,2.34,0.976703560210994,True,True,1.3632964397890057,1.3632964397890057
Myanmar,SARIMA,2023-01-01,1.572,1.2200476415138493,True,True,0.3519523584861508,0.3519523584861508
Myanmar,SARIMA,2023-02-01,2.001,1.402289961727119,True,True,0.5987100382728809,0.5987100382728809
Myanmar,SARIMA,2023-03-01,1.402,1.1284558073067745,True,True,0.2735441926932254,0.2735441926932254
Myanmar,SARIMA,2023-04-01,1.888,0.9420876307238656,True,True,0.9459123692761343,0.9459123692761343
Myanmar,SARIMA,2023-05-01,1.583,0.6909790266981783,True,True,0.8920209733018216,0.8920209733018216
Myanmar,SARIMA,2023-06-01,1.658,1.0105743655252293,True,True,0.6474256344747706,0.6474256344747706
Myanmar,SARIMA,2023-07-01,1.89,0.9648081328408709,True,True,0.925191867159129,0.925191867159129
Myanmar,SARIMA,2023-08-01,1.433,1.0215851314136692,True,True,0.4114148685863308,0.4114148685863308
Myanmar,SARIMA,2023-09-01,1.596,0.9014525935639917,True,True,0.6945474064360084,0.6945474064360084
Myanmar,SARIMA,2023-10-01,1.303,0.9656896858395714,True,True,0.33731031416042856,0.33731031416042856
Myanmar,SARIMA,2023-11-01,2.014,1.050188755979013,True,True,0.9638112440209867,0.9638112440209867
Myanmar,SARIMA,2023-12-01,2.918,0.9967573364862169,True,True,1.9212426635137834,1.9212426635137834
Myanmar,XGBoost,2014-01-01,0.478,0.604213297367096,True,True,-0.12621329736709597,0.12621329736709597
Myanmar,XGBoost,2014-02-01,0.885,0.5152823328971863,True,True,0.36971766710281373,0.36971766710281373
Myanmar,XGBoost,2014-03-01,1.023,0.5116802453994751,True,True,0.5113197546005248,0.5113197546005248
Myanmar,XGBoost,2014-04-01,1.346,0.3962016999721527,True,True,0.9497983000278474,0.9497983000278474
Myanmar,XGBoost,2014-05-01,1.141,0.42376595735549927,True,True,0.7172340426445007,0.7172340426445007
Myanmar,XGBoost,2014-06-01,1.339,0.47315075993537903,True,True,0.8658492400646209,0.8658492400646209
Myanmar,XGBoost,2014-07-01,0.98,0.4156443774700165,True,True,0.5643556225299835,0.5643556225299835
Myanmar,XGBoost,2014-08-01,0.486,0.4442082345485687,True,True,0.04179176545143126,0.04179176545143126
Myanmar,XGBoost,2014-09-01,0.616,0.45254144072532654,True,True,0.16345855927467345,0.16345855927467345
Myanmar,XGBoost,2014-10-01,0.644,0.4870394468307495,True,True,0.1569605531692505,0.1569605531692505
Myanmar,XGBoost,2014-11-01,1.33,0.4188931882381439,True,True,0.9111068117618562,0.9111068117618562
Myanmar,XGBoost,2014-12-01,1.272,0.4584898352622986,True,True,0.8135101647377014,0.8135101647377014
Myanmar,XGBoost,2015-01-01,1.093,0.6625525951385498,True,True,0.43044740486145017,0.43044740486145017
Myanmar,XGBoost,2015-02-01,0.776,0.683919370174408,True,True,0.09208062982559206,0.09208062982559206
Myanmar,XGBoost,2015-03-01,1.629,0.5486000776290894,True,True,1.0803999223709106,1.0803999223709106
Myanmar,XGBoost,2015-04-01,0.113,0.4714966416358948,True,True,-0.3584966416358948,0.3584966416358948
Myanmar,XGBoost,2015-05-01,1.465,0.4434890151023865,True,True,1.0215109848976136,1.0215109848976136
Myanmar,XGBoost,2015-06-01,1.508,0.44747185707092285,True,True,1.0605281429290772,1.0605281429290772
Myanmar,XGBoost,2015-07-01,0.982,0.44533589482307434,True,True,0.5366641051769256,0.5366641051769256
Myanmar,XGBoost,2015-08-01,1.095,0.44533589482307434,True,True,0.6496641051769256,0.6496641051769256
Myanmar,XGBoost,2015-09-01,1.477,0.44246503710746765,True,True,1.0345349628925324,1.0345349628925324
Myanmar,XGBoost,2015-10-01,0.87,0.46692076325416565,True,True,0.40307923674583435,0.40307923674583435
Myanmar,XGBoost,2015-11-01,1.642,0.4285029470920563,True,True,1.2134970529079436,1.2134970529079436
Myanmar,XGBoost,2015-12-01,1.583,0.4481140673160553,True,True,1.1348859326839447,1.1348859326839447
Myanmar,XGBoost,2016-01-01,0.762,0.6601502895355225,True,True,0.10184971046447755,0.10184971046447755
Myanmar,XGBoost,2016-02-01,1.632,0.6780484318733215,True,True,0.9539515681266784,0.9539515681266784
Myanmar,XGBoost,2016-03-01,2.096,0.546197772026062,True,True,1.549802227973938,1.549802227973938
Myanmar,XGBoost,2016-04-01,2.233,0.4574275016784668,True,True,1.7755724983215333,1.7755724983215333
Myanmar,XGBoost,2016-05-01,1.398,0.4751252233982086,True,True,0.9228747766017913,0.9228747766017913
Myanmar,XGBoost,2016-06-01,0.998,0.42357102036476135,True,True,0.5744289796352386,0.5744289796352386
Myanmar,XGBoost,2016-07-01,0.616,0.4376004636287689,True,True,0.17839953637123107,0.17839953637123107
Myanmar,XGBoost,2016-08-01,1.485,0.44533589482307434,True,True,1.0396641051769258,1.0396641051769258
Myanmar,XGBoost,2016-09-01,1.246,0.44246503710746765,True,True,0.8035349628925323,0.8035349628925323
Myanmar,XGBoost,2016-10-01,1.722,0.46692076325416565,True,True,1.2550792367458343,1.2550792367458343
Myanmar,XGBoost,2016-11-01,1.503,0.425715833902359,True,True,1.0772841660976409,1.0772841660976409
Myanmar,XGBoost,2016-12-01,1.781,0.4481140673160553,True,True,1.3328859326839446,1.3328859326839446
Myanmar,XGBoost,2017-01-01,2.19,0.6601502895355225,True,True,1.5298497104644775,1.5298497104644775
Myanmar,XGBoost,2017-02-01,1.795,0.6780484318733215,True,True,1.1169515681266784,1.1169515681266784
Myanmar,XGBoost,2017-03-01,1.101,0.546197772026062,True,True,0.554802227973938,0.554802227973938
Myanmar,XGBoost,2017-04-01,0.338,0.4574275016784668,True,True,-0.11942750167846677,0.11942750167846677
Myanmar,XGBoost,2017-05-01,0.547,0.4751252233982086,True,True,0.07187477660179142,0.07187477660179142
Myanmar,XGBoost,2017-06-01,1.301,0.42357102036476135,True,True,0.8774289796352386,0.8774289796352386
Myanmar,XGBoost,2017-07-01,0.882,0.4376004636287689,True,True,0.4443995363712311,0.4443995363712311
Myanmar,XGBoost,2017-08-01,1.349,0.44533589482307434,True,True,0.9036641051769256,0.9036641051769256
Myanmar,XGBoost,2017-09-01,1.527,0.44246503710746765,True,True,1.0845349628925323,1.0845349628925323
Myanmar,XGBoost,2017-10-01,1.612,0.46692076325416565,True,True,1.1450792367458345,1.1450792367458345
Myanmar,XGBoost,2017-11-01,1.689,0.425715833902359,True,True,1.263284166097641,1.263284166097641
Myanmar,XGBoost,2017-12-01,1.737,0.4481140673160553,True,True,1.2888859326839448,1.2888859326839448
Myanmar,XGBoost,2018-01-01,1.428,0.6601502895355225,True,True,0.7678497104644775,0.7678497104644775
Myanmar,XGBoost,2018-02-01,1.422,0.6780484318733215,True,True,0.7439515681266784,0.7439515681266784
Myanmar,XGBoost,2018-03-01,1.658,0.546197772026062,True,True,1.111802227973938,1.111802227973938
Myanmar,XGBoost,2018-04-01,1.049,0.4574275016784668,True,True,0.5915724983215331,0.5915724983215331
Myanmar,XGBoost,2018-05-01,0.495,0.4751252233982086,True,True,0.019874776601791377,0.019874776601791377
Myanmar,XGBoost,2018-06-01,0.663,0.42357102036476135,True,True,0.23942897963523868,0.23942897963523868
Myanmar,XGBoost,2018-07-01,0.996,0.4376004636287689,True,True,0.5583995363712311,0.5583995363712311
Myanmar,XGBoost,2018-08-01,0.9,0.44533589482307434,True,True,0.4546641051769257,0.4546641051769257
Myanmar,XGBoost,2018-09-01,1.183,0.44246503710746765,True,True,0.7405349628925324,0.7405349628925324
Myanmar,XGBoost,2018-10-01,0.556,0.46692076325416565,True,True,0.0890792367458344,0.0890792367458344
Myanmar,XGBoost,2018-11-01,0.955,0.425715833902359,True,True,0.529284166097641,0.529284166097641
Myanmar,XGBoost,2018-12-01,2.009,0.4481140673160553,True,True,1.5608859326839446,1.5608859326839446
Myanmar,XGBoost,2019-01-01,1.605,0.6601502895355225,True,True,0.9448497104644775,0.9448497104644775
Myanmar,XGBoost,2019-02-01,1.862,0.6780484318733215,True,True,1.1839515681266786,1.1839515681266786
Myanmar,XGBoost,2019-03-01,0.869,0.546197772026062,True,True,0.322802227973938,0.322802227973938
Myanmar,XGBoost,2019-04-01,1.915,0.4574275016784668,True,True,1.4575724983215332,1.4575724983215332
Myanmar,XGBoost,2019-05-01,2.309,0.4751252233982086,True,True,1.8338747766017915,1.8338747766017915
Myanmar,XGBoost,2019-06-01,1.865,0.42357102036476135,True,True,1.4414289796352386,1.4414289796352386
Myanmar,XGBoost,2019-07-01,1.235,0.4376004636287689,True,True,0.7973995363712312,0.7973995363712312
Myanmar,XGBoost,2019-08-01,1.45,0.44533589482307434,True,True,1.0046641051769256,1.0046641051769256
Myanmar,XGBoost,2019-09-01,0.915,0.44246503710746765,True,True,0.4725349628925324,0.4725349628925324
Myanmar,XGBoost,2019-10-01,1.621,0.46692076325416565,True,True,1.1540792367458343,1.1540792367458343
Myanmar,XGBoost,2019-11-01,2.155,0.425715833902359,True,True,1.7292841660976408,1.7292841660976408
Myanmar,XGBoost,2019-12-01,1.136,0.4481140673160553,True,True,0.6878859326839446,0.6878859326839446
Myanmar,XGBoost,2020-01-01,2.02,0.6601502895355225,True,True,1.3598497104644776,1.3598497104644776
Myanmar,XGBoost,2020-02-01,1.355,0.6780484318733215,True,True,0.6769515681266784,0.6769515681266784
Myanmar,XGBoost,2020-03-01,1.959,0.546197772026062,True,True,1.412802227973938,1.412802227973938
Myanmar,XGBoost,2020-04-01,1.411,0.4574275016784668,True,True,0.9535724983215332,0.9535724983215332
Myanmar,XGBoost,2020-05-01,1.247,0.4751252233982086,True,True,0.7718747766017915,0.7718747766017915
Myanmar,XGBoost,2020-06-01,1.593,0.42357102036476135,True,True,1.1694289796352386,1.1694289796352386
Myanmar,XGBoost,2020-07-01,1.745,0.4376004636287689,True,True,1.3073995363712312,1.3073995363712312
Myanmar,XGBoost,2020-08-01,1.341,0.44533589482307434,True,True,0.8956641051769256,0.8956641051769256
Myanmar,XGBoost,2020-09-01,1.69,0.44246503710746765,True,True,1.2475349628925323,1.2475349628925323
Myanmar,XGBoost,2020-10-01,1.403,0.46692076325416565,True,True,0.9360792367458344,0.9360792367458344
Myanmar,XGBoost,2020-11-01,1.661,0.425715833902359,True,True,1.235284166097641,1.235284166097641
Myanmar,XGBoost,2020-12-01,1.638,0.4481140673160553,True,True,1.1898859326839446,1.1898859326839446
Myanmar,XGBoost,2021-01-01,2.003,0.6601502895355225,True,True,1.3428497104644777,1.3428497104644777
Myanmar,XGBoost,2021-02-01,1.742,0.6780484318733215,True,True,1.0639515681266785,1.0639515681266785
Myanmar,XGBoost,2021-03-01,2.32,0.546197772026062,True,True,1.7738022279739378,1.7738022279739378
Myanmar,XGBoost,2021-04-01,0.895,0.4574275016784668,True,True,0.4375724983215332,0.4375724983215332
Myanmar,XGBoost,2021-05-01,1.154,0.4751252233982086,True,True,0.6788747766017913,0.6788747766017913
Myanmar,XGBoost,2021-06-01,1.425,0.42357102036476135,True,True,1.0014289796352387,1.0014289796352387
Myanmar,XGBoost,2021-07-01,1.322,0.4376004636287689,True,True,0.8843995363712311,0.8843995363712311
Myanmar,XGBoost,2021-08-01,1.224,0.44533589482307434,True,True,0.7786641051769256,0.7786641051769256
Myanmar,XGBoost,2021-09-01,1.147,0.44246503710746765,True,True,0.7045349628925324,0.7045349628925324
Myanmar,XGBoost,2021-10-01,1.828,0.46692076325416565,True,True,1.3610792367458344,1.3610792367458344
Myanmar,XGBoost,2021-11-01,1.943,0.425715833902359,True,True,1.517284166097641,1.517284166097641
Myanmar,XGBoost,2021-12-01,1.693,0.4481140673160553,True,True,1.2448859326839448,1.2448859326839448
Myanmar,XGBoost,2022-01-01,1.785,0.6601502895355225,True,True,1.1248497104644775,1.1248497104644775
Myanmar,XGBoost,2022-02-01,0.335,0.6780484318733215,True,True,-0.3430484318733215,0.3430484318733215
Myanmar,XGBoost,2022-03-01,2.424,0.546197772026062,True,True,1.877802227973938,1.877802227973938
Myanmar,XGBoost,2022-04-01,0.717,0.4574275016784668,True,True,0.2595724983215332,0.2595724983215332
Myanmar,XGBoost,2022-05-01,0.037,0.4751252233982086,True,True,-0.43812522339820864,0.43812522339820864
Myanmar,XGBoost,2022-06-01,0.998,0.42357102036476135,True,True,0.5744289796352386,0.5744289796352386
Myanmar,XGBoost,2022-07-01,1.875,0.4376004636287689,True,True,1.437399536371231,1.437399536371231
Myanmar,XGBoost,2022-08-01,1.744,0.44533589482307434,True,True,1.2986641051769257,1.2986641051769257
Myanmar,XGBoost,2022-09-01,1.328,0.44246503710746765,True,True,0.8855349628925324,0.8855349628925324
Myanmar,XGBoost,2022-10-01,1.202,0.46692076325416565,True,True,0.7350792367458343,0.7350792367458343
Myanmar,XGBoost,2022-11-01,1.743,0.425715833902359,True,True,1.317284166097641,1.317284166097641
Myanmar,XGBoost,2022-12-01,2.34,0.4481140673160553,True,True,1.8918859326839446,1.8918859326839446
Myanmar,XGBoost,2023-01-01,1.572,0.6601502895355225,True,True,0.9118497104644776,0.9118497104644776
Myanmar,XGBoost,2023-02-01,2.001,0.6780484318733215,True,True,1.3229515681266784,1.3229515681266784
Myanmar,XGBoost,2023-03-01,1.402,0.546197772026062,True,True,0.8558022279739379,0.8558022279739379
Myanmar,XGBoost,2023-04-01,1.888,0.4574275016784668,True,True,1.430572498321533,1.430572498321533
Myanmar,XGBoost,2023-05-01,1.583,0.4751252233982086,True,True,1.1078747766017913,1.1078747766017913
Myanmar,XGBoost,2023-06-01,1.658,0.42357102036476135,True,True,1.2344289796352386,1.2344289796352386
Myanmar,XGBoost,2023-07-01,1.89,0.4376004636287689,True,True,1.452399536371231,1.452399536371231
Myanmar,XGBoost,2023-08-01,1.433,0.44533589482307434,True,True,0.9876641051769257,0.9876641051769257
Myanmar,XGBoost,2023-09-01,1.596,0.44246503710746765,True,True,1.1535349628925324,1.1535349628925324
Myanmar,XGBoost,2023-10-01,1.303,0.46692076325416565,True,True,0.8360792367458343,0.8360792367458343
Myanmar,XGBoost,2023-11-01,2.014,0.425715833902359,True,True,1.5882841660976408,1.5882841660976408
Myanmar,XGBoost,2023-12-01,2.918,0.4481140673160553,True,True,2.469885932683945,2.469885932683945
Myanmar,Prophet,2014-01-01,0.478,1.0080725635280483,True,True,-0.5300725635280483,0.5300725635280483
Myanmar,Prophet,2014-02-01,0.885,1.0880927374840903,True,True,-0.2030927374840903,0.2030927374840903
Myanmar,Prophet,2014-03-01,1.023,0.9350601355629804,True,True,0.08793986443701951,0.08793986443701951
Myanmar,Prophet,2014-04-01,1.346,0.7713779047500763,True,True,0.5746220952499238,0.5746220952499238
Myanmar,Prophet,2014-05-01,1.141,0.663789037312335,True,True,0.47721096268766505,0.47721096268766505
Myanmar,Prophet,2014-06-01,1.339,0.8521577055081566,True,True,0.48684229449184335,0.48684229449184335
Myanmar,Prophet,2014-07-01,0.98,0.8397884368522955,True,True,0.14021156314770444,0.14021156314770444
Myanmar,Prophet,2014-08-01,0.486,0.8635521491473874,True,True,-0.37755214914738744,0.37755214914738744
Myanmar,Prophet,2014-09-01,0.616,0.7831310143715484,True,True,-0.16713101437154843,0.16713101437154843
Myanmar,Prophet,2014-10-01,0.644,0.8200020886801959,True,True,-0.17600208868019585,0.17600208868019585
Myanmar,Prophet,2014-11-01,1.33,0.8491582753500703,True,True,0.4808417246499298,0.4808417246499298
Myanmar,Prophet,2014-12-01,1.272,0.8268057679143308,True,True,0.4451942320856692,0.4451942320856692
Myanmar,Prophet,2015-01-01,1.093,1.0359004013575825,True,True,0.057099598642417426,0.057099598642417426
Myanmar,Prophet,2015-02-01,0.776,1.1040567004366821,True,True,-0.3280567004366821,0.3280567004366821
Myanmar,Prophet,2015-03-01,1.629,0.9559304760776256,True,True,0.6730695239223744,0.6730695239223744
Myanmar,Prophet,2015-04-01,0.113,0.7938588387462031,True,True,-0.6808588387462031,0.6808588387462031
Myanmar,Prophet,2015-05-01,1.465,0.6887813398841323,True,True,0.7762186601158678,0.7762186601158678
Myanmar,Prophet,2015-06-01,1.508,0.8746630673981021,True,True,0.6333369326018979,0.6333369326018979
Myanmar,Prophet,2015-07-01,0.982,0.8608097031399323,True,True,0.12119029686006766,0.12119029686006766
Myanmar,Prophet,2015-08-01,1.095,0.8793807208979969,True,True,0.21561927910200307,0.21561927910200307
Myanmar,Prophet,2015-09-01,1.477,0.8035792610843395,True,True,0.6734207389156606,0.6734207389156606
Myanmar,Prophet,2015-10-01,0.87,0.8450840902508457,True,True,0.024915909749154252,0.024915909749154252
Myanmar,Prophet,2015-11-01,1.642,0.8699933178315449,True,True,0.772006682168455,0.772006682168455
Myanmar,Prophet,2015-12-01,1.583,0.8452490393472925,True,True,0.7377509606527075,0.7377509606527075
Myanmar,Prophet,2016-01-01,0.762,1.0636353140582728,True,True,-0.3016353140582728,0.3016353140582728
Myanmar,Prophet,2016-02-01,1.632,1.1198552124876746,True,True,0.5121447875123253,0.5121447875123253
Myanmar,Prophet,2016-03-01,2.096,0.9786172971842004,True,True,1.1173827028157997,1.1173827028157997
Myanmar,Prophet,2016-04-01,2.233,0.8117963573075118,True,True,1.4212036426924883,1.4212036426924883
Myanmar,Prophet,2016-05-01,1.398,0.6990490565536027,True,True,0.6989509434463972,0.6989509434463972
Myanmar,Prophet,2016-06-01,0.998,0.8918293855408668,True,True,0.10617061445913323,0.10617061445913323
Myanmar,Prophet,2016-07-01,0.616,0.8824039840550139,True,True,-0.26640398405501386,0.26640398405501386
Myanmar,Prophet,2016-08-01,1.485,0.9168224536422581,True,True,0.568177546357742,0.568177546357742
Myanmar,Prophet,2016-09-01,1.246,0.8277019410906468,True,True,0.41829805890935323,0.41829805890935323
Myanmar,Prophet,2016-10-01,1.722,0.8549574801898536,True,True,0.8670425198101464,0.8670425198101464
Myanmar,Prophet,2016-11-01,1.503,0.89233248262504,True,True,0.61066751737496,0.61066751737496
Myanmar,Prophet,2016-12-01,1.781,0.8752334029623922,True,True,0.9057665970376078,0.9057665970376078
Myanmar,Prophet,2017-01-01,2.19,1.0651795034760898,True,True,1.1248204965239101,1.1248204965239101
Myanmar,Prophet,2017-02-01,1.795,1.1569786331639205,True,True,0.6380213668360795,0.6380213668360795
Myanmar,Prophet,2017-03-01,1.101,0.9993041427735534,True,True,0.10169585722644658,0.10169585722644658
Myanmar,Prophet,2017-04-01,0.338,0.8340374544122218,True,True,-0.49603745441222175,0.49603745441222175
Myanmar,Prophet,2017-05-01,0.547,0.7238901051483184,True,True,-0.17689010514831838,0.17689010514831838
Myanmar,Prophet,2017-06-01,1.301,0.9145589043806386,True,True,0.38644109561936135,0.38644109561936135
Myanmar,Prophet,2017-07-01,0.882,0.9036673994263648,True,True,-0.021667399426364753,0.021667399426364753
Myanmar,Prophet,2017-08-01,1.349,0.9327155268464595,True,True,0.41628447315354045,0.41628447315354045
Myanmar,Prophet,2017-09-01,1.527,0.8478530757994369,True,True,0.679146924200563,0.679146924200563
Myanmar,Prophet,2017-10-01,1.612,0.8799721595651885,True,True,0.7320278404348116,0.7320278404348116
Myanmar,Prophet,2017-11-01,1.689,0.9132849788412787,True,True,0.7757150211587214,0.7757150211587214
Myanmar,Prophet,2017-12-01,1.737,0.8934810667668084,True,True,0.8435189332331917,0.8435189332331917
Myanmar,Prophet,2018-01-01,1.428,1.093093209730288,True,True,0.33490679026971204,0.33490679026971204
Myanmar,Prophet,2018-02-01,1.422,1.17311338368637,True,True,0.24888661631362985,0.24888661631362985
Myanmar,Prophet,2018-03-01,1.658,1.020080781765245,True,True,0.6379192182347548,0.6379192182347548
Myanmar,Prophet,2018-04-01,1.049,0.8563985509523289,True,True,0.19260144904767107,0.19260144904767107
Myanmar,Prophet,2018-05-01,0.495,0.7488096835146156,True,True,-0.25380968351461564,0.25380968351461564
Myanmar,Prophet,2018-06-01,0.663,0.9371783517104538,True,True,-0.2741783517104538,0.2741783517104538
Myanmar,Prophet,2018-07-01,0.996,0.9248090830545919,True,True,0.07119091694540813,0.07119091694540813
Myanmar,Prophet,2018-08-01,0.9,0.9485727953496534,True,True,-0.04857279534965342,0.04857279534965342
Myanmar,Prophet,2018-09-01,1.183,0.8681516605738113,True,True,0.31484833942618873,0.31484833942618873
Myanmar,Prophet,2018-10-01,0.556,0.9050227348825073,True,True,-0.34902273488250724,0.34902273488250724
Myanmar,Prophet,2018-11-01,0.955,0.9341789215523477,True,True,0.02082107844765224,0.02082107844765224
Myanmar,Prophet,2018-12-01,2.009,0.9118264141165776,True,True,1.0971735858834224,1.0971735858834224
Myanmar,Prophet,2019-01-01,1.605,1.1209210475598828,True,True,0.4840789524401172,0.4840789524401172
Myanmar,Prophet,2019-02-01,1.862,1.18907734663894,True,True,0.6729226533610602,0.6729226533610602
Myanmar,Prophet,2019-03-01,0.869,1.0409511222798946,True,True,-0.17195112227989462,0.17195112227989462
Myanmar,Prophet,2019-04-01,1.915,0.8788794849484506,True,True,1.0361205150515493,1.0361205150515493
Myanmar,Prophet,2019-05-01,2.309,0.7738019860864163,True,True,1.535198013913584,1.535198013913584
Myanmar,Prophet,2019-06-01,1.865,0.9596837136003789,True,True,0.9053162863996211,0.9053162863996211
Myanmar,Prophet,2019-07-01,1.235,0.9458303493421905,True,True,0.28916965065780964,0.28916965065780964
Myanmar,Prophet,2019-08-01,1.45,0.9644013671002184,True,True,0.48559863289978156,0.48559863289978156
Myanmar,Prophet,2019-09-01,0.915,0.8885999072866051,True,True,0.02640009271339494,0.02640009271339494
Myanmar,Prophet,2019-10-01,1.621,0.930104736453145,True,True,0.690895263546855,0.690895263546855
Myanmar,Prophet,2019-11-01,2.155,0.9550139640338469,True,True,1.199986035966153,1.199986035966153
Myanmar,Prophet,2019-12-01,1.136,0.93026968554957,True,True,0.20573031445042989,0.20573031445042989
Myanmar,Prophet,2020-01-01,2.02,1.1486559602605566,True,True,0.8713440397394434,0.8713440397394434
Myanmar,Prophet,2020-02-01,1.355,1.2048758586899535,True,True,0.15012414131004648,0.15012414131004648
Myanmar,Prophet,2020-03-01,1.959,1.0636379433864664,True,True,0.8953620566135336,0.8953620566135336
Myanmar,Prophet,2020-04-01,1.411,0.8968170035098105,True,True,0.5141829964901895,0.5141829964901895
Myanmar,Prophet,2020-05-01,1.247,0.784069702755883,True,True,0.46293029724411716,0.46293029724411716
Myanmar,Prophet,2020-06-01,1.593,0.9768500317431542,True,True,0.6161499682568458,0.6161499682568458
Myanmar,Prophet,2020-07-01,1.745,0.9674246302572964,True,True,0.7775753697427037,0.7775753697427037
Myanmar,Prophet,2020-08-01,1.341,1.0018430998445977,True,True,0.33915690015540223,0.33915690015540223
Myanmar,Prophet,2020-09-01,1.69,0.9127225872929421,True,True,0.7772774127070579,0.7772774127070579
Myanmar,Prophet,2020-10-01,1.403,0.939978126392172,True,True,0.463021873607828,0.463021873607828
Myanmar,Prophet,2020-11-01,1.661,0.9773531288273323,True,True,0.6836468711726678,0.6836468711726678
Myanmar,Prophet,2020-12-01,1.638,0.9602540491646279,True,True,0.677745950835372,0.677745950835372
Myanmar,Prophet,2021-01-01,2.003,1.1502001496783607,True,True,0.8527998503216394,0.8527998503216394
Myanmar,Prophet,2021-02-01,1.742,1.2419992793661667,True,True,0.5000007206338333,0.5000007206338333
Myanmar,Prophet,2021-03-01,2.32,1.0843247889758039,True,True,1.235675211024196,1.235675211024196
Myanmar,Prophet,2021-04-01,0.895,0.9190581006144745,True,True,-0.024058100614474442,0.024058100614474442
Myanmar,Prophet,2021-05-01,1.154,0.8089107513505576,True,True,0.34508924864944235,0.34508924864944235
Myanmar,Prophet,2021-06-01,1.425,0.9995795505829435,True,True,0.4254204494170566,0.4254204494170566
Myanmar,Prophet,2021-07-01,1.322,0.9886880456286501,True,True,0.33331195437134997,0.33331195437134997
Myanmar,Prophet,2021-08-01,1.224,1.017736173048696,True,True,0.20626382695130396,0.20626382695130396
Myanmar,Prophet,2021-09-01,1.147,0.9328737220016877,True,True,0.2141262779983123,0.2141262779983123
Myanmar,Prophet,2021-10-01,1.828,0.9649928057674417,True,True,0.8630071942325583,0.8630071942325583
Myanmar,Prophet,2021-11-01,1.943,0.9983056250435531,True,True,0.9446943749564469,0.9446943749564469
Myanmar,Prophet,2021-12-01,1.693,0.978501712969105,True,True,0.714498287030895,0.714498287030895
Myanmar,Prophet,2022-01-01,1.785,1.178113855932616,True,True,0.6068861440673838,0.6068861440673838
Myanmar,Prophet,2022-02-01,0.335,1.258134029888639,True,True,-0.923134029888639,0.923134029888639
Myanmar,Prophet,2022-03-01,2.424,1.1051014279675462,True,True,1.3188985720324538,1.3188985720324538
Myanmar,Prophet,2022-04-01,0.717,0.9414191971545571,True,True,-0.22441919715455716,0.22441919715455716
Myanmar,Prophet,2022-05-01,0.037,0.833830329716895,True,True,-0.7968303297168949,0.7968303297168949
Myanmar,Prophet,2022-06-01,0.998,1.022198997912711,True,True,-0.024198997912711073,0.024198997912711073
Myanmar,Prophet,2022-07-01,1.875,1.0098297292568603,True,True,0.8651702707431397,0.8651702707431397
Myanmar,Prophet,2022-08-01,1.744,1.0335934415519659,True,True,0.7104065584480341,0.7104065584480341
Myanmar,Prophet,2022-09-01,1.328,0.9531723067760962,True,True,0.37482769322390386,0.37482769322390386
Myanmar,Prophet,2022-10-01,1.202,0.990043381084748,True,True,0.21195661891525197,0.21195661891525197
Myanmar,Prophet,2022-11-01,1.743,1.0191995677545942,True,True,0.7238004322454059,0.7238004322454059
Myanmar,Prophet,2022-12-01,2.34,0.9968470603188777,True,True,1.3431529396811221,1.3431529396811221
Myanmar,Prophet,2023-01-01,1.572,1.2059416937622038,True,True,0.3660583062377962,0.3660583062377962
Myanmar,Prophet,2023-02-01,2.001,1.2740979928412242,True,True,0.7269020071587757,0.7269020071587757
Myanmar,Prophet,2023-03-01,1.402,1.1259717684821693,True,True,0.2760282315178306,0.2760282315178306
Myanmar,Prophet,2023-04-01,1.888,0.9639001311507612,True,True,0.9240998688492387,0.9240998688492387
Myanmar,Prophet,2023-05-01,1.583,0.8588226322886772,True,True,0.7241773677113228,0.7241773677113228
Myanmar,Prophet,2023-06-01,1.658,1.0447043598026997,True,True,0.6132956401973002,0.6132956401973002
Myanmar,Prophet,2023-07-01,1.89,1.0308509955444773,True,True,0.8591490044555226,0.8591490044555226
Myanmar,Prophet,2023-08-01,1.433,1.0494220133025438,True,True,0.38357798669745624,0.38357798669745624
Myanmar,Prophet,2023-09-01,1.596,0.9736205534888854,True,True,0.6223794465111147,0.6223794465111147
Myanmar,Prophet,2023-10-01,1.303,1.0151253826553859,True,True,0.28787461734461406,0.28787461734461406
Myanmar,Prophet,2023-11-01,2.014,1.0400346102361056,True,True,0.9739653897638942,0.9739653897638942
Myanmar,Prophet,2023-12-01,2.918,1.015290331751855,True,True,1.9027096682481452,1.9027096682481452
Philippines,Holt-Winters,2014-01-01,-0.096,1.0679332290761567,True,True,-1.1639332290761568,1.1639332290761568
Philippines,Holt-Winters,2014-02-01,0.546,1.1078052982390858,True,True,-0.5618052982390858,0.5618052982390858
Philippines,Holt-Winters,2014-03-01,0.779,1.137632779310881,True,True,-0.3586327793108809,0.3586327793108809
Philippines,Holt-Winters,2014-04-01,0.976,1.14422305467658,True,True,-0.16822305467657994,0.16822305467657994
Philippines,Holt-Winters,2014-05-01,1.625,1.0711257090223714,True,True,0.5538742909776286,0.5538742909776286
Philippines,Holt-Winters,2014-06-01,1.291,1.0757133175926112,True,True,0.21528668240738869,0.21528668240738869
Philippines,Holt-Winters,2014-07-01,0.939,1.0295419511073545,True,True,-0.09054195110735452,0.09054195110735452
Philippines,Holt-Winters,2014-08-01,0.928,1.0968034433388558,True,True,-0.16880344333885577,0.16880344333885577
Philippines,Holt-Winters,2014-09-01,0.661,1.062612539343578,True,True,-0.4016125393435779,0.4016125393435779
Philippines,Holt-Winters,2014-10-01,0.833,1.0236136811131349,True,True,-0.19061368111313493,0.19061368111313493
Philippines,Holt-Winters,2014-11-01,1.149,1.113236928127172,True,True,0.03576307187282812,0.03576307187282812
Philippines,Holt-Winters,2014-12-01,0.994,1.0610827893486208,True,True,-0.06708278934862077,0.06708278934862077
Philippines,Holt-Winters,2015-01-01,0.538,1.0934045078515084,True,True,-0.5554045078515084,0.5554045078515084
Philippines,Holt-Winters,2015-02-01,0.57,1.1332765770144377,True,True,-0.5632765770144378,0.5632765770144378
Philippines,Holt-Winters,2015-03-01,0.756,1.1631040580862329,True,True,-0.40710405808623285,0.40710405808623285
Philippines,Holt-Winters,2015-04-01,0.954,1.1696943334519316,True,True,-0.21569433345193167,0.21569433345193167
Philippines,Holt-Winters,2015-05-01,1.282,1.096596987797723,True,True,0.18540301220227695,0.18540301220227695
Philippines,Holt-Winters,2015-06-01,1.447,1.1011845963679632,True,True,0.3458154036320369,0.3458154036320369
Philippines,Holt-Winters,2015-07-01,1.146,1.0550132298827062,True,True,0.09098677011729372,0.09098677011729372
Philippines,Holt-Winters,2015-08-01,1.291,1.1222747221142075,True,True,0.1687252778857924,0.1687252778857924
Philippines,Holt-Winters,2015-09-01,1.369,1.0880838181189298,True,True,0.28091618188107015,0.28091618188107015
Philippines,Holt-Winters,2015-10-01,1.264,1.0490849598884868,True,True,0.2149150401115132,0.2149150401115132
Philippines,Holt-Winters,2015-11-01,1.647,1.1387082069025236,True,True,0.5082917930974764,0.5082917930974764
Philippines,Holt-Winters,2015-12-01,1.608,1.0865540681239725,True,True,0.5214459318760276,0.5214459318760276
Philippines,Holt-Winters,2016-01-01,1.859,1.1188757866268604,True,True,0.7401242133731396,0.7401242133731396
Philippines,Holt-Winters,2016-02-01,1.408,1.1587478557897897,True,True,0.24925214421021025,0.24925214421021025
Philippines,Holt-Winters,2016-03-01,1.583,1.1885753368615846,True,True,0.3944246631384154,0.3944246631384154
Philippines,Holt-Winters,2016-04-01,2.027,1.1951656122272836,True,True,0.8318343877727166,0.8318343877727166
Philippines,Holt-Winters,2016-05-01,1.78,1.122068266573075,True,True,0.657931733426925,0.657931733426925
Philippines,Holt-Winters,2016-06-01,1.487,1.1266558751433149,True,True,0.3603441248566852,0.3603441248566852
Philippines,Holt-Winters,2016-07-01,1.46,1.080484508658058,True,True,0.37951549134194207,0.37951549134194207
Philippines,Holt-Winters,2016-08-01,1.667,1.1477460008895595,True,True,0.5192539991104406,0.5192539991104406
Philippines,Holt-Winters,2016-09-01,1.41,1.1135550968942818,True,True,0.29644490310571814,0.29644490310571814
Philippines,Holt-Winters,2016-10-01,1.245,1.0745562386638385,True,True,0.17044376133616157,0.17044376133616157
Philippines,Holt-Winters,2016-11-01,1.227,1.1641794856778755,True,True,0.06282051432212454,0.06282051432212454
Philippines,Holt-Winters,2016-12-01,1.685,1.1120253468993244,True,True,0.5729746531006756,0.5729746531006756
Philippines,Holt-Winters,2017-01-01,1.309,1.144347065402212,True,True,0.16465293459778785,0.16465293459778785
Philippines,Holt-Winters,2017-02-01,0.872,1.1842191345651414,True,True,-0.3122191345651414,0.3122191345651414
Philippines,Holt-Winters,2017-03-01,0.874,1.2140466156369365,True,True,-0.3400466156369365,0.3400466156369365
Philippines,Holt-Winters,2017-04-01,0.863,1.2206368910026355,True,True,-0.3576368910026355,0.3576368910026355
Philippines,Holt-Winters,2017-05-01,1.232,1.1475395453484267,True,True,0.08446045465157326,0.08446045465157326
Philippines,Holt-Winters,2017-06-01,1.209,1.1521271539186668,True,True,0.05687284608133325,0.05687284608133325
Philippines,Holt-Winters,2017-07-01,0.828,1.10595578743341,True,True,-0.2779557874334101,0.2779557874334101
Philippines,Holt-Winters,2017-08-01,1.527,1.1732172796649114,True,True,0.3537827203350885,0.3537827203350885
Philippines,Holt-Winters,2017-09-01,1.383,1.1390263756696335,True,True,0.2439736243303665,0.2439736243303665
Philippines,Holt-Winters,2017-10-01,1.116,1.1000275174391905,True,True,0.01597248256080963,0.01597248256080963
Philippines,Holt-Winters,2017-11-01,1.593,1.1896507644532275,True,True,0.4033492355467725,0.4033492355467725
Philippines,Holt-Winters,2017-12-01,1.307,1.1374966256746761,True,True,0.1695033743253238,0.1695033743253238
Philippines,Holt-Winters,2018-01-01,1.405,1.169818344177564,True,True,0.235181655822436,0.235181655822436
Philippines,Holt-Winters,2018-02-01,1.41,1.2096904133404933,True,True,0.2003095866595066,0.2003095866595066
Philippines,Holt-Winters,2018-03-01,1.113,1.2395178944122884,True,True,-0.12651789441228845,0.12651789441228845
Philippines,Holt-Winters,2018-04-01,1.057,1.2461081697779872,True,True,-0.18910816977798728,0.18910816977798728
Philippines,Holt-Winters,2018-05-01,1.345,1.1730108241237787,True,True,0.1719891758762213,0.1719891758762213
Philippines,Holt-Winters,2018-06-01,1.112,1.1775984326940188,True,True,-0.06559843269401866,0.06559843269401866
Philippines,Holt-Winters,2018-07-01,1.21,1.1314270662087618,True,True,0.0785729337912382,0.0785729337912382
Philippines,Holt-Winters,2018-08-01,1.287,1.1986885584402631,True,True,0.0883114415597368,0.0883114415597368
Philippines,Holt-Winters,2018-09-01,1.07,1.1644976544449854,True,True,-0.09449765444498537,0.09449765444498537
Philippines,Holt-Winters,2018-10-01,1.219,1.1254987962145424,True,True,0.09350120378545768,0.09350120378545768
Philippines,Holt-Winters,2018-11-01,1.366,1.2151220432285792,True,True,0.1508779567714209,0.1508779567714209
Philippines,Holt-Winters,2018-12-01,1.529,1.162967904450028,True,True,0.36603209554997185,0.36603209554997185
Philippines,Holt-Winters,2019-01-01,1.186,1.195289622952916,True,True,-0.009289622952916021,0.009289622952916021
Philippines,Holt-Winters,2019-02-01,0.825,1.2351616921158453,True,True,-0.4101616921158453,0.4101616921158453
Philippines,Holt-Winters,2019-03-01,1.04,1.2649891731876401,True,True,-0.2249891731876401,0.2249891731876401
Philippines,Holt-Winters,2019-04-01,1.411,1.2715794485533392,True,True,0.13942055144666088,0.13942055144666088
Philippines,Holt-Winters,2019-05-01,1.458,1.1984821028991306,True,True,0.25951789710086937,0.25951789710086937
Philippines,Holt-Winters,2019-06-01,1.95,1.2030697114693705,True,True,0.7469302885306295,0.7469302885306295
Philippines,Holt-Winters,2019-07-01,1.105,1.1568983449841135,True,True,-0.0518983449841135,0.0518983449841135
Philippines,Holt-Winters,2019-08-01,1.319,1.224159837215615,True,True,0.0948401627843849,0.0948401627843849
Philippines,Holt-Winters,2019-09-01,1.215,1.1899689332203374,True,True,0.025031066779662714,0.025031066779662714
Philippines,Holt-Winters,2019-10-01,1.294,1.1509700749898941,True,True,0.14302992501010592,0.14302992501010592
Philippines,Holt-Winters,2019-11-01,1.483,1.2405933220039311,True,True,0.24240667799606896,0.24240667799606896
Philippines,Holt-Winters,2019-12-01,1.561,1.18843918322538,True,True,0.37256081677461994,0.37256081677461994
Philippines,Holt-Winters,2020-01-01,1.708,1.2207609017282677,True,True,0.4872390982717323,0.4872390982717323
Philippines,Holt-Winters,2020-02-01,1.223,1.260632970891197,True,True,-0.03763297089119688,0.03763297089119688
Philippines,Holt-Winters,2020-03-01,1.597,1.290460451962992,True,True,0.3065395480370079,0.3065395480370079
Philippines,Holt-Winters,2020-04-01,1.433,1.297050727328691,True,True,0.13594927267130896,0.13594927267130896
Philippines,Holt-Winters,2020-05-01,1.713,1.2239533816744823,True,True,0.48904661832551777,0.48904661832551777
Philippines,Holt-Winters,2020-06-01,1.52,1.2285409902447224,True,True,0.2914590097552776,0.2914590097552776
Philippines,Holt-Winters,2020-07-01,1.577,1.1823696237594656,True,True,0.3946303762405343,0.3946303762405343
Philippines,Holt-Winters,2020-08-01,1.377,1.2496311159909668,True,True,0.12736888400903323,0.12736888400903323
Philippines,Holt-Winters,2020-09-01,1.637,1.215440211995689,True,True,0.42155978800431093,0.42155978800431093
Philippines,Holt-Winters,2020-10-01,0.801,1.176441353765246,True,True,-0.375441353765246,0.375441353765246
Philippines,Holt-Winters,2020-11-01,1.492,1.266064600779283,True,True,0.22593539922071693,0.22593539922071693
Philippines,Holt-Winters,2020-12-01,1.665,1.2139104620007317,True,True,0.4510895379992683,0.4510895379992683
Philippines,Holt-Winters,2021-01-01,1.036,1.2462321805036196,True,True,-0.21023218050361958,0.21023218050361958
Philippines,Holt-Winters,2021-02-01,1.206,1.286104249666549,True,True,-0.08010424966654894,0.08010424966654894
Philippines,Holt-Winters,2021-03-01,1.47,1.3159317307383438,True,True,0.15406826926165618,0.15406826926165618
Philippines,Holt-Winters,2021-04-01,0.729,1.3225220061040428,True,True,-0.5935220061040428,0.5935220061040428
Philippines,Holt-Winters,2021-05-01,1.454,1.2494246604498342,True,True,0.2045753395501657,0.2045753395501657
Philippines,Holt-Winters,2021-06-01,1.234,1.2540122690200743,True,True,-0.020012269020074358,0.020012269020074358
Philippines,Holt-Winters,2021-07-01,1.519,1.2078409025348174,True,True,0.31115909746518255,0.31115909746518255
Philippines,Holt-Winters,2021-08-01,1.455,1.2751023947663187,True,True,0.17989760523368137,0.17989760523368137
Philippines,Holt-Winters,2021-09-01,1.274,1.240911490771041,True,True,0.03308850922895901,0.03308850922895901
Philippines,Holt-Winters,2021-10-01,1.266,1.2019126325405978,True,True,0.06408736745940224,0.06408736745940224
Philippines,Holt-Winters,2021-11-01,1.696,1.2915358795546348,True,True,0.40446412044536517,0.40446412044536517
Philippines,Holt-Winters,2021-12-01,1.172,1.2393817407760837,True,True,-0.06738174077608372,0.06738174077608372
Philippines,Holt-Winters,2022-01-01,1.192,1.2717034592789715,True,True,-0.0797034592789716,0.0797034592789716
Philippines,Holt-Winters,2022-02-01,1.63,1.3115755284419006,True,True,0.3184244715580993,0.3184244715580993
Philippines,Holt-Winters,2022-03-01,1.706,1.3414030095136957,True,True,0.36459699048630423,0.36459699048630423
Philippines,Holt-Winters,2022-04-01,0.73,1.3479932848793947,True,True,-0.6179932848793948,0.6179932848793948
Philippines,Holt-Winters,2022-05-01,0.947,1.274895939225186,True,True,-0.327895939225186,0.327895939225186
Philippines,Holt-Winters,2022-06-01,1.233,1.279483547795426,True,True,-0.04648354779542596,0.04648354779542596
Philippines,Holt-Winters,2022-07-01,1.4,1.233312181310169,True,True,0.16668781868983085,0.16668781868983085
Philippines,Holt-Winters,2022-08-01,1.08,1.3005736735416706,True,True,-0.22057367354167057,0.22057367354167057
Philippines,Holt-Winters,2022-09-01,1.552,1.2663827695463927,True,True,0.2856172304536073,0.2856172304536073
Philippines,Holt-Winters,2022-10-01,1.371,1.2273839113159497,True,True,0.1436160886840503,0.1436160886840503
Philippines,Holt-Winters,2022-11-01,1.695,1.3170071583299867,True,True,0.37799284167001335,0.37799284167001335
Philippines,Holt-Winters,2022-12-01,1.184,1.2648530195514354,True,True,-0.08085301955143542,0.08085301955143542
Philippines,Holt-Winters,2023-01-01,1.098,1.2971747380543233,True,True,-0.19917473805432317,0.19917473805432317
Philippines,Holt-Winters,2023-02-01,1.369,1.3370468072172526,True,True,0.03195319278274744,0.03195319278274744
Philippines,Holt-Winters,2023-03-01,1.152,1.3668742882890477,True,True,-0.21487428828904775,0.21487428828904775
Philippines,Holt-Winters,2023-04-01,1.32,1.3734645636547465,True,True,-0.05346456365474639,0.05346456365474639
Philippines,Holt-Winters,2023-05-01,1.551,1.300367218000538,True,True,0.25063278199946204,0.25063278199946204
Philippines,Holt-Winters,2023-06-01,1.476,1.304954826570778,True,True,0.17104517342922199,0.17104517342922199
Philippines,Holt-Winters,2023-07-01,1.587,1.2587834600855208,True,True,0.3282165399144792,0.3282165399144792
Philippines,Holt-Winters,2023-08-01,1.976,1.3260449523170224,True,True,0.6499550476829776,0.6499550476829776
Philippines,Holt-Winters,2023-09-01,1.668,1.2918540483217447,True,True,0.37614595167825526,0.37614595167825526
Philippines,Holt-Winters,2023-10-01,1.781,1.2528551900913016,True,True,0.5281448099086983,0.5281448099086983
Philippines,Holt-Winters,2023-11-01,1.937,1.3424784371053384,True,True,0.5945215628946616,0.5945215628946616
Philippines,Holt-Winters,2023-12-01,2.287,1.2903242983267873,True,True,0.9966757016732126,0.9966757016732126
Philippines,SARIMA,2014-01-01,-0.096,1.0970500571620536,True,True,-1.1930500571620537,1.1930500571620537
Philippines,SARIMA,2014-02-01,0.546,1.1212685693309319,True,True,-0.5752685693309318,0.5752685693309318
Philippines,SARIMA,2014-03-01,0.779,1.08883395196374,True,True,-0.30983395196374,0.30983395196374
Philippines,SARIMA,2014-04-01,0.976,0.9747166975210645,True,True,0.0012833024789354885,0.0012833024789354885
Philippines,SARIMA,2014-05-01,1.625,0.7722169195819637,True,True,0.8527830804180363,0.8527830804180363
Philippines,SARIMA,2014-06-01,1.291,0.8835100879334178,True,True,0.40748991206658214,0.40748991206658214
Philippines,SARIMA,2014-07-01,0.939,0.7821765829294619,True,True,0.15682341707053804,0.15682341707053804
Philippines,SARIMA,2014-08-01,0.928,0.8949701862614609,True,True,0.03302981373853919,0.03302981373853919
Philippines,SARIMA,2014-09-01,0.661,0.8769394667091703,True,True,-0.2159394667091703,0.2159394667091703
Philippines,SARIMA,2014-10-01,0.833,0.813884505743799,True,True,0.01911549425620096,0.01911549425620096
Philippines,SARIMA,2014-11-01,1.149,1.0355915783435898,True,True,0.11340842165641019,0.11340842165641019
Philippines,SARIMA,2014-12-01,0.994,1.043579334520216,True,True,-0.04957933452021601,0.04957933452021601
Philippines,SARIMA,2015-01-01,0.538,1.0269823510806977,True,True,-0.48898235108069765,0.48898235108069765
Philippines,SARIMA,2015-02-01,0.57,1.1501555473381049,True,True,-0.5801555473381049,0.5801555473381049
Philippines,SARIMA,2015-03-01,0.756,1.116885324564515,True,True,-0.36088532456451494,0.36088532456451494
Philippines,SARIMA,2015-04-01,0.954,0.9998280941789736,True,True,-0.0458280941789736,0.0458280941789736
Philippines,SARIMA,2015-05-01,1.282,0.7921113621650121,True,True,0.48988863783498793,0.48988863783498793
Philippines,SARIMA,2015-06-01,1.447,0.9062717501946521,True,True,0.540728249805348,0.540728249805348
Philippines,SARIMA,2015-07-01,1.146,0.8023276139730695,True,True,0.3436723860269304,0.3436723860269304
Philippines,SARIMA,2015-08-01,1.291,0.918027092336191,True,True,0.372972907663809,0.372972907663809
Philippines,SARIMA,2015-09-01,1.369,0.8995318516036882,True,True,0.4694681483963118,0.4694681483963118
Philippines,SARIMA,2015-10-01,1.264,0.8348524205332316,True,True,0.4291475794667684,0.4291475794667684
Philippines,SARIMA,2015-11-01,1.647,1.0622712802154397,True,True,0.5847287197845603,0.5847287197845603
Philippines,SARIMA,2015-12-01,1.608,1.0704648230727167,True,True,0.5375351769272834,0.5375351769272834
Philippines,SARIMA,2016-01-01,1.859,1.053440255458705,True,True,0.805559744541295,0.805559744541295
Philippines,SARIMA,2016-02-01,1.408,1.1797867337545842,True,True,0.2282132662454157,0.2282132662454157
Philippines,SARIMA,2016-03-01,1.583,1.14565937806936,True,True,0.43734062193063994,0.43734062193063994
Philippines,SARIMA,2016-04-01,2.027,1.025586429833326,True,True,1.0014135701666742,1.0014135701666742
Philippines,SARIMA,2016-05-01,1.78,0.8125183405856649,True,True,0.9674816594143352,0.9674816594143352
Philippines,SARIMA,2016-06-01,1.487,0.9296198157986104,True,True,0.5573801842013897,0.5573801842013897
Philippines,SARIMA,2016-07-01,1.46,0.8229977912823446,True,True,0.6370022087176553,0.6370022087176553
Philippines,SARIMA,2016-08-01,1.667,0.9416780080504596,True,True,0.7253219919495404,0.7253219919495404
Philippines,SARIMA,2016-09-01,1.41,0.922706278788009,True,True,0.4872937212119909,0.4872937212119909
Philippines,SARIMA,2016-10-01,1.245,0.8563605267718368,True,True,0.3886394732281633,0.3886394732281633
Philippines,SARIMA,2016-11-01,1.227,1.0896383249615038,True,True,0.13736167503849628,0.13736167503849628
Philippines,SARIMA,2016-12-01,1.685,1.0980429561332068,True,True,0.5869570438667933,0.5869570438667933
Philippines,SARIMA,2017-01-01,1.309,1.0805797885943431,True,True,0.22842021140565683,0.22842021140565683
Philippines,SARIMA,2017-02-01,0.872,1.2101813014463008,True,True,-0.33818130144630076,0.33818130144630076
Philippines,SARIMA,2017-03-01,0.874,1.1751747307361602,True,True,-0.3011747307361602,0.3011747307361602
Philippines,SARIMA,2017-04-01,0.863,1.0520083714210835,True,True,-0.1890083714210835,0.1890083714210835
Philippines,SARIMA,2017-05-01,1.232,0.8334510591839648,True,True,0.3985489408160352,0.3985489408160352
Philippines,SARIMA,2017-06-01,1.209,0.9535693921164684,True,True,0.25543060788353167,0.25543060788353167
Philippines,SARIMA,2017-07-01,0.828,0.8442004895002311,True,True,-0.01620048950023112,0.01620048950023112
Philippines,SARIMA,2017-08-01,1.527,0.9659382367346756,True,True,0.5610617632653243,0.5610617632653243
Philippines,SARIMA,2017-09-01,1.383,0.9464777432805296,True,True,0.4365222567194704,0.4365222567194704
Philippines,SARIMA,2017-10-01,1.116,0.8784227412846634,True,True,0.23757725871533675,0.23757725871533675
Philippines,SARIMA,2017-11-01,1.593,1.1177104204343287,True,True,0.4752895795656713,0.4752895795656713
Philippines,SARIMA,2017-12-01,1.307,1.1263315781389749,True,True,0.18066842186102505,0.18066842186102505
Philippines,SARIMA,2018-01-01,1.405,1.108418511128719,True,True,0.296581488871281,0.296581488871281
Philippines,SARIMA,2018-02-01,1.41,1.2413589172252137,True,True,0.16864108277478618,0.16864108277478618
Philippines,SARIMA,2018-03-01,1.113,1.2054504804805923,True,True,-0.09245048048059235,0.09245048048059235
Philippines,SARIMA,2018-04-01,1.057,1.0791110152655785,True,True,-0.02211101526557857,0.02211101526557857
Philippines,SARIMA,2018-05-01,1.345,0.8549230624802566,True,True,0.49007693751974335,0.49007693751974335
Philippines,SARIMA,2018-06-01,1.112,0.9781359757270466,True,True,0.13386402427295352,0.13386402427295352
Philippines,SARIMA,2018-07-01,1.21,0.865949427837448,True,True,0.34405057216255197,0.34405057216255197
Philippines,SARIMA,2018-08-01,1.287,0.9908234759753438,True,True,0.2961765240246561,0.2961765240246561
Philippines,SARIMA,2018-09-01,1.07,0.9708616264127731,True,True,0.09913837358722699,0.09913837358722699
Philippines,SARIMA,2018-10-01,1.219,0.901053339432645,True,True,0.3179466605673551,0.3179466605673551
Philippines,SARIMA,2018-11-01,1.366,1.1465057306896946,True,True,0.21949426931030547,0.21949426931030547
Philippines,SARIMA,2018-12-01,1.529,1.1553489932493437,True,True,0.3736510067506562,0.3736510067506562
Philippines,SARIMA,2019-01-01,1.186,1.1369744361135998,True,True,0.049025563886400114,0.049025563886400114
Philippines,SARIMA,2019-02-01,0.825,1.273339754574726,True,True,-0.4483397545747261,0.4483397545747261
Philippines,SARIMA,2019-03-01,1.04,1.2365062172334358,True,True,-0.19650621723343575,0.19650621723343575
Philippines,SARIMA,2019-04-01,1.411,1.1069118981386938,True,True,0.3040881018613062,0.3040881018613062
Philippines,SARIMA,2019-05-01,1.458,0.8769482439391719,True,True,0.581051756060828,0.581051756060828
Philippines,SARIMA,2019-06-01,1.95,1.0033354624438748,True,True,0.9466645375561251,0.9466645375561251
Philippines,SARIMA,2019-07-01,1.105,0.8882586789495083,True,True,0.2167413210504917,0.2167413210504917
Philippines,SARIMA,2019-08-01,1.319,1.0163498277721923,True,True,0.30265017222780766,0.30265017222780766
Philippines,SARIMA,2019-09-01,1.215,0.9958737057818833,True,True,0.2191262942181168,0.2191262942181168
Philippines,SARIMA,2019-10-01,1.294,0.9242669643494765,True,True,0.3697330356505235,0.3697330356505235
Philippines,SARIMA,2019-11-01,1.483,1.1760428877396718,True,True,0.3069571122603283,0.3069571122603283
Philippines,SARIMA,2019-12-01,1.561,1.1851139771893804,True,True,0.37588602281061956,0.37588602281061956
Philippines,SARIMA,2020-01-01,1.708,1.166266040666762,True,True,0.541733959333238,0.541733959333238
Philippines,SARIMA,2020-02-01,1.223,1.3061445067029407,True,True,-0.0831445067029406,0.0831445067029406
Philippines,SARIMA,2020-03-01,1.597,1.2683620356162417,True,True,0.32863796438375825,0.32863796438375825
Philippines,SARIMA,2020-04-01,1.433,1.1354290086080352,True,True,0.29757099139196486,0.29757099139196486
Philippines,SARIMA,2020-05-01,1.713,0.8995408549593986,True,True,0.8134591450406015,0.8134591450406015
Philippines,SARIMA,2020-06-01,1.52,1.0291841576005825,True,True,0.49081584239941756,0.49081584239941756
Philippines,SARIMA,2020-07-01,1.577,0.9111426780424338,True,True,0.6658573219575662,0.6658573219575662
Philippines,SARIMA,2020-08-01,1.377,1.042533808956975,True,True,0.3344661910430251,0.3344661910430251
Philippines,SARIMA,2020-09-01,1.637,1.0215301654595224,True,True,0.6154698345404777,0.6154698345404777
Philippines,SARIMA,2020-10-01,0.801,0.9480786364164564,True,True,-0.14707863641645635,0.14707863641645635
Philippines,SARIMA,2020-11-01,1.492,1.206341003608468,True,True,0.2856589963915319,0.2856589963915319
Philippines,SARIMA,2020-12-01,1.665,1.2156457893987342,True,True,0.4493542106012658,0.4493542106012658
Philippines,SARIMA,2021-01-01,1.036,1.196312277927614,True,True,-0.16031227792761404,0.16031227792761404
Philippines,SARIMA,2021-02-01,1.206,1.3397943999322066,True,True,-0.13379439993220665,0.13379439993220665
Philippines,SARIMA,2021-03-01,1.47,1.3010385479435624,True,True,0.16896145205643753,0.16896145205643753
Philippines,SARIMA,2021-04-01,0.729,1.1646807986764378,True,True,-0.43568079867643783,0.43568079867643783
Philippines,SARIMA,2021-05-01,1.454,0.9227155140950517,True,True,0.5312844859049483,0.5312844859049483
Philippines,SARIMA,2021-06-01,1.234,1.0556987866012677,True,True,0.17830121339873228,0.17830121339873228
Philippines,SARIMA,2021-07-01,1.519,0.9346162322130585,True,True,0.5843837677869415,0.5843837677869415
Philippines,SARIMA,2021-08-01,1.455,1.069392361880691,True,True,0.385607638119309,0.385607638119309
Philippines,SARIMA,2021-09-01,1.274,1.047847606463778,True,True,0.22615239353622196,0.22615239353622196
Philippines,SARIMA,2021-10-01,1.266,0.972503762981428,True,True,0.29349623701857197,0.29349623701857197
Philippines,SARIMA,2021-11-01,1.696,1.2374196826988688,True,True,0.45858031730113114,0.45858031730113114
Philippines,SARIMA,2021-12-01,1.172,1.246964185493461,True,True,-0.07496418549346107,0.07496418549346107
Philippines,SARIMA,2022-01-01,1.192,1.227132589320831,True,True,-0.035132589320830965,0.035132589320830965
Philippines,SARIMA,2022-02-01,1.63,1.3743112074336148,True,True,0.2556887925663851,0.2556887925663851
Philippines,SARIMA,2022-03-01,1.706,1.3345568975601543,True,True,0.3714431024398457,0.3714431024398457
Philippines,SARIMA,2022-04-01,0.73,1.194686195721339,True,True,-0.46468619572133907,0.46468619572133907
Philippines,SARIMA,2022-05-01,0.947,0.946487216514612,True,True,0.0005127834853879687,0.0005127834853879687
Philippines,SARIMA,2022-06-01,1.233,1.0828965057426747,True,True,0.1501034942573254,0.1501034942573254
Philippines,SARIMA,2022-07-01,1.4,0.9586945300299637,True,True,0.44130546997003617,0.44130546997003617
Philippines,SARIMA,2022-08-01,1.08,1.0969428653761377,True,True,-0.01694286537613765,0.01694286537613765
Philippines,SARIMA,2022-09-01,1.552,1.0748430575008563,True,True,0.47715694249914375,0.47715694249914375
Philippines,SARIMA,2022-10-01,1.371,0.9975581483281077,True,True,0.37344185167189226,0.37344185167189226
Philippines,SARIMA,2022-11-01,1.695,1.2692990344772699,True,True,0.4257009655227302,0.4257009655227302
Philippines,SARIMA,2022-12-01,1.184,1.2790894300488986,True,True,-0.0950894300488987,0.0950894300488987
Philippines,SARIMA,2023-01-01,1.098,1.2587469171359307,True,True,-0.1607469171359306,0.1607469171359306
Philippines,SARIMA,2023-02-01,1.369,1.4097172633153339,True,True,-0.040717263315333874,0.040717263315333874
Philippines,SARIMA,2023-03-01,1.152,1.3689387725217836,True,True,-0.21693877252178373,0.21693877252178373
Philippines,SARIMA,2023-04-01,1.32,1.2254646147417423,True,True,0.09453538525825778,0.09453538525825778
Philippines,SARIMA,2023-05-01,1.551,0.9708713437035535,True,True,0.5801286562964464,0.5801286562964464
Philippines,SARIMA,2023-06-01,1.476,1.1107949133151789,True,True,0.3652050866848211,0.3652050866848211
Philippines,SARIMA,2023-07-01,1.587,0.9833931513612454,True,True,0.6036068486387546,0.6036068486387546
Philippines,SARIMA,2023-08-01,1.976,1.125203146002887,True,True,0.8507968539971129,0.8507968539971129
Philippines,SARIMA,2023-09-01,1.668,1.1025339859835095,True,True,0.5654660140164904,0.5654660140164904
Philippines,SARIMA,2023-10-01,1.781,1.02325800390225,True,True,0.7577419960977498,0.7577419960977498
Philippines,SARIMA,2023-11-01,1.937,1.3019996864855123,True,True,0.6350003135144877,0.6350003135144877
Philippines,SARIMA,2023-12-01,2.287,1.312042309711866,True,True,0.9749576902881338,0.9749576902881338
Philippines,XGBoost,2014-01-01,-0.096,0.9605644941329956,True,True,-1.0565644941329957,1.0565644941329957
Philippines,XGBoost,2014-02-01,0.546,0.858647882938385,True,True,-0.31264788293838497,0.31264788293838497
Philippines,XGBoost,2014-03-01,0.779,0.8418208360671997,True,True,-0.06282083606719968,0.06282083606719968
Philippines,XGBoost,2014-04-01,0.976,0.8284096717834473,True,True,0.1475903282165527,0.1475903282165527
Philippines,XGBoost,2014-05-01,1.625,0.8145618438720703,True,True,0.8104381561279297,0.8104381561279297
Philippines,XGBoost,2014-06-01,1.291,0.8057103753089905,True,True,0.48528962469100945,0.48528962469100945
Philippines,XGBoost,2014-07-01,0.939,0.7691919803619385,True,True,0.16980801963806147,0.16980801963806147
Philippines,XGBoost,2014-08-01,0.928,0.8232556581497192,True,True,0.10474434185028081,0.10474434185028081
Philippines,XGBoost,2014-09-01,0.661,0.8606691360473633,True,True,-0.19966913604736325,0.19966913604736325
Philippines,XGBoost,2014-10-01,0.833,0.8551601767539978,True,True,-0.02216017675399784,0.02216017675399784
Philippines,XGBoost,2014-11-01,1.149,0.8949925303459167,True,True,0.2540074696540833,0.2540074696540833
Philippines,XGBoost,2014-12-01,0.994,0.8380729556083679,True,True,0.15592704439163207,0.15592704439163207
Philippines,XGBoost,2015-01-01,0.538,0.9622169733047485,True,True,-0.4242169733047485,0.4242169733047485
Philippines,XGBoost,2015-02-01,0.57,0.8712805509567261,True,True,-0.3012805509567261,0.3012805509567261
Philippines,XGBoost,2015-03-01,0.756,0.8666868209838867,True,True,-0.11068682098388671,0.11068682098388671
Philippines,XGBoost,2015-04-01,0.954,0.8402260541915894,True,True,0.1137739458084106,0.1137739458084106
Philippines,XGBoost,2015-05-01,1.282,0.7942430377006531,True,True,0.48775696229934695,0.48775696229934695
Philippines,XGBoost,2015-06-01,1.447,0.7601435780525208,True,True,0.6868564219474793,0.6868564219474793
Philippines,XGBoost,2015-07-01,1.146,0.7806568741798401,True,True,0.3653431258201598,0.3653431258201598
Philippines,XGBoost,2015-08-01,1.291,0.8378590941429138,True,True,0.4531409058570861,0.4531409058570861
Philippines,XGBoost,2015-09-01,1.369,0.8249151706695557,True,True,0.5440848293304443,0.5440848293304443
Philippines,XGBoost,2015-10-01,1.264,0.8806900978088379,True,True,0.3833099021911621,0.3833099021911621
Philippines,XGBoost,2015-11-01,1.647,0.9166285991668701,True,True,0.7303714008331299,0.7303714008331299
Philippines,XGBoost,2015-12-01,1.608,0.8612653613090515,True,True,0.7467346386909486,0.7467346386909486
Philippines,XGBoost,2016-01-01,1.859,0.9611817002296448,True,True,0.8978182997703552,0.8978182997703552
Philippines,XGBoost,2016-02-01,1.408,0.9019214510917664,True,True,0.5060785489082336,0.5060785489082336
Philippines,XGBoost,2016-03-01,1.583,0.8880786895751953,True,True,0.6949213104248047,0.6949213104248047
Philippines,XGBoost,2016-04-01,2.027,0.8924115300178528,True,True,1.1345884699821474,1.1345884699821474
Philippines,XGBoost,2016-05-01,1.78,0.8156347870826721,True,True,0.9643652129173279,0.9643652129173279
Philippines,XGBoost,2016-06-01,1.487,0.7974304556846619,True,True,0.6895695443153382,0.6895695443153382
Philippines,XGBoost,2016-07-01,1.46,0.7595425844192505,True,True,0.7004574155807495,0.7004574155807495
Philippines,XGBoost,2016-08-01,1.667,0.8378590941429138,True,True,0.8291409058570862,0.8291409058570862
Philippines,XGBoost,2016-09-01,1.41,0.8507668375968933,True,True,0.5592331624031066,0.5592331624031066
Philippines,XGBoost,2016-10-01,1.245,0.8645539879798889,True,True,0.3804460120201112,0.3804460120201112
Philippines,XGBoost,2016-11-01,1.227,0.9183679819107056,True,True,0.3086320180892945,0.3086320180892945
Philippines,XGBoost,2016-12-01,1.685,0.8968443870544434,True,True,0.7881556129455567,0.7881556129455567
Philippines,XGBoost,2017-01-01,1.309,0.9611817002296448,True,True,0.34781829977035517,0.34781829977035517
Philippines,XGBoost,2017-02-01,0.872,0.942254900932312,True,True,-0.07025490093231201,0.07025490093231201
Philippines,XGBoost,2017-03-01,0.874,0.9447979927062988,True,True,-0.07079799270629883,0.07079799270629883
Philippines,XGBoost,2017-04-01,0.863,0.9157995581626892,True,True,-0.05279955816268922,0.05279955816268922
Philippines,XGBoost,2017-05-01,1.232,0.8266158699989319,True,True,0.4053841300010681,0.4053841300010681
Philippines,XGBoost,2017-06-01,1.209,0.7878310680389404,True,True,0.42116893196105964,0.42116893196105964
Philippines,XGBoost,2017-07-01,0.828,0.7639881372451782,True,True,0.06401186275482174,0.06401186275482174
Philippines,XGBoost,2017-08-01,1.527,0.8403353095054626,True,True,0.6866646904945373,0.6866646904945373
Philippines,XGBoost,2017-09-01,1.383,0.8487832546234131,True,True,0.5342167453765869,0.5342167453765869
Philippines,XGBoost,2017-10-01,1.116,0.8670302033424377,True,True,0.24896979665756236,0.24896979665756236
Philippines,XGBoost,2017-11-01,1.593,0.9208441972732544,True,True,0.6721558027267456,0.6721558027267456
Philippines,XGBoost,2017-12-01,1.307,0.9037804007530212,True,True,0.4032195992469787,0.4032195992469787
Philippines,XGBoost,2018-01-01,1.405,0.9636579155921936,True,True,0.4413420844078064,0.4413420844078064
Philippines,XGBoost,2018-02-01,1.41,0.9521305561065674,True,True,0.45786944389343254,0.45786944389343254
Philippines,XGBoost,2018-03-01,1.113,0.9571887254714966,True,True,0.1558112745285034,0.1558112745285034
Philippines,XGBoost,2018-04-01,1.057,0.932650089263916,True,True,0.12434991073608392,0.12434991073608392
Philippines,XGBoost,2018-05-01,1.345,0.8290920853614807,True,True,0.5159079146385193,0.5159079146385193
Philippines,XGBoost,2018-06-01,1.112,0.7898004055023193,True,True,0.32219959449768076,0.32219959449768076
Philippines,XGBoost,2018-07-01,1.21,0.7639881372451782,True,True,0.44601186275482174,0.44601186275482174
Philippines,XGBoost,2018-08-01,1.287,0.8403353095054626,True,True,0.4466646904945373,0.4466646904945373
Philippines,XGBoost,2018-09-01,1.07,0.8532430529594421,True,True,0.21675694704055792,0.21675694704055792
Philippines,XGBoost,2018-10-01,1.219,0.8670302033424377,True,True,0.35196979665756234,0.35196979665756234
Philippines,XGBoost,2018-11-01,1.366,0.9208441972732544,True,True,0.4451558027267457,0.4451558027267457
Philippines,XGBoost,2018-12-01,1.529,0.9055197834968567,True,True,0.6234802165031432,0.6234802165031432
Philippines,XGBoost,2019-01-01,1.186,0.9670568108558655,True,True,0.21894318914413446,0.21894318914413446
Philippines,XGBoost,2019-02-01,0.825,0.9528558850288391,True,True,-0.12785588502883916,0.12785588502883916
Philippines,XGBoost,2019-03-01,1.04,0.9579140543937683,True,True,0.08208594560623172,0.08208594560623172
Philippines,XGBoost,2019-04-01,1.411,0.932650089263916,True,True,0.478349910736084,0.478349910736084
Philippines,XGBoost,2019-05-01,1.458,0.8290920853614807,True,True,0.6289079146385192,0.6289079146385192
Philippines,XGBoost,2019-06-01,1.95,0.7898004055023193,True,True,1.1601995944976806,1.1601995944976806
Philippines,XGBoost,2019-07-01,1.105,0.7639881372451782,True,True,0.34101186275482176,0.34101186275482176
Philippines,XGBoost,2019-08-01,1.319,0.8403353095054626,True,True,0.4786646904945373,0.4786646904945373
Philippines,XGBoost,2019-09-01,1.215,0.8532430529594421,True,True,0.36175694704055794,0.36175694704055794
Philippines,XGBoost,2019-10-01,1.294,0.8670302033424377,True,True,0.4269697966575623,0.4269697966575623
Philippines,XGBoost,2019-11-01,1.483,0.9198089241981506,True,True,0.5631910758018495,0.5631910758018495
Philippines,XGBoost,2019-12-01,1.561,0.9283628463745117,True,True,0.6326371536254882,0.6326371536254882
Philippines,XGBoost,2020-01-01,1.708,0.9670568108558655,True,True,0.7409431891441345,0.7409431891441345
Philippines,XGBoost,2020-02-01,1.223,0.9528558850288391,True,True,0.270144114971161,0.270144114971161
Philippines,XGBoost,2020-03-01,1.597,0.9579140543937683,True,True,0.6390859456062317,0.6390859456062317
Philippines,XGBoost,2020-04-01,1.433,0.9316148161888123,True,True,0.5013851838111878,0.5013851838111878
Philippines,XGBoost,2020-05-01,1.713,0.8290920853614807,True,True,0.8839079146385194,0.8839079146385194
Philippines,XGBoost,2020-06-01,1.52,0.7898004055023193,True,True,0.7301995944976807,0.7301995944976807
Philippines,XGBoost,2020-07-01,1.577,0.7639881372451782,True,True,0.8130118627548217,0.8130118627548217
Philippines,XGBoost,2020-08-01,1.377,0.8403353095054626,True,True,0.5366646904945374,0.5366646904945374
Philippines,XGBoost,2020-09-01,1.637,0.8532430529594421,True,True,0.7837569470405579,0.7837569470405579
Philippines,XGBoost,2020-10-01,0.801,0.8670302033424377,True,True,-0.0660302033424377,0.0660302033424377
Philippines,XGBoost,2020-11-01,1.492,0.9198089241981506,True,True,0.5721910758018494,0.5721910758018494
Philippines,XGBoost,2020-12-01,1.665,0.9283628463745117,True,True,0.7366371536254883,0.7366371536254883
Philippines,XGBoost,2021-01-01,1.036,0.9422404170036316,True,True,0.09375958299636844,0.09375958299636844
Philippines,XGBoost,2021-02-01,1.206,0.9446807503700256,True,True,0.2613192496299743,0.2613192496299743
Philippines,XGBoost,2021-03-01,1.47,0.9497389197349548,True,True,0.5202610802650451,0.5202610802650451
Philippines,XGBoost,2021-04-01,0.729,0.9234396815299988,True,True,-0.1944396815299988,0.1944396815299988
Philippines,XGBoost,2021-05-01,1.454,0.8290920853614807,True,True,0.6249079146385192,0.6249079146385192
Philippines,XGBoost,2021-06-01,1.234,0.7878310680389404,True,True,0.44616893196105956,0.44616893196105956
Philippines,XGBoost,2021-07-01,1.519,0.7639881372451782,True,True,0.7550118627548217,0.7550118627548217
Philippines,XGBoost,2021-08-01,1.455,0.8403353095054626,True,True,0.6146646904945374,0.6146646904945374
Philippines,XGBoost,2021-09-01,1.274,0.8532430529594421,True,True,0.4207569470405579,0.4207569470405579
Philippines,XGBoost,2021-10-01,1.266,0.8670302033424377,True,True,0.39896979665756227,0.39896979665756227
Philippines,XGBoost,2021-11-01,1.696,0.9208441972732544,True,True,0.7751558027267456,0.7751558027267456
Philippines,XGBoost,2021-12-01,1.172,0.9044845104217529,True,True,0.267515489578247,0.267515489578247
Philippines,XGBoost,2022-01-01,1.192,0.9404798150062561,True,True,0.25152018499374384,0.25152018499374384
Philippines,XGBoost,2022-02-01,1.63,0.937260091304779,True,True,0.6927399086952208,0.6927399086952208
Philippines,XGBoost,2022-03-01,1.706,0.9497389197349548,True,True,0.7562610802650451,0.7562610802650451
Philippines,XGBoost,2022-04-01,0.73,0.9234396815299988,True,True,-0.1934396815299988,0.1934396815299988
Philippines,XGBoost,2022-05-01,0.947,0.8290920853614807,True,True,0.11790791463851924,0.11790791463851924
Philippines,XGBoost,2022-06-01,1.233,0.7878310680389404,True,True,0.44516893196105967,0.44516893196105967
Philippines,XGBoost,2022-07-01,1.4,0.7639881372451782,True,True,0.6360118627548217,0.6360118627548217
Philippines,XGBoost,2022-08-01,1.08,0.8403353095054626,True,True,0.23966469049453742,0.23966469049453742
Philippines,XGBoost,2022-09-01,1.552,0.8532430529594421,True,True,0.6987569470405579,0.6987569470405579
Philippines,XGBoost,2022-10-01,1.371,0.8670302033424377,True,True,0.5039697966575623,0.5039697966575623
Philippines,XGBoost,2022-11-01,1.695,0.9208441972732544,True,True,0.7741558027267457,0.7741558027267457
Philippines,XGBoost,2022-12-01,1.184,0.9044845104217529,True,True,0.279515489578247,0.279515489578247
Philippines,XGBoost,2023-01-01,1.098,0.96529620885849,True,True,0.1327037911415101,0.1327037911415101
Philippines,XGBoost,2023-02-01,1.369,0.9510952830314636,True,True,0.41790471696853637,0.41790471696853637
Philippines,XGBoost,2023-03-01,1.152,0.9579140543937683,True,True,0.1940859456062316,0.1940859456062316
Philippines,XGBoost,2023-04-01,1.32,0.9316148161888123,True,True,0.3883851838111878,0.3883851838111878
Philippines,XGBoost,2023-05-01,1.551,0.8290920853614807,True,True,0.7219079146385192,0.7219079146385192
Philippines,XGBoost,2023-06-01,1.476,0.7898004055023193,True,True,0.6861995944976806,0.6861995944976806
Philippines,XGBoost,2023-07-01,1.587,0.7639881372451782,True,True,0.8230118627548217,0.8230118627548217
Philippines,XGBoost,2023-08-01,1.976,0.8403353095054626,True,True,1.1356646904945373,1.1356646904945373
Philippines,XGBoost,2023-09-01,1.668,0.8532430529594421,True,True,0.8147569470405578,0.8147569470405578
Philippines,XGBoost,2023-10-01,1.781,0.8670302033424377,True,True,0.9139697966575622,0.9139697966575622
Philippines,XGBoost,2023-11-01,1.937,0.9198089241981506,True,True,1.0171910758018494,1.0171910758018494
Philippines,XGBoost,2023-12-01,2.287,0.9283628463745117,True,True,1.3586371536254882,1.3586371536254882
Philippines,Prophet,2014-01-01,-0.096,1.3648289057939,True,True,-1.4608289057939001,1.4608289057939001
Philippines,Prophet,2014-02-01,0.546,1.3976987193143102,True,True,-0.8516987193143102,0.8516987193143102
Philippines,Prophet,2014-03-01,0.779,1.4326216453773253,True,True,-0.6536216453773253,0.6536216453773253
Philippines,Prophet,2014-04-01,0.976,1.448460451860621,True,True,-0.472460451860621,0.472460451860621
Philippines,Prophet,2014-05-01,1.625,1.3560211086953942,True,True,0.26897889130460584,0.26897889130460584
Philippines,Prophet,2014-06-01,1.291,1.3742547197216708,True,True,-0.08325471972167087,0.08325471972167087
Philippines,Prophet,2014-07-01,0.939,1.3217373495131821,True,True,-0.38273734951318217,0.38273734951318217
Philippines,Prophet,2014-08-01,0.928,1.419930674965822,True,True,-0.491930674965822,0.491930674965822
Philippines,Prophet,2014-09-01,0.661,1.3740440623562409,True,True,-0.7130440623562408,0.7130440623562408
Philippines,Prophet,2014-10-01,0.833,1.3180286400729766,True,True,-0.48502864007297664,0.48502864007297664
Philippines,Prophet,2014-11-01,1.149,1.4331073958530354,True,True,-0.28410739585303535,0.28410739585303535
Philippines,Prophet,2014-12-01,0.994,1.3518379096153585,True,True,-0.35783790961535855,0.35783790961535855
Philippines,Prophet,2015-01-01,0.538,1.4004038419418465,True,True,-0.8624038419418465,0.8624038419418465
Philippines,Prophet,2015-02-01,0.57,1.432729000058181,True,True,-0.862729000058181,0.862729000058181
Philippines,Prophet,2015-03-01,0.756,1.4688474506561615,True,True,-0.7128474506561615,0.7128474506561615
Philippines,Prophet,2015-04-01,0.954,1.4834287319754682,True,True,-0.5294287319754682,0.5294287319754682
Philippines,Prophet,2015-05-01,1.282,1.3913402499777638,True,True,-0.10934024997776381,0.10934024997776381
Philippines,Prophet,2015-06-01,1.447,1.4097111041166215,True,True,0.03728889588337858,0.03728889588337858
Philippines,Prophet,2015-07-01,1.146,1.3579827366319852,True,True,-0.2119827366319853,0.2119827366319853
Philippines,Prophet,2015-08-01,1.291,1.4557938822776582,True,True,-0.16479388227765823,0.16479388227765823
Philippines,Prophet,2015-09-01,1.369,1.4089069053303447,True,True,-0.03990690533034469,0.03990690533034469
Philippines,Prophet,2015-10-01,1.264,1.353676272006451,True,True,-0.08967627200645101,0.08967627200645101
Philippines,Prophet,2015-11-01,1.647,1.4683915028377947,True,True,0.17860849716220528,0.17860849716220528
Philippines,Prophet,2015-12-01,1.608,1.3870100223810689,True,True,0.22098997761893124,0.22098997761893124
Philippines,Prophet,2016-01-01,1.859,1.4359845353447298,True,True,0.4230154646552702,0.4230154646552702
Philippines,Prophet,2016-02-01,1.408,1.4677679597528184,True,True,-0.059767959752818456,0.059767959752818456
Philippines,Prophet,2016-03-01,1.583,1.5020739284830131,True,True,0.08092607151698683,0.08092607151698683
Philippines,Prophet,2016-04-01,2.027,1.520364029441988,True,True,0.5066359705580121,0.5066359705580121
Philippines,Prophet,2016-05-01,1.78,1.427424722668274,True,True,0.3525752773317261,0.3525752773317261
Philippines,Prophet,2016-06-01,1.487,1.4453315221778629,True,True,0.04166847782213723,0.04166847782213723
Philippines,Prophet,2016-07-01,1.46,1.3913019823622004,True,True,0.06869801763779959,0.06869801763779959
Philippines,Prophet,2016-08-01,1.667,1.4900188991676642,True,True,0.17698110083233587,0.17698110083233587
Philippines,Prophet,2016-09-01,1.41,1.446235188489334,True,True,-0.03623518848933416,0.03623518848933416
Philippines,Prophet,2016-10-01,1.245,1.3887905339339415,True,True,-0.14379053393394137,0.14379053393394137
Philippines,Prophet,2016-11-01,1.227,1.5043807508630724,True,True,-0.27738075086307235,0.27738075086307235
Philippines,Prophet,2016-12-01,1.685,1.4235377745120277,True,True,0.2614622254879724,0.2614622254879724
Philippines,Prophet,2017-01-01,1.309,1.471216005910764,True,True,-0.16221600591076402,0.16221600591076402
Philippines,Prophet,2017-02-01,0.872,1.5046331755838085,True,True,-0.6326331755838085,0.6326331755838085
Philippines,Prophet,2017-03-01,0.874,1.5383340537712673,True,True,-0.6643340537712673,0.6643340537712673
Philippines,Prophet,2017-04-01,0.863,1.5554097749966425,True,True,-0.6924097749966425,0.6924097749966425
Philippines,Prophet,2017-05-01,1.232,1.4626868188227968,True,True,-0.23068681882279685,0.23068681882279685
Philippines,Prophet,2017-06-01,1.209,1.480765496518635,True,True,-0.2717654965186349,0.2717654965186349
Philippines,Prophet,2017-07-01,0.828,1.4274805814419895,True,True,-0.5994805814419896,0.5994805814419896
Philippines,Prophet,2017-08-01,1.527,1.5259759686190926,True,True,0.001024031380907342,0.001024031380907342
Philippines,Prophet,2017-09-01,1.383,1.4811244439745226,True,True,-0.09812444397452258,0.09812444397452258
Philippines,Prophet,2017-10-01,1.116,1.4243705628367116,True,True,-0.3083705628367115,0.3083705628367115
Philippines,Prophet,2017-11-01,1.593,1.5397410884363376,True,True,0.05325891156366236,0.05325891156366236
Philippines,Prophet,2017-12-01,1.307,1.45865127335168,True,True,-0.15165127335168016,0.15165127335168016
Philippines,Prophet,2018-01-01,1.405,1.5067847666189749,True,True,-0.10178476661897484,0.10178476661897484
Philippines,Prophet,2018-02-01,1.41,1.5396545801393926,True,True,-0.12965458013939268,0.12965458013939268
Philippines,Prophet,2018-03-01,1.113,1.5745775062024023,True,True,-0.46157750620240234,0.46157750620240234
Philippines,Prophet,2018-04-01,1.057,1.5904163126856903,True,True,-0.5334163126856903,0.5334163126856903
Philippines,Prophet,2018-05-01,1.345,1.4979769695204697,True,True,-0.15297696952046969,0.15297696952046969
Philippines,Prophet,2018-06-01,1.112,1.5162105805467463,True,True,-0.4042105805467462,0.4042105805467462
Philippines,Prophet,2018-07-01,1.21,1.463693210338254,True,True,-0.2536932103382541,0.2536932103382541
Philippines,Prophet,2018-08-01,1.287,1.5618865357909046,True,True,-0.2748865357909047,0.2748865357909047
Philippines,Prophet,2018-09-01,1.07,1.515999923181309,True,True,-0.445999923181309,0.445999923181309
Philippines,Prophet,2018-10-01,1.219,1.4599845008980543,True,True,-0.24098450089805423,0.24098450089805423
Philippines,Prophet,2018-11-01,1.366,1.5750632566781078,True,True,-0.20906325667810766,0.20906325667810766
Philippines,Prophet,2018-12-01,1.529,1.4937937704404305,True,True,0.035206229559569424,0.035206229559569424
Philippines,Prophet,2019-01-01,1.186,1.5423597027669131,True,True,-0.3563597027669132,0.3563597027669132
Philippines,Prophet,2019-02-01,0.825,1.574684860883242,True,True,-0.749684860883242,0.749684860883242
Philippines,Prophet,2019-03-01,1.04,1.6108033114812237,True,True,-0.5708033114812237,0.5708033114812237
Philippines,Prophet,2019-04-01,1.411,1.6253845928005364,True,True,-0.21438459280053634,0.21438459280053634
Philippines,Prophet,2019-05-01,1.458,1.5332961108028424,True,True,-0.07529611080284249,0.07529611080284249
Philippines,Prophet,2019-06-01,1.95,1.551666964941695,True,True,0.398333035058305,0.398333035058305
Philippines,Prophet,2019-07-01,1.105,1.499938597457061,True,True,-0.39493859745706095,0.39493859745706095
Philippines,Prophet,2019-08-01,1.319,1.5977497431027394,True,True,-0.2787497431027395,0.2787497431027395
Philippines,Prophet,2019-09-01,1.215,1.5508627661554173,True,True,-0.3358627661554172,0.3358627661554172
Philippines,Prophet,2019-10-01,1.294,1.4956321328315272,True,True,-0.20163213283152714,0.20163213283152714
Philippines,Prophet,2019-11-01,1.483,1.6103473636628698,True,True,-0.1273473636628697,0.1273473636628697
Philippines,Prophet,2019-12-01,1.561,1.5289658832061432,True,True,0.032034116793856704,0.032034116793856704
Philippines,Prophet,2020-01-01,1.708,1.5779403961698044,True,True,0.13005960383019555,0.13005960383019555
Philippines,Prophet,2020-02-01,1.223,1.6097238205778752,True,True,-0.38672382057787513,0.38672382057787513
Philippines,Prophet,2020-03-01,1.597,1.644029789308097,True,True,-0.04702978930809709,0.04702978930809709
Philippines,Prophet,2020-04-01,1.433,1.6623198902670697,True,True,-0.22931989026706967,0.22931989026706967
Philippines,Prophet,2020-05-01,1.713,1.5693805834933494,True,True,0.14361941650665067,0.14361941650665067
Philippines,Prophet,2020-06-01,1.52,1.587287383002936,True,True,-0.06728738300293591,0.06728738300293591
Philippines,Prophet,2020-07-01,1.577,1.5332578431872894,True,True,0.04374215681271054,0.04374215681271054
Philippines,Prophet,2020-08-01,1.377,1.631974759992753,True,True,-0.254974759992753,0.254974759992753
Philippines,Prophet,2020-09-01,1.637,1.5881910493144036,True,True,0.04880895068559643,0.04880895068559643
Philippines,Prophet,2020-10-01,0.801,1.5307463947590174,True,True,-0.7297463947590174,0.7297463947590174
Philippines,Prophet,2020-11-01,1.492,1.646336611688145,True,True,-0.15433661168814505,0.15433661168814505
Philippines,Prophet,2020-12-01,1.665,1.5654936353371003,True,True,0.09950636466289975,0.09950636466289975
Philippines,Prophet,2021-01-01,1.036,1.6131718667358443,True,True,-0.5771718667358443,0.5771718667358443
Philippines,Prophet,2021-02-01,1.206,1.6465890364088844,True,True,-0.44058903640888447,0.44058903640888447
Philippines,Prophet,2021-03-01,1.47,1.680289914596339,True,True,-0.21028991459633906,0.21028991459633906
Philippines,Prophet,2021-04-01,0.729,1.697365635821714,True,True,-0.968365635821714,0.968365635821714
Philippines,Prophet,2021-05-01,1.454,1.6046426796478763,True,True,-0.15064267964787637,0.15064267964787637
Philippines,Prophet,2021-06-01,1.234,1.622721357343711,True,True,-0.38872135734371094,0.38872135734371094
Philippines,Prophet,2021-07-01,1.519,1.569436442267049,True,True,-0.05043644226704913,0.05043644226704913
Philippines,Prophet,2021-08-01,1.455,1.66793182944417,True,True,-0.21293182944417,0.21293182944417
Philippines,Prophet,2021-09-01,1.274,1.6230803047995928,True,True,-0.34908030479959273,0.34908030479959273
Philippines,Prophet,2021-10-01,1.266,1.5663264236617882,True,True,-0.3003264236617882,0.3003264236617882
Philippines,Prophet,2021-11-01,1.696,1.6816969492614153,True,True,0.014303050738584622,0.014303050738584622
Philippines,Prophet,2021-12-01,1.172,1.6006071341767545,True,True,-0.42860713417675456,0.42860713417675456
Philippines,Prophet,2022-01-01,1.192,1.6487406274440497,True,True,-0.45674062744404975,0.45674062744404975
Philippines,Prophet,2022-02-01,1.63,1.6816104409644435,True,True,-0.05161044096444356,0.05161044096444356
Philippines,Prophet,2022-03-01,1.706,1.716533367027475,True,True,-0.010533367027474982,0.010533367027474982
Philippines,Prophet,2022-04-01,0.73,1.7323721735107602,True,True,-1.0023721735107602,1.0023721735107602
Philippines,Prophet,2022-05-01,0.947,1.6399328303455423,True,True,-0.6929328303455423,0.6929328303455423
Philippines,Prophet,2022-06-01,1.233,1.6581664413718225,True,True,-0.42516644137182236,0.42516644137182236
Philippines,Prophet,2022-07-01,1.4,1.6056490711633244,True,True,-0.20564907116332454,0.20564907116332454
Philippines,Prophet,2022-08-01,1.08,1.703842396615974,True,True,-0.6238423966159738,0.6238423966159738
Philippines,Prophet,2022-09-01,1.552,1.6579557840063919,True,True,-0.10595578400639183,0.10595578400639183
Philippines,Prophet,2022-10-01,1.371,1.601940361723117,True,True,-0.23094036172311694,0.23094036172311694
Philippines,Prophet,2022-11-01,1.695,1.7170191175031853,True,True,-0.022019117503185193,0.022019117503185193
Philippines,Prophet,2022-12-01,1.184,1.6357496312655073,True,True,-0.4517496312655074,0.4517496312655074
Philippines,Prophet,2023-01-01,1.098,1.6843155635920002,True,True,-0.5863155635920001,0.5863155635920001
Philippines,Prophet,2023-02-01,1.369,1.716640721708322,True,True,-0.34764072170832194,0.34764072170832194
Philippines,Prophet,2023-03-01,1.152,1.7527591723063054,True,True,-0.6007591723063055,0.6007591723063055
Philippines,Prophet,2023-04-01,1.32,1.7673404536256203,True,True,-0.44734045362562025,0.44734045362562025
Philippines,Prophet,2023-05-01,1.551,1.6752519716279222,True,True,-0.12425197162792223,0.12425197162792223
Philippines,Prophet,2023-06-01,1.476,1.6936228257667711,True,True,-0.21762282576677117,0.21762282576677117
Philippines,Prophet,2023-07-01,1.587,1.6418944582821378,True,True,-0.05489445828213779,0.05489445828213779
Philippines,Prophet,2023-08-01,1.976,1.7397056039278087,True,True,0.23629439607219127,0.23629439607219127
Philippines,Prophet,2023-09-01,1.668,1.6928186269804997,True,True,-0.024818626980499747,0.024818626980499747
Philippines,Prophet,2023-10-01,1.781,1.6375879936566073,True,True,0.14341200634339257,0.14341200634339257
Philippines,Prophet,2023-11-01,1.937,1.7523032244879393,True,True,0.18469677551206076,0.18469677551206076
Philippines,Prophet,2023-12-01,2.287,1.6709217440312198,True,True,0.6160782559687801,0.6160782559687801
Singapore,Holt-Winters,2014-01-01,0.4,0.83777744906412,True,True,-0.43777744906412,0.43777744906412
Singapore,Holt-Winters,2014-02-01,1.251,0.9965932904645454,True,True,0.2544067095354545,0.2544067095354545
Singapore,Holt-Winters,2014-03-01,1.31,0.9278520614822,True,True,0.38214793851780005,0.38214793851780005
Singapore,Holt-Winters,2014-04-01,1.74,0.9830027912960709,True,True,0.7569972087039291,0.7569972087039291
Singapore,Holt-Winters,2014-05-01,0.696,0.8754211088844202,True,True,-0.1794211088844202,0.1794211088844202
Singapore,Holt-Winters,2014-06-01,1.86,1.2342766081907732,True,True,0.6257233918092269,0.6257233918092269
Singapore,Holt-Winters,2014-07-01,2.197,1.1523667684906267,True,True,1.0446332315093734,1.0446332315093734
Singapore,Holt-Winters,2014-08-01,0.51,1.0788626750821078,True,True,-0.5688626750821077,0.5688626750821077
Singapore,Holt-Winters,2014-09-01,1.673,1.0824927766302603,True,True,0.5905072233697397,0.5905072233697397
Singapore,Holt-Winters,2014-10-01,1.88,0.9252422390147261,True,True,0.9547577609852738,0.9547577609852738
Singapore,Holt-Winters,2014-11-01,1.337,0.9759460576840336,True,True,0.3610539423159663,0.3610539423159663
Singapore,Holt-Winters,2014-12-01,0.665,0.9157786375024727,True,True,-0.25077863750247265,0.25077863750247265
Singapore,Holt-Winters,2015-01-01,1.25,0.8653337337100288,True,True,0.38466626628997125,0.38466626628997125
Singapore,Holt-Winters,2015-02-01,0.55,1.0241495751104541,True,True,-0.4741495751104541,0.4741495751104541
Singapore,Holt-Winters,2015-03-01,1.257,0.9554083461281087,True,True,0.30159165387189124,0.30159165387189124
Singapore,Holt-Winters,2015-04-01,0.9966129679903477,1.0105590759419798,False,False,,
Singapore,Holt-Winters,2015-05-01,1.002,0.9029773935303289,True,True,0.09902260646967109,0.09902260646967109
Singapore,Holt-Winters,2015-06-01,1.66,1.261832892836682,True,True,0.39816710716331793,0.39816710716331793
Singapore,Holt-Winters,2015-07-01,2.697,1.1799230531365354,True,True,1.5170769468634646,1.5170769468634646
Singapore,Holt-Winters,2015-08-01,1.71,1.1064189597280163,True,True,0.6035810402719837,0.6035810402719837
Singapore,Holt-Winters,2015-09-01,2.463,1.110049061276169,True,True,1.352950938723831,1.352950938723831
Singapore,Holt-Winters,2015-10-01,2.53,0.9527985236606347,True,True,1.5772014763393651,1.5772014763393651
Singapore,Holt-Winters,2015-11-01,2.237,1.0035023423299425,True,True,1.2334976576700576,1.2334976576700576
Singapore,Holt-Winters,2015-12-01,1.995,0.9433349221483814,True,True,1.0516650778516188,1.0516650778516188
Singapore,Holt-Winters,2016-01-01,1.88,0.8928900183559375,True,True,0.9871099816440624,0.9871099816440624
Singapore,Holt-Winters,2016-02-01,1.465,1.0517058597563629,True,True,0.4132941402436372,0.4132941402436372
Singapore,Holt-Winters,2016-03-01,1.945,0.9829646307740174,True,True,0.9620353692259827,0.9620353692259827
Singapore,Holt-Winters,2016-04-01,2.36,1.0381153605878883,True,True,1.3218846394121115,1.3218846394121115
Singapore,Holt-Winters,2016-05-01,1.515,0.9305336781762377,True,True,0.5844663218237622,0.5844663218237622
Singapore,Holt-Winters,2016-06-01,1.44,1.2893891774825907,True,True,0.1506108225174092,0.1506108225174092
Singapore,Holt-Winters,2016-07-01,2.177,1.2074793377824442,True,True,0.9695206622175558,0.9695206622175558
Singapore,Holt-Winters,2016-08-01,1.49,1.133975244373925,True,True,0.35602475562607494,0.35602475562607494
Singapore,Holt-Winters,2016-09-01,1.693,1.1376053459220778,True,True,0.5553946540779222,0.5553946540779222
Singapore,Holt-Winters,2016-10-01,1.66,0.9803548083065434,True,True,0.6796451916934565,0.6796451916934565
Singapore,Holt-Winters,2016-11-01,1.767,1.0310586269758513,True,True,0.7359413730241486,0.7359413730241486
Singapore,Holt-Winters,2016-12-01,1.945,0.9708912067942902,True,True,0.9741087932057099,0.9741087932057099
Singapore,Holt-Winters,2017-01-01,1.43,0.9204463030018463,True,True,0.5095536969981537,0.5095536969981537
Singapore,Holt-Winters,2017-02-01,1.095,1.0792621444022716,True,True,0.015737855597728334,0.015737855597728334
Singapore,Holt-Winters,2017-03-01,0.564,1.0105209154199262,True,True,-0.4465209154199262,0.4465209154199262
Singapore,Holt-Winters,2017-04-01,1.26,1.065671645233797,True,True,0.19432835476620292,0.19432835476620292
Singapore,Holt-Winters,2017-05-01,0.484,0.9580899628221464,True,True,-0.47408996282214644,0.47408996282214644
Singapore,Holt-Winters,2017-06-01,1.34,1.3169454621284995,True,True,0.02305453787150058,0.02305453787150058
Singapore,Holt-Winters,2017-07-01,0.797,1.235035622428353,True,True,-0.4380356224283529,0.4380356224283529
Singapore,Holt-Winters,2017-08-01,0.79,1.1615315290198338,True,True,-0.3715315290198338,0.3715315290198338
Singapore,Holt-Winters,2017-09-01,1.543,1.1651616305679866,True,True,0.3778383694320133,0.3778383694320133
Singapore,Holt-Winters,2017-10-01,1.13,1.0079110929524522,True,True,0.12208890704754771,0.12208890704754771
Singapore,Holt-Winters,2017-11-01,1.517,1.0586149116217598,True,True,0.4583850883782401,0.4583850883782401
Singapore,Holt-Winters,2017-12-01,1.635,0.998447491440199,True,True,0.6365525085598011,0.6365525085598011
Singapore,Holt-Winters,2018-01-01,0.38,0.948002587647755,True,True,-0.568002587647755,0.568002587647755
Singapore,Holt-Winters,2018-02-01,0.907,1.1068184290481804,True,True,-0.19981842904818037,0.19981842904818037
Singapore,Holt-Winters,2018-03-01,0.175,1.038077200065835,True,True,-0.8630772000658349,0.8630772000658349
Singapore,Holt-Winters,2018-04-01,1.04,1.0932279298797059,True,True,-0.053227929879705815,0.053227929879705815
Singapore,Holt-Winters,2018-05-01,0.45,0.985646247468055,True,True,-0.535646247468055,0.535646247468055
Singapore,Holt-Winters,2018-06-01,1.13,1.3445017467744083,True,True,-0.21450174677440836,0.21450174677440836
Singapore,Holt-Winters,2018-07-01,1.067,1.2625919070742617,True,True,-0.19559190707426177,0.19559190707426177
Singapore,Holt-Winters,2018-08-01,1.0,1.1890878136657426,True,True,-0.18908781366574257,0.18908781366574257
Singapore,Holt-Winters,2018-09-01,0.943,1.1927179152138954,True,True,-0.24971791521389541,0.24971791521389541
Singapore,Holt-Winters,2018-10-01,1.71,1.035467377598361,True,True,0.674532622401639,0.674532622401639
Singapore,Holt-Winters,2018-11-01,1.467,1.0861711962676686,True,True,0.3808288037323315,0.3808288037323315
Singapore,Holt-Winters,2018-12-01,1.315,1.0260037760861078,True,True,0.2889962239138921,0.2889962239138921
Singapore,Holt-Winters,2019-01-01,1.58,0.9755588722936638,True,True,0.6044411277063363,0.6044411277063363
Singapore,Holt-Winters,2019-02-01,1.81,1.1343747136940892,True,True,0.6756252863059109,0.6756252863059109
Singapore,Holt-Winters,2019-03-01,1.975,1.0656334847117437,True,True,0.9093665152882564,0.9093665152882564
Singapore,Holt-Winters,2019-04-01,1.71,1.1207842145256146,True,True,0.5892157854743854,0.5892157854743854
Singapore,Holt-Winters,2019-05-01,0.8,1.0132025321139637,True,True,-0.21320253211396367,0.21320253211396367
Singapore,Holt-Winters,2019-06-01,1.44,1.3720580314203166,True,True,0.06794196857968338,0.06794196857968338
Singapore,Holt-Winters,2019-07-01,2.077,1.2901481917201705,True,True,0.7868518082798295,0.7868518082798295
Singapore,Holt-Winters,2019-08-01,1.74,1.2166440983116513,True,True,0.5233559016883487,0.5233559016883487
Singapore,Holt-Winters,2019-09-01,1.743,1.2202741998598041,True,True,0.522725800140196,0.522725800140196
Singapore,Holt-Winters,2019-10-01,1.71,1.0630236622442697,True,True,0.6469763377557303,0.6469763377557303
Singapore,Holt-Winters,2019-11-01,1.617,1.1137274809135773,True,True,0.5032725190864227,0.5032725190864227
Singapore,Holt-Winters,2019-12-01,1.195,1.0535600607320164,True,True,0.1414399392679837,0.1414399392679837
Singapore,Holt-Winters,2020-01-01,1.37,1.0031151569395722,True,True,0.3668848430604279,0.3668848430604279
Singapore,Holt-Winters,2020-02-01,1.666,1.161930998339998,True,True,0.504069001660002,0.504069001660002
Singapore,Holt-Winters,2020-03-01,1.763,1.0931897693576524,True,True,0.6698102306423475,0.6698102306423475
Singapore,Holt-Winters,2020-04-01,1.81,1.1483404991715234,True,True,0.6616595008284767,0.6616595008284767
Singapore,Holt-Winters,2020-05-01,0.803,1.0407588167598725,True,True,-0.23775881675987243,0.23775881675987243
Singapore,Holt-Winters,2020-06-01,1.19,1.3996143160662253,True,True,-0.20961431606622538,0.20961431606622538
Singapore,Holt-Winters,2020-07-01,1.627,1.3177044763660792,True,True,0.30929552363392077,0.30929552363392077
Singapore,Holt-Winters,2020-08-01,1.49,1.24420038295756,True,True,0.2457996170424399,0.2457996170424399
Singapore,Holt-Winters,2020-09-01,0.993,1.2478304845057129,True,True,-0.2548304845057129,0.2548304845057129
Singapore,Holt-Winters,2020-10-01,1.46,1.0905799468901785,True,True,0.3694200531098215,0.3694200531098215
Singapore,Holt-Winters,2020-11-01,1.517,1.141283765559486,True,True,0.37571623444051383,0.37571623444051383
Singapore,Holt-Winters,2020-12-01,1.745,1.0811163453779251,True,True,0.663883654622075,0.663883654622075
Singapore,Holt-Winters,2021-01-01,0.98,1.030671441585481,True,True,-0.05067144158548098,0.05067144158548098
Singapore,Holt-Winters,2021-02-01,1.491,1.1894872829859067,True,True,0.30151271701409343,0.30151271701409343
Singapore,Holt-Winters,2021-03-01,1.417,1.1207460540035612,True,True,0.29625394599643884,0.29625394599643884
Singapore,Holt-Winters,2021-04-01,1.76,1.1758967838174321,True,True,0.5841032161825679,0.5841032161825679
Singapore,Holt-Winters,2021-05-01,1.086,1.0683151014057812,True,True,0.017684898594218845,0.017684898594218845
Singapore,Holt-Winters,2021-06-01,1.99,1.427170600712134,True,True,0.5628293992878659,0.5628293992878659
Singapore,Holt-Winters,2021-07-01,1.727,1.3452607610119878,True,True,0.3817392389880123,0.3817392389880123
Singapore,Holt-Winters,2021-08-01,0.99,1.2717566676034686,True,True,-0.2817566676034686,0.2817566676034686
Singapore,Holt-Winters,2021-09-01,1.293,1.2753867691516216,True,True,0.017613230848378292,0.017613230848378292
Singapore,Holt-Winters,2021-10-01,1.86,1.1181362315360872,True,True,0.7418637684639129,0.7418637684639129
Singapore,Holt-Winters,2021-11-01,1.767,1.1688400502053948,True,True,0.5981599497946051,0.5981599497946051
Singapore,Holt-Winters,2021-12-01,1.745,1.1086726300238339,True,True,0.6363273699761662,0.6363273699761662
Singapore,Holt-Winters,2022-01-01,1.48,1.0582277262313897,True,True,0.42177227376861026,0.42177227376861026
Singapore,Holt-Winters,2022-02-01,1.144,1.2170435676318154,True,True,-0.07304356763181552,0.07304356763181552
Singapore,Holt-Winters,2022-03-01,1.352,1.14830233864947,True,True,0.20369766135053013,0.20369766135053013
Singapore,Holt-Winters,2022-04-01,1.56,1.2034530684633409,True,True,0.3565469315366592,0.3565469315366592
Singapore,Holt-Winters,2022-05-01,1.378,1.09587138605169,True,True,0.2821286139483099,0.2821286139483099
Singapore,Holt-Winters,2022-06-01,0.84,1.4547268853580428,True,True,-0.6147268853580429,0.6147268853580429
Singapore,Holt-Winters,2022-07-01,1.627,1.3728170456578965,True,True,0.2541829543421035,0.2541829543421035
Singapore,Holt-Winters,2022-08-01,1.29,1.2993129522493774,True,True,-0.009312952249377338,0.009312952249377338
Singapore,Holt-Winters,2022-09-01,1.093,1.3029430537975304,True,True,-0.20994305379753042,0.20994305379753042
Singapore,Holt-Winters,2022-10-01,1.26,1.145692516181996,True,True,0.11430748381800404,0.11430748381800404
Singapore,Holt-Winters,2022-11-01,1.367,1.1963963348513036,True,True,0.1706036651486964,0.1706036651486964
Singapore,Holt-Winters,2022-12-01,1.195,1.1362289146697426,True,True,0.05877108533025743,0.05877108533025743
Singapore,Holt-Winters,2023-01-01,1.1137060776058527,1.0857840108772985,False,False,,
Singapore,Holt-Winters,2023-02-01,0.989,1.2445998522777242,True,True,-0.2555998522777242,0.2555998522777242
Singapore,Holt-Winters,2023-03-01,0.35,1.1758586232953785,True,True,-0.8258586232953785,0.8258586232953785
Singapore,Holt-Winters,2023-04-01,1.46,1.2310093531092496,True,True,0.22899064689075033,0.22899064689075033
Singapore,Holt-Winters,2023-05-01,1.408,1.1234276706975987,True,True,0.2845723293024012,0.2845723293024012
Singapore,Holt-Winters,2023-06-01,2.29,1.4822831700039516,True,True,0.8077168299960484,0.8077168299960484
Singapore,Holt-Winters,2023-07-01,1.877,1.4003733303038053,True,True,0.4766266696961947,0.4766266696961947
Singapore,Holt-Winters,2023-08-01,2.74,1.3268692368952861,True,True,1.413130763104714,1.413130763104714
Singapore,Holt-Winters,2023-09-01,2.743,1.3304993384434392,True,True,1.4125006615565607,1.4125006615565607
Singapore,Holt-Winters,2023-10-01,2.91,1.1732488008279047,True,True,1.7367511991720954,1.7367511991720954
Singapore,Holt-Winters,2023-11-01,2.467,1.2239526194972123,True,True,1.2430473805027877,1.2430473805027877
Singapore,Holt-Winters,2023-12-01,1.695,1.1637851993156514,True,True,0.5312148006843487,0.5312148006843487
Singapore,SARIMA,2014-01-01,0.4,0.8180959475102647,True,True,-0.4180959475102647,0.4180959475102647
Singapore,SARIMA,2014-02-01,1.251,0.9581444961396386,True,True,0.2928555038603613,0.2928555038603613
Singapore,SARIMA,2014-03-01,1.31,0.8553539890526745,True,True,0.4546460109473256,0.4546460109473256
Singapore,SARIMA,2014-04-01,1.74,0.8896079836065292,True,True,0.8503920163934708,0.8503920163934708
Singapore,SARIMA,2014-05-01,0.696,0.7498383589314122,True,True,-0.0538383589314122,0.0538383589314122
Singapore,SARIMA,2014-06-01,1.86,1.196498509019495,True,True,0.663501490980505,0.663501490980505
Singapore,SARIMA,2014-07-01,2.197,1.0086756986085061,True,True,1.188324301391494,1.188324301391494
Singapore,SARIMA,2014-08-01,0.51,0.9045658800374236,True,True,-0.39456588003742354,0.39456588003742354
Singapore,SARIMA,2014-09-01,1.673,0.9305335172131938,True,True,0.7424664827868063,0.7424664827868063
Singapore,SARIMA,2014-10-01,1.88,0.7101684587063551,True,True,1.1698315412936449,1.1698315412936449
Singapore,SARIMA,2014-11-01,1.337,0.8110207463232522,True,True,0.5259792536767478,0.5259792536767478
Singapore,SARIMA,2014-12-01,0.665,0.7517415488391167,True,True,-0.08674154883911667,0.08674154883911667
Singapore,SARIMA,2015-01-01,1.25,0.6924057948525226,True,True,0.5575942051474774,0.5575942051474774
Singapore,SARIMA,2015-02-01,0.55,0.9106706308898377,True,True,-0.36067063088983764,0.36067063088983764
Singapore,SARIMA,2015-03-01,1.257,0.8442463261478085,True,True,0.4127536738521914,0.4127536738521914
Singapore,SARIMA,2015-04-01,0.9966129679903477,0.8284930052493149,False,False,,
Singapore,SARIMA,2015-05-01,1.002,0.669972849592368,True,True,0.332027150407632,0.332027150407632
Singapore,SARIMA,2015-06-01,1.66,1.1685475002615633,True,True,0.49145249973843663,0.49145249973843663
Singapore,SARIMA,2015-07-01,2.697,1.0122447413487146,True,True,1.6847552586512855,1.6847552586512855
Singapore,SARIMA,2015-08-01,1.71,0.9715079895601508,True,True,0.7384920104398491,0.7384920104398491
Singapore,SARIMA,2015-09-01,2.463,0.9422489638245423,True,True,1.520751036175458,1.520751036175458
Singapore,SARIMA,2015-10-01,2.53,0.7298069765477526,True,True,1.8001930234522472,1.8001930234522472
Singapore,SARIMA,2015-11-01,2.237,0.8416988083501862,True,True,1.395301191649814,1.395301191649814
Singapore,SARIMA,2015-12-01,1.995,0.7389232101156952,True,True,1.2560767898843048,1.2560767898843048
Singapore,SARIMA,2016-01-01,1.88,0.7181065704204023,True,True,1.1618934295795977,1.1618934295795977
Singapore,SARIMA,2016-02-01,1.465,0.8949754579753264,True,True,0.5700245420246737,0.5700245420246737
Singapore,SARIMA,2016-03-01,1.945,0.8343255479170568,True,True,1.1106744520829432,1.1106744520829432
Singapore,SARIMA,2016-04-01,2.36,0.8647845042464545,True,True,1.4952154957535453,1.4952154957535453
Singapore,SARIMA,2016-05-01,1.515,0.730110745424779,True,True,0.7848892545752209,0.7848892545752209
Singapore,SARIMA,2016-06-01,1.44,1.205562383345689,True,True,0.23443761665431095,0.23443761665431095
Singapore,SARIMA,2016-07-01,2.177,1.0363224449086477,True,True,1.1406775550913524,1.1406775550913524
Singapore,SARIMA,2016-08-01,1.49,0.9613336607155022,True,True,0.5286663392844978,0.5286663392844978
Singapore,SARIMA,2016-09-01,1.693,0.9693755384368437,True,True,0.7236244615631564,0.7236244615631564
Singapore,SARIMA,2016-10-01,1.66,0.7545366850054639,True,True,0.905463314994536,0.905463314994536
Singapore,SARIMA,2016-11-01,1.767,0.8614461766636864,True,True,0.9055538233363135,0.9055538233363135
Singapore,SARIMA,2016-12-01,1.945,0.7866838785658321,True,True,1.158316121434168,1.158316121434168
Singapore,SARIMA,2017-01-01,1.43,0.7431676450576374,True,True,0.6868323549423625,0.6868323549423625
Singapore,SARIMA,2017-02-01,1.095,0.9461453320241119,True,True,0.1488546679758881,0.1488546679758881
Singapore,SARIMA,2017-03-01,0.564,0.8824534835879043,True,True,-0.3184534835879044,0.3184534835879044
Singapore,SARIMA,2017-04-01,1.26,0.8849047704894815,True,True,0.37509522951051855,0.37509522951051855
Singapore,SARIMA,2017-05-01,0.484,0.7358560768785657,True,True,-0.2518560768785657,0.2518560768785657
Singapore,SARIMA,2017-06-01,1.34,1.2256991026860928,True,True,0.11430089731390725,0.11430089731390725
Singapore,SARIMA,2017-07-01,0.797,1.0645436807484836,True,True,-0.26754368074848356,0.26754368074848356
Singapore,SARIMA,2017-08-01,0.79,1.010688156785829,True,True,-0.22068815678582898,0.22068815678582898
Singapore,SARIMA,2017-09-01,1.543,0.9959022582404122,True,True,0.5470977417595877,0.5470977417595877
Singapore,SARIMA,2017-10-01,1.13,0.7825894579887974,True,True,0.3474105420112025,0.3474105420112025
Singapore,SARIMA,2017-11-01,1.517,0.8925976552022189,True,True,0.624402344797781,0.624402344797781
Singapore,SARIMA,2017-12-01,1.635,0.800664164147868,True,True,0.834335835852132,0.834335835852132
Singapore,SARIMA,2018-01-01,0.38,0.7711062986638767,True,True,-0.3911062986638767,0.3911062986638767
Singapore,SARIMA,2018-02-01,0.907,0.9580685936846713,True,True,-0.051068593684671315,0.051068593684671315
Singapore,SARIMA,2018-03-01,0.175,0.8962555735838079,True,True,-0.721255573583808,0.721255573583808
Singapore,SARIMA,2018-04-01,1.04,0.9159114717674213,True,True,0.12408852823257877,0.12408852823257877
Singapore,SARIMA,2018-05-01,0.45,0.775694775346717,True,True,-0.32569477534671704,0.32569477534671704
Singapore,SARIMA,2018-06-01,1.13,1.2567058533414457,True,True,-0.1267058533414458,0.1267058533414458
Singapore,SARIMA,2018-07-01,1.067,1.0905896993549353,True,True,-0.02358969935493538,0.02358969935493538
Singapore,SARIMA,2018-08-01,1.0,1.023760747821761,True,True,-0.023760747821760964,0.023760747821760964
Singapore,SARIMA,2018-09-01,0.943,1.022992610620914,True,True,-0.079992610620914,0.079992610620914
Singapore,SARIMA,2018-10-01,1.71,0.8087440218909843,True,True,0.9012559781090157,0.9012559781090157
Singapore,SARIMA,2018-11-01,1.467,0.9168505052972703,True,True,0.5501494947027298,0.5501494947027298
Singapore,SARIMA,2018-12-01,1.315,0.8354606556356438,True,True,0.4795393443643562,0.4795393443643562
Singapore,SARIMA,2019-01-01,1.58,0.7973329001008683,True,True,0.7826670998991317,0.7826670998991317
Singapore,SARIMA,2019-02-01,1.81,0.9941288831684492,True,True,0.8158711168315509,0.8158711168315509
Singapore,SARIMA,2019-03-01,1.975,0.9311625186186347,True,True,1.0438374813813653,1.0438374813813653
Singapore,SARIMA,2019-04-01,1.71,0.9402550694775292,True,True,0.7697449305224707,0.7697449305224707
Singapore,SARIMA,2019-05-01,0.8,0.7946157107158869,True,True,0.005384289284113164,0.005384289284113164
Singapore,SARIMA,2019-06-01,1.44,1.2810496444663335,True,True,0.15895035553366643,0.15895035553366643
Singapore,SARIMA,2019-07-01,2.077,1.1179794179534288,True,True,0.9590205820465711,0.9590205820465711
Singapore,SARIMA,2019-08-01,1.74,1.059116120885596,True,True,0.6808838791144041,0.6808838791144041
Singapore,SARIMA,2019-09-01,1.743,1.0497412009228688,True,True,0.6932587990771313,0.6932587990771313
Singapore,SARIMA,2019-10-01,1.71,0.8360672069711793,True,True,0.8739327930288207,0.8739327930288207
Singapore,SARIMA,2019-11-01,1.617,0.9453413501592658,True,True,0.6716586498407342,0.6716586498407342
Singapore,SARIMA,2019-12-01,1.195,0.8574777836556741,True,True,0.337522216344326,0.337522216344326
Singapore,SARIMA,2020-01-01,1.37,0.8246118979728996,True,True,0.5453881020271005,0.5453881020271005
Singapore,SARIMA,2020-02-01,1.666,1.0153700645952273,True,True,0.6506299354047727,0.6506299354047727
Singapore,SARIMA,2020-03-01,1.763,0.9531118518188033,True,True,0.8098881481811966,0.8098881481811966
Singapore,SARIMA,2020-04-01,1.81,0.9686902367521592,True,True,0.8413097632478409,0.8413097632478409
Singapore,SARIMA,2020-05-01,0.803,0.8263803621004068,True,True,-0.023380362100406726,0.023380362100406726
Singapore,SARIMA,2020-06-01,1.19,1.3094846979163983,True,True,-0.11948469791639837,0.11948469791639837
Singapore,SARIMA,2020-07-01,1.627,1.1445442922189288,True,True,0.48245570778107116,0.48245570778107116
Singapore,SARIMA,2020-08-01,1.49,1.0807901335038355,True,True,0.40920986649616453,0.40920986649616453
Singapore,SARIMA,2020-09-01,0.993,1.076699725910859,True,True,-0.08369972591085906,0.08369972591085906
Singapore,SARIMA,2020-10-01,1.46,0.8626729348890169,True,True,0.5973270651109831,0.5973270651109831
Singapore,SARIMA,2020-11-01,1.517,0.9712301425914325,True,True,0.5457698574085674,0.5457698574085674
Singapore,SARIMA,2020-12-01,1.745,0.8873413986376198,True,True,0.8576586013623803,0.8576586013623803
Singapore,SARIMA,2021-01-01,0.98,0.8512447575205918,True,True,0.12875524247940817,0.12875524247940817
Singapore,SARIMA,2021-02-01,1.491,1.0457101063906415,True,True,0.44528989360935856,0.44528989360935856
Singapore,SARIMA,2021-03-01,1.417,0.9830170929087084,True,True,0.4339829070912916,0.4339829070912916
Singapore,SARIMA,2021-04-01,1.76,0.9946132157809776,True,True,0.7653867842190224,0.7653867842190224
Singapore,SARIMA,2021-05-01,1.086,0.850259058469289,True,True,0.23574094153071112,0.23574094153071112
Singapore,SARIMA,2021-06-01,1.99,1.3354077469414725,True,True,0.6545922530585275,0.6545922530585275
Singapore,SARIMA,2021-07-01,1.727,1.1716156197701435,True,True,0.5553843802298566,0.5553843802298566
Singapore,SARIMA,2021-08-01,0.99,1.110864419986821,True,True,-0.12086441998682096,0.12086441998682096
Singapore,SARIMA,2021-09-01,1.293,1.1035293543865277,True,True,0.18947064561347227,0.18947064561347227
Singapore,SARIMA,2021-10-01,1.86,0.8897191786041955,True,True,0.9702808213958046,0.9702808213958046
Singapore,SARIMA,2021-11-01,1.767,0.9987165802854574,True,True,0.7682834197145425,0.7682834197145425
Singapore,SARIMA,2021-12-01,1.745,0.9123873197909285,True,True,0.8326126802090716,0.8326126802090716
Singapore,SARIMA,2022-01-01,1.48,0.878274342603338,True,True,0.601725657396662,0.601725657396662
Singapore,SARIMA,2022-02-01,1.144,1.070463504425388,True,True,0.07353649557461184,0.07353649557461184
Singapore,SARIMA,2022-03-01,1.352,1.0080374558994454,True,True,0.3439625441005547,0.3439625441005547
Singapore,SARIMA,2022-04-01,1.56,1.0220786631352219,True,True,0.5379213368647782,0.5379213368647782
Singapore,SARIMA,2022-05-01,1.378,0.8789796827785781,True,True,0.4990203172214218,0.4990203172214218
Singapore,SARIMA,2022-06-01,0.84,1.3628731513208423,True,True,-0.5228731513208423,0.5228731513208423
Singapore,SARIMA,2022-07-01,1.627,1.1983759882123903,True,True,0.42862401178760967,0.42862401178760967
Singapore,SARIMA,2022-08-01,1.29,1.1357809901536535,True,True,0.1542190098463465,0.1542190098463465
Singapore,SARIMA,2022-09-01,1.093,1.1304381245724167,True,True,-0.03743812457241669,0.03743812457241669
Singapore,SARIMA,2022-10-01,1.26,0.9164949483683748,True,True,0.34350505163162526,0.34350505163162526
Singapore,SARIMA,2022-11-01,1.367,1.0252220736598816,True,True,0.3417779263401184,0.3417779263401184
Singapore,SARIMA,2022-12-01,1.195,0.9403912752798488,True,True,0.2546087247201513,0.2546087247201513
Singapore,SARIMA,2023-01-01,1.1137060776058527,0.9050603406656231,False,False,,
Singapore,SARIMA,2023-02-01,0.989,1.098647067306384,True,True,-0.10964706730638396,0.10964706730638396
Singapore,SARIMA,2023-03-01,0.35,1.0360571039429078,True,True,-0.6860571039429079,0.6860571039429079
Singapore,SARIMA,2023-04-01,1.46,1.0485970444493393,True,True,0.41140295555066064,0.41140295555066064
Singapore,SARIMA,2023-05-01,1.408,0.9047273931783699,True,True,0.50327260682163,0.50327260682163
Singapore,SARIMA,2023-06-01,2.29,1.3893915590213206,True,True,0.9006084409786794,0.9006084409786794
Singapore,SARIMA,2023-07-01,1.877,1.225327283632925,True,True,0.651672716367075,0.651672716367075
Singapore,SARIMA,2023-08-01,2.74,1.163864366351409,True,True,1.5761356336485912,1.5761356336485912
Singapore,SARIMA,2023-09-01,2.743,1.1572983022370211,True,True,1.5857016977629788,1.5857016977629788
Singapore,SARIMA,2023-10-01,2.91,0.9434367874721927,True,True,1.9665632125278074,1.9665632125278074
Singapore,SARIMA,2023-11-01,2.467,1.0523298608012173,True,True,1.4146701391987828,1.4146701391987828
Singapore,SARIMA,2023-12-01,1.695,0.9665790159183698,True,True,0.7284209840816303,0.7284209840816303
Singapore,XGBoost,2014-01-01,0.4,1.2208478450775146,True,True,-0.8208478450775146,0.8208478450775146
Singapore,XGBoost,2014-02-01,1.251,1.3088781833648682,True,True,-0.057878183364868274,0.057878183364868274
Singapore,XGBoost,2014-03-01,1.31,1.2150665521621704,True,True,0.09493344783782964,0.09493344783782964
Singapore,XGBoost,2014-04-01,1.74,1.4878661632537842,True,True,0.2521338367462158,0.2521338367462158
Singapore,XGBoost,2014-05-01,0.696,1.1089030504226685,True,True,-0.4129030504226685,0.4129030504226685
Singapore,XGBoost,2014-06-01,1.86,1.3596094846725464,True,True,0.5003905153274537,0.5003905153274537
Singapore,XGBoost,2014-07-01,2.197,1.1484227180480957,True,True,1.0485772819519044,1.0485772819519044
Singapore,XGBoost,2014-08-01,0.51,1.0212782621383667,True,True,-0.5112782621383667,0.5112782621383667
Singapore,XGBoost,2014-09-01,1.673,1.04835045337677,True,True,0.62464954662323,0.62464954662323
Singapore,XGBoost,2014-10-01,1.88,1.0844007730484009,True,True,0.795599226951599,0.795599226951599
Singapore,XGBoost,2014-11-01,1.337,1.1863725185394287,True,True,0.15062748146057126,0.15062748146057126
Singapore,XGBoost,2014-12-01,0.665,1.246371865272522,True,True,-0.5813718652725219,0.5813718652725219
Singapore,XGBoost,2015-01-01,1.25,1.2318115234375,True,True,0.0181884765625,0.0181884765625
Singapore,XGBoost,2015-02-01,0.55,1.436596393585205,True,True,-0.886596393585205,0.886596393585205
Singapore,XGBoost,2015-03-01,1.257,1.2351107597351074,True,True,0.021889240264892473,0.021889240264892473
Singapore,XGBoost,2015-04-01,0.9966129679903477,1.0281864404678345,False,False,,
Singapore,XGBoost,2015-05-01,1.002,1.0540310144424438,True,True,-0.052031014442443846,0.052031014442443846
Singapore,XGBoost,2015-06-01,1.66,1.4512726068496704,True,True,0.2087273931503295,0.2087273931503295
Singapore,XGBoost,2015-07-01,2.697,1.0729954242706299,True,True,1.6240045757293702,1.6240045757293702
Singapore,XGBoost,2015-08-01,1.71,0.9528473019599915,True,True,0.7571526980400085,0.7571526980400085
Singapore,XGBoost,2015-09-01,2.463,1.0879952907562256,True,True,1.3750047092437745,1.3750047092437745
Singapore,XGBoost,2015-10-01,2.53,1.1932692527770996,True,True,1.3367307472229002,1.3367307472229002
Singapore,XGBoost,2015-11-01,2.237,1.0884246826171875,True,True,1.1485753173828126,1.1485753173828126
Singapore,XGBoost,2015-12-01,1.995,1.1785187721252441,True,True,0.816481227874756,0.816481227874756
Singapore,XGBoost,2016-01-01,1.88,1.2480281591415405,True,True,0.6319718408584594,0.6319718408584594
Singapore,XGBoost,2016-02-01,1.465,1.3704792261123657,True,True,0.09452077388763436,0.09452077388763436
Singapore,XGBoost,2016-03-01,1.945,1.3037489652633667,True,True,0.6412510347366334,0.6412510347366334
Singapore,XGBoost,2016-04-01,2.36,1.2716680765151978,True,True,1.0883319234848021,1.0883319234848021
Singapore,XGBoost,2016-05-01,1.515,1.2686612606048584,True,True,0.2463387393951415,0.2463387393951415
Singapore,XGBoost,2016-06-01,1.44,1.434179425239563,True,True,0.005820574760436958,0.005820574760436958
Singapore,XGBoost,2016-07-01,2.177,1.1260299682617188,True,True,1.0509700317382813,1.0509700317382813
Singapore,XGBoost,2016-08-01,1.49,1.0157439708709717,True,True,0.4742560291290283,0.4742560291290283
Singapore,XGBoost,2016-09-01,1.693,1.0837962627410889,True,True,0.6092037372589112,0.6092037372589112
Singapore,XGBoost,2016-10-01,1.66,1.2080166339874268,True,True,0.45198336601257316,0.45198336601257316
Singapore,XGBoost,2016-11-01,1.767,0.9971031546592712,True,True,0.7698968453407287,0.7698968453407287
Singapore,XGBoost,2016-12-01,1.945,0.920952320098877,True,True,1.024047679901123,1.024047679901123
Singapore,XGBoost,2017-01-01,1.43,1.074412226676941,True,True,0.355587773323059,0.355587773323059
Singapore,XGBoost,2017-02-01,1.095,1.3521490097045898,True,True,-0.25714900970458987,0.25714900970458987
Singapore,XGBoost,2017-03-01,0.564,1.3332395553588867,True,True,-0.7692395553588868,0.7692395553588868
Singapore,XGBoost,2017-04-01,1.26,1.1424541473388672,True,True,0.11754585266113282,0.11754585266113282
Singapore,XGBoost,2017-05-01,0.484,1.1037660837173462,True,True,-0.6197660837173462,0.6197660837173462
Singapore,XGBoost,2017-06-01,1.34,1.4175074100494385,True,True,-0.0775074100494384,0.0775074100494384
Singapore,XGBoost,2017-07-01,0.797,1.0340818166732788,True,True,-0.23708181667327877,0.23708181667327877
Singapore,XGBoost,2017-08-01,0.79,1.046181559562683,True,True,-0.25618155956268307,0.25618155956268307
Singapore,XGBoost,2017-09-01,1.543,1.100035309791565,True,True,0.442964690208435,0.442964690208435
Singapore,XGBoost,2017-10-01,1.13,1.2265220880508423,True,True,-0.09652208805084239,0.09652208805084239
Singapore,XGBoost,2017-11-01,1.517,1.188901424407959,True,True,0.3280985755920409,0.3280985755920409
Singapore,XGBoost,2017-12-01,1.635,1.0726464986801147,True,True,0.5623535013198853,0.5623535013198853
Singapore,XGBoost,2018-01-01,0.38,1.2319716215133667,True,True,-0.8519716215133667,0.8519716215133667
Singapore,XGBoost,2018-02-01,0.907,1.3644641637802124,True,True,-0.4574641637802124,0.4574641637802124
Singapore,XGBoost,2018-03-01,0.175,1.28021240234375,True,True,-1.10521240234375,1.10521240234375
Singapore,XGBoost,2018-04-01,1.04,1.2003744840621948,True,True,-0.1603744840621948,0.1603744840621948
Singapore,XGBoost,2018-05-01,0.45,1.2646853923797607,True,True,-0.8146853923797608,0.8146853923797608
Singapore,XGBoost,2018-06-01,1.13,1.5675090551376343,True,True,-0.4375090551376344,0.4375090551376344
Singapore,XGBoost,2018-07-01,1.067,1.070379376411438,True,True,-0.00337937641143804,0.00337937641143804
Singapore,XGBoost,2018-08-01,1.0,1.0135713815689087,True,True,-0.013571381568908691,0.013571381568908691
Singapore,XGBoost,2018-09-01,0.943,1.013492465019226,True,True,-0.07049246501922612,0.07049246501922612
Singapore,XGBoost,2018-10-01,1.71,1.1723353862762451,True,True,0.5376646137237548,0.5376646137237548
Singapore,XGBoost,2018-11-01,1.467,1.1805980205535889,True,True,0.2864019794464112,0.2864019794464112
Singapore,XGBoost,2018-12-01,1.315,0.9122780561447144,True,True,0.4027219438552856,0.4027219438552856
Singapore,XGBoost,2019-01-01,1.58,1.188775658607483,True,True,0.39122434139251716,0.39122434139251716
Singapore,XGBoost,2019-02-01,1.81,1.1559572219848633,True,True,0.6540427780151368,0.6540427780151368
Singapore,XGBoost,2019-03-01,1.975,1.3536720275878906,True,True,0.6213279724121095,0.6213279724121095
Singapore,XGBoost,2019-04-01,1.71,1.1600141525268555,True,True,0.5499858474731445,0.5499858474731445
Singapore,XGBoost,2019-05-01,0.8,0.9852322936058044,True,True,-0.1852322936058044,0.1852322936058044
Singapore,XGBoost,2019-06-01,1.44,1.4101004600524902,True,True,0.029899539947509712,0.029899539947509712
Singapore,XGBoost,2019-07-01,2.077,1.1081732511520386,True,True,0.9688267488479614,0.9688267488479614
Singapore,XGBoost,2019-08-01,1.74,1.0442692041397095,True,True,0.6957307958602905,0.6957307958602905
Singapore,XGBoost,2019-09-01,1.743,1.080931305885315,True,True,0.6620686941146852,0.6620686941146852
Singapore,XGBoost,2019-10-01,1.71,1.2061103582382202,True,True,0.5038896417617797,0.5038896417617797
Singapore,XGBoost,2019-11-01,1.617,1.2272089719772339,True,True,0.3897910280227661,0.3897910280227661
Singapore,XGBoost,2019-12-01,1.195,1.0835191011428833,True,True,0.11148089885711676,0.11148089885711676
Singapore,XGBoost,2020-01-01,1.37,1.2696599960327148,True,True,0.10034000396728526,0.10034000396728526
Singapore,XGBoost,2020-02-01,1.666,1.0587284564971924,True,True,0.6072715435028075,0.6072715435028075
Singapore,XGBoost,2020-03-01,1.763,1.2729592323303223,True,True,0.49004076766967763,0.49004076766967763
Singapore,XGBoost,2020-04-01,1.81,1.2274975776672363,True,True,0.5825024223327637,0.5825024223327637
Singapore,XGBoost,2020-05-01,0.803,1.1045639514923096,True,True,-0.3015639514923095,0.3015639514923095
Singapore,XGBoost,2020-06-01,1.19,1.5583620071411133,True,True,-0.36836200714111333,0.36836200714111333
Singapore,XGBoost,2020-07-01,1.627,1.0873628854751587,True,True,0.5396371145248413,0.5396371145248413
Singapore,XGBoost,2020-08-01,1.49,1.0320016145706177,True,True,0.4579983854293823,0.4579983854293823
Singapore,XGBoost,2020-09-01,0.993,1.0453476905822754,True,True,-0.0523476905822754,0.0523476905822754
Singapore,XGBoost,2020-10-01,1.46,1.2289992570877075,True,True,0.23100074291229244,0.23100074291229244
Singapore,XGBoost,2020-11-01,1.517,1.0412847995758057,True,True,0.47571520042419424,0.47571520042419424
Singapore,XGBoost,2020-12-01,1.745,0.9117017984390259,True,True,0.8332982015609742,0.8332982015609742
Singapore,XGBoost,2021-01-01,0.98,1.1223297119140625,True,True,-0.14232971191406252,0.14232971191406252
Singapore,XGBoost,2021-02-01,1.491,1.1412140130996704,True,True,0.3497859869003297,0.3497859869003297
Singapore,XGBoost,2021-03-01,1.417,1.3536720275878906,True,True,0.06332797241210941,0.06332797241210941
Singapore,XGBoost,2021-04-01,1.76,1.2739245891571045,True,True,0.4860754108428955,0.4860754108428955
Singapore,XGBoost,2021-05-01,1.086,0.9457942247390747,True,True,0.14020577526092537,0.14020577526092537
Singapore,XGBoost,2021-06-01,1.99,1.4233428239822388,True,True,0.5666571760177612,0.5666571760177612
Singapore,XGBoost,2021-07-01,1.727,1.1163173913955688,True,True,0.6106826086044312,0.6106826086044312
Singapore,XGBoost,2021-08-01,0.99,1.034167766571045,True,True,-0.04416776657104493,0.04416776657104493
Singapore,XGBoost,2021-09-01,1.293,1.0867666006088257,True,True,0.20623339939117424,0.20623339939117424
Singapore,XGBoost,2021-10-01,1.86,1.2041906118392944,True,True,0.6558093881607057,0.6558093881607057
Singapore,XGBoost,2021-11-01,1.767,1.1731230020523071,True,True,0.5938769979476928,0.5938769979476928
Singapore,XGBoost,2021-12-01,1.745,1.0835191011428833,True,True,0.6614808988571168,0.6614808988571168
Singapore,XGBoost,2022-01-01,1.48,1.1606780290603638,True,True,0.3193219709396362,0.3193219709396362
Singapore,XGBoost,2022-02-01,1.144,1.297832727432251,True,True,-0.15383272743225107,0.15383272743225107
Singapore,XGBoost,2022-03-01,1.352,1.28021240234375,True,True,0.07178759765625009,0.07178759765625009
Singapore,XGBoost,2022-04-01,1.56,1.408421277999878,True,True,0.15157872200012212,0.15157872200012212
Singapore,XGBoost,2022-05-01,1.378,1.3070361614227295,True,True,0.0709638385772704,0.0709638385772704
Singapore,XGBoost,2022-06-01,0.84,1.4838513135910034,True,True,-0.6438513135910034,0.6438513135910034
Singapore,XGBoost,2022-07-01,1.627,1.1957318782806396,True,True,0.43126812171936035,0.43126812171936035
Singapore,XGBoost,2022-08-01,1.29,1.0303095579147339,True,True,0.25969044208526615,0.25969044208526615
Singapore,XGBoost,2022-09-01,1.093,1.040438175201416,True,True,0.052561824798583956,0.052561824798583956
Singapore,XGBoost,2022-10-01,1.26,1.0182361602783203,True,True,0.2417638397216797,0.2417638397216797
Singapore,XGBoost,2022-11-01,1.367,1.124803066253662,True,True,0.24219693374633788,0.24219693374633788
Singapore,XGBoost,2022-12-01,1.195,1.0535335540771484,True,True,0.14146644592285162,0.14146644592285162
Singapore,XGBoost,2023-01-01,1.1137060776058527,1.3941702842712402,False,False,,
Singapore,XGBoost,2023-02-01,0.989,1.1484220027923584,True,True,-0.1594220027923584,0.1594220027923584
Singapore,XGBoost,2023-03-01,0.35,1.1779460906982422,True,True,-0.8279460906982422,0.8279460906982422
Singapore,XGBoost,2023-04-01,1.46,1.1131631135940552,True,True,0.3468368864059448,0.3468368864059448
Singapore,XGBoost,2023-05-01,1.408,1.327809453010559,True,True,0.08019054698944084,0.08019054698944084
Singapore,XGBoost,2023-06-01,2.29,1.386680006980896,True,True,0.903319993019104,0.903319993019104
Singapore,XGBoost,2023-07-01,1.877,1.0200932025909424,True,True,0.8569067974090576,0.8569067974090576
Singapore,XGBoost,2023-08-01,2.74,1.034079670906067,True,True,1.7059203290939333,1.7059203290939333
Singapore,XGBoost,2023-09-01,2.743,1.0628970861434937,True,True,1.6801029138565062,1.6801029138565062
Singapore,XGBoost,2023-10-01,2.91,1.0363556146621704,True,True,1.8736443853378297,1.8736443853378297
Singapore,XGBoost,2023-11-01,2.467,1.0368036031723022,True,True,1.4301963968276978,1.4301963968276978
Singapore,XGBoost,2023-12-01,1.695,0.9594676494598389,True,True,0.7355323505401612,0.7355323505401612
Singapore,Prophet,2014-01-01,0.4,0.6594712433437606,True,True,-0.2594712433437606,0.2594712433437606
Singapore,Prophet,2014-02-01,1.251,0.8234390958986819,True,True,0.427560904101318,0.427560904101318
Singapore,Prophet,2014-03-01,1.31,0.7499696200115114,True,True,0.5600303799884887,0.5600303799884887
Singapore,Prophet,2014-04-01,1.74,0.8056426789571377,True,True,0.9343573210428623,0.9343573210428623
Singapore,Prophet,2014-05-01,0.696,0.6970075873353694,True,True,-0.001007587335369431,0.001007587335369431
Singapore,Prophet,2014-06-01,1.86,1.0569429919555131,True,True,0.803057008044487,0.803057008044487
Singapore,Prophet,2014-07-01,2.197,0.9705029345885768,True,True,1.2264970654114231,1.2264970654114231
Singapore,Prophet,2014-08-01,0.51,0.8946411039445339,True,True,-0.3846411039445339,0.3846411039445339
Singapore,Prophet,2014-09-01,1.673,0.9034265578087795,True,True,0.7695734421912206,0.7695734421912206
Singapore,Prophet,2014-10-01,1.88,0.7467260619977324,True,True,1.1332739380022674,1.1332739380022674
Singapore,Prophet,2014-11-01,1.337,0.7980739732388963,True,True,0.5389260267611037,0.5389260267611037
Singapore,Prophet,2014-12-01,0.665,0.7389293916096578,True,True,-0.07392939160965772,0.07392939160965772
Singapore,Prophet,2015-01-01,1.25,0.6850884822597455,True,True,0.5649115177402545,0.5649115177402545
Singapore,Prophet,2015-02-01,0.55,0.8356829998980366,True,True,-0.2856829998980366,0.2856829998980366
Singapore,Prophet,2015-03-01,1.257,0.7819826962763224,True,True,0.47501730372367745,0.47501730372367745
Singapore,Prophet,2015-04-01,0.9966129679903477,0.836445596710296,False,False,,
Singapore,Prophet,2015-05-01,1.002,0.7251630532135939,True,True,0.27683694678640614,0.27683694678640614
Singapore,Prophet,2015-06-01,1.66,1.0864667115248237,True,True,0.5735332884751763,0.5735332884751763
Singapore,Prophet,2015-07-01,2.697,0.9915969378651445,True,True,1.7054030621348555,1.7054030621348555
Singapore,Prophet,2015-08-01,1.71,0.9133944088860408,True,True,0.7966055911139591,0.7966055911139591
Singapore,Prophet,2015-09-01,2.463,0.9328407883269809,True,True,1.5301592116730192,1.5301592116730192
Singapore,Prophet,2015-10-01,2.53,0.7763303238306472,True,True,1.7536696761693527,1.7536696761693527
Singapore,Prophet,2015-11-01,2.237,0.8282554000695459,True,True,1.4087445999304542,1.4087445999304542
Singapore,Prophet,2015-12-01,1.995,0.7699048011531382,True,True,1.225095198846862,1.225095198846862
Singapore,Prophet,2016-01-01,1.88,0.710458601742197,True,True,1.169541398257803,1.169541398257803
Singapore,Prophet,2016-02-01,1.465,0.847920419631385,True,True,0.6170795803686151,0.6170795803686151
Singapore,Prophet,2016-03-01,1.945,0.7926485329628971,True,True,1.1523514670371031,1.1523514670371031
Singapore,Prophet,2016-04-01,2.36,0.8499355288489453,True,True,1.5100644711510545,1.5100644711510545
Singapore,Prophet,2016-05-01,1.515,0.7466098959270121,True,True,0.7683901040729878,0.7683901040729878
Singapore,Prophet,2016-06-01,1.44,1.102983011984785,True,True,0.33701698801521496,0.33701698801521496
Singapore,Prophet,2016-07-01,2.177,1.0336485100695096,True,True,1.1433514899304904,1.1433514899304904
Singapore,Prophet,2016-08-01,1.49,0.9633675715246109,True,True,0.526632428475389,0.526632428475389
Singapore,Prophet,2016-09-01,1.693,0.9509862560341525,True,True,0.7420137439658475,0.7420137439658475
Singapore,Prophet,2016-10-01,1.66,0.7937183653474744,True,True,0.8662816346525255,0.8662816346525255
Singapore,Prophet,2016-11-01,1.767,0.8435217646648185,True,True,0.9234782353351814,0.9234782353351814
Singapore,Prophet,2016-12-01,1.945,0.7823660368926145,True,True,1.1626339631073854,1.1626339631073854
Singapore,Prophet,2017-01-01,1.43,0.7394490477715535,True,True,0.6905509522284464,0.6905509522284464
Singapore,Prophet,2017-02-01,1.095,0.9170178636336843,True,True,0.17798213636631566,0.17798213636631566
Singapore,Prophet,2017-03-01,0.564,0.8240871159552317,True,True,-0.2600871159552317,0.2600871159552317
Singapore,Prophet,2017-04-01,1.26,0.8807006269116988,True,True,0.3792993730883012,0.3792993730883012
Singapore,Prophet,2017-05-01,0.484,0.7747181016107918,True,True,-0.2907181016107918,0.2907181016107918
Singapore,Prophet,2017-06-01,1.34,1.1330104308941498,True,True,0.2069895691058503,0.2069895691058503
Singapore,Prophet,2017-07-01,0.797,1.0550867641720878,True,True,-0.25808676417208776,0.25808676417208776
Singapore,Prophet,2017-08-01,0.79,0.9818661119510719,True,True,-0.19186611195107184,0.19186611195107184
Singapore,Prophet,2017-09-01,1.543,0.9800385867844505,True,True,0.5629614132155494,0.5629614132155494
Singapore,Prophet,2017-10-01,1.13,0.823084021620197,True,True,0.3069159783798029,0.3069159783798029
Singapore,Prophet,2017-11-01,1.517,0.8737240586315667,True,True,0.6432759413684332,0.6432759413684332
Singapore,Prophet,2017-12-01,1.635,0.8136449884816076,True,True,0.8213550115183924,0.8213550115183924
Singapore,Prophet,2018-01-01,0.38,0.7653167351000777,True,True,-0.3853167351000777,0.3853167351000777
Singapore,Prophet,2018-02-01,0.907,0.9292845876550293,True,True,-0.022284587655029275,0.022284587655029275
Singapore,Prophet,2018-03-01,0.175,0.8558151117678232,True,True,-0.6808151117678232,0.6808151117678232
Singapore,Prophet,2018-04-01,1.04,0.9114881707134566,True,True,0.12851182928654348,0.12851182928654348
Singapore,Prophet,2018-05-01,0.45,0.8028530790916775,True,True,-0.35285307909167746,0.35285307909167746
Singapore,Prophet,2018-06-01,1.13,1.16278848371183,True,True,-0.032788483711830185,0.032788483711830185
Singapore,Prophet,2018-07-01,1.067,1.0763484263448593,True,True,-0.009348426344859329,0.009348426344859329
Singapore,Prophet,2018-08-01,1.0,1.0004865957008107,True,True,-0.00048659570081066583,0.00048659570081066583
Singapore,Prophet,2018-09-01,0.943,1.0092720495650296,True,True,-0.06627204956502963,0.06627204956502963
Singapore,Prophet,2018-10-01,1.71,0.8525715537540324,True,True,0.8574284462459676,0.8574284462459676
Singapore,Prophet,2018-11-01,1.467,0.9039194649951766,True,True,0.5630805350048235,0.5630805350048235
Singapore,Prophet,2018-12-01,1.315,0.8447748833659598,True,True,0.4702251166340401,0.4702251166340401
Singapore,Prophet,2019-01-01,1.58,0.7909339740159858,True,True,0.7890660259840143,0.7890660259840143
Singapore,Prophet,2019-02-01,1.81,0.9415284916543449,True,True,0.8684715083456551,0.8684715083456551
Singapore,Prophet,2019-03-01,1.975,0.887828188032557,True,True,1.0871718119674432,1.0871718119674432
Singapore,Prophet,2019-04-01,1.71,0.9422910884665829,True,True,0.767708911533417,0.767708911533417
Singapore,Prophet,2019-05-01,0.8,0.8310085449699004,True,True,-0.031008544969900353,0.031008544969900353
Singapore,Prophet,2019-06-01,1.44,1.1923122032811015,True,True,0.2476877967188984,0.2476877967188984
Singapore,Prophet,2019-07-01,2.077,1.0974424296214402,True,True,0.9795575703785597,0.9795575703785597
Singapore,Prophet,2019-08-01,1.74,1.0192399006422692,True,True,0.7207600993577308,0.7207600993577308
Singapore,Prophet,2019-09-01,1.743,1.0386862800832968,True,True,0.7043137199167033,0.7043137199167033
Singapore,Prophet,2019-10-01,1.71,0.8821758155869304,True,True,0.8278241844130696,0.8278241844130696
Singapore,Prophet,2019-11-01,1.617,0.9341008918259054,True,True,0.6828991081740946,0.6828991081740946
Singapore,Prophet,2019-12-01,1.195,0.8757502929094573,True,True,0.3192497070905428,0.3192497070905428
Singapore,Prophet,2020-01-01,1.37,0.8163040934985033,True,True,0.5536959065014968,0.5536959065014968
Singapore,Prophet,2020-02-01,1.666,0.9537659113876673,True,True,0.7122340886123326,0.7122340886123326
Singapore,Prophet,2020-03-01,1.763,0.8984940247192165,True,True,0.8645059752807834,0.8645059752807834
Singapore,Prophet,2020-04-01,1.81,0.9557810206052401,True,True,0.85421897939476,0.85421897939476
Singapore,Prophet,2020-05-01,0.803,0.8524553876833203,True,True,-0.04945538768332025,0.04945538768332025
Singapore,Prophet,2020-06-01,1.19,1.2088285037410902,True,True,-0.01882850374109024,0.01882850374109024
Singapore,Prophet,2020-07-01,1.627,1.139494001825777,True,True,0.4875059981742229,0.4875059981742229
Singapore,Prophet,2020-08-01,1.49,1.0692130632810188,True,True,0.42078693671898115,0.42078693671898115
Singapore,Prophet,2020-09-01,0.993,1.0568317477904794,True,True,-0.0638317477904794,0.0638317477904794
Singapore,Prophet,2020-10-01,1.46,0.8995638571038134,True,True,0.5604361428961866,0.5604361428961866
Singapore,Prophet,2020-11-01,1.517,0.9493672564211297,True,True,0.5676327435788702,0.5676327435788702
Singapore,Prophet,2020-12-01,1.745,0.8882115286489229,True,True,0.8567884713510772,0.8567884713510772
Singapore,Prophet,2021-01-01,0.98,0.8452945395278224,True,True,0.13470546047217757,0.13470546047217757
Singapore,Prophet,2021-02-01,1.491,1.0228633553898714,True,True,0.4681366446101287,0.4681366446101287
Singapore,Prophet,2021-03-01,1.417,0.9299326077114881,True,True,0.4870673922885119,0.4870673922885119
Singapore,Prophet,2021-04-01,1.76,0.9865461186679371,True,True,0.7734538813320629,0.7734538813320629
Singapore,Prophet,2021-05-01,1.086,0.8805635933670801,True,True,0.20543640663291995,0.20543640663291995
Singapore,Prophet,2021-06-01,1.99,1.238855922650465,True,True,0.751144077349535,0.751144077349535
Singapore,Prophet,2021-07-01,1.727,1.1609322559284105,True,True,0.5660677440715896,0.5660677440715896
Singapore,Prophet,2021-08-01,0.99,1.0877116037072916,True,True,-0.0977116037072916,0.0977116037072916
Singapore,Prophet,2021-09-01,1.293,1.0858840785407435,True,True,0.2071159214592564,0.2071159214592564
Singapore,Prophet,2021-10-01,1.86,0.9289295133764698,True,True,0.9310704866235303,0.9310704866235303
Singapore,Prophet,2021-11-01,1.767,0.979569550387875,True,True,0.7874304496121249,0.7874304496121249
Singapore,Prophet,2021-12-01,1.745,0.9194904802378862,True,True,0.825509519762114,0.825509519762114
Singapore,Prophet,2022-01-01,1.48,0.8711622268563526,True,True,0.6088377731436474,0.6088377731436474
Singapore,Prophet,2022-02-01,1.144,1.0351300794113014,True,True,0.10886992058869849,0.10886992058869849
Singapore,Prophet,2022-03-01,1.352,0.9616606035240887,True,True,0.3903393964759114,0.3903393964759114
Singapore,Prophet,2022-04-01,1.56,1.0173336624696985,True,True,0.5426663375303016,0.5426663375303016
Singapore,Prophet,2022-05-01,1.378,0.9086985708479405,True,True,0.4693014291520594,0.4693014291520594
Singapore,Prophet,2022-06-01,0.84,1.2686339754681102,True,True,-0.4286339754681102,0.4286339754681102
Singapore,Prophet,2022-07-01,1.627,1.1821939181011518,True,True,0.4448060818988482,0.4448060818988482
Singapore,Prophet,2022-08-01,1.29,1.106332087457171,True,True,0.1836679125428291,0.1836679125428291
Singapore,Prophet,2022-09-01,1.093,1.1151175413213608,True,True,-0.02211754132136079,0.02211754132136079
Singapore,Prophet,2022-10-01,1.26,0.9584170455103407,True,True,0.3015829544896593,0.3015829544896593
Singapore,Prophet,2022-11-01,1.367,1.0097649567514424,True,True,0.3572350432485576,0.3572350432485576
Singapore,Prophet,2022-12-01,1.195,0.9506203751222332,True,True,0.24437962487776688,0.24437962487776688
Singapore,Prophet,2023-01-01,1.1137060776058527,0.8967794657723185,False,False,,
Singapore,Prophet,2023-02-01,0.989,1.0473739834105944,True,True,-0.05837398341059441,0.05837398341059441
Singapore,Prophet,2023-03-01,0.35,0.9936736797888782,True,True,-0.6436736797888782,0.6436736797888782
Singapore,Prophet,2023-04-01,1.46,1.0481365802228697,True,True,0.41186341977713026,0.41186341977713026
Singapore,Prophet,2023-05-01,1.408,0.9368540367261582,True,True,0.47114596327384173,0.47114596327384173
Singapore,Prophet,2023-06-01,2.29,1.2981576950373643,True,True,0.9918423049626357,0.9918423049626357
Singapore,Prophet,2023-07-01,1.877,1.2032879213777323,True,True,0.6737120786222677,0.6737120786222677
Singapore,Prophet,2023-08-01,2.74,1.125085392398631,True,True,1.6149146076013692,1.6149146076013692
Singapore,Prophet,2023-09-01,2.743,1.1445317718395631,True,True,1.5984682281604368,1.5984682281604368
Singapore,Prophet,2023-10-01,2.91,0.9880213073431705,True,True,1.9219786926568296,1.9219786926568296
Singapore,Prophet,2023-11-01,2.467,1.0399463835821237,True,True,1.4270536164178764,1.4270536164178764
Singapore,Prophet,2023-12-01,1.695,0.9815957846657171,True,True,0.713404215334283,0.713404215334283
Thailand,Holt-Winters,2014-01-01,-0.545,0.5197415277297069,True,True,-1.064741527729707,1.064741527729707
Thailand,Holt-Winters,2014-02-01,0.575,0.5189668837121303,True,True,0.056033116287869666,0.056033116287869666
Thailand,Holt-Winters,2014-03-01,1.177,0.3108293717587329,True,True,0.8661706282412671,0.8661706282412671
Thailand,Holt-Winters,2014-04-01,0.763,0.2614113704784596,True,True,0.5015886295215404,0.5015886295215404
Thailand,Holt-Winters,2014-05-01,1.255,0.12694456116264635,True,True,1.1280554388373536,1.1280554388373536
Thailand,Holt-Winters,2014-06-01,1.063,0.2639975247170171,True,True,0.7990024752829828,0.7990024752829828
Thailand,Holt-Winters,2014-07-01,0.789,0.2638680875127193,True,True,0.5251319124872807,0.5251319124872807
Thailand,Holt-Winters,2014-08-01,0.615,0.28179813825007294,True,True,0.33320186174992705,0.33320186174992705
Thailand,Holt-Winters,2014-09-01,0.8,0.2462388114253786,True,True,0.5537611885746214,0.5537611885746214
Thailand,Holt-Winters,2014-10-01,0.857,0.26536821535367966,True,True,0.5916317846463204,0.5916317846463204
Thailand,Holt-Winters,2014-11-01,1.833,0.37929090519068925,True,True,1.4537090948093108,1.4537090948093108
Thailand,Holt-Winters,2014-12-01,1.229,0.2969074697166037,True,True,0.9320925302833964,0.9320925302833964
Thailand,Holt-Winters,2015-01-01,0.305,0.5295606257543192,True,True,-0.22456062575431918,0.22456062575431918
Thailand,Holt-Winters,2015-02-01,0.691,0.5287859817367424,True,True,0.16221401826325754,0.16221401826325754
Thailand,Holt-Winters,2015-03-01,1.263,0.3206484697833451,True,True,0.9423515302166547,0.9423515302166547
Thailand,Holt-Winters,2015-04-01,0.544,0.2712304685030718,True,True,0.27276953149692823,0.27276953149692823
Thailand,Holt-Winters,2015-05-01,1.647,0.13676365918725858,True,True,1.5102363408127415,1.5102363408127415
Thailand,Holt-Winters,2015-06-01,1.65,0.27381662274162927,True,True,1.3761833772583707,1.3761833772583707
Thailand,Holt-Winters,2015-07-01,1.13,0.2736871855373315,True,True,0.8563128144626684,0.8563128144626684
Thailand,Holt-Winters,2015-08-01,1.173,0.29161723627468517,True,True,0.8813827637253149,0.8813827637253149
Thailand,Holt-Winters,2015-09-01,1.131,0.25605790944999074,True,True,0.8749420905500093,0.8749420905500093
Thailand,Holt-Winters,2015-10-01,1.053,0.2751873133782919,True,True,0.7778126866217081,0.7778126866217081
Thailand,Holt-Winters,2015-11-01,2.611,0.3891100032153015,True,True,2.221889996784699,2.221889996784699
Thailand,Holt-Winters,2015-12-01,2.491,0.30672656774121587,True,True,2.1842734322587845,2.1842734322587845
Thailand,Holt-Winters,2016-01-01,1.72,0.5393797237789313,True,True,1.1806202762210687,1.1806202762210687
Thailand,Holt-Winters,2016-02-01,0.097,0.5386050797613546,True,True,-0.44160507976135466,0.44160507976135466
Thailand,Holt-Winters,2016-03-01,1.597,0.3304675678079573,True,True,1.2665324321920428,1.2665324321920428
Thailand,Holt-Winters,2016-04-01,2.757,0.281049566527684,True,True,2.475950433472316,2.475950433472316
Thailand,Holt-Winters,2016-05-01,1.983,0.1465827572118708,True,True,1.8364172427881293,1.8364172427881293
Thailand,Holt-Winters,2016-06-01,0.875,0.2836357207662415,True,True,0.5913642792337586,0.5913642792337586
Thailand,Holt-Winters,2016-07-01,0.726,0.2835062835619437,True,True,0.4424937164380563,0.4424937164380563
Thailand,Holt-Winters,2016-08-01,1.149,0.3014363342992974,True,True,0.8475636657007026,0.8475636657007026
Thailand,Holt-Winters,2016-09-01,0.859,0.26587700747460297,True,True,0.593122992525397,0.593122992525397
Thailand,Holt-Winters,2016-10-01,1.415,0.28500641140290406,True,True,1.129993588597096,1.129993588597096
Thailand,Holt-Winters,2016-11-01,1.872,0.3989291012399137,True,True,1.4730708987600865,1.4730708987600865
Thailand,Holt-Winters,2016-12-01,1.709,0.3165456657658281,True,True,1.392454334234172,1.392454334234172
Thailand,Holt-Winters,2017-01-01,1.944,0.5491988218035435,True,True,1.3948011781964564,1.3948011781964564
Thailand,Holt-Winters,2017-02-01,0.786,0.5484241777859669,True,True,0.23757582221403317,0.23757582221403317
Thailand,Holt-Winters,2017-03-01,1.0,0.3402866658325695,True,True,0.6597133341674305,0.6597133341674305
Thailand,Holt-Winters,2017-04-01,0.438,0.2908686645522962,True,True,0.1471313354477038,0.1471313354477038
Thailand,Holt-Winters,2017-05-01,0.48,0.15640185523648298,True,True,0.323598144763517,0.323598144763517
Thailand,Holt-Winters,2017-06-01,0.854,0.2934548187908537,True,True,0.5605451812091462,0.5605451812091462
Thailand,Holt-Winters,2017-07-01,0.23,0.2933253815865559,True,True,-0.0633253815865559,0.0633253815865559
Thailand,Holt-Winters,2017-08-01,1.092,0.31125543232390956,True,True,0.7807445676760905,0.7807445676760905
Thailand,Holt-Winters,2017-09-01,1.297,0.27569610549921514,True,True,1.0213038945007848,1.0213038945007848
Thailand,Holt-Winters,2017-10-01,1.161,0.2948255094275163,True,True,0.8661744905724837,0.8661744905724837
Thailand,Holt-Winters,2017-11-01,1.543,0.4087481992645259,True,True,1.134251800735474,1.134251800735474
Thailand,Holt-Winters,2017-12-01,0.931,0.32636476379044027,True,True,0.6046352362095597,0.6046352362095597
Thailand,Holt-Winters,2018-01-01,1.758,0.5590179198281557,True,True,1.1989820801718443,1.1989820801718443
Thailand,Holt-Winters,2018-02-01,0.403,0.5582432758105791,True,True,-0.15524327581057906,0.15524327581057906
Thailand,Holt-Winters,2018-03-01,0.659,0.3501057638571817,True,True,0.30889423614281836,0.30889423614281836
Thailand,Holt-Winters,2018-04-01,-0.2,0.30068776257690844,True,True,-0.5006877625769084,0.5006877625769084
Thailand,Holt-Winters,2018-05-01,0.227,0.1662209532610952,True,True,0.0607790467389048,0.0607790467389048
Thailand,Holt-Winters,2018-06-01,0.598,0.3032739168154659,True,True,0.2947260831845341,0.2947260831845341
Thailand,Holt-Winters,2018-07-01,0.489,0.30314447961116814,True,True,0.18585552038883185,0.18585552038883185
Thailand,Holt-Winters,2018-08-01,0.497,0.3210745303485218,True,True,0.1759254696514782,0.1759254696514782
Thailand,Holt-Winters,2018-09-01,1.007,0.28551520352382737,True,True,0.7214847964761726,0.7214847964761726
Thailand,Holt-Winters,2018-10-01,1.383,0.3046446074521285,True,True,1.0783553925478715,1.0783553925478715
Thailand,Holt-Winters,2018-11-01,2.004,0.4185672972891381,True,True,1.585432702710862,1.585432702710862
Thailand,Holt-Winters,2018-12-01,2.728,0.3361838618150525,True,True,2.391816138184948,2.391816138184948
Thailand,Holt-Winters,2019-01-01,2.153,0.568837017852768,True,True,1.584162982147232,1.584162982147232
Thailand,Holt-Winters,2019-02-01,2.315,0.5680623738351913,True,True,1.7469376261648086,1.7469376261648086
Thailand,Holt-Winters,2019-03-01,1.61,0.3599248618817939,True,True,1.2500751381182063,1.2500751381182063
Thailand,Holt-Winters,2019-04-01,2.137,0.3105068606015206,True,True,1.8264931393984793,1.8264931393984793
Thailand,Holt-Winters,2019-05-01,1.688,0.17604005128570738,True,True,1.5119599487142925,1.5119599487142925
Thailand,Holt-Winters,2019-06-01,1.607,0.3130930148400781,True,True,1.2939069851599219,1.2939069851599219
Thailand,Holt-Winters,2019-07-01,1.358,0.3129635776357803,True,True,1.0450364223642197,1.0450364223642197
Thailand,Holt-Winters,2019-08-01,0.777,0.33089362837313396,True,True,0.44610637162686606,0.44610637162686606
Thailand,Holt-Winters,2019-09-01,0.83,0.2953343015484396,True,True,0.5346656984515603,0.5346656984515603
Thailand,Holt-Winters,2019-10-01,1.634,0.3144637054767407,True,True,1.3195362945232592,1.3195362945232592
Thailand,Holt-Winters,2019-11-01,1.725,0.4283863953137503,True,True,1.2966136046862498,1.2966136046862498
Thailand,Holt-Winters,2019-12-01,1.251,0.3460029598396647,True,True,0.9049970401603351,0.9049970401603351
Thailand,Holt-Winters,2020-01-01,2.775,0.5786561158773802,True,True,2.1963438841226197,2.1963438841226197
Thailand,Holt-Winters,2020-02-01,1.584,0.5778814718598034,True,True,1.0061185281401968,1.0061185281401968
Thailand,Holt-Winters,2020-03-01,1.918,0.3697439599064061,True,True,1.5482560400935939,1.5482560400935939
Thailand,Holt-Winters,2020-04-01,1.108,0.32032595862613283,True,True,0.7876740413738672,0.7876740413738672
Thailand,Holt-Winters,2020-05-01,2.205,0.1858591493103196,True,True,2.0191408506896806,2.0191408506896806
Thailand,Holt-Winters,2020-06-01,1.298,0.32291211286469035,True,True,0.9750878871353097,0.9750878871353097
Thailand,Holt-Winters,2020-07-01,1.583,0.32278267566039254,True,True,1.2602173243396075,1.2602173243396075
Thailand,Holt-Winters,2020-08-01,1.009,0.3407127263977462,True,True,0.6682872736022537,0.6682872736022537
Thailand,Holt-Winters,2020-09-01,1.285,0.30515339957305176,True,True,0.9798466004269482,0.9798466004269482
Thailand,Holt-Winters,2020-10-01,0.077,0.3242828035013529,True,True,-0.2472828035013529,0.2472828035013529
Thailand,Holt-Winters,2020-11-01,1.611,0.4382054933383625,True,True,1.1727945066616374,1.1727945066616374
Thailand,Holt-Winters,2020-12-01,1.243,0.3558220578642769,True,True,0.8871779421357232,0.8871779421357232
Thailand,Holt-Winters,2021-01-01,0.435,0.5884752139019923,True,True,-0.1534752139019923,0.1534752139019923
Thailand,Holt-Winters,2021-02-01,0.913,0.5877005698844157,True,True,0.3252994301155844,0.3252994301155844
Thailand,Holt-Winters,2021-03-01,1.604,0.3795630579310183,True,True,1.2244369420689818,1.2244369420689818
Thailand,Holt-Winters,2021-04-01,-0.104,0.330145056650745,True,True,-0.434145056650745,0.434145056650745
Thailand,Holt-Winters,2021-05-01,1.196,0.19567824733493183,True,True,1.000321752665068,1.000321752665068
Thailand,Holt-Winters,2021-06-01,1.226,0.3327312108893025,True,True,0.8932687891106974,0.8932687891106974
Thailand,Holt-Winters,2021-07-01,1.041,0.3326017736850047,True,True,0.7083982263149953,0.7083982263149953
Thailand,Holt-Winters,2021-08-01,1.36,0.3505318244223584,True,True,1.0094681755776418,1.0094681755776418
Thailand,Holt-Winters,2021-09-01,0.685,0.314972497597664,True,True,0.37002750240233606,0.37002750240233606
Thailand,Holt-Winters,2021-10-01,0.931,0.3341019015259651,True,True,0.596898098474035,0.596898098474035
Thailand,Holt-Winters,2021-11-01,1.617,0.44802459136297473,True,True,1.1689754086370252,1.1689754086370252
Thailand,Holt-Winters,2021-12-01,0.977,0.3656411558888891,True,True,0.6113588441111109,0.6113588441111109
Thailand,Holt-Winters,2022-01-01,2.104,0.5982943119266045,True,True,1.5057056880733954,1.5057056880733954
Thailand,Holt-Winters,2022-02-01,0.669,0.5975196679090279,True,True,0.07148033209097215,0.07148033209097215
Thailand,Holt-Winters,2022-03-01,1.34,0.3893821559556305,True,True,0.9506178440443696,0.9506178440443696
Thailand,Holt-Winters,2022-04-01,-0.051,0.33996415467535723,True,True,-0.3909641546753572,0.3909641546753572
Thailand,Holt-Winters,2022-05-01,-0.278,0.20549734535954406,True,True,-0.4834973453595441,0.4834973453595441
Thailand,Holt-Winters,2022-06-01,1.267,0.34255030891391475,True,True,0.9244496910860851,0.9244496910860851
Thailand,Holt-Winters,2022-07-01,1.184,0.34242087170961694,True,True,0.8415791282903831,0.8415791282903831
Thailand,Holt-Winters,2022-08-01,0.948,0.3603509224469706,True,True,0.5876490775530294,0.5876490775530294
Thailand,Holt-Winters,2022-09-01,0.765,0.32479159562227616,True,True,0.44020840437772385,0.44020840437772385
Thailand,Holt-Winters,2022-10-01,0.426,0.3439209995505773,True,True,0.08207900044942268,0.08207900044942268
Thailand,Holt-Winters,2022-11-01,1.889,0.4578436893875869,True,True,1.4311563106124132,1.4311563106124132
Thailand,Holt-Winters,2022-12-01,1.158,0.3754602539135013,True,True,0.7825397460864987,0.7825397460864987
Thailand,Holt-Winters,2023-01-01,0.668,0.6081134099512168,True,True,0.05988659004878327,0.05988659004878327
Thailand,Holt-Winters,2023-02-01,1.247,0.6073387659336401,True,True,0.63966123406636,0.63966123406636
Thailand,Holt-Winters,2023-03-01,0.908,0.3992012539802427,True,True,0.5087987460197574,0.5087987460197574
Thailand,Holt-Winters,2023-04-01,2.094,0.34978325269996946,True,True,1.7442167473000305,1.7442167473000305
Thailand,Holt-Winters,2023-05-01,2.051,0.21531644338415623,True,True,1.835683556615844,1.835683556615844
Thailand,Holt-Winters,2023-06-01,1.587,0.3523694069385269,True,True,1.234630593061473,1.234630593061473
Thailand,Holt-Winters,2023-07-01,1.668,0.35223996973422916,True,True,1.3157600302657708,1.3157600302657708
Thailand,Holt-Winters,2023-08-01,1.555,0.3701700204715828,True,True,1.1848299795284172,1.1848299795284172
Thailand,Holt-Winters,2023-09-01,1.034,0.3346106936468884,True,True,0.6993893063531116,0.6993893063531116
Thailand,Holt-Winters,2023-10-01,1.5,0.35374009757518954,True,True,1.1462599024248106,1.1462599024248106
Thailand,Holt-Winters,2023-11-01,1.898,0.46766278741219913,True,True,1.4303372125878009,1.4303372125878009
Thailand,Holt-Winters,2023-12-01,2.701,0.3852793519381135,True,True,2.3157206480618866,2.3157206480618866
Thailand,SARIMA,2014-01-01,-0.545,0.6701545867811447,True,True,-1.2151545867811446,1.2151545867811446
Thailand,SARIMA,2014-02-01,0.575,0.5768096284245893,True,True,-0.0018096284245893157,0.0018096284245893157
Thailand,SARIMA,2014-03-01,1.177,0.40357087831090277,True,True,0.7734291216890973,0.7734291216890973
Thailand,SARIMA,2014-04-01,0.763,0.45395381629432296,True,True,0.30904618370567705,0.30904618370567705
Thailand,SARIMA,2014-05-01,1.255,0.3457571507186101,True,True,0.9092428492813898,0.9092428492813898
Thailand,SARIMA,2014-06-01,1.063,0.663134086643943,True,True,0.3998659133560569,0.3998659133560569
Thailand,SARIMA,2014-07-01,0.789,0.6517264305351378,True,True,0.13727356946486224,0.13727356946486224
Thailand,SARIMA,2014-08-01,0.615,0.6973541139193896,True,True,-0.08235411391938963,0.08235411391938963
Thailand,SARIMA,2014-09-01,0.8,0.6589671383441691,True,True,0.14103286165583095,0.14103286165583095
Thailand,SARIMA,2014-10-01,0.857,0.7074025552037156,True,True,0.14959744479628434,0.14959744479628434
Thailand,SARIMA,2014-11-01,1.833,0.8537177451207055,True,True,0.9792822548792944,0.9792822548792944
Thailand,SARIMA,2014-12-01,1.229,0.8124921675232368,True,True,0.41650783247676326,0.41650783247676326
Thailand,SARIMA,2015-01-01,0.305,1.150126323883438,True,True,-0.8451263238834381,0.8451263238834381
Thailand,SARIMA,2015-02-01,0.691,1.1185241880055066,True,True,-0.4275241880055066,0.4275241880055066
Thailand,SARIMA,2015-03-01,1.263,0.6845962525686682,True,True,0.5784037474313317,0.5784037474313317
Thailand,SARIMA,2015-04-01,0.544,0.6535122234097368,True,True,-0.10951222340973676,0.10951222340973676
Thailand,SARIMA,2015-05-01,1.647,0.4693267406601165,True,True,1.1776732593398835,1.1776732593398835
Thailand,SARIMA,2015-06-01,1.65,0.7649685765546087,True,True,0.8850314234453912,0.8850314234453912
Thailand,SARIMA,2015-07-01,1.13,0.7159185784112427,True,True,0.41408142158875716,0.41408142158875716
Thailand,SARIMA,2015-08-01,1.173,0.7563087112006726,True,True,0.4166912887993275,0.4166912887993275
Thailand,SARIMA,2015-09-01,1.131,0.7040432000057206,True,True,0.4269567999942794,0.4269567999942794
Thailand,SARIMA,2015-10-01,1.053,0.7773144971951308,True,True,0.27568550280486914,0.27568550280486914
Thailand,SARIMA,2015-11-01,2.611,0.9737860004129352,True,True,1.6372139995870651,1.6372139995870651
Thailand,SARIMA,2015-12-01,2.491,0.9894959164635311,True,True,1.501504083536469,1.501504083536469
Thailand,SARIMA,2016-01-01,1.72,1.206492413291543,True,True,0.5135075867084569,0.5135075867084569
Thailand,SARIMA,2016-02-01,0.097,1.2128813461973078,True,True,-1.1158813461973078,1.1158813461973078
Thailand,SARIMA,2016-03-01,1.597,0.7411826535958869,True,True,0.8558173464041131,0.8558173464041131
Thailand,SARIMA,2016-04-01,2.757,0.6982790551380615,True,True,2.0587209448619386,2.0587209448619386
Thailand,SARIMA,2016-05-01,1.983,0.5313176559600518,True,True,1.4516823440399484,1.4516823440399484
Thailand,SARIMA,2016-06-01,0.875,0.7780132720294752,True,True,0.09698672797052477,0.09698672797052477
Thailand,SARIMA,2016-07-01,0.726,0.7122615097444855,True,True,0.013738490255514435,0.013738490255514435
Thailand,SARIMA,2016-08-01,1.149,0.7669268767315138,True,True,0.3820731232684862,0.3820731232684862
Thailand,SARIMA,2016-09-01,0.859,0.7078609502058949,True,True,0.15113904979410508,0.15113904979410508
Thailand,SARIMA,2016-10-01,1.415,0.7717681749800767,True,True,0.6432318250199234,0.6432318250199234
Thailand,SARIMA,2016-11-01,1.872,1.0287375628669657,True,True,0.8432624371330344,0.8432624371330344
Thailand,SARIMA,2016-12-01,1.709,0.8942867863614368,True,True,0.8147132136385633,0.8147132136385633
Thailand,SARIMA,2017-01-01,1.944,1.1930665077866702,True,True,0.7509334922133297,0.7509334922133297
Thailand,SARIMA,2017-02-01,0.786,1.1939167820250507,True,True,-0.40791678202505066,0.40791678202505066
Thailand,SARIMA,2017-03-01,1.0,0.7403037753453214,True,True,0.25969622465467856,0.25969622465467856
Thailand,SARIMA,2017-04-01,0.438,0.7030501950971726,True,True,-0.2650501950971726,0.2650501950971726
Thailand,SARIMA,2017-05-01,0.48,0.5401518484349065,True,True,-0.06015184843490651,0.06015184843490651
Thailand,SARIMA,2017-06-01,0.854,0.790312825494645,True,True,0.063687174505355,0.063687174505355
Thailand,SARIMA,2017-07-01,0.23,0.7276533307762065,True,True,-0.49765333077620655,0.49765333077620655
Thailand,SARIMA,2017-08-01,1.092,0.7820381941804055,True,True,0.30996180581959454,0.30996180581959454
Thailand,SARIMA,2017-09-01,1.297,0.7241397580989788,True,True,0.5728602419010211,0.5728602419010211
Thailand,SARIMA,2017-10-01,1.161,0.7868773254718221,True,True,0.37412267452817793,0.37412267452817793
Thailand,SARIMA,2017-11-01,1.543,1.0380884248108933,True,True,0.5049115751891067,0.5049115751891067
Thailand,SARIMA,2017-12-01,0.931,0.9064618776592196,True,True,0.024538122340780455,0.024538122340780455
Thailand,SARIMA,2018-01-01,1.758,1.2093683307062273,True,True,0.5486316692937727,0.5486316692937727
Thailand,SARIMA,2018-02-01,0.403,1.2080541468553292,True,True,-0.8050541468553292,0.8050541468553292
Thailand,SARIMA,2018-03-01,0.659,0.75605484380998,True,True,-0.09705484380997997,0.09705484380997997
Thailand,SARIMA,2018-04-01,-0.2,0.7193066274462587,True,True,-0.9193066274462587,0.9193066274462587
Thailand,SARIMA,2018-05-01,0.227,0.5551457809709203,True,True,-0.3281457809709203,0.3281457809709203
Thailand,SARIMA,2018-06-01,0.598,0.8082522484525881,True,True,-0.21025224845258816,0.21025224845258816
Thailand,SARIMA,2018-07-01,0.489,0.7465161379129801,True,True,-0.2575161379129801,0.2575161379129801
Thailand,SARIMA,2018-08-01,0.497,0.8000107006830033,True,True,-0.3030107006830033,0.3030107006830033
Thailand,SARIMA,2018-09-01,1.007,0.7424921536522835,True,True,0.2645078463477164,0.2645078463477164
Thailand,SARIMA,2018-10-01,1.383,0.8058716237009133,True,True,0.5771283762990868,0.5771283762990868
Thailand,SARIMA,2018-11-01,2.004,1.0535051512314673,True,True,0.9504948487685327,0.9504948487685327
Thailand,SARIMA,2018-12-01,2.728,0.9312489804828048,True,True,1.7967510195171954,1.7967510195171954
Thailand,SARIMA,2019-01-01,2.153,1.2288096519766656,True,True,0.9241903480233344,0.9241903480233344
Thailand,SARIMA,2019-02-01,2.315,1.2279381333838706,True,True,1.0870618666161294,1.0870618666161294
Thailand,SARIMA,2019-03-01,1.61,0.7747266646238928,True,True,0.8352733353761073,0.8352733353761073
Thailand,SARIMA,2019-04-01,2.137,0.7375997112421679,True,True,1.399400288757832,1.399400288757832
Thailand,SARIMA,2019-05-01,1.688,0.5732360552723592,True,True,1.1147639447276407,1.1147639447276407
Thailand,SARIMA,2019-06-01,1.607,0.8259974947956336,True,True,0.7810025052043664,0.7810025052043664
Thailand,SARIMA,2019-07-01,1.358,0.7640264339557976,True,True,0.5939735660442025,0.5939735660442025
Thailand,SARIMA,2019-08-01,0.777,0.8175768090216108,True,True,-0.04057680902161076,0.04057680902161076
Thailand,SARIMA,2019-09-01,0.83,0.7599682188207423,True,True,0.07003178117925768,0.07003178117925768
Thailand,SARIMA,2019-10-01,1.634,0.8233941618292517,True,True,0.8106058381707482,0.8106058381707482
Thailand,SARIMA,2019-11-01,1.725,1.071544683191717,True,True,0.6534553168082831,0.6534553168082831
Thailand,SARIMA,2019-12-01,1.251,0.9487091840961768,True,True,0.3022908159038231,0.3022908159038231
Thailand,SARIMA,2020-01-01,2.775,1.2462376836081102,True,True,1.5287623163918898,1.5287623163918898
Thailand,SARIMA,2020-02-01,1.584,1.24548403858495,True,True,0.33851596141505014,0.33851596141505014
Thailand,SARIMA,2020-03-01,1.918,0.7922224230716429,True,True,1.125777576928357,1.125777576928357
Thailand,SARIMA,2020-04-01,1.108,0.755079727700018,True,True,0.35292027229998213,0.35292027229998213
Thailand,SARIMA,2020-05-01,2.205,0.5908045455355289,True,True,1.6141954544644712,1.6141954544644712
Thailand,SARIMA,2020-06-01,1.298,0.8433945684586949,True,True,0.45460543154130517,0.45460543154130517
Thailand,SARIMA,2020-07-01,1.583,0.7813751934104789,True,True,0.8016248065895211,0.8016248065895211
Thailand,SARIMA,2020-08-01,1.009,0.8349794542025744,True,True,0.17402054579742554,0.17402054579742554
Thailand,SARIMA,2020-09-01,1.285,0.7773507040072546,True,True,0.5076492959927453,0.5076492959927453
Thailand,SARIMA,2020-10-01,0.077,0.8407340864907539,True,True,-0.7637340864907539,0.7637340864907539
Thailand,SARIMA,2020-11-01,1.611,1.089088620486944,True,True,0.5219113795130559,0.5219113795130559
Thailand,SARIMA,2020-12-01,1.243,0.9656856301970156,True,True,0.2773143698029845,0.2773143698029845
Thailand,SARIMA,2021-01-01,0.435,1.2635533958659804,True,True,-0.8285533958659803,0.8285533958659803
Thailand,SARIMA,2021-02-01,0.913,1.2627667293271099,True,True,-0.34976672932710984,0.34976672932710984
Thailand,SARIMA,2021-03-01,1.604,0.8095838760142119,True,True,0.7944161239857882,0.7944161239857882
Thailand,SARIMA,2021-04-01,-0.104,0.7724657927790012,True,True,-0.8764657927790012,0.8764657927790012
Thailand,SARIMA,2021-05-01,1.196,0.6081996450977278,True,True,0.5878003549022721,0.5878003549022721
Thailand,SARIMA,2021-06-01,1.226,0.8608188084929111,True,True,0.36518119150708883,0.36518119150708883
Thailand,SARIMA,2021-07-01,1.041,0.7988163505520628,True,True,0.24218364944793713,0.24218364944793713
Thailand,SARIMA,2021-08-01,1.36,0.8524147786637778,True,True,0.5075852213362223,0.5075852213362223
Thailand,SARIMA,2021-09-01,0.685,0.7947925821568532,True,True,-0.10979258215685317,0.10979258215685317
Thailand,SARIMA,2021-10-01,0.931,0.8581748477568353,True,True,0.07282515224316477,0.07282515224316477
Thailand,SARIMA,2021-11-01,1.617,1.1064879775653822,True,True,0.5105120224346178,0.5105120224346178
Thailand,SARIMA,2021-12-01,0.977,0.9831458792209974,True,True,-0.006145879220997408,0.006145879220997408
Thailand,SARIMA,2022-01-01,2.104,1.28100116627501,True,True,0.82299883372499,0.82299883372499
Thailand,SARIMA,2022-02-01,0.669,1.2802084618141767,True,True,-0.6112084618141767,0.6112084618141767
Thailand,SARIMA,2022-03-01,1.34,0.8270254090676039,True,True,0.5129745909323962,0.5129745909323962
Thailand,SARIMA,2022-04-01,-0.051,0.789907268050206,True,True,-0.840907268050206,0.840907268050206
Thailand,SARIMA,2022-05-01,-0.278,0.6256351417687075,True,True,-0.9036351417687075,0.9036351417687075
Thailand,SARIMA,2022-06-01,1.267,0.878263893383615,True,True,0.3887361066163849,0.3887361066163849
Thailand,SARIMA,2022-07-01,1.184,0.8162637656025817,True,True,0.3677362343974182,0.3677362343974182
Thailand,SARIMA,2022-08-01,0.948,0.8698590372602079,True,True,0.0781409627397921,0.0781409627397921
Thailand,SARIMA,2022-09-01,0.765,0.8122378346690665,True,True,-0.0472378346690665,0.0472378346690665
Thailand,SARIMA,2022-10-01,0.426,0.8756228381603505,True,True,-0.4496228381603505,0.4496228381603505
Thailand,SARIMA,2022-11-01,1.889,1.1239248440368796,True,True,0.7650751559631204,0.7650751559631204
Thailand,SARIMA,2022-12-01,1.158,1.0006160103700414,True,True,0.15738398962995848,0.15738398962995848
Thailand,SARIMA,2023-01-01,0.668,1.2984503872522575,True,True,-0.6304503872522574,0.6304503872522574
Thailand,SARIMA,2023-02-01,1.247,1.2976600282493587,True,True,-0.05066002824935856,0.05066002824935856
Thailand,SARIMA,2023-03-01,0.908,0.8444720057231435,True,True,0.06352799427685651,0.06352799427685651
Thailand,SARIMA,2023-04-01,2.094,0.8073523115218171,True,True,1.2866476884781828,1.2866476884781828
Thailand,SARIMA,2023-05-01,2.051,0.6430798699336433,True,True,1.4079201300663569,1.4079201300663569
Thailand,SARIMA,2023-06-01,1.587,0.8957063695352234,True,True,0.6912936304647765,0.6912936304647765
Thailand,SARIMA,2023-07-01,1.668,0.83370507280461,True,True,0.8342949271953899,0.8342949271953899
Thailand,SARIMA,2023-08-01,1.555,0.8873008481448511,True,True,0.6676991518551488,0.6676991518551488
Thailand,SARIMA,2023-09-01,1.034,0.8296791888009929,True,True,0.20432081119900714,0.20432081119900714
Thailand,SARIMA,2023-10-01,1.5,0.893064145773706,True,True,0.606935854226294,0.606935854226294
Thailand,SARIMA,2023-11-01,1.898,1.1413692445044388,True,True,0.7566307554955611,0.7566307554955611
Thailand,SARIMA,2023-12-01,2.701,1.0180551391536086,True,True,1.6829448608463915,1.6829448608463915
Thailand,XGBoost,2014-01-01,-0.545,0.3539624512195587,True,True,-0.8989624512195588,0.8989624512195588
Thailand,XGBoost,2014-02-01,0.575,0.5129541754722595,True,True,0.062045824527740434,0.062045824527740434
Thailand,XGBoost,2014-03-01,1.177,0.3421422243118286,True,True,0.8348577756881714,0.8348577756881714
Thailand,XGBoost,2014-04-01,0.763,0.5321438312530518,True,True,0.23085616874694825,0.23085616874694825
Thailand,XGBoost,2014-05-01,1.255,0.39505481719970703,True,True,0.8599451828002929,0.8599451828002929
Thailand,XGBoost,2014-06-01,1.063,0.6389504671096802,True,True,0.42404953289031977,0.42404953289031977
Thailand,XGBoost,2014-07-01,0.789,0.671292781829834,True,True,0.11770721817016605,0.11770721817016605
Thailand,XGBoost,2014-08-01,0.615,0.7785716652870178,True,True,-0.16357166528701783,0.16357166528701783
Thailand,XGBoost,2014-09-01,0.8,0.7974826693534851,True,True,0.002517330646514937,0.002517330646514937
Thailand,XGBoost,2014-10-01,0.857,1.0947778224945068,True,True,-0.23777782249450685,0.23777782249450685
Thailand,XGBoost,2014-11-01,1.833,1.4497249126434326,True,True,0.38327508735656735,0.38327508735656735
Thailand,XGBoost,2014-12-01,1.229,1.6289665699005127,True,True,-0.3999665699005126,0.3999665699005126
Thailand,XGBoost,2015-01-01,0.305,1.5574588775634766,True,True,-1.2524588775634766,1.2524588775634766
Thailand,XGBoost,2015-02-01,0.691,1.6990408897399902,True,True,-1.0080408897399904,1.0080408897399904
Thailand,XGBoost,2015-03-01,1.263,1.2789413928985596,True,True,-0.01594139289855967,0.01594139289855967
Thailand,XGBoost,2015-04-01,0.544,1.0722455978393555,True,True,-0.5282455978393554,0.5282455978393554
Thailand,XGBoost,2015-05-01,1.647,0.8809916973114014,True,True,0.7660083026885987,0.7660083026885987
Thailand,XGBoost,2015-06-01,1.65,0.5112716555595398,True,True,1.1387283444404601,1.1387283444404601
Thailand,XGBoost,2015-07-01,1.13,0.6376029253005981,True,True,0.49239707469940175,0.49239707469940175
Thailand,XGBoost,2015-08-01,1.173,0.6354442238807678,True,True,0.5375557761192322,0.5375557761192322
Thailand,XGBoost,2015-09-01,1.131,0.7006864547729492,True,True,0.4303135452270508,0.4303135452270508
Thailand,XGBoost,2015-10-01,1.053,0.9586785435676575,True,True,0.09432145643234247,0.09432145643234247
Thailand,XGBoost,2015-11-01,2.611,1.5368539094924927,True,True,1.0741460905075075,1.0741460905075075
Thailand,XGBoost,2015-12-01,2.491,1.3591601848602295,True,True,1.1318398151397706,1.1318398151397706
Thailand,XGBoost,2016-01-01,1.72,1.4607884883880615,True,True,0.25921151161193845,0.25921151161193845
Thailand,XGBoost,2016-02-01,0.097,1.6192138195037842,True,True,-1.5222138195037842,1.5222138195037842
Thailand,XGBoost,2016-03-01,1.597,1.0521533489227295,True,True,0.5448466510772705,0.5448466510772705
Thailand,XGBoost,2016-04-01,2.757,0.380500465631485,True,True,2.376499534368515,2.376499534368515
Thailand,XGBoost,2016-05-01,1.983,0.5544171333312988,True,True,1.4285828666687013,1.4285828666687013
Thailand,XGBoost,2016-06-01,0.875,0.5490688681602478,True,True,0.3259311318397522,0.3259311318397522
Thailand,XGBoost,2016-07-01,0.726,0.6467708349227905,True,True,0.07922916507720945,0.07922916507720945
Thailand,XGBoost,2016-08-01,1.149,0.6471676230430603,True,True,0.5018323769569397,0.5018323769569397
Thailand,XGBoost,2016-09-01,0.859,0.6964343190193176,True,True,0.16256568098068236,0.16256568098068236
Thailand,XGBoost,2016-10-01,1.415,1.0980660915374756,True,True,0.31693390846252445,0.31693390846252445
Thailand,XGBoost,2016-11-01,1.872,1.478771448135376,True,True,0.39322855186462413,0.39322855186462413
Thailand,XGBoost,2016-12-01,1.709,1.6206938028335571,True,True,0.08830619716644295,0.08830619716644295
Thailand,XGBoost,2017-01-01,1.944,1.8012970685958862,True,True,0.14270293140411372,0.14270293140411372
Thailand,XGBoost,2017-02-01,0.786,1.8954941034317017,True,True,-1.1094941034317016,1.1094941034317016
Thailand,XGBoost,2017-03-01,1.0,1.197462797164917,True,True,-0.197462797164917,0.197462797164917
Thailand,XGBoost,2017-04-01,0.438,1.1600403785705566,True,True,-0.7220403785705567,0.7220403785705567
Thailand,XGBoost,2017-05-01,0.48,0.8330828547477722,True,True,-0.35308285474777223,0.35308285474777223
Thailand,XGBoost,2017-06-01,0.854,0.7716678380966187,True,True,0.08233216190338133,0.08233216190338133
Thailand,XGBoost,2017-07-01,0.23,0.7207998633384705,True,True,-0.4907998633384705,0.4907998633384705
Thailand,XGBoost,2017-08-01,1.092,0.5395236611366272,True,True,0.5524763388633729,0.5524763388633729
Thailand,XGBoost,2017-09-01,1.297,0.7048651576042175,True,True,0.5921348423957824,0.5921348423957824
Thailand,XGBoost,2017-10-01,1.161,0.8580772876739502,True,True,0.30292271232604984,0.30292271232604984
Thailand,XGBoost,2017-11-01,1.543,1.3167880773544312,True,True,0.22621192264556877,0.22621192264556877
Thailand,XGBoost,2017-12-01,0.931,1.241900086402893,True,True,-0.310900086402893,0.310900086402893
Thailand,XGBoost,2018-01-01,1.758,1.4172091484069824,True,True,0.3407908515930176,0.3407908515930176
Thailand,XGBoost,2018-02-01,0.403,1.345841884613037,True,True,-0.9428418846130371,0.9428418846130371
Thailand,XGBoost,2018-03-01,0.659,-0.05864925682544708,True,True,0.7176492568254471,0.7176492568254471
Thailand,XGBoost,2018-04-01,-0.2,0.24547269940376282,True,True,-0.44547269940376283,0.44547269940376283
Thailand,XGBoost,2018-05-01,0.227,0.34688064455986023,True,True,-0.11988064455986022,0.11988064455986022
Thailand,XGBoost,2018-06-01,0.598,0.5250886082649231,True,True,0.07291139173507688,0.07291139173507688
Thailand,XGBoost,2018-07-01,0.489,0.5745999217033386,True,True,-0.08559992170333863,0.08559992170333863
Thailand,XGBoost,2018-08-01,0.497,0.673794686794281,True,True,-0.176794686794281,0.176794686794281
Thailand,XGBoost,2018-09-01,1.007,0.5502662062644958,True,True,0.45673379373550405,0.45673379373550405
Thailand,XGBoost,2018-10-01,1.383,0.827617347240448,True,True,0.555382652759552,0.555382652759552
Thailand,XGBoost,2018-11-01,2.004,1.5559747219085693,True,True,0.44802527809143067,0.44802527809143067
Thailand,XGBoost,2018-12-01,2.728,1.2463884353637695,True,True,1.4816115646362307,1.4816115646362307
Thailand,XGBoost,2019-01-01,2.153,1.4833567142486572,True,True,0.6696432857513428,0.6696432857513428
Thailand,XGBoost,2019-02-01,2.315,1.9106223583221436,True,True,0.4043776416778564,0.4043776416778564
Thailand,XGBoost,2019-03-01,1.61,1.3250775337219238,True,True,0.28492246627807627,0.28492246627807627
Thailand,XGBoost,2019-04-01,2.137,1.211690902709961,True,True,0.9253090972900391,0.9253090972900391
Thailand,XGBoost,2019-05-01,1.688,1.1011009216308594,True,True,0.5868990783691406,0.5868990783691406
Thailand,XGBoost,2019-06-01,1.607,0.8498773574829102,True,True,0.7571226425170898,0.7571226425170898
Thailand,XGBoost,2019-07-01,1.358,0.6805725693702698,True,True,0.6774274306297303,0.6774274306297303
Thailand,XGBoost,2019-08-01,0.777,0.5977615118026733,True,True,0.17923848819732668,0.17923848819732668
Thailand,XGBoost,2019-09-01,0.83,0.6990092992782593,True,True,0.13099070072174068,0.13099070072174068
Thailand,XGBoost,2019-10-01,1.634,0.9892035722732544,True,True,0.6447964277267455,0.6447964277267455
Thailand,XGBoost,2019-11-01,1.725,1.338627576828003,True,True,0.38637242317199716,0.38637242317199716
Thailand,XGBoost,2019-12-01,1.251,1.1402461528778076,True,True,0.11075384712219227,0.11075384712219227
Thailand,XGBoost,2020-01-01,2.775,1.2860246896743774,True,True,1.4889753103256225,1.4889753103256225
Thailand,XGBoost,2020-02-01,1.584,1.324723720550537,True,True,0.25927627944946297,0.25927627944946297
Thailand,XGBoost,2020-03-01,1.918,0.47870296239852905,True,True,1.4392970376014709,1.4392970376014709
Thailand,XGBoost,2020-04-01,1.108,-0.031191015616059303,True,True,1.1391910156160594,1.1391910156160594
Thailand,XGBoost,2020-05-01,2.205,0.10623617470264435,True,True,2.0987638252973557,2.0987638252973557
Thailand,XGBoost,2020-06-01,1.298,0.5272053480148315,True,True,0.7707946519851685,0.7707946519851685
Thailand,XGBoost,2020-07-01,1.583,0.6619571447372437,True,True,0.9210428552627563,0.9210428552627563
Thailand,XGBoost,2020-08-01,1.009,0.6339362859725952,True,True,0.3750637140274047,0.3750637140274047
Thailand,XGBoost,2020-09-01,1.285,0.7193000316619873,True,True,0.5656999683380126,0.5656999683380126
Thailand,XGBoost,2020-10-01,0.077,1.0980262756347656,True,True,-1.0210262756347657,1.0210262756347657
Thailand,XGBoost,2020-11-01,1.611,1.502843976020813,True,True,0.108156023979187,0.108156023979187
Thailand,XGBoost,2020-12-01,1.243,1.2634050846099854,True,True,-0.020405084609985247,0.020405084609985247
Thailand,XGBoost,2021-01-01,0.435,1.5361722707748413,True,True,-1.1011722707748413,1.1011722707748413
Thailand,XGBoost,2021-02-01,0.913,1.9032762050628662,True,True,-0.9902762050628662,0.9902762050628662
Thailand,XGBoost,2021-03-01,1.604,1.2640085220336914,True,True,0.3399914779663087,0.3399914779663087
Thailand,XGBoost,2021-04-01,-0.104,1.1250460147857666,True,True,-1.2290460147857667,1.2290460147857667
Thailand,XGBoost,2021-05-01,1.196,1.1719590425491333,True,True,0.02404095745086665,0.02404095745086665
Thailand,XGBoost,2021-06-01,1.226,0.6479909420013428,True,True,0.5780090579986572,0.5780090579986572
Thailand,XGBoost,2021-07-01,1.041,0.6366473436355591,True,True,0.40435265636444084,0.40435265636444084
Thailand,XGBoost,2021-08-01,1.36,0.6368627548217773,True,True,0.7231372451782228,0.7231372451782228
Thailand,XGBoost,2021-09-01,0.685,0.7245054244995117,True,True,-0.039505424499511665,0.039505424499511665
Thailand,XGBoost,2021-10-01,0.931,0.9572424292564392,True,True,-0.02624242925643916,0.02624242925643916
Thailand,XGBoost,2021-11-01,1.617,1.292867660522461,True,True,0.32413233947753906,0.32413233947753906
Thailand,XGBoost,2021-12-01,0.977,1.0930612087249756,True,True,-0.1160612087249756,0.1160612087249756
Thailand,XGBoost,2022-01-01,2.104,1.3534635305404663,True,True,0.7505364694595338,0.7505364694595338
Thailand,XGBoost,2022-02-01,0.669,1.2604773044586182,True,True,-0.5914773044586181,0.5914773044586181
Thailand,XGBoost,2022-03-01,1.34,0.5958001613616943,True,True,0.7441998386383057,0.7441998386383057
Thailand,XGBoost,2022-04-01,-0.051,0.2495536506175995,True,True,-0.3005536506175995,0.3005536506175995
Thailand,XGBoost,2022-05-01,-0.278,0.050416819751262665,True,True,-0.3284168197512627,0.3284168197512627
Thailand,XGBoost,2022-06-01,1.267,0.5355867743492126,True,True,0.7314132256507873,0.7314132256507873
Thailand,XGBoost,2022-07-01,1.184,0.56224524974823,True,True,0.62175475025177,0.62175475025177
Thailand,XGBoost,2022-08-01,0.948,0.6381766200065613,True,True,0.3098233799934387,0.3098233799934387
Thailand,XGBoost,2022-09-01,0.765,0.6799637079238892,True,True,0.08503629207611085,0.08503629207611085
Thailand,XGBoost,2022-10-01,0.426,1.0473978519439697,True,True,-0.6213978519439698,0.6213978519439698
Thailand,XGBoost,2022-11-01,1.889,1.3148090839385986,True,True,0.5741909160614014,0.5741909160614014
Thailand,XGBoost,2022-12-01,1.158,1.242885708808899,True,True,-0.08488570880889901,0.08488570880889901
Thailand,XGBoost,2023-01-01,0.668,1.684688925743103,True,True,-1.0166889257431029,1.0166889257431029
Thailand,XGBoost,2023-02-01,1.247,1.726759672164917,True,True,-0.4797596721649169,0.4797596721649169
Thailand,XGBoost,2023-03-01,0.908,1.321380376815796,True,True,-0.41338037681579587,0.41338037681579587
Thailand,XGBoost,2023-04-01,2.094,1.199021339416504,True,True,0.894978660583496,0.894978660583496
Thailand,XGBoost,2023-05-01,2.051,0.889131486415863,True,True,1.1618685135841371,1.1618685135841371
Thailand,XGBoost,2023-06-01,1.587,0.6882312893867493,True,True,0.8987687106132507,0.8987687106132507
Thailand,XGBoost,2023-07-01,1.668,0.6524755358695984,True,True,1.0155244641304015,1.0155244641304015
Thailand,XGBoost,2023-08-01,1.555,0.5717117190361023,True,True,0.9832882809638976,0.9832882809638976
Thailand,XGBoost,2023-09-01,1.034,0.7038705945014954,True,True,0.33012940549850467,0.33012940549850467
Thailand,XGBoost,2023-10-01,1.5,0.9042136073112488,True,True,0.5957863926887512,0.5957863926887512
Thailand,XGBoost,2023-11-01,1.898,1.3676780462265015,True,True,0.5303219537734984,0.5303219537734984
Thailand,XGBoost,2023-12-01,2.701,1.2586333751678467,True,True,1.4423666248321534,1.4423666248321534
Thailand,Prophet,2014-01-01,-0.545,1.0289594489222866,True,True,-1.5739594489222868,1.5739594489222868
Thailand,Prophet,2014-02-01,0.575,1.0310160395592012,True,True,-0.4560160395592012,0.4560160395592012
Thailand,Prophet,2014-03-01,1.177,0.8205281134358233,True,True,0.3564718865641767,0.3564718865641767
Thailand,Prophet,2014-04-01,0.763,0.7722292577017614,True,True,-0.009229257701761417,0.009229257701761417
Thailand,Prophet,2014-05-01,1.255,0.6374597891401483,True,True,0.6175402108598516,0.6175402108598516
Thailand,Prophet,2014-06-01,1.063,0.7737928532517242,True,True,0.28920714674827575,0.28920714674827575
Thailand,Prophet,2014-07-01,0.789,0.7718741424164953,True,True,0.01712585758350471,0.01712585758350471
Thailand,Prophet,2014-08-01,0.615,0.7879942223108867,True,True,-0.17299422231088668,0.17299422231088668
Thailand,Prophet,2014-09-01,0.8,0.7535464129548173,True,True,0.046453587045182765,0.046453587045182765
Thailand,Prophet,2014-10-01,0.857,0.773550736061139,True,True,0.08344926393886098,0.08344926393886098
Thailand,Prophet,2014-11-01,1.833,0.89031933106128,True,True,0.9426806689387199,0.9426806689387199
Thailand,Prophet,2014-12-01,1.229,0.8066789069920706,True,True,0.4223210930079295,0.4223210930079295
Thailand,Prophet,2015-01-01,0.305,1.0500830106905052,True,True,-0.7450830106905053,0.7450830106905053
Thailand,Prophet,2015-02-01,0.691,1.0425724978083863,True,True,-0.3515724978083864,0.3515724978083864
Thailand,Prophet,2015-03-01,1.263,0.8430185479627733,True,True,0.4199814520372266,0.4199814520372266
Thailand,Prophet,2015-04-01,0.544,0.7934004061071465,True,True,-0.24940040610714642,0.24940040610714642
Thailand,Prophet,2015-05-01,1.647,0.6575372862122405,True,True,0.9894627137877595,0.9894627137877595
Thailand,Prophet,2015-06-01,1.65,0.7932039259580358,True,True,0.8567960740419641,0.8567960740419641
Thailand,Prophet,2015-07-01,1.13,0.7892483770441182,True,True,0.3407516229558817,0.3407516229558817
Thailand,Prophet,2015-08-01,1.173,0.8035609141015453,True,True,0.36943908589845476,0.36943908589845476
Thailand,Prophet,2015-09-01,1.131,0.7718039242803174,True,True,0.3591960757196826,0.3591960757196826
Thailand,Prophet,2015-10-01,1.053,0.7923829467413974,True,True,0.2606170532586025,0.2606170532586025
Thailand,Prophet,2015-11-01,2.611,0.9119876730762518,True,True,1.6990123269237483,1.6990123269237483
Thailand,Prophet,2015-12-01,2.491,0.8244453747340723,True,True,1.6665546252659278,1.6665546252659278
Thailand,Prophet,2016-01-01,1.72,1.071045258948073,True,True,0.648954741051927,0.648954741051927
Thailand,Prophet,2016-02-01,0.097,1.0540684749809615,True,True,-0.9570684749809615,0.9570684749809615
Thailand,Prophet,2016-03-01,1.597,0.8507895794558845,True,True,0.7462104205441155,0.7462104205441155
Thailand,Prophet,2016-04-01,2.757,0.8046652744409658,True,True,1.9523347255590342,1.9523347255590342
Thailand,Prophet,2016-05-01,1.983,0.6721172704287535,True,True,1.3108827295712466,1.3108827295712466
Thailand,Prophet,2016-06-01,0.875,0.8094609906565277,True,True,0.06553900934347234,0.06553900934347234
Thailand,Prophet,2016-07-01,0.726,0.8116636690141605,True,True,-0.08566366901416056,0.08566366901416056
Thailand,Prophet,2016-08-01,1.149,0.8316139509578478,True,True,0.3173860490421522,0.3173860490421522
Thailand,Prophet,2016-09-01,0.859,0.7920302989142335,True,True,0.0669697010857665,0.0669697010857665
Thailand,Prophet,2016-10-01,1.415,0.8109002310640491,True,True,0.604099768935951,0.604099768935951
Thailand,Prophet,2016-11-01,1.872,0.921641465053641,True,True,0.9503585349463591,0.9503585349463591
Thailand,Prophet,2016-12-01,1.709,0.845932466422905,True,True,0.8630675335770951,0.8630675335770951
Thailand,Prophet,2017-01-01,1.944,1.0824302596714985,True,True,0.8615697403285014,0.8615697403285014
Thailand,Prophet,2017-02-01,0.786,1.09414400674389,True,True,-0.30814400674388986,0.30814400674388986
Thailand,Prophet,2017-03-01,1.0,0.8729537688266369,True,True,0.1270462311733631,0.1270462311733631
Thailand,Prophet,2017-04-01,0.438,0.8258190199143406,True,True,-0.3878190199143406,0.3878190199143406
Thailand,Prophet,2017-05-01,0.48,0.6921546754820945,True,True,-0.21215467548209455,0.21215467548209455
Thailand,Prophet,2017-06-01,0.854,0.8290470225650424,True,True,0.024952977434957613,0.024952977434957613
Thailand,Prophet,2017-07-01,0.23,0.8291824664807577,True,True,-0.5991824664807577,0.5991824664807577
Thailand,Prophet,2017-08-01,1.092,0.8471825556665064,True,True,0.24481744433349373,0.24481744433349373
Thailand,Prophet,2017-09-01,1.297,0.8101249329819562,True,True,0.48687506701804373,0.48687506701804373
Thailand,Prophet,2017-10-01,1.161,0.8295584007809376,True,True,0.33144159921906247,0.33144159921906247
Thailand,Prophet,2017-11-01,1.543,0.9433717667555686,True,True,0.5996282332444314,0.5996282332444314
Thailand,Prophet,2017-12-01,0.931,0.8636766127100931,True,True,0.06732338728990694,0.06732338728990694
Thailand,Prophet,2018-01-01,1.758,1.1037131838117376,True,True,0.6542868161882625,0.6542868161882625
Thailand,Prophet,2018-02-01,0.403,1.1057697744486885,True,True,-0.7027697744486885,0.7027697744486885
Thailand,Prophet,2018-03-01,0.659,0.8952818483252943,True,True,-0.2362818483252943,0.2362818483252943
Thailand,Prophet,2018-04-01,-0.2,0.8469829925912165,True,True,-1.0469829925912164,1.0469829925912164
Thailand,Prophet,2018-05-01,0.227,0.7122135240296161,True,True,-0.48521352402961615,0.48521352402961615
Thailand,Prophet,2018-06-01,0.598,0.8485465881411942,True,True,-0.25054658814119424,0.25054658814119424
Thailand,Prophet,2018-07-01,0.489,0.8466278773059517,True,True,-0.3576278773059517,0.3576278773059517
Thailand,Prophet,2018-08-01,0.497,0.8627479572003401,True,True,-0.36574795720034015,0.36574795720034015
Thailand,Prophet,2018-09-01,1.007,0.8283001478442584,True,True,0.17869985215574147,0.17869985215574147
Thailand,Prophet,2018-10-01,1.383,0.848304470950606,True,True,0.534695529049394,0.534695529049394
Thailand,Prophet,2018-11-01,2.004,0.9650730659507436,True,True,1.0389269340492564,1.0389269340492564
Thailand,Prophet,2018-12-01,2.728,0.8814326418815147,True,True,1.8465673581184854,1.8465673581184854
Thailand,Prophet,2019-01-01,2.153,1.1248367455799453,True,True,1.0281632544200547,1.0281632544200547
Thailand,Prophet,2019-02-01,2.315,1.1173262326978568,True,True,1.1976737673021431,1.1976737673021431
Thailand,Prophet,2019-03-01,1.61,0.91777228285218,True,True,0.69222771714782,0.69222771714782
Thailand,Prophet,2019-04-01,2.137,0.8681541409965978,True,True,1.2688458590034022,1.2688458590034022
Thailand,Prophet,2019-05-01,1.688,0.7322910211017045,True,True,0.9557089788982954,0.9557089788982954
Thailand,Prophet,2019-06-01,1.607,0.8679576608474988,True,True,0.7390423391525012,0.7390423391525012
Thailand,Prophet,2019-07-01,1.358,0.864002111933566,True,True,0.4939978880664341,0.4939978880664341
Thailand,Prophet,2019-08-01,0.777,0.8783146489909714,True,True,-0.10131464899097142,0.10131464899097142
Thailand,Prophet,2019-09-01,0.83,0.8465576591697761,True,True,-0.01655765916977614,0.01655765916977614
Thailand,Prophet,2019-10-01,1.634,0.8671366816308503,True,True,0.7668633183691496,0.7668633183691496
Thailand,Prophet,2019-11-01,1.725,0.9867414079657522,True,True,0.7382585920342479,0.7382585920342479
Thailand,Prophet,2019-12-01,1.251,0.8991991096235259,True,True,0.351800890376474,0.351800890376474
Thailand,Prophet,2020-01-01,2.775,1.145798993837539,True,True,1.6292010061624609,1.6292010061624609
Thailand,Prophet,2020-02-01,1.584,1.1288222098704075,True,True,0.4551777901295926,0.4551777901295926
Thailand,Prophet,2020-03-01,1.918,0.9255433143453615,True,True,0.9924566856546384,0.9924566856546384
Thailand,Prophet,2020-04-01,1.108,0.8794190093304407,True,True,0.2285809906695594,0.2285809906695594
Thailand,Prophet,2020-05-01,2.205,0.7468710053182206,True,True,1.4581289946817795,1.4581289946817795
Thailand,Prophet,2020-06-01,1.298,0.8842147255459852,True,True,0.4137852744540148,0.4137852744540148
Thailand,Prophet,2020-07-01,1.583,0.8864174039036253,True,True,0.6965825960963746,0.6965825960963746
Thailand,Prophet,2020-08-01,1.009,0.906367685847372,True,True,0.10263231415262786,0.10263231415262786
Thailand,Prophet,2020-09-01,1.285,0.8667840338037016,True,True,0.4182159661962983,0.4182159661962983
Thailand,Prophet,2020-10-01,0.077,0.8856539659535265,True,True,-0.8086539659535266,0.8086539659535266
Thailand,Prophet,2020-11-01,1.611,0.996395199943111,True,True,0.614604800056889,0.614604800056889
Thailand,Prophet,2020-12-01,1.243,0.9206862013123471,True,True,0.322313798687653,0.322313798687653
Thailand,Prophet,2021-01-01,0.435,1.1571839945609568,True,True,-0.7221839945609567,0.7221839945609567
Thailand,Prophet,2021-02-01,0.913,1.1688977416333022,True,True,-0.25589774163330214,0.25589774163330214
Thailand,Prophet,2021-03-01,1.604,0.9477075037160753,True,True,0.6562924962839248,0.6562924962839248
Thailand,Prophet,2021-04-01,-0.104,0.9005727548037682,True,True,-1.0045727548037682,1.0045727548037682
Thailand,Prophet,2021-05-01,1.196,0.7669084103715414,True,True,0.4290915896284585,0.4290915896284585
Thailand,Prophet,2021-06-01,1.226,0.9038007574545097,True,True,0.32219924254549026,0.32219924254549026
Thailand,Prophet,2021-07-01,1.041,0.9039362013702128,True,True,0.13706379862978713,0.13706379862978713
Thailand,Prophet,2021-08-01,1.36,0.9219362905559385,True,True,0.4380637094440616,0.4380637094440616
Thailand,Prophet,2021-09-01,0.685,0.8848786678713967,True,True,-0.19987866787139663,0.19987866787139663
Thailand,Prophet,2021-10-01,0.931,0.9043121356703879,True,True,0.02668786432961212,0.02668786432961212
Thailand,Prophet,2021-11-01,1.617,1.0181255016450375,True,True,0.5988744983549625,0.5988744983549625
Thailand,Prophet,2021-12-01,0.977,0.938430347599563,True,True,0.03856965240043697,0.03856965240043697
Thailand,Prophet,2022-01-01,2.104,1.1784669187012113,True,True,0.9255330812987888,0.9255330812987888
Thailand,Prophet,2022-02-01,0.669,1.1805235093381239,True,True,-0.5115235093381238,0.5115235093381238
Thailand,Prophet,2022-03-01,1.34,0.9700355832147372,True,True,0.36996441678526293,0.36996441678526293
Thailand,Prophet,2022-04-01,-0.051,0.9217367274806402,True,True,-0.9727367274806402,0.9727367274806402
Thailand,Prophet,2022-05-01,-0.278,0.7869672589190637,True,True,-1.0649672589190637,1.0649672589190637
Thailand,Prophet,2022-06-01,1.267,0.9233003230306538,True,True,0.3436996769693461,0.3436996769693461
Thailand,Prophet,2022-07-01,1.184,0.9213816121954059,True,True,0.262618387804594,0.262618387804594
Thailand,Prophet,2022-08-01,0.948,0.9375016920898246,True,True,0.010498307910175364,0.010498307910175364
Thailand,Prophet,2022-09-01,0.765,0.903053882733735,True,True,-0.13805388273373498,0.13805388273373498
Thailand,Prophet,2022-10-01,0.426,0.9230582058400567,True,True,-0.4970582058400567,0.4970582058400567
Thailand,Prophet,2022-11-01,1.889,1.0398268008401907,True,True,0.8491731991598093,0.8491731991598093
Thailand,Prophet,2022-12-01,1.158,0.956186376770987,True,True,0.20181362322901297,0.20181362322901297
Thailand,Prophet,2023-01-01,0.668,1.199590480469449,True,True,-0.531590480469449,0.531590480469449
Thailand,Prophet,2023-02-01,1.247,1.192079967587279,True,True,0.05492003241272103,0.05492003241272103
Thailand,Prophet,2023-03-01,0.908,0.9925260177416614,True,True,-0.08452601774166135,0.08452601774166135
Thailand,Prophet,2023-04-01,2.094,0.9429078758860671,True,True,1.1510921241139327,1.1510921241139327
Thailand,Prophet,2023-05-01,2.051,0.8070447559911541,True,True,1.2439552440088462,1.2439552440088462
Thailand,Prophet,2023-06-01,1.587,0.9427113957369584,True,True,0.6442886042630416,0.6442886042630416
Thailand,Prophet,2023-07-01,1.668,0.9387558468230374,True,True,0.7292441531769626,0.7292441531769626
Thailand,Prophet,2023-08-01,1.555,0.9530683838804648,True,True,0.6019316161195352,0.6019316161195352
Thailand,Prophet,2023-09-01,1.034,0.921311394059236,True,True,0.11268860594076402,0.11268860594076402
Thailand,Prophet,2023-10-01,1.5,0.9418904165202987,True,True,0.5581095834797013,0.5581095834797013
Thailand,Prophet,2023-11-01,1.898,1.0614951428551715,True,True,0.8365048571448284,0.8365048571448284
Thailand,Prophet,2023-12-01,2.701,0.9739528445129912,True,True,1.7270471554870088,1.7270471554870088
Viet Nam,Holt-Winters,2014-01-01,-0.274,0.14705313282720864,True,True,-0.4210531328272087,0.4210531328272087
Viet Nam,Holt-Winters,2014-02-01,-0.192,0.27637812516486415,True,True,-0.46837812516486416,0.46837812516486416
Viet Nam,Holt-Winters,2014-03-01,0.357,3.268092301508818e-05,True,True,0.35696731907698487,0.35696731907698487
Viet Nam,Holt-Winters,2014-04-01,1.151,0.13864296196595569,True,True,1.0123570380340443,1.0123570380340443
Viet Nam,Holt-Winters,2014-05-01,1.333,0.003191359501678176,True,True,1.3298086404983218,1.3298086404983218
Viet Nam,Holt-Winters,2014-06-01,1.09,0.21175266110152097,True,True,0.8782473388984791,0.8782473388984791
Viet Nam,Holt-Winters,2014-07-01,0.43,0.08135500560373399,True,True,0.348644994396266,0.348644994396266
Viet Nam,Holt-Winters,2014-08-01,0.591,0.1462901825699696,True,True,0.44470981743003035,0.44470981743003035
Viet Nam,Holt-Winters,2014-09-01,1.072,0.12789845526278926,True,True,0.9441015447372108,0.9441015447372108
Viet Nam,Holt-Winters,2014-10-01,0.857,0.15760605164423042,True,True,0.6993939483557696,0.6993939483557696
Viet Nam,Holt-Winters,2014-11-01,1.61,0.2418183841048715,True,True,1.3681816158951285,1.3681816158951285
Viet Nam,Holt-Winters,2014-12-01,-0.176,-0.02071795631911219,True,True,-0.1552820436808878,0.1552820436808878
Viet Nam,Holt-Winters,2015-01-01,0.357,0.14705313282720864,True,True,0.20994686717279135,0.20994686717279135
Viet Nam,Holt-Winters,2015-02-01,0.939,0.27637812516486415,True,True,0.6626218748351358,0.6626218748351358
Viet Nam,Holt-Winters,2015-03-01,1.402,3.268092301508818e-05,True,True,1.4019673190769848,1.4019673190769848
Viet Nam,Holt-Winters,2015-04-01,0.834,0.13864296196595569,True,True,0.6953570380340443,0.6953570380340443
Viet Nam,Holt-Winters,2015-05-01,2.174,0.003191359501678176,True,True,2.1708086404983216,2.1708086404983216
Viet Nam,Holt-Winters,2015-06-01,1.526,0.21175266110152097,True,True,1.314247338898479,1.314247338898479
Viet Nam,Holt-Winters,2015-07-01,0.626,0.08135500560373399,True,True,0.544644994396266,0.544644994396266
Viet Nam,Holt-Winters,2015-08-01,1.127,0.1462901825699696,True,True,0.9807098174300304,0.9807098174300304
Viet Nam,Holt-Winters,2015-09-01,1.312,0.12789845526278926,True,True,1.1841015447372107,1.1841015447372107
Viet Nam,Holt-Winters,2015-10-01,1.359,0.15760605164423042,True,True,1.2013939483557696,1.2013939483557696
Viet Nam,Holt-Winters,2015-11-01,2.687,0.2418183841048715,True,True,2.4451816158951285,2.4451816158951285
Viet Nam,Holt-Winters,2015-12-01,1.33,-0.02071795631911219,True,True,1.3507179563191123,1.3507179563191123
Viet Nam,Holt-Winters,2016-01-01,1.468,0.14705313282720864,True,True,1.3209468671727913,1.3209468671727913
Viet Nam,Holt-Winters,2016-02-01,-0.633,0.27637812516486415,True,True,-0.9093781251648642,0.9093781251648642
Viet Nam,Holt-Winters,2016-03-01,0.14,3.268092301508818e-05,True,True,0.13996731907698493,0.13996731907698493
Viet Nam,Holt-Winters,2016-04-01,1.693,0.13864296196595569,True,True,1.5543570380340443,1.5543570380340443
Viet Nam,Holt-Winters,2016-05-01,1.11,0.003191359501678176,True,True,1.106808640498322,1.106808640498322
Viet Nam,Holt-Winters,2016-06-01,1.372,0.21175266110152097,True,True,1.160247338898479,1.160247338898479
Viet Nam,Holt-Winters,2016-07-01,1.045,0.08135500560373399,True,True,0.9636449943962659,0.9636449943962659
Viet Nam,Holt-Winters,2016-08-01,1.359,0.1462901825699696,True,True,1.2127098174300304,1.2127098174300304
Viet Nam,Holt-Winters,2016-09-01,1.216,0.12789845526278926,True,True,1.0881015447372107,1.0881015447372107
Viet Nam,Holt-Winters,2016-10-01,1.84,0.15760605164423042,True,True,1.6823939483557697,1.6823939483557697
Viet Nam,Holt-Winters,2016-11-01,1.724,0.2418183841048715,True,True,1.4821816158951284,1.4821816158951284
Viet Nam,Holt-Winters,2016-12-01,1.741,-0.02071795631911219,True,True,1.7617179563191123,1.7617179563191123
Viet Nam,Holt-Winters,2017-01-01,2.389,0.14705313282720864,True,True,2.2419468671727913,2.2419468671727913
Viet Nam,Holt-Winters,2017-02-01,1.23,0.27637812516486415,True,True,0.9536218748351358,0.9536218748351358
Viet Nam,Holt-Winters,2017-03-01,0.764,3.268092301508818e-05,True,True,0.7639673190769849,0.7639673190769849
Viet Nam,Holt-Winters,2017-04-01,0.652,0.13864296196595569,True,True,0.5133570380340443,0.5133570380340443
Viet Nam,Holt-Winters,2017-05-01,0.299,0.003191359501678176,True,True,0.2958086404983218,0.2958086404983218
Viet Nam,Holt-Winters,2017-06-01,1.297,0.21175266110152097,True,True,1.085247338898479,1.085247338898479
Viet Nam,Holt-Winters,2017-07-01,0.291,0.08135500560373399,True,True,0.209644994396266,0.209644994396266
Viet Nam,Holt-Winters,2017-08-01,0.941,0.1462901825699696,True,True,0.7947098174300303,0.7947098174300303
Viet Nam,Holt-Winters,2017-09-01,1.773,0.12789845526278926,True,True,1.6451015447372106,1.6451015447372106
Viet Nam,Holt-Winters,2017-10-01,0.858,0.15760605164423042,True,True,0.7003939483557695,0.7003939483557695
Viet Nam,Holt-Winters,2017-11-01,0.998,0.2418183841048715,True,True,0.7561816158951284,0.7561816158951284
Viet Nam,Holt-Winters,2017-12-01,0.118,-0.02071795631911219,True,True,0.13871795631911218,0.13871795631911218
Viet Nam,Holt-Winters,2018-01-01,0.938,0.14705313282720864,True,True,0.7909468671727913,0.7909468671727913
Viet Nam,Holt-Winters,2018-02-01,-0.414,0.27637812516486415,True,True,-0.6903781251648642,0.6903781251648642
Viet Nam,Holt-Winters,2018-03-01,1.023,3.268092301508818e-05,True,True,1.0229673190769848,1.0229673190769848
Viet Nam,Holt-Winters,2018-04-01,0.205,0.13864296196595569,True,True,0.0663570380340443,0.0663570380340443
Viet Nam,Holt-Winters,2018-05-01,1.028,0.003191359501678176,True,True,1.0248086404983219,1.0248086404983219
Viet Nam,Holt-Winters,2018-06-01,0.876,0.21175266110152097,True,True,0.6642473388984791,0.6642473388984791
Viet Nam,Holt-Winters,2018-07-01,0.646,0.08135500560373399,True,True,0.564644994396266,0.564644994396266
Viet Nam,Holt-Winters,2018-08-01,0.825,0.1462901825699696,True,True,0.6787098174300303,0.6787098174300303
Viet Nam,Holt-Winters,2018-09-01,1.078,0.12789845526278926,True,True,0.9501015447372108,0.9501015447372108
Viet Nam,Holt-Winters,2018-10-01,1.08,0.15760605164423042,True,True,0.9223939483557697,0.9223939483557697
Viet Nam,Holt-Winters,2018-11-01,1.955,0.2418183841048715,True,True,1.7131816158951285,1.7131816158951285
Viet Nam,Holt-Winters,2018-12-01,1.478,-0.02071795631911219,True,True,1.4987179563191122,1.4987179563191122
Viet Nam,Holt-Winters,2019-01-01,1.582,0.14705313282720864,True,True,1.4349468671727914,1.4349468671727914
Viet Nam,Holt-Winters,2019-02-01,3.195,0.27637812516486415,True,True,2.918621874835136,2.918621874835136
Viet Nam,Holt-Winters,2019-03-01,1.826,3.268092301508818e-05,True,True,1.825967319076985,1.825967319076985
Viet Nam,Holt-Winters,2019-04-01,2.537,0.13864296196595569,True,True,2.398357038034044,2.398357038034044
Viet Nam,Holt-Winters,2019-05-01,1.329,0.003191359501678176,True,True,1.3258086404983218,1.3258086404983218
Viet Nam,Holt-Winters,2019-06-01,2.145,0.21175266110152097,True,True,1.933247338898479,1.933247338898479
Viet Nam,Holt-Winters,2019-07-01,1.437,0.08135500560373399,True,True,1.355644994396266,1.355644994396266
Viet Nam,Holt-Winters,2019-08-01,1.37,0.1462901825699696,True,True,1.2237098174300305,1.2237098174300305
Viet Nam,Holt-Winters,2019-09-01,0.935,0.12789845526278926,True,True,0.8071015447372107,0.8071015447372107
Viet Nam,Holt-Winters,2019-10-01,1.454,0.15760605164423042,True,True,1.2963939483557696,1.2963939483557696
Viet Nam,Holt-Winters,2019-11-01,1.519,0.2418183841048715,True,True,1.2771816158951284,1.2771816158951284
Viet Nam,Holt-Winters,2019-12-01,1.082,-0.02071795631911219,True,True,1.1027179563191123,1.1027179563191123
Viet Nam,Holt-Winters,2020-01-01,2.704,0.14705313282720864,True,True,2.5569468671727917,2.5569468671727917
Viet Nam,Holt-Winters,2020-02-01,1.837,0.27637812516486415,True,True,1.5606218748351357,1.5606218748351357
Viet Nam,Holt-Winters,2020-03-01,2.205,3.268092301508818e-05,True,True,2.204967319076985,2.204967319076985
Viet Nam,Holt-Winters,2020-04-01,-0.29,0.13864296196595569,True,True,-0.42864296196595564,0.42864296196595564
Viet Nam,Holt-Winters,2020-05-01,1.824,0.003191359501678176,True,True,1.820808640498322,1.820808640498322
Viet Nam,Holt-Winters,2020-06-01,1.851,0.21175266110152097,True,True,1.639247338898479,1.639247338898479
Viet Nam,Holt-Winters,2020-07-01,1.49,0.08135500560373399,True,True,1.408644994396266,1.408644994396266
Viet Nam,Holt-Winters,2020-08-01,1.159,0.1462901825699696,True,True,1.0127098174300304,1.0127098174300304
Viet Nam,Holt-Winters,2020-09-01,1.647,0.12789845526278926,True,True,1.5191015447372107,1.5191015447372107
Viet Nam,Holt-Winters,2020-10-01,0.024,0.15760605164423042,True,True,-0.13360605164423042,0.13360605164423042
Viet Nam,Holt-Winters,2020-11-01,1.486,0.2418183841048715,True,True,1.2441816158951284,1.2441816158951284
Viet Nam,Holt-Winters,2020-12-01,0.401,-0.02071795631911219,True,True,0.42171795631911224,0.42171795631911224
Viet Nam,Holt-Winters,2021-01-01,-0.192,0.14705313282720864,True,True,-0.3390531328272086,0.3390531328272086
Viet Nam,Holt-Winters,2021-02-01,1.389,0.27637812516486415,True,True,1.1126218748351357,1.1126218748351357
Viet Nam,Holt-Winters,2021-03-01,1.804,3.268092301508818e-05,True,True,1.803967319076985,1.803967319076985
Viet Nam,Holt-Winters,2021-04-01,1.098,0.13864296196595569,True,True,0.9593570380340444,0.9593570380340444
Viet Nam,Holt-Winters,2021-05-01,1.377,0.003191359501678176,True,True,1.3738086404983219,1.3738086404983219
Viet Nam,Holt-Winters,2021-06-01,1.251,0.21175266110152097,True,True,1.0392473388984789,1.0392473388984789
Viet Nam,Holt-Winters,2021-07-01,1.069,0.08135500560373399,True,True,0.987644994396266,0.987644994396266
Viet Nam,Holt-Winters,2021-08-01,1.689,0.1462901825699696,True,True,1.5427098174300304,1.5427098174300304
Viet Nam,Holt-Winters,2021-09-01,0.984,0.12789845526278926,True,True,0.8561015447372107,0.8561015447372107
Viet Nam,Holt-Winters,2021-10-01,0.48,0.15760605164423042,True,True,0.32239394835576957,0.32239394835576957
Viet Nam,Holt-Winters,2021-11-01,0.954,0.2418183841048715,True,True,0.7121816158951284,0.7121816158951284
Viet Nam,Holt-Winters,2021-12-01,0.533,-0.02071795631911219,True,True,0.5537179563191122,0.5537179563191122
Viet Nam,Holt-Winters,2022-01-01,2.002,0.14705313282720864,True,True,1.8549468671727911,1.8549468671727911
Viet Nam,Holt-Winters,2022-02-01,-0.387,0.27637812516486415,True,True,-0.6633781251648642,0.6633781251648642
Viet Nam,Holt-Winters,2022-03-01,1.867,3.268092301508818e-05,True,True,1.8669673190769849,1.8669673190769849
Viet Nam,Holt-Winters,2022-04-01,-0.083,0.13864296196595569,True,True,-0.22164296196595568,0.22164296196595568
Viet Nam,Holt-Winters,2022-05-01,0.385,0.003191359501678176,True,True,0.38180864049832186,0.38180864049832186
Viet Nam,Holt-Winters,2022-06-01,1.193,0.21175266110152097,True,True,0.981247338898479,0.981247338898479
Viet Nam,Holt-Winters,2022-07-01,0.903,0.08135500560373399,True,True,0.821644994396266,0.821644994396266
Viet Nam,Holt-Winters,2022-08-01,0.894,0.1462901825699696,True,True,0.7477098174300304,0.7477098174300304
Viet Nam,Holt-Winters,2022-09-01,0.961,0.12789845526278926,True,True,0.8331015447372108,0.8331015447372108
Viet Nam,Holt-Winters,2022-10-01,0.513,0.15760605164423042,True,True,0.3553939483557696,0.3553939483557696
Viet Nam,Holt-Winters,2022-11-01,2.56,0.2418183841048715,True,True,2.3181816158951287,2.3181816158951287
Viet Nam,Holt-Winters,2022-12-01,-0.042,-0.02071795631911219,True,True,-0.021282043680887812,0.021282043680887812
Viet Nam,Holt-Winters,2023-01-01,0.622,0.14705313282720864,True,True,0.47494686717279133,0.47494686717279133
Viet Nam,Holt-Winters,2023-02-01,1.888,0.27637812516486415,True,True,1.6116218748351359,1.6116218748351359
Viet Nam,Holt-Winters,2023-03-01,1.014,3.268092301508818e-05,True,True,1.013967319076985,1.013967319076985
Viet Nam,Holt-Winters,2023-04-01,1.746,0.13864296196595569,True,True,1.6073570380340443,1.6073570380340443
Viet Nam,Holt-Winters,2023-05-01,1.542,0.003191359501678176,True,True,1.538808640498322,1.538808640498322
Viet Nam,Holt-Winters,2023-06-01,1.409,0.21175266110152097,True,True,1.197247338898479,1.197247338898479
Viet Nam,Holt-Winters,2023-07-01,1.415,0.08135500560373399,True,True,1.333644994396266,1.333644994396266
Viet Nam,Holt-Winters,2023-08-01,1.521,0.1462901825699696,True,True,1.3747098174300303,1.3747098174300303
Viet Nam,Holt-Winters,2023-09-01,1.365,0.12789845526278926,True,True,1.2371015447372107,1.2371015447372107
Viet Nam,Holt-Winters,2023-10-01,1.609,0.15760605164423042,True,True,1.4513939483557696,1.4513939483557696
Viet Nam,Holt-Winters,2023-11-01,1.909,0.2418183841048715,True,True,1.6671816158951285,1.6671816158951285
Viet Nam,Holt-Winters,2023-12-01,1.821,-0.02071795631911219,True,True,1.8417179563191122,1.8417179563191122
Viet Nam,SARIMA,2014-01-01,-0.274,-0.1227940739391481,True,True,-0.15120592606085193,0.15120592606085193
Viet Nam,SARIMA,2014-02-01,-0.192,0.9393959179057798,True,True,-1.1313959179057798,1.1313959179057798
Viet Nam,SARIMA,2014-03-01,0.357,0.2855413905874986,True,True,0.07145860941250137,0.07145860941250137
Viet Nam,SARIMA,2014-04-01,1.151,0.5854305267245581,True,True,0.5655694732754419,0.5655694732754419
Viet Nam,SARIMA,2014-05-01,1.333,0.3564775995253252,True,True,0.9765224004746748,0.9765224004746748
Viet Nam,SARIMA,2014-06-01,1.09,0.7914307573153369,True,True,0.2985692426846632,0.2985692426846632
Viet Nam,SARIMA,2014-07-01,0.43,0.4695940573418277,True,True,-0.03959405734182769,0.03959405734182769
Viet Nam,SARIMA,2014-08-01,0.591,0.5560998391064802,True,True,0.03490016089351977,0.03490016089351977
Viet Nam,SARIMA,2014-09-01,1.072,0.5045175030426731,True,True,0.567482496957327,0.567482496957327
Viet Nam,SARIMA,2014-10-01,0.857,0.6627578694314291,True,True,0.19424213056857087,0.19424213056857087
Viet Nam,SARIMA,2014-11-01,1.61,0.8827284226266465,True,True,0.7272715773733536,0.7272715773733536
Viet Nam,SARIMA,2014-12-01,-0.176,0.5352826889394997,True,True,-0.7112826889394996,0.7112826889394996
Viet Nam,SARIMA,2015-01-01,0.357,0.41779038759620757,True,True,-0.060790387596207585,0.060790387596207585
Viet Nam,SARIMA,2015-02-01,0.939,1.0606231884119597,True,True,-0.12162318841195974,0.12162318841195974
Viet Nam,SARIMA,2015-03-01,1.402,0.4389578921447466,True,True,0.9630421078552533,0.9630421078552533
Viet Nam,SARIMA,2015-04-01,0.834,0.6145237110523186,True,True,0.21947628894768134,0.21947628894768134
Viet Nam,SARIMA,2015-05-01,2.174,0.4077658492327638,True,True,1.766234150767236,1.766234150767236
Viet Nam,SARIMA,2015-06-01,1.526,0.7794597965047988,True,True,0.7465402034952012,0.7465402034952012
Viet Nam,SARIMA,2015-07-01,0.626,0.44295554389906233,True,True,0.18304445610093767,0.18304445610093767
Viet Nam,SARIMA,2015-08-01,1.127,0.5448598651889014,True,True,0.5821401348110986,0.5821401348110986
Viet Nam,SARIMA,2015-09-01,1.312,0.47384948936412846,True,True,0.8381505106358715,0.8381505106358715
Viet Nam,SARIMA,2015-10-01,1.359,0.6114489587696069,True,True,0.7475510412303931,0.7475510412303931
Viet Nam,SARIMA,2015-11-01,2.687,0.9053901668846966,True,True,1.7816098331153032,1.7816098331153032
Viet Nam,SARIMA,2015-12-01,1.33,0.364771571279108,True,True,0.9652284287208921,0.9652284287208921
Viet Nam,SARIMA,2016-01-01,1.468,0.3703574221039162,True,True,1.0976425778960839,1.0976425778960839
Viet Nam,SARIMA,2016-02-01,-0.633,1.0499862401683628,True,True,-1.6829862401683628,1.6829862401683628
Viet Nam,SARIMA,2016-03-01,0.14,0.4254965366266005,True,True,-0.28549653662660046,0.28549653662660046
Viet Nam,SARIMA,2016-04-01,1.693,0.6119709628575959,True,True,1.0810290371424043,1.0810290371424043
Viet Nam,SARIMA,2016-05-01,1.11,0.40326562040335295,True,True,0.7067343795966472,0.7067343795966472
Viet Nam,SARIMA,2016-06-01,1.372,0.7805101747739468,True,True,0.5914898252260533,0.5914898252260533
Viet Nam,SARIMA,2016-07-01,1.045,0.4452929098035649,True,True,0.599707090196435,0.599707090196435
Viet Nam,SARIMA,2016-08-01,1.359,0.5458461038489112,True,True,0.8131538961510888,0.8131538961510888
Viet Nam,SARIMA,2016-09-01,1.216,0.47654041915963163,True,True,0.7394595808403683,0.7394595808403683
Viet Nam,SARIMA,2016-10-01,1.84,0.6159510004708372,True,True,1.2240489995291628,1.2240489995291628
Viet Nam,SARIMA,2016-11-01,1.724,0.9034017380454099,True,True,0.8205982619545901,0.8205982619545901
Viet Nam,SARIMA,2016-12-01,1.741,0.3797328743418458,True,True,1.3612671256581543,1.3612671256581543
Viet Nam,SARIMA,2017-01-01,2.389,0.3745193734278644,True,True,2.0144806265721353,2.0144806265721353
Viet Nam,SARIMA,2017-02-01,1.23,1.0509195670300873,True,True,0.17908043296991272,0.17908043296991272
Viet Nam,SARIMA,2017-03-01,0.764,0.426677687875303,True,True,0.337322312124697,0.337322312124697
Viet Nam,SARIMA,2017-04-01,0.652,0.6121949508292199,True,True,0.039805049170780094,0.039805049170780094
Viet Nam,SARIMA,2017-05-01,0.299,0.40366048783658737,True,True,-0.10466048783658738,0.10466048783658738
Viet Nam,SARIMA,2017-06-01,1.297,0.7804180105336858,True,True,0.5165819894663142,0.5165819894663142
Viet Nam,SARIMA,2017-07-01,0.291,0.4450878203047357,True,True,-0.15408782030473572,0.15408782030473572
Viet Nam,SARIMA,2017-08-01,0.941,0.545759567465319,True,True,0.395240432534681,0.395240432534681
Viet Nam,SARIMA,2017-09-01,1.773,0.476304306601439,True,True,1.296695693398561,1.296695693398561
Viet Nam,SARIMA,2017-10-01,0.858,0.6155559739692378,True,True,0.2424440260307622,0.2424440260307622
Viet Nam,SARIMA,2017-11-01,0.998,0.903576210460414,True,True,0.09442378953958597,0.09442378953958597
Viet Nam,SARIMA,2017-12-01,0.118,0.37842011191082997,True,True,-0.26042011191083,0.26042011191083
Viet Nam,SARIMA,2018-01-01,0.938,0.3741541877675723,True,True,0.5638458122324277,0.5638458122324277
Viet Nam,SARIMA,2018-02-01,-0.414,1.0508376733317382,True,True,-1.464837673331738,1.464837673331738
Viet Nam,SARIMA,2018-03-01,1.023,0.4265740491094721,True,True,0.5964259508905279,0.5964259508905279
Viet Nam,SARIMA,2018-04-01,0.205,0.6121752972607497,True,True,-0.40717529726074975,0.40717529726074975
Viet Nam,SARIMA,2018-05-01,1.028,0.4036258406451357,True,True,0.6243741593548644,0.6243741593548644
Viet Nam,SARIMA,2018-06-01,0.876,0.7804260973795701,True,True,0.09557390262042986,0.09557390262042986
Viet Nam,SARIMA,2018-07-01,0.646,0.4451058156483184,True,True,0.2008941843516816,0.2008941843516816
Viet Nam,SARIMA,2018-08-01,0.825,0.5457671605013547,True,True,0.2792328394986453,0.2792328394986453
Viet Nam,SARIMA,2018-09-01,1.078,0.4763250240278949,True,True,0.6016749759721052,0.6016749759721052
Viet Nam,SARIMA,2018-10-01,1.08,0.6155906351179613,True,True,0.46440936488203877,0.46440936488203877
Viet Nam,SARIMA,2018-11-01,1.955,0.9035609015778451,True,True,1.051439098422155,1.051439098422155
Viet Nam,SARIMA,2018-12-01,1.478,0.37853529874937336,True,True,1.0994647012506267,1.0994647012506267
Viet Nam,SARIMA,2019-01-01,1.582,0.3741862305657943,True,True,1.2078137694342057,1.2078137694342057
Viet Nam,SARIMA,2019-02-01,3.195,1.0508448590006654,True,True,2.1441551409993345,2.1441551409993345
Viet Nam,SARIMA,2019-03-01,1.826,0.42658314277448306,True,True,1.399416857225517,1.399416857225517
Viet Nam,SARIMA,2019-04-01,2.537,0.6121770217406439,True,True,1.924822978259356,1.924822978259356
Viet Nam,SARIMA,2019-05-01,1.329,0.40362888072333525,True,True,0.9253711192766647,0.9253711192766647
Viet Nam,SARIMA,2019-06-01,2.145,0.7804253878085242,True,True,1.364574612191476,1.364574612191476
Viet Nam,SARIMA,2019-07-01,1.437,0.445104236667471,True,True,0.991895763332529,0.991895763332529
Viet Nam,SARIMA,2019-08-01,1.37,0.5457664942590893,True,True,0.8242335057409108,0.8242335057409108
Viet Nam,SARIMA,2019-09-01,0.935,0.4763232062009981,True,True,0.45867679379900195,0.45867679379900195
Viet Nam,SARIMA,2019-10-01,1.454,0.6155875938150969,True,True,0.8384124061849031,0.8384124061849031
Viet Nam,SARIMA,2019-11-01,1.519,0.9035622448382424,True,True,0.6154377551617575,0.6154377551617575
Viet Nam,SARIMA,2019-12-01,1.082,0.3785251918119259,True,True,0.7034748081880742,0.7034748081880742
Viet Nam,SARIMA,2020-01-01,2.704,0.37418341900710095,True,True,2.3298165809928992,2.3298165809928992
Viet Nam,SARIMA,2020-02-01,1.837,1.0508442285023611,True,True,0.7861557714976388,0.7861557714976388
Viet Nam,SARIMA,2020-03-01,2.205,0.426582344861244,True,True,1.778417655138756,1.778417655138756
Viet Nam,SARIMA,2020-04-01,-0.29,0.6121768704281273,True,True,-0.9021768704281272,0.9021768704281272
Viet Nam,SARIMA,2020-05-01,1.824,0.40362861397514954,True,True,1.4203713860248506,1.4203713860248506
Viet Nam,SARIMA,2020-06-01,1.851,0.7804254500690243,True,True,1.0705745499309756,1.0705745499309756
Viet Nam,SARIMA,2020-07-01,1.49,0.4451043752133401,True,True,1.0448956247866599,1.0448956247866599
Viet Nam,SARIMA,2020-08-01,1.159,0.5457665527177551,True,True,0.6132334472822449,0.6132334472822449
Viet Nam,SARIMA,2020-09-01,1.647,0.47632336570414074,True,True,1.1706766342958592,1.1706766342958592
Viet Nam,SARIMA,2020-10-01,0.024,0.6155878606707393,True,True,-0.5915878606707393,0.5915878606707393
Viet Nam,SARIMA,2020-11-01,1.486,0.9035621269753947,True,True,0.5824378730246053,0.5824378730246053
Viet Nam,SARIMA,2020-12-01,0.401,0.37852607863359633,True,True,0.022473921366403693,0.022473921366403693
Viet Nam,SARIMA,2021-01-01,-0.192,0.3741836657041039,True,True,-0.5661836657041039,0.5661836657041039
Viet Nam,SARIMA,2021-02-01,1.389,1.050844283824714,True,True,0.33815571617528595,0.33815571617528595
Viet Nam,SARIMA,2021-03-01,1.804,0.4265824148732289,True,True,1.3774175851267711,1.3774175851267711
Viet Nam,SARIMA,2021-04-01,1.098,0.6121768837048711,True,True,0.485823116295129,0.485823116295129
Viet Nam,SARIMA,2021-05-01,1.377,0.4036286373806641,True,True,0.9733713626193359,0.9733713626193359
Viet Nam,SARIMA,2021-06-01,1.251,0.7804254446060479,True,True,0.470574555393952,0.470574555393952
Viet Nam,SARIMA,2021-07-01,1.069,0.44510436305679124,True,True,0.6238956369432087,0.6238956369432087
Viet Nam,SARIMA,2021-08-01,1.689,0.5457665475883663,True,True,1.1432334524116339,1.1432334524116339
Viet Nam,SARIMA,2021-09-01,0.984,0.47632335170871987,True,True,0.5076766482912801,0.5076766482912801
Viet Nam,SARIMA,2021-10-01,0.48,0.6155878372557961,True,True,-0.13558783725579615,0.13558783725579615
Viet Nam,SARIMA,2021-11-01,0.954,0.9035621373171355,True,True,0.05043786268286443,0.05043786268286443
Viet Nam,SARIMA,2021-12-01,0.533,0.3785260008204428,True,True,0.15447399917955723,0.15447399917955723
Viet Nam,SARIMA,2022-01-01,2.002,0.37418364405795745,True,True,1.6278163559420422,1.6278163559420422
Viet Nam,SARIMA,2022-02-01,-0.387,1.0508442789705175,True,True,-1.4378442789705175,1.4378442789705175
Viet Nam,SARIMA,2022-03-01,1.867,0.42658240873010733,True,True,1.4404175912698927,1.4404175912698927
Viet Nam,SARIMA,2022-04-01,-0.083,0.6121768825399184,True,True,-0.6951768825399184,0.6951768825399184
Viet Nam,SARIMA,2022-05-01,0.385,0.403628635326974,True,True,-0.018628635326974008,0.018628635326974008
Viet Nam,SARIMA,2022-06-01,1.193,0.7804254450853905,True,True,0.4125745549146096,0.4125745549146096
Viet Nam,SARIMA,2022-07-01,0.903,0.4451043641234537,True,True,0.4578956358765463,0.4578956358765463
Viet Nam,SARIMA,2022-08-01,0.894,0.5457665480384386,True,True,0.3482334519615614,0.3482334519615614
Viet Nam,SARIMA,2022-09-01,0.961,0.47632335293673206,True,True,0.4846766470632679,0.4846766470632679
Viet Nam,SARIMA,2022-10-01,0.513,0.6155878393103136,True,True,-0.10258783931031357,0.10258783931031357
Viet Nam,SARIMA,2022-11-01,2.56,0.9035621364097113,True,True,1.6564378635902888,1.6564378635902888
Viet Nam,SARIMA,2022-12-01,-0.042,0.378526007648069,True,True,-0.42052600764806897,0.42052600764806897
Viet Nam,SARIMA,2023-01-01,0.622,0.3741836459572738,True,True,0.24781635404272617,0.24781635404272617
Viet Nam,SARIMA,2023-02-01,1.888,1.0508442793964434,True,True,0.8371557206035565,0.8371557206035565
Viet Nam,SARIMA,2023-03-01,1.014,0.4265824092691285,True,True,0.5874175907308715,0.5874175907308715
Viet Nam,SARIMA,2023-04-01,1.746,0.6121768826421359,True,True,1.1338231173578641,1.1338231173578641
Viet Nam,SARIMA,2023-05-01,1.542,0.4036286355071727,True,True,1.1383713644928273,1.1383713644928273
Viet Nam,SARIMA,2023-06-01,1.409,0.7804254450433311,True,True,0.6285745549566689,0.6285745549566689
Viet Nam,SARIMA,2023-07-01,1.415,0.44510436402986064,True,True,0.9698956359701394,0.9698956359701394
Viet Nam,SARIMA,2023-08-01,1.521,0.5457665479989475,True,True,0.9752334520010524,0.9752334520010524
Viet Nam,SARIMA,2023-09-01,1.365,0.4763233528289815,True,True,0.8886766471710185,0.8886766471710185
Viet Nam,SARIMA,2023-10-01,1.609,0.6155878391300423,True,True,0.9934121608699577,0.9934121608699577
Viet Nam,SARIMA,2023-11-01,1.909,0.9035621364893321,True,True,1.005437863510668,1.005437863510668
Viet Nam,SARIMA,2023-12-01,1.821,0.37852600704898676,True,True,1.442473992951013,1.442473992951013
Viet Nam,XGBoost,2014-01-01,-0.274,-0.11403071135282516,True,True,-0.15996928864717486,0.15996928864717486
Viet Nam,XGBoost,2014-02-01,-0.192,-0.10477917641401291,True,True,-0.0872208235859871,0.0872208235859871
Viet Nam,XGBoost,2014-03-01,0.357,-0.5888517498970032,True,True,0.9458517498970032,0.9458517498970032
Viet Nam,XGBoost,2014-04-01,1.151,0.3954360783100128,True,True,0.7555639216899872,0.7555639216899872
Viet Nam,XGBoost,2014-05-01,1.333,0.23144854605197906,True,True,1.101551453948021,1.101551453948021
Viet Nam,XGBoost,2014-06-01,1.09,0.6529974937438965,True,True,0.4370025062561036,0.4370025062561036
Viet Nam,XGBoost,2014-07-01,0.43,0.6277769207954407,True,True,-0.19777692079544068,0.19777692079544068
Viet Nam,XGBoost,2014-08-01,0.591,0.6705113053321838,True,True,-0.07951130533218387,0.07951130533218387
Viet Nam,XGBoost,2014-09-01,1.072,0.3900258541107178,True,True,0.6819741458892823,0.6819741458892823
Viet Nam,XGBoost,2014-10-01,0.857,0.6412389874458313,True,True,0.21576101255416869,0.21576101255416869
Viet Nam,XGBoost,2014-11-01,1.61,0.5454309582710266,True,True,1.0645690417289735,1.0645690417289735
Viet Nam,XGBoost,2014-12-01,-0.176,0.5473065376281738,True,True,-0.7233065376281738,0.7233065376281738
Viet Nam,XGBoost,2015-01-01,0.357,0.7182695269584656,True,True,-0.3612695269584656,0.3612695269584656
Viet Nam,XGBoost,2015-02-01,0.939,1.5858911275863647,True,True,-0.6468911275863648,0.6468911275863648
Viet Nam,XGBoost,2015-03-01,1.402,0.9644952416419983,True,True,0.4375047583580016,0.4375047583580016
Viet Nam,XGBoost,2015-04-01,0.834,0.5924011468887329,True,True,0.24159885311126705,0.24159885311126705
Viet Nam,XGBoost,2015-05-01,2.174,0.09189512580633163,True,True,2.0821048741936683,2.0821048741936683
Viet Nam,XGBoost,2015-06-01,1.526,0.37695950269699097,True,True,1.149040497303009,1.149040497303009
Viet Nam,XGBoost,2015-07-01,0.626,0.3364499807357788,True,True,0.2895500192642212,0.2895500192642212
Viet Nam,XGBoost,2015-08-01,1.127,0.629801869392395,True,True,0.497198130607605,0.497198130607605
Viet Nam,XGBoost,2015-09-01,1.312,0.7054430246353149,True,True,0.6065569753646851,0.6065569753646851
Viet Nam,XGBoost,2015-10-01,1.359,0.6653624176979065,True,True,0.6936375823020935,0.6936375823020935
Viet Nam,XGBoost,2015-11-01,2.687,0.38138124346733093,True,True,2.305618756532669,2.305618756532669
Viet Nam,XGBoost,2015-12-01,1.33,0.5097358226776123,True,True,0.8202641773223878,0.8202641773223878
Viet Nam,XGBoost,2016-01-01,1.468,0.9385958313941956,True,True,0.5294041686058044,0.5294041686058044
Viet Nam,XGBoost,2016-02-01,-0.633,0.6504219174385071,True,True,-1.283421917438507,1.283421917438507
Viet Nam,XGBoost,2016-03-01,0.14,0.6627028584480286,True,True,-0.5227028584480286,0.5227028584480286
Viet Nam,XGBoost,2016-04-01,1.693,0.7336977124214172,True,True,0.9593022875785828,0.9593022875785828
Viet Nam,XGBoost,2016-05-01,1.11,-0.20287542045116425,True,True,1.3128754204511643,1.3128754204511643
Viet Nam,XGBoost,2016-06-01,1.372,0.11778595298528671,True,True,1.2542140470147134,1.2542140470147134
Viet Nam,XGBoost,2016-07-01,1.045,0.1560378074645996,True,True,0.8889621925354003,0.8889621925354003
Viet Nam,XGBoost,2016-08-01,1.359,0.2535954713821411,True,True,1.1054045286178589,1.1054045286178589
Viet Nam,XGBoost,2016-09-01,1.216,0.28750184178352356,True,True,0.9284981582164764,0.9284981582164764
Viet Nam,XGBoost,2016-10-01,1.84,0.3581903278827667,True,True,1.4818096721172334,1.4818096721172334
Viet Nam,XGBoost,2016-11-01,1.724,0.32907477021217346,True,True,1.3949252297878265,1.3949252297878265
Viet Nam,XGBoost,2016-12-01,1.741,0.06241004914045334,True,True,1.6785899508595468,1.6785899508595468
Viet Nam,XGBoost,2017-01-01,2.389,0.5684067010879517,True,True,1.8205932989120481,1.8205932989120481
Viet Nam,XGBoost,2017-02-01,1.23,0.5428661108016968,True,True,0.6871338891983032,0.6871338891983032
Viet Nam,XGBoost,2017-03-01,0.764,0.3751550316810608,True,True,0.3888449683189392,0.3888449683189392
Viet Nam,XGBoost,2017-04-01,0.652,0.49846187233924866,True,True,0.15353812766075137,0.15353812766075137
Viet Nam,XGBoost,2017-05-01,0.299,0.2755337655544281,True,True,0.023466234445571887,0.023466234445571887
Viet Nam,XGBoost,2017-06-01,1.297,0.5131552815437317,True,True,0.7838447184562682,0.7838447184562682
Viet Nam,XGBoost,2017-07-01,0.291,0.2910724878311157,True,True,-7.248783111574175e-05,7.248783111574175e-05
Viet Nam,XGBoost,2017-08-01,0.941,0.2847745716571808,True,True,0.6562254283428192,0.6562254283428192
Viet Nam,XGBoost,2017-09-01,1.773,0.31423914432525635,True,True,1.4587608556747436,1.4587608556747436
Viet Nam,XGBoost,2017-10-01,0.858,0.22100244462490082,True,True,0.6369975553750992,0.6369975553750992
Viet Nam,XGBoost,2017-11-01,0.998,0.18780773878097534,True,True,0.8101922612190247,0.8101922612190247
Viet Nam,XGBoost,2017-12-01,0.118,0.06784138083457947,True,True,0.050158619165420526,0.050158619165420526
Viet Nam,XGBoost,2018-01-01,0.938,0.6449401378631592,True,True,0.29305986213684077,0.29305986213684077
Viet Nam,XGBoost,2018-02-01,-0.414,0.35662248730659485,True,True,-0.7706224873065948,0.7706224873065948
Viet Nam,XGBoost,2018-03-01,1.023,0.35556066036224365,True,True,0.6674393396377563,0.6674393396377563
Viet Nam,XGBoost,2018-04-01,0.205,0.5351176857948303,True,True,-0.33011768579483036,0.33011768579483036
Viet Nam,XGBoost,2018-05-01,1.028,0.2968255281448364,True,True,0.7311744718551636,0.7311744718551636
Viet Nam,XGBoost,2018-06-01,0.876,0.5395285487174988,True,True,0.3364714512825012,0.3364714512825012
Viet Nam,XGBoost,2018-07-01,0.646,0.18798089027404785,True,True,0.45801910972595217,0.45801910972595217
Viet Nam,XGBoost,2018-08-01,0.825,0.1745079606771469,True,True,0.650492039322853,0.650492039322853
Viet Nam,XGBoost,2018-09-01,1.078,0.2185584157705307,True,True,0.8594415842294694,0.8594415842294694
Viet Nam,XGBoost,2018-10-01,1.08,0.21814961731433868,True,True,0.8618503826856614,0.8618503826856614
Viet Nam,XGBoost,2018-11-01,1.955,0.21274851262569427,True,True,1.7422514873743058,1.7422514873743058
Viet Nam,XGBoost,2018-12-01,1.478,0.1133977472782135,True,True,1.3646022527217865,1.3646022527217865
Viet Nam,XGBoost,2019-01-01,1.582,0.250182181596756,True,True,1.331817818403244,1.331817818403244
Viet Nam,XGBoost,2019-02-01,3.195,0.6597848534584045,True,True,2.5352151465415953,2.5352151465415953
Viet Nam,XGBoost,2019-03-01,1.826,0.20936354994773865,True,True,1.6166364500522614,1.6166364500522614
Viet Nam,XGBoost,2019-04-01,2.537,0.286293625831604,True,True,2.250706374168396,2.250706374168396
Viet Nam,XGBoost,2019-05-01,1.329,0.06375724077224731,True,True,1.2652427592277526,1.2652427592277526
Viet Nam,XGBoost,2019-06-01,2.145,0.3450416922569275,True,True,1.7999583077430725,1.7999583077430725
Viet Nam,XGBoost,2019-07-01,1.437,-0.11267238855361938,True,True,1.5496723885536194,1.5496723885536194
Viet Nam,XGBoost,2019-08-01,1.37,0.1299595981836319,True,True,1.2400404018163682,1.2400404018163682
Viet Nam,XGBoost,2019-09-01,0.935,0.13138523697853088,True,True,0.8036147630214692,0.8036147630214692
Viet Nam,XGBoost,2019-10-01,1.454,0.23442824184894562,True,True,1.2195717581510543,1.2195717581510543
Viet Nam,XGBoost,2019-11-01,1.519,0.345329225063324,True,True,1.173670774936676,1.173670774936676
Viet Nam,XGBoost,2019-12-01,1.082,0.28012892603874207,True,True,0.801871073961258,0.801871073961258
Viet Nam,XGBoost,2020-01-01,2.704,0.4753786325454712,True,True,2.228621367454529,2.228621367454529
Viet Nam,XGBoost,2020-02-01,1.837,0.9509511590003967,True,True,0.8860488409996032,0.8860488409996032
Viet Nam,XGBoost,2020-03-01,2.205,-0.09357037395238876,True,True,2.298570373952389,2.298570373952389
Viet Nam,XGBoost,2020-04-01,-0.29,-0.03715720400214195,True,True,-0.252842795997858,0.252842795997858
Viet Nam,XGBoost,2020-05-01,1.824,-0.17743097245693207,True,True,2.001430972456932,2.001430972456932
Viet Nam,XGBoost,2020-06-01,1.851,0.23320235311985016,True,True,1.6177976468801498,1.6177976468801498
Viet Nam,XGBoost,2020-07-01,1.49,0.3146866261959076,True,True,1.1753133738040924,1.1753133738040924
Viet Nam,XGBoost,2020-08-01,1.159,-0.12844054400920868,True,True,1.2874405440092087,1.2874405440092087
Viet Nam,XGBoost,2020-09-01,1.647,0.4273446500301361,True,True,1.219655349969864,1.219655349969864
Viet Nam,XGBoost,2020-10-01,0.024,0.4756165146827698,True,True,-0.45161651468276975,0.45161651468276975
Viet Nam,XGBoost,2020-11-01,1.486,0.03472210839390755,True,True,1.4512778916060924,1.4512778916060924
Viet Nam,XGBoost,2020-12-01,0.401,0.2488919049501419,True,True,0.15210809504985812,0.15210809504985812
Viet Nam,XGBoost,2021-01-01,-0.192,0.43226107954978943,True,True,-0.6242610795497894,0.6242610795497894
Viet Nam,XGBoost,2021-02-01,1.389,0.6358850598335266,True,True,0.7531149401664734,0.7531149401664734
Viet Nam,XGBoost,2021-03-01,1.804,0.5195901989936829,True,True,1.2844098010063172,1.2844098010063172
Viet Nam,XGBoost,2021-04-01,1.098,0.3680141568183899,True,True,0.7299858431816102,0.7299858431816102
Viet Nam,XGBoost,2021-05-01,1.377,0.29723823070526123,True,True,1.0797617692947388,1.0797617692947388
Viet Nam,XGBoost,2021-06-01,1.251,0.483508437871933,True,True,0.7674915621280669,0.7674915621280669
Viet Nam,XGBoost,2021-07-01,1.069,0.38426074385643005,True,True,0.6847392561435699,0.6847392561435699
Viet Nam,XGBoost,2021-08-01,1.689,0.422958642244339,True,True,1.266041357755661,1.266041357755661
Viet Nam,XGBoost,2021-09-01,0.984,0.1425766944885254,True,True,0.8414233055114746,0.8414233055114746
Viet Nam,XGBoost,2021-10-01,0.48,0.36309829354286194,True,True,0.11690170645713804,0.11690170645713804
Viet Nam,XGBoost,2021-11-01,0.954,0.32528066635131836,True,True,0.6287193336486816,0.6287193336486816
Viet Nam,XGBoost,2021-12-01,0.533,0.42865508794784546,True,True,0.10434491205215457,0.10434491205215457
Viet Nam,XGBoost,2022-01-01,2.002,0.2611939311027527,True,True,1.740806068897247,1.740806068897247
Viet Nam,XGBoost,2022-02-01,-0.387,0.9461666941642761,True,True,-1.3331666941642761,1.3331666941642761
Viet Nam,XGBoost,2022-03-01,1.867,0.1699674278497696,True,True,1.6970325721502304,1.6970325721502304
Viet Nam,XGBoost,2022-04-01,-0.083,0.059892162680625916,True,True,-0.14289216268062593,0.14289216268062593
Viet Nam,XGBoost,2022-05-01,0.385,-0.05340628698468208,True,True,0.4384062869846821,0.4384062869846821
Viet Nam,XGBoost,2022-06-01,1.193,0.1597665250301361,True,True,1.033233474969864,1.033233474969864
Viet Nam,XGBoost,2022-07-01,0.903,0.2355862259864807,True,True,0.6674137740135193,0.6674137740135193
Viet Nam,XGBoost,2022-08-01,0.894,0.14809547364711761,True,True,0.7459045263528824,0.7459045263528824
Viet Nam,XGBoost,2022-09-01,0.961,0.019238846376538277,True,True,0.9417611536234617,0.9417611536234617
Viet Nam,XGBoost,2022-10-01,0.513,0.33288657665252686,True,True,0.18011342334747316,0.18011342334747316
Viet Nam,XGBoost,2022-11-01,2.56,0.5113334655761719,True,True,2.048666534423828,2.048666534423828
Viet Nam,XGBoost,2022-12-01,-0.042,0.2447614073753357,True,True,-0.2867614073753357,0.2867614073753357
Viet Nam,XGBoost,2023-01-01,0.622,0.47714900970458984,True,True,0.14485099029541015,0.14485099029541015
Viet Nam,XGBoost,2023-02-01,1.888,0.6979448199272156,True,True,1.1900551800727843,1.1900551800727843
Viet Nam,XGBoost,2023-03-01,1.014,0.184614896774292,True,True,0.829385103225708,0.829385103225708
Viet Nam,XGBoost,2023-04-01,1.746,0.2981162965297699,True,True,1.44788370347023,1.44788370347023
Viet Nam,XGBoost,2023-05-01,1.542,0.0697653666138649,True,True,1.4722346333861351,1.4722346333861351
Viet Nam,XGBoost,2023-06-01,1.409,0.35119977593421936,True,True,1.0578002240657807,1.0578002240657807
Viet Nam,XGBoost,2023-07-01,1.415,0.12568841874599457,True,True,1.2893115812540055,1.2893115812540055
Viet Nam,XGBoost,2023-08-01,1.521,0.28856125473976135,True,True,1.2324387452602386,1.2324387452602386
Viet Nam,XGBoost,2023-09-01,1.365,0.35767102241516113,True,True,1.0073289775848389,1.0073289775848389
Viet Nam,XGBoost,2023-10-01,1.609,0.42517387866973877,True,True,1.1838261213302612,1.1838261213302612
Viet Nam,XGBoost,2023-11-01,1.909,0.3618150055408478,True,True,1.5471849944591523,1.5471849944591523
Viet Nam,XGBoost,2023-12-01,1.821,-0.005654369480907917,True,True,1.8266543694809079,1.8266543694809079
Viet Nam,Prophet,2014-01-01,-0.274,0.7371147788444641,True,True,-1.011114778844464,1.011114778844464
Viet Nam,Prophet,2014-02-01,-0.192,0.873541285322847,True,True,-1.065541285322847,1.065541285322847
Viet Nam,Prophet,2014-03-01,0.357,0.5981064295090931,True,True,-0.2411064295090931,0.2411064295090931
Viet Nam,Prophet,2014-04-01,1.151,0.7361435507737486,True,True,0.4148564492262514,0.4148564492262514
Viet Nam,Prophet,2014-05-01,1.333,0.5997999886657402,True,True,0.7332000113342597,0.7332000113342597
Viet Nam,Prophet,2014-06-01,1.09,0.8054376185122298,True,True,0.28456238148777024,0.28456238148777024
Viet Nam,Prophet,2014-07-01,0.43,0.6760997339183876,True,True,-0.24609973391838763,0.24609973391838763
Viet Nam,Prophet,2014-08-01,0.591,0.737470538957559,True,True,-0.14647053895755902,0.14647053895755902
Viet Nam,Prophet,2014-09-01,1.072,0.7219807340832536,True,True,0.3500192659167465,0.3500192659167465
Viet Nam,Prophet,2014-10-01,0.857,0.7531261327700253,True,True,0.10387386722997471,0.10387386722997471
Viet Nam,Prophet,2014-11-01,1.61,0.8384992690300265,True,True,0.7715007309699736,0.7715007309699736
Viet Nam,Prophet,2014-12-01,-0.176,0.5781716754786669,True,True,-0.7541716754786669,0.7541716754786669
Viet Nam,Prophet,2015-01-01,0.357,0.7595419335193349,True,True,-0.40254193351933487,0.40254193351933487
Viet Nam,Prophet,2015-02-01,0.939,0.875140260392626,True,True,0.0638597396073739,0.0638597396073739
Viet Nam,Prophet,2015-03-01,1.402,0.6241455559688641,True,True,0.7778544440311358,0.7778544440311358
Viet Nam,Prophet,2015-04-01,0.834,0.7572409613470215,True,True,0.0767590386529785,0.0767590386529785
Viet Nam,Prophet,2015-05-01,2.174,0.6155250670154767,True,True,1.5584749329845233,1.5584749329845233
Viet Nam,Prophet,2015-06-01,1.526,0.8216436169077632,True,True,0.7043563830922368,0.7043563830922368
Viet Nam,Prophet,2015-07-01,0.626,0.6914965393829604,True,True,-0.0654965393829604,0.0654965393829604
Viet Nam,Prophet,2015-08-01,1.127,0.7496753540989599,True,True,0.3773246459010401,0.3773246459010401
Viet Nam,Prophet,2015-09-01,1.312,0.7402551646086383,True,True,0.5717448353913618,0.5717448353913618
Viet Nam,Prophet,2015-10-01,1.359,0.7721617357230951,True,True,0.5868382642769049,0.5868382642769049
Viet Nam,Prophet,2015-11-01,2.687,0.858217910144372,True,True,1.8287820898556277,1.8287820898556277
Viet Nam,Prophet,2015-12-01,1.33,0.5933016675637348,True,True,0.7366983324362653,0.7366983324362653
Viet Nam,Prophet,2016-01-01,1.468,0.7817718908519136,True,True,0.6862281091480864,0.6862281091480864
Viet Nam,Prophet,2016-02-01,-0.633,0.8766773458867376,True,True,-1.5096773458867376,1.5096773458867376
Viet Nam,Prophet,2016-03-01,0.14,0.6140877043787449,True,True,-0.4740877043787449,0.4740877043787449
Viet Nam,Prophet,2016-04-01,1.693,0.760736778018455,True,True,0.9322632219815451,0.9322632219815451
Viet Nam,Prophet,2016-05-01,1.11,0.635324199995947,True,True,0.4746758000040531,0.4746758000040531
Viet Nam,Prophet,2016-06-01,1.372,0.8397842163730418,True,True,0.5322157836269583,0.5322157836269583
Viet Nam,Prophet,2016-07-01,1.045,0.7123697308301566,True,True,0.3326302691698433,0.3326302691698433
Viet Nam,Prophet,2016-08-01,1.359,0.7803426970947398,True,True,0.5786573029052602,0.5786573029052602
Viet Nam,Prophet,2016-09-01,1.216,0.7529577155317572,True,True,0.4630422844682428,0.4630422844682428
Viet Nam,Prophet,2016-10-01,1.84,0.782294052916347,True,True,1.0577059470836532,1.0577059470836532
Viet Nam,Prophet,2016-11-01,1.724,0.8658350048757602,True,True,0.8581649951242398,0.8581649951242398
Viet Nam,Prophet,2016-12-01,1.741,0.615165464952426,True,True,1.125834535047574,1.125834535047574
Viet Nam,Prophet,2017-01-01,2.389,0.7816137164780397,True,True,1.6073862835219601,1.6073862835219601
Viet Nam,Prophet,2017-02-01,1.23,0.9389841813865946,True,True,0.2910158186134054,0.2910158186134054
Viet Nam,Prophet,2017-03-01,0.764,0.6394978786251144,True,True,0.12450212137488559,0.12450212137488559
Viet Nam,Prophet,2017-04-01,0.652,0.7820529256375779,True,True,-0.13005292563757787,0.13005292563757787
Viet Nam,Prophet,2017-05-01,0.299,0.6511461100226611,True,True,-0.3521461100226611,0.3521461100226611
Viet Nam,Prophet,2017-06-01,1.297,0.8562313626868727,True,True,0.4407686373131272,0.4407686373131272
Viet Nam,Prophet,2017-07-01,0.291,0.7278053681628435,True,True,-0.4368053681628435,0.4368053681628435
Viet Nam,Prophet,2017-08-01,0.941,0.7924414095705553,True,True,0.14855859042944464,0.14855859042944464
Viet Nam,Prophet,2017-09-01,1.773,0.7709612206433492,True,True,1.0020387793566508,1.0020387793566508
Viet Nam,Prophet,2017-10-01,0.858,0.8012486227427014,True,True,0.05675137725729862,0.05675137725729862
Viet Nam,Prophet,2017-11-01,0.998,0.8857838756201254,True,True,0.1122161243798746,0.1122161243798746
Viet Nam,Prophet,2017-12-01,0.118,0.6302063812574806,True,True,-0.5122063812574806,0.5122063812574806
Viet Nam,Prophet,2018-01-01,0.938,0.8042347219288402,True,True,0.1337652780711598,0.1337652780711598
Viet Nam,Prophet,2018-02-01,-0.414,0.9406612284073153,True,True,-1.3546612284073152,1.3546612284073152
Viet Nam,Prophet,2018-03-01,1.023,0.6652263725935006,True,True,0.3577736274064993,0.3577736274064993
Viet Nam,Prophet,2018-04-01,0.205,0.8032634938581329,True,True,-0.5982634938581329,0.5982634938581329
Viet Nam,Prophet,2018-05-01,1.028,0.666919931750121,True,True,0.36108006824987904,0.36108006824987904
Viet Nam,Prophet,2018-06-01,0.876,0.872557561596624,True,True,0.0034424384033759914,0.0034424384033759914
Viet Nam,Prophet,2018-07-01,0.646,0.7432196770027858,True,True,-0.09721967700278578,0.09721967700278578
Viet Nam,Prophet,2018-08-01,0.825,0.8045904820419282,True,True,0.020409517958071777,0.020409517958071777
Viet Nam,Prophet,2018-09-01,1.078,0.789100677167607,True,True,0.28889932283239306,0.28889932283239306
Viet Nam,Prophet,2018-10-01,1.08,0.8202460758544385,True,True,0.25975392414556153,0.25975392414556153
Viet Nam,Prophet,2018-11-01,1.955,0.9056192121144262,True,True,1.0493807878855739,1.0493807878855739
Viet Nam,Prophet,2018-12-01,1.478,0.6452916185630506,True,True,0.8327083814369494,0.8327083814369494
Viet Nam,Prophet,2019-01-01,1.582,0.8266618766036965,True,True,0.7553381233963036,0.7553381233963036
Viet Nam,Prophet,2019-02-01,3.195,0.9422602034770208,True,True,2.252739796522979,2.252739796522979
Viet Nam,Prophet,2019-03-01,1.826,0.6912654990531579,True,True,1.1347345009468421,1.1347345009468421
Viet Nam,Prophet,2019-04-01,2.537,0.8243609044314079,True,True,1.712639095568592,1.712639095568592
Viet Nam,Prophet,2019-05-01,1.329,0.682645010099896,True,True,0.646354989900104,0.646354989900104
Viet Nam,Prophet,2019-06-01,2.145,0.8887635599921635,True,True,1.2562364400078365,1.2562364400078365
Viet Nam,Prophet,2019-07-01,1.437,0.7586164824673246,True,True,0.6783835175326755,0.6783835175326755
Viet Nam,Prophet,2019-08-01,1.37,0.8167952971833066,True,True,0.5532047028166935,0.5532047028166935
Viet Nam,Prophet,2019-09-01,0.935,0.8073751076930332,True,True,0.12762489230696683,0.12762489230696683
Viet Nam,Prophet,2019-10-01,1.454,0.8392816788074813,True,True,0.6147183211925187,0.6147183211925187
Viet Nam,Prophet,2019-11-01,1.519,0.9253378532288263,True,True,0.5936621467711736,0.5936621467711736
Viet Nam,Prophet,2019-12-01,1.082,0.660421610648109,True,True,0.42157838935189107,0.42157838935189107
Viet Nam,Prophet,2020-01-01,2.704,0.8488918339363118,True,True,1.8551081660636883,1.8551081660636883
Viet Nam,Prophet,2020-02-01,1.837,0.9437972889710742,True,True,0.8932027110289258,0.8932027110289258
Viet Nam,Prophet,2020-03-01,2.205,0.6812076474631948,True,True,1.5237923525368053,1.5237923525368053
Viet Nam,Prophet,2020-04-01,-0.29,0.8278567211028808,True,True,-1.1178567211028807,1.1178567211028807
Viet Nam,Prophet,2020-05-01,1.824,0.7024441430803283,True,True,1.1215558569196717,1.1215558569196717
Viet Nam,Prophet,2020-06-01,1.851,0.9069041594574118,True,True,0.9440958405425882,0.9440958405425882
Viet Nam,Prophet,2020-07-01,1.49,0.7794896739145664,True,True,0.7105103260854336,0.7105103260854336
Viet Nam,Prophet,2020-08-01,1.159,0.8474626401792412,True,True,0.3115373598207588,0.3115373598207588
Viet Nam,Prophet,2020-09-01,1.647,0.8200776586161702,True,True,0.8269223413838298,0.8269223413838298
Viet Nam,Prophet,2020-10-01,0.024,0.8494139960007934,True,True,-0.8254139960007933,0.8254139960007933
Viet Nam,Prophet,2020-11-01,1.486,0.9329549479601529,True,True,0.5530450520398471,0.5530450520398471
Viet Nam,Prophet,2020-12-01,0.401,0.6822854080368057,True,True,-0.2812854080368057,0.2812854080368057
Viet Nam,Prophet,2021-01-01,-0.192,0.8487336595624146,True,True,-1.0407336595624146,1.0407336595624146
Viet Nam,Prophet,2021-02-01,1.389,1.006104124470889,True,True,0.382895875529111,0.382895875529111
Viet Nam,Prophet,2021-03-01,1.804,0.7066178217094712,True,True,1.0973821782905289,1.0973821782905289
Viet Nam,Prophet,2021-04-01,1.098,0.8491728687219146,True,True,0.24882713127808553,0.24882713127808553
Viet Nam,Prophet,2021-05-01,1.377,0.7182660531070459,True,True,0.6587339468929541,0.6587339468929541
Viet Nam,Prophet,2021-06-01,1.251,0.9233513057712561,True,True,0.32764869422874376,0.32764869422874376
Viet Nam,Prophet,2021-07-01,1.069,0.7949253112472251,True,True,0.27407468875277485,0.27407468875277485
Viet Nam,Prophet,2021-08-01,1.689,0.859561352654913,True,True,0.8294386473450871,0.8294386473450871
Viet Nam,Prophet,2021-09-01,0.984,0.8380811637277278,True,True,0.1459188362722722,0.1459188362722722
Viet Nam,Prophet,2021-10-01,0.48,0.8683685658270702,True,True,-0.38836856582707024,0.38836856582707024
Viet Nam,Prophet,2021-11-01,0.954,0.9529038187045153,True,True,0.0010961812954846106,0.0010961812954846106
Viet Nam,Prophet,2021-12-01,0.533,0.6973263243418669,True,True,-0.1643263243418669,0.1643263243418669
Viet Nam,Prophet,2022-01-01,2.002,0.8713546650132666,True,True,1.1306453349867331,1.1306453349867331
Viet Nam,Prophet,2022-02-01,-0.387,1.007781171491632,True,True,-1.394781171491632,1.394781171491632
Viet Nam,Prophet,2022-03-01,1.867,0.732346315677865,True,True,1.134653684322135,1.134653684322135
Viet Nam,Prophet,2022-04-01,-0.083,0.8703834369424681,True,True,-0.9533834369424681,0.9533834369424681
Viet Nam,Prophet,2022-05-01,0.385,0.7340398748345249,True,True,-0.3490398748345249,0.3490398748345249
Viet Nam,Prophet,2022-06-01,1.193,0.939677504681048,True,True,0.253322495318952,0.253322495318952
Viet Nam,Prophet,2022-07-01,0.903,0.8103396200871611,True,True,0.09266037991283893,0.09266037991283893
Viet Nam,Prophet,2022-08-01,0.894,0.871710425126351,True,True,0.02228957487364902,0.02228957487364902
Viet Nam,Prophet,2022-09-01,0.961,0.8562206202520367,True,True,0.10477937974796325,0.10477937974796325
Viet Nam,Prophet,2022-10-01,0.513,0.8873660189388183,True,True,-0.37436601893881827,0.37436601893881827
Viet Nam,Prophet,2022-11-01,2.56,0.9727391551987962,True,True,1.5872608448012038,1.5872608448012038
Viet Nam,Prophet,2022-12-01,-0.042,0.7124115616474593,True,True,-0.7544115616474594,0.7544115616474594
Viet Nam,Prophet,2023-01-01,0.622,0.893781819688188,True,True,-0.27178181968818804,0.27178181968818804
Viet Nam,Prophet,2023-02-01,1.888,1.0093801465613592,True,True,0.8786198534386407,0.8786198534386407
Viet Nam,Prophet,2023-03-01,1.014,0.7583854421375869,True,True,0.25561455786241316,0.25561455786241316
Viet Nam,Prophet,2023-04-01,1.746,0.8914808475158175,True,True,0.8545191524841825,0.8545191524841825
Viet Nam,Prophet,2023-05-01,1.542,0.7497649531842597,True,True,0.7922350468157403,0.7922350468157403
Viet Nam,Prophet,2023-06-01,1.409,0.9558835030765266,True,True,0.45311649692347344,0.45311649692347344
Viet Nam,Prophet,2023-07-01,1.415,0.8257364255517519,True,True,0.5892635744482482,0.5892635744482482
Viet Nam,Prophet,2023-08-01,1.521,0.8839152402677465,True,True,0.6370847597322534,0.6370847597322534
Viet Nam,Prophet,2023-09-01,1.365,0.8744950507774232,True,True,0.4905049492225768,0.4905049492225768
Viet Nam,Prophet,2023-10-01,1.609,0.9064016218918427,True,True,0.7025983781081573,0.7025983781081573
Viet Nam,Prophet,2023-11-01,1.909,0.9924577963131667,True,True,0.9165422036868334,0.9165422036868334
Viet Nam,Prophet,2023-12-01,1.821,0.7275415537325264,True,True,1.0934584462674737,1.0934584462674737
