Country,Date,Year,Month,Value_Source,Value_Modeling,WasObservedInSource,WasImputed,InFinalTrain,InFinalTest
Brunei Darussalam,1961-01-01,1961,1,-0.177,-0.177,True,False,True,False
Brunei Darussalam,1961-02-01,1961,2,0.202,0.202,True,False,True,False
Brunei Darussalam,1961-03-01,1961,3,0.269,0.269,True,False,True,False
Brunei Darussalam,1961-04-01,1961,4,0.001,0.001,True,False,True,False
Brunei Darussalam,1961-05-01,1961,5,0.305,0.305,True,False,True,False
Brunei Darussalam,1961-06-01,1961,6,-0.166,-0.166,True,False,True,False
Brunei Darussalam,1961-07-01,1961,7,0.064,0.064,True,False,True,False
Brunei Darussalam,1961-08-01,1961,8,-0.154,-0.154,True,False,True,False
Brunei Darussalam,1961-09-01,1961,9,-0.157,-0.157,True,False,True,False
Brunei Darussalam,1961-10-01,1961,10,-0.317,-0.317,True,False,True,False
Brunei Darussalam,1961-11-01,1961,11,0.214,0.214,True,False,True,False
Brunei Darussalam,1961-12-01,1961,12,0.033,0.033,True,False,True,False
Brunei Darussalam,1962-01-01,1962,1,-0.092,-0.092,True,False,True,False
Brunei Darussalam,1962-02-01,1962,2,-0.345,-0.345,True,False,True,False
Brunei Darussalam,1962-03-01,1962,3,-0.063,-0.063,True,False,True,False
Brunei Darussalam,1962-04-01,1962,4,-0.17,-0.17,True,False,True,False
Brunei Darussalam,1962-05-01,1962,5,0.143,0.143,True,False,True,False
Brunei Darussalam,1962-06-01,1962,6,-0.053,-0.053,True,False,True,False
Brunei Darussalam,1962-07-01,1962,7,0.339,0.339,True,False,True,False
Brunei Darussalam,1962-08-01,1962,8,-0.389,-0.389,True,False,True,False
Brunei Darussalam,1962-09-01,1962,9,-0.004,-0.004,True,False,True,False
Brunei Darussalam,1962-10-01,1962,10,0.287,0.287,True,False,True,False
Brunei Darussalam,1962-11-01,1962,11,-0.079,-0.079,True,False,True,False
Brunei Darussalam,1962-12-01,1962,12,-0.103,-0.103,True,False,True,False
Brunei Darussalam,1963-01-01,1963,1,-0.961,-0.961,True,False,True,False
Brunei Darussalam,1963-02-01,1963,2,-0.714,-0.714,True,False,True,False
Brunei Darussalam,1963-03-01,1963,3,-0.829,-0.829,True,False,True,False
Brunei Darussalam,1963-04-01,1963,4,-0.525,-0.525,True,False,True,False
Brunei Darussalam,1963-05-01,1963,5,-0.259,-0.259,True,False,True,False
Brunei Darussalam,1963-06-01,1963,6,0.442,0.442,True,False,True,False
Brunei Darussalam,1963-07-01,1963,7,0.235,0.235,True,False,True,False
Brunei Darussalam,1963-08-01,1963,8,0.056,0.056,True,False,True,False
Brunei Darussalam,1963-09-01,1963,9,0.361,0.361,True,False,True,False
Brunei Darussalam,1963-10-01,1963,10,0.183,0.183,True,False,True,False
Brunei Darussalam,1963-11-01,1963,11,0.352,0.352,True,False,True,False
Brunei Darussalam,1963-12-01,1963,12,-0.085,-0.085,True,False,True,False
Brunei Darussalam,1964-01-01,1964,1,0.942,0.942,True,False,True,False
Brunei Darussalam,1964-02-01,1964,2,0.565,0.565,True,False,True,False
Brunei Darussalam,1964-03-01,1964,3,-0.016,-0.016,True,False,True,False
Brunei Darussalam,1964-04-01,1964,4,0.04,0.04,True,False,True,False
Brunei Darussalam,1964-05-01,1964,5,0.146,0.146,True,False,True,False
Brunei Darussalam,1964-06-01,1964,6,-0.056,-0.056,True,False,True,False
Brunei Darussalam,1964-07-01,1964,7,-0.207,-0.207,True,False,True,False
Brunei Darussalam,1964-08-01,1964,8,0.072,0.072,True,False,True,False
Brunei Darussalam,1964-09-01,1964,9,0.084,0.084,True,False,True,False
Brunei Darussalam,1964-10-01,1964,10,-0.051,-0.051,True,False,True,False
Brunei Darussalam,1964-11-01,1964,11,-0.437,-0.437,True,False,True,False
Brunei Darussalam,1964-12-01,1964,12,-0.611,-0.611,True,False,True,False
Brunei Darussalam,1965-01-01,1965,1,-1.007,-1.007,True,False,True,False
Brunei Darussalam,1965-02-01,1965,2,-0.387,-0.387,True,False,True,False
Brunei Darussalam,1965-03-01,1965,3,-0.104,-0.104,True,False,True,False
Brunei Darussalam,1965-04-01,1965,4,-0.334,-0.334,True,False,True,False
Brunei Darussalam,1965-05-01,1965,5,-0.44,-0.44,True,False,True,False
Brunei Darussalam,1965-06-01,1965,6,0.015,0.015,True,False,True,False
Brunei Darussalam,1965-07-01,1965,7,-0.002,-0.002,True,False,True,False
Brunei Darussalam,1965-08-01,1965,8,-0.393,-0.393,True,False,True,False
Brunei Darussalam,1965-09-01,1965,9,-0.066,-0.066,True,False,True,False
Brunei Darussalam,1965-10-01,1965,10,0.123,0.123,True,False,True,False
Brunei Darussalam,1965-11-01,1965,11,0.341,0.341,True,False,True,False
Brunei Darussalam,1965-12-01,1965,12,0.257,0.257,True,False,True,False
Brunei Darussalam,1966-01-01,1966,1,0.589,0.589,True,False,True,False
Brunei Darussalam,1966-02-01,1966,2,0.276,0.276,True,False,True,False
Brunei Darussalam,1966-03-01,1966,3,0.402,0.402,True,False,True,False
Brunei Darussalam,1966-04-01,1966,4,0.317,0.317,True,False,True,False
Brunei Darussalam,1966-05-01,1966,5,0.431,0.431,True,False,True,False
Brunei Darussalam,1966-06-01,1966,6,-0.126,-0.126,True,False,True,False
Brunei Darussalam,1966-07-01,1966,7,-0.061,-0.061,True,False,True,False
Brunei Darussalam,1966-08-01,1966,8,-0.126,-0.126,True,False,True,False
Brunei Darussalam,1966-09-01,1966,9,0.263,0.263,True,False,True,False
Brunei Darussalam,1966-10-01,1966,10,-0.087,-0.087,True,False,True,False
Brunei Darussalam,1966-11-01,1966,11,0.156,0.156,True,False,True,False
Brunei Darussalam,1966-12-01,1966,12,0.236,0.236,True,False,True,False
Brunei Darussalam,1967-01-01,1967,1,-0.021,-0.021,True,False,True,False
Brunei Darussalam,1967-02-01,1967,2,-0.193,-0.193,True,False,True,False
Brunei Darussalam,1967-03-01,1967,3,-0.2,-0.2,True,False,True,False
Brunei Darussalam,1967-04-01,1967,4,-0.315,-0.315,True,False,True,False
Brunei Darussalam,1967-05-01,1967,5,-0.189,-0.189,True,False,True,False
Brunei Darussalam,1967-06-01,1967,6,0.011,0.011,True,False,True,False
Brunei Darussalam,1967-07-01,1967,7,0.161,0.161,True,False,True,False
Brunei Darussalam,1967-08-01,1967,8,0.25,0.25,True,False,True,False
Brunei Darussalam,1967-09-01,1967,9,-0.139,-0.139,True,False,True,False
Brunei Darussalam,1967-10-01,1967,10,-0.261,-0.261,True,False,True,False
Brunei Darussalam,1967-11-01,1967,11,-0.199,-0.199,True,False,True,False
Brunei Darussalam,1967-12-01,1967,12,-0.12,-0.12,True,False,True,False
Brunei Darussalam,1968-01-01,1968,1,-0.422,-0.422,True,False,True,False
Brunei Darussalam,1968-02-01,1968,2,-0.623,-0.623,True,False,True,False
Brunei Darussalam,1968-03-01,1968,3,-0.158,-0.158,True,False,True,False
Brunei Darussalam,1968-04-01,1968,4,-0.182,-0.182,True,False,True,False
Brunei Darussalam,1968-05-01,1968,5,-0.191,-0.191,True,False,True,False
Brunei Darussalam,1968-06-01,1968,6,-0.036,-0.036,True,False,True,False
Brunei Darussalam,1968-07-01,1968,7,-0.057,-0.057,True,False,True,False
Brunei Darussalam,1968-08-01,1968,8,0.035,0.035,True,False,True,False
Brunei Darussalam,1968-09-01,1968,9,0.19,0.19,True,False,True,False
Brunei Darussalam,1968-10-01,1968,10,-0.084,-0.084,True,False,True,False
Brunei Darussalam,1968-11-01,1968,11,-0.059,-0.059,True,False,True,False
Brunei Darussalam,1968-12-01,1968,12,0.283,0.283,True,False,True,False
Brunei Darussalam,1969-01-01,1969,1,0.575,0.575,True,False,True,False
Brunei Darussalam,1969-02-01,1969,2,0.389,0.389,True,False,True,False
Brunei Darussalam,1969-03-01,1969,3,0.316,0.316,True,False,True,False
Brunei Darussalam,1969-04-01,1969,4,0.468,0.468,True,False,True,False
Brunei Darussalam,1969-05-01,1969,5,0.396,0.396,True,False,True,False
Brunei Darussalam,1969-06-01,1969,6,0.407,0.407,True,False,True,False
Brunei Darussalam,1969-07-01,1969,7,0.215,0.215,True,False,True,False
Brunei Darussalam,1969-08-01,1969,8,-0.195,-0.195,True,False,True,False
Brunei Darussalam,1969-09-01,1969,9,0.33,0.33,True,False,True,False
Brunei Darussalam,1969-10-01,1969,10,0.113,0.113,True,False,True,False
Brunei Darussalam,1969-11-01,1969,11,0.023,0.023,True,False,True,False
Brunei Darussalam,1969-12-01,1969,12,-0.099,-0.099,True,False,True,False
Brunei Darussalam,1970-01-01,1970,1,0.328,0.328,True,False,True,False
Brunei Darussalam,1970-02-01,1970,2,0.095,0.095,True,False,True,False
Brunei Darussalam,1970-03-01,1970,3,0.521,0.521,True,False,True,False
Brunei Darussalam,1970-04-01,1970,4,0.277,0.277,True,False,True,False
Brunei Darussalam,1970-05-01,1970,5,0.216,0.216,True,False,True,False
Brunei Darussalam,1970-06-01,1970,6,0.206,0.206,True,False,True,False
Brunei Darussalam,1970-07-01,1970,7,0.059,0.059,True,False,True,False
Brunei Darussalam,1970-08-01,1970,8,0.097,0.097,True,False,True,False
Brunei Darussalam,1970-09-01,1970,9,-0.011,-0.011,True,False,True,False
Brunei Darussalam,1970-10-01,1970,10,0.148,0.148,True,False,True,False
Brunei Darussalam,1970-11-01,1970,11,-0.051,-0.051,True,False,True,False
Brunei Darussalam,1970-12-01,1970,12,0.102,0.102,True,False,True,False
Brunei Darussalam,1971-01-01,1971,1,-0.213,-0.213,True,False,True,False
Brunei Darussalam,1971-02-01,1971,2,-0.435,-0.435,True,False,True,False
Brunei Darussalam,1971-03-01,1971,3,-0.21,-0.21,True,False,True,False
Brunei Darussalam,1971-04-01,1971,4,-0.368,-0.368,True,False,True,False
Brunei Darussalam,1971-05-01,1971,5,-0.053,-0.053,True,False,True,False
Brunei Darussalam,1971-06-01,1971,6,-0.26,-0.26,True,False,True,False
Brunei Darussalam,1971-07-01,1971,7,-0.068,-0.068,True,False,True,False
Brunei Darussalam,1971-08-01,1971,8,-0.734,-0.734,True,False,True,False
Brunei Darussalam,1971-09-01,1971,9,-0.175,-0.175,True,False,True,False
Brunei Darussalam,1971-10-01,1971,10,-0.079,-0.079,True,False,True,False
Brunei Darussalam,1971-11-01,1971,11,-0.191,-0.191,True,False,True,False
Brunei Darussalam,1971-12-01,1971,12,-0.21,-0.21,True,False,True,False
Brunei Darussalam,1972-01-01,1972,1,-0.601,-0.601,True,False,True,False
Brunei Darussalam,1972-02-01,1972,2,0.093,0.093,True,False,True,False
Brunei Darussalam,1972-03-01,1972,3,-0.473,-0.473,True,False,True,False
Brunei Darussalam,1972-04-01,1972,4,-0.144,-0.144,True,False,True,False
Brunei Darussalam,1972-05-01,1972,5,0.029,0.029,True,False,True,False
Brunei Darussalam,1972-06-01,1972,6,0.015,0.015,True,False,True,False
Brunei Darussalam,1972-07-01,1972,7,0.833,0.833,True,False,True,False
Brunei Darussalam,1972-08-01,1972,8,0.045,0.045,True,False,True,False
Brunei Darussalam,1972-09-01,1972,9,0.194,0.194,True,False,True,False
Brunei Darussalam,1972-10-01,1972,10,0.283,0.283,True,False,True,False
Brunei Darussalam,1972-11-01,1972,11,0.336,0.336,True,False,True,False
Brunei Darussalam,1972-12-01,1972,12,0.726,0.726,True,False,True,False
Brunei Darussalam,1973-01-01,1973,1,0.533,0.533,True,False,True,False
Brunei Darussalam,1973-02-01,1973,2,0.828,0.828,True,False,True,False
Brunei Darussalam,1973-03-01,1973,3,0.557,0.557,True,False,True,False
Brunei Darussalam,1973-04-01,1973,4,0.428,0.428,True,False,True,False
Brunei Darussalam,1973-05-01,1973,5,-0.03,-0.03,True,False,True,False
Brunei Darussalam,1973-06-01,1973,6,0.196,0.196,True,False,True,False
Brunei Darussalam,1973-07-01,1973,7,0.307,0.307,True,False,True,False
Brunei Darussalam,1973-08-01,1973,8,-0.003,-0.003,True,False,True,False
Brunei Darussalam,1973-09-01,1973,9,-0.34,-0.34,True,False,True,False
Brunei Darussalam,1973-10-01,1973,10,0.236,0.236,True,False,True,False
Brunei Darussalam,1973-11-01,1973,11,-0.117,-0.117,True,False,True,False
Brunei Darussalam,1973-12-01,1973,12,-0.199,-0.199,True,False,True,False
Brunei Darussalam,1974-01-01,1974,1,-0.574,-0.574,True,False,True,False
Brunei Darussalam,1974-02-01,1974,2,-0.147,-0.147,True,False,True,False
Brunei Darussalam,1974-03-01,1974,3,-0.49,-0.49,True,False,True,False
Brunei Darussalam,1974-04-01,1974,4,-0.118,-0.118,True,False,True,False
Brunei Darussalam,1974-05-01,1974,5,-0.075,-0.075,True,False,True,False
Brunei Darussalam,1974-06-01,1974,6,-0.048,-0.048,True,False,True,False
Brunei Darussalam,1974-07-01,1974,7,-0.087,-0.087,True,False,True,False
Brunei Darussalam,1974-08-01,1974,8,0.339,0.339,True,False,True,False
Brunei Darussalam,1974-09-01,1974,9,-0.144,-0.144,True,False,True,False
Brunei Darussalam,1974-10-01,1974,10,0.106,0.106,True,False,True,False
Brunei Darussalam,1974-11-01,1974,11,0.261,0.261,True,False,True,False
Brunei Darussalam,1974-12-01,1974,12,-0.03,-0.03,True,False,True,False
Brunei Darussalam,1975-01-01,1975,1,0.524,0.524,True,False,True,False
Brunei Darussalam,1975-02-01,1975,2,0.234,0.234,True,False,True,False
Brunei Darussalam,1975-03-01,1975,3,-0.015,-0.015,True,False,True,False
Brunei Darussalam,1975-04-01,1975,4,0.35,0.35,True,False,True,False
Brunei Darussalam,1975-05-01,1975,5,0.115,0.115,True,False,True,False
Brunei Darussalam,1975-06-01,1975,6,0.089,0.089,True,False,True,False
Brunei Darussalam,1975-07-01,1975,7,-0.153,-0.153,True,False,True,False
Brunei Darussalam,1975-08-01,1975,8,0.456,0.456,True,False,True,False
Brunei Darussalam,1975-09-01,1975,9,-0.092,-0.092,True,False,True,False
Brunei Darussalam,1975-10-01,1975,10,0.323,0.323,True,False,True,False
Brunei Darussalam,1975-11-01,1975,11,0.036,0.036,True,False,True,False
Brunei Darussalam,1975-12-01,1975,12,0.02,0.02,True,False,True,False
Brunei Darussalam,1976-01-01,1976,1,-0.95,-0.95,True,False,True,False
Brunei Darussalam,1976-02-01,1976,2,-0.603,-0.603,True,False,True,False
Brunei Darussalam,1976-03-01,1976,3,0.006,0.006,True,False,True,False
Brunei Darussalam,1976-04-01,1976,4,-0.383,-0.383,True,False,True,False
Brunei Darussalam,1976-05-01,1976,5,-0.232,-0.232,True,False,True,False
Brunei Darussalam,1976-06-01,1976,6,-0.173,-0.173,True,False,True,False
Brunei Darussalam,1976-07-01,1976,7,-0.127,-0.127,True,False,True,False
Brunei Darussalam,1976-08-01,1976,8,-0.166,-0.166,True,False,True,False
Brunei Darussalam,1976-09-01,1976,9,0.5,0.5,True,False,True,False
Brunei Darussalam,1976-10-01,1976,10,-0.729,-0.729,True,False,True,False
Brunei Darussalam,1976-11-01,1976,11,-0.052,-0.052,True,False,True,False
Brunei Darussalam,1976-12-01,1976,12,-0.188,-0.188,True,False,True,False
Brunei Darussalam,1977-01-01,1977,1,-0.199,-0.199,True,False,True,False
Brunei Darussalam,1977-02-01,1977,2,-0.392,-0.392,True,False,True,False
Brunei Darussalam,1977-03-01,1977,3,-0.191,-0.191,True,False,True,False
Brunei Darussalam,1977-04-01,1977,4,0.317,0.317,True,False,True,False
Brunei Darussalam,1977-05-01,1977,5,-0.167,-0.167,True,False,True,False
Brunei Darussalam,1977-06-01,1977,6,0.105,0.105,True,False,True,False
Brunei Darussalam,1977-07-01,1977,7,-0.13,-0.13,True,False,True,False
Brunei Darussalam,1977-08-01,1977,8,0.126,0.126,True,False,True,False
Brunei Darussalam,1977-09-01,1977,9,1.024,1.024,True,False,True,False
Brunei Darussalam,1977-10-01,1977,10,-0.03,-0.03,True,False,True,False
Brunei Darussalam,1977-11-01,1977,11,0.09,0.09,True,False,True,False
Brunei Darussalam,1977-12-01,1977,12,0.023,0.023,True,False,True,False
Brunei Darussalam,1978-01-01,1978,1,0.023,0.023,True,False,True,False
Brunei Darussalam,1978-02-01,1978,2,0.228,0.228,True,False,True,False
Brunei Darussalam,1978-03-01,1978,3,0.534,0.534,True,False,True,False
Brunei Darussalam,1978-04-01,1978,4,0.354,0.354,True,False,True,False
Brunei Darussalam,1978-05-01,1978,5,0.108,0.108,True,False,True,False
Brunei Darussalam,1978-06-01,1978,6,0.146,0.146,True,False,True,False
Brunei Darussalam,1978-07-01,1978,7,-0.066,-0.066,True,False,True,False
Brunei Darussalam,1978-08-01,1978,8,0.388,0.388,True,False,True,False
Brunei Darussalam,1978-09-01,1978,9,0.047,0.047,True,False,True,False
Brunei Darussalam,1978-10-01,1978,10,0.293,0.293,True,False,True,False
Brunei Darussalam,1978-11-01,1978,11,-0.091,-0.091,True,False,True,False
Brunei Darussalam,1978-12-01,1978,12,0.282,0.282,True,False,True,False
Brunei Darussalam,1979-01-01,1979,1,0.232,0.232,True,False,True,False
Brunei Darussalam,1979-02-01,1979,2,0.259,0.259,True,False,True,False
Brunei Darussalam,1979-03-01,1979,3,0.325,0.325,True,False,True,False
Brunei Darussalam,1979-04-01,1979,4,0.16,0.16,True,False,True,False
Brunei Darussalam,1979-05-01,1979,5,0.245,0.245,True,False,True,False
Brunei Darussalam,1979-06-01,1979,6,0.004,0.004,True,False,True,False
Brunei Darussalam,1979-07-01,1979,7,-0.194,-0.194,True,False,True,False
Brunei Darussalam,1979-08-01,1979,8,0.548,0.548,True,False,True,False
Brunei Darussalam,1979-09-01,1979,9,-0.369,-0.369,True,False,True,False
Brunei Darussalam,1979-10-01,1979,10,-0.002,-0.002,True,False,True,False
Brunei Darussalam,1979-11-01,1979,11,0.042,0.042,True,False,True,False
Brunei Darussalam,1979-12-01,1979,12,0.034,0.034,True,False,True,False
Brunei Darussalam,1980-01-01,1980,1,0.073,0.073,True,False,True,False
Brunei Darussalam,1980-02-01,1980,2,0.145,0.145,True,False,True,False
Brunei Darussalam,1980-03-01,1980,3,0.037,0.037,True,False,True,False
Brunei Darussalam,1980-04-01,1980,4,0.145,0.145,True,False,True,False
Brunei Darussalam,1980-05-01,1980,5,0.194,0.194,True,False,True,False
Brunei Darussalam,1980-06-01,1980,6,0.088,0.088,True,False,True,False
Brunei Darussalam,1980-07-01,1980,7,0.329,0.329,True,False,True,False
Brunei Darussalam,1980-08-01,1980,8,-0.369,-0.369,True,False,True,False
Brunei Darussalam,1980-09-01,1980,9,0.449,0.449,True,False,True,False
Brunei Darussalam,1980-10-01,1980,10,0.199,0.199,True,False,True,False
Brunei Darussalam,1980-11-01,1980,11,0.099,0.099,True,False,True,False
Brunei Darussalam,1980-12-01,1980,12,-0.138,-0.138,True,False,True,False
Brunei Darussalam,1981-01-01,1981,1,-0.711,-0.711,True,False,True,False
Brunei Darussalam,1981-02-01,1981,2,-0.028,-0.028,True,False,True,False
Brunei Darussalam,1981-03-01,1981,3,0.464,0.464,True,False,True,False
Brunei Darussalam,1981-04-01,1981,4,0.17,0.17,True,False,True,False
Brunei Darussalam,1981-05-01,1981,5,-0.054,-0.054,True,False,True,False
Brunei Darussalam,1981-06-01,1981,6,0.36,0.36,True,False,True,False
Brunei Darussalam,1981-07-01,1981,7,0.198,0.198,True,False,True,False
Brunei Darussalam,1981-08-01,1981,8,0.7,0.7,True,False,True,False
Brunei Darussalam,1981-09-01,1981,9,-0.084,-0.084,True,False,True,False
Brunei Darussalam,1981-10-01,1981,10,-0.004,-0.004,True,False,True,False
Brunei Darussalam,1981-11-01,1981,11,-0.06,-0.06,True,False,True,False
Brunei Darussalam,1981-12-01,1981,12,-0.011,-0.011,True,False,True,False
Brunei Darussalam,1982-01-01,1982,1,0.043,0.043,True,False,True,False
Brunei Darussalam,1982-02-01,1982,2,-0.093,-0.093,True,False,True,False
Brunei Darussalam,1982-03-01,1982,3,0.066,0.066,True,False,True,False
Brunei Darussalam,1982-04-01,1982,4,-0.088,-0.088,True,False,True,False
Brunei Darussalam,1982-05-01,1982,5,-0.291,-0.291,True,False,True,False
Brunei Darussalam,1982-06-01,1982,6,0.148,0.148,True,False,True,False
Brunei Darussalam,1982-07-01,1982,7,0.147,0.147,True,False,True,False
Brunei Darussalam,1982-08-01,1982,8,0.035,0.035,True,False,True,False
Brunei Darussalam,1982-09-01,1982,9,0.267,0.267,True,False,True,False
Brunei Darussalam,1982-10-01,1982,10,0.184,0.184,True,False,True,False
Brunei Darussalam,1982-11-01,1982,11,0.64,0.64,True,False,True,False
Brunei Darussalam,1982-12-01,1982,12,0.77,0.77,True,False,True,False
Brunei Darussalam,1983-01-01,1983,1,0.899,0.899,True,False,True,False
Brunei Darussalam,1983-02-01,1983,2,1.064,1.064,True,False,True,False
Brunei Darussalam,1983-03-01,1983,3,1.479,1.479,True,False,True,False
Brunei Darussalam,1983-04-01,1983,4,1.306,1.306,True,False,True,False
Brunei Darussalam,1983-05-01,1983,5,0.146,0.146,True,False,True,False
Brunei Darussalam,1983-06-01,1983,6,0.338,0.338,True,False,True,False
Brunei Darussalam,1983-07-01,1983,7,0.304,0.304,True,False,True,False
Brunei Darussalam,1983-08-01,1983,8,0.3,0.3,True,False,True,False
Brunei Darussalam,1983-09-01,1983,9,-0.12,-0.12,True,False,True,False
Brunei Darussalam,1983-10-01,1983,10,0.172,0.172,True,False,True,False
Brunei Darussalam,1983-11-01,1983,11,-0.279,-0.279,True,False,True,False
Brunei Darussalam,1983-12-01,1983,12,0.067,0.067,True,False,True,False
Brunei Darussalam,1984-01-01,1984,1,-0.069,-0.069,True,False,True,False
Brunei Darussalam,1984-02-01,1984,2,-0.37,-0.37,True,False,True,False
Brunei Darussalam,1984-03-01,1984,3,-0.178,-0.178,True,False,True,False
Brunei Darussalam,1984-04-01,1984,4,-0.184,-0.184,True,False,True,False
Brunei Darussalam,1984-05-01,1984,5,-0.912,-0.912,True,False,True,False
Brunei Darussalam,1984-06-01,1984,6,0.001,0.001,True,False,True,False
Brunei Darussalam,1984-07-01,1984,7,-0.458,-0.458,True,False,True,False
Brunei Darussalam,1984-08-01,1984,8,0.339,0.339,True,False,True,False
Brunei Darussalam,1984-09-01,1984,9,-0.479,-0.479,True,False,True,False
Brunei Darussalam,1984-10-01,1984,10,-0.272,-0.272,True,False,True,False
Brunei Darussalam,1984-11-01,1984,11,-0.039,-0.039,True,False,True,False
Brunei Darussalam,1984-12-01,1984,12,0.265,0.265,True,False,True,False
Brunei Darussalam,1985-01-01,1985,1,0.053,0.053,True,False,True,False
Brunei Darussalam,1985-02-01,1985,2,0.744,0.744,True,False,True,False
Brunei Darussalam,1985-03-01,1985,3,0.359,0.359,True,False,True,False
Brunei Darussalam,1985-04-01,1985,4,-0.117,-0.117,True,False,True,False
Brunei Darussalam,1985-05-01,1985,5,-0.117,-0.117,True,False,True,False
Brunei Darussalam,1985-06-01,1985,6,0.305,0.305,True,False,True,False
Brunei Darussalam,1985-07-01,1985,7,-0.406,-0.406,True,False,True,False
Brunei Darussalam,1985-08-01,1985,8,0.057,0.057,True,False,True,False
Brunei Darussalam,1985-09-01,1985,9,-0.56,-0.56,True,False,True,False
Brunei Darussalam,1985-10-01,1985,10,-0.327,-0.327,True,False,True,False
Brunei Darussalam,1985-11-01,1985,11,0.083,0.083,True,False,True,False
Brunei Darussalam,1985-12-01,1985,12,-0.043,-0.043,True,False,True,False
Brunei Darussalam,1986-01-01,1986,1,-0.222,-0.222,True,False,True,False
Brunei Darussalam,1986-02-01,1986,2,-0.167,-0.167,True,False,True,False
Brunei Darussalam,1986-03-01,1986,3,-0.212,-0.212,True,False,True,False
Brunei Darussalam,1986-04-01,1986,4,0.048,0.048,True,False,True,False
Brunei Darussalam,1986-05-01,1986,5,0.217,0.217,True,False,True,False
Brunei Darussalam,1986-06-01,1986,6,0.149,0.149,True,False,True,False
Brunei Darussalam,1986-07-01,1986,7,0.154,0.154,True,False,True,False
Brunei Darussalam,1986-08-01,1986,8,-0.231,-0.231,True,False,True,False
Brunei Darussalam,1986-09-01,1986,9,-0.179,-0.179,True,False,True,False
Brunei Darussalam,1986-10-01,1986,10,0.04,0.04,True,False,True,False
Brunei Darussalam,1986-11-01,1986,11,-0.12,-0.12,True,False,True,False
Brunei Darussalam,1986-12-01,1986,12,0.532,0.532,True,False,True,False
Brunei Darussalam,1987-01-01,1987,1,0.081,0.081,True,False,True,False
Brunei Darussalam,1987-02-01,1987,2,-0.347,-0.347,True,False,True,False
Brunei Darussalam,1987-03-01,1987,3,0.705,0.705,True,False,True,False
Brunei Darussalam,1987-04-01,1987,4,0.665,0.665,True,False,True,False
Brunei Darussalam,1987-05-01,1987,5,-0.222,-0.222,True,False,True,False
Brunei Darussalam,1987-06-01,1987,6,0.635,0.635,True,False,True,False
Brunei Darussalam,1987-07-01,1987,7,0.446,0.446,True,False,True,False
Brunei Darussalam,1987-08-01,1987,8,0.027,0.027,True,False,True,False
Brunei Darussalam,1987-09-01,1987,9,0.412,0.412,True,False,True,False
Brunei Darussalam,1987-10-01,1987,10,0.539,0.539,True,False,True,False
Brunei Darussalam,1987-11-01,1987,11,0.479,0.479,True,False,True,False
Brunei Darussalam,1987-12-01,1987,12,0.495,0.495,True,False,True,False
Brunei Darussalam,1988-01-01,1988,1,0.861,0.861,True,False,True,False
Brunei Darussalam,1988-02-01,1988,2,0.48,0.48,True,False,True,False
Brunei Darussalam,1988-03-01,1988,3,0.657,0.657,True,False,True,False
Brunei Darussalam,1988-04-01,1988,4,0.666,0.666,True,False,True,False
Brunei Darussalam,1988-05-01,1988,5,0.027,0.027,True,False,True,False
Brunei Darussalam,1988-06-01,1988,6,0.511,0.511,True,False,True,False
Brunei Darussalam,1988-07-01,1988,7,0.218,0.218,True,False,True,False
Brunei Darussalam,1988-08-01,1988,8,0.001,0.001,True,False,True,False
Brunei Darussalam,1988-09-01,1988,9,0.048,0.048,True,False,True,False
Brunei Darussalam,1988-10-01,1988,10,0.327,0.327,True,False,True,False
Brunei Darussalam,1988-11-01,1988,11,-0.154,-0.154,True,False,True,False
Brunei Darussalam,1988-12-01,1988,12,-0.557,-0.557,True,False,True,False
Brunei Darussalam,1989-01-01,1989,1,0.481,0.481,True,False,True,False
Brunei Darussalam,1989-02-01,1989,2,-0.372,-0.372,True,False,True,False
Brunei Darussalam,1989-03-01,1989,3,-0.358,-0.358,True,False,True,False
Brunei Darussalam,1989-04-01,1989,4,-0.33,-0.33,True,False,True,False
Brunei Darussalam,1989-05-01,1989,5,-0.253,-0.253,True,False,True,False
Brunei Darussalam,1989-06-01,1989,6,-0.015,-0.015,True,False,True,False
Brunei Darussalam,1989-07-01,1989,7,0.213,0.213,True,False,True,False
Brunei Darussalam,1989-08-01,1989,8,0.179,0.179,True,False,True,False
Brunei Darussalam,1989-09-01,1989,9,0.119,0.119,True,False,True,False
Brunei Darussalam,1989-10-01,1989,10,0.094,0.094,True,False,True,False
Brunei Darussalam,1989-11-01,1989,11,0.215,0.215,True,False,True,False
Brunei Darussalam,1989-12-01,1989,12,0.375,0.375,True,False,True,False
Brunei Darussalam,1990-01-01,1990,1,0.183,0.183,True,False,True,False
Brunei Darussalam,1990-02-01,1990,2,0.571,0.571,True,False,True,False
Brunei Darussalam,1990-03-01,1990,3,0.075,0.075,True,False,True,False
Brunei Darussalam,1990-04-01,1990,4,0.627,0.627,True,False,True,False
Brunei Darussalam,1990-05-01,1990,5,0.199,0.199,True,False,True,False
Brunei Darussalam,1990-06-01,1990,6,0.503,0.503,True,False,True,False
Brunei Darussalam,1990-07-01,1990,7,0.308,0.308,True,False,True,False
Brunei Darussalam,1990-08-01,1990,8,0.371,0.371,True,False,True,False
Brunei Darussalam,1990-09-01,1990,9,0.113,0.113,True,False,True,False
Brunei Darussalam,1990-10-01,1990,10,0.693,0.693,True,False,True,False
Brunei Darussalam,1990-11-01,1990,11,0.07,0.07,True,False,True,False
Brunei Darussalam,1990-12-01,1990,12,0.626,0.626,True,False,True,False
Brunei Darussalam,1991-01-01,1991,1,0.471,0.471,True,False,True,False
Brunei Darussalam,1991-02-01,1991,2,0.178,0.178,True,False,True,False
Brunei Darussalam,1991-03-01,1991,3,0.53,0.53,True,False,True,False
Brunei Darussalam,1991-04-01,1991,4,0.21,0.21,True,False,True,False
Brunei Darussalam,1991-05-01,1991,5,0.115,0.115,True,False,True,False
Brunei Darussalam,1991-06-01,1991,6,0.922,0.922,True,False,True,False
Brunei Darussalam,1991-07-01,1991,7,0.621,0.621,True,False,True,False
Brunei Darussalam,1991-08-01,1991,8,0.462,0.462,True,False,True,False
Brunei Darussalam,1991-09-01,1991,9,0.23,0.23,True,False,True,False
Brunei Darussalam,1991-10-01,1991,10,0.01,0.01,True,False,True,False
Brunei Darussalam,1991-11-01,1991,11,0.031,0.031,True,False,True,False
Brunei Darussalam,1991-12-01,1991,12,0.499,0.499,True,False,True,False
Brunei Darussalam,1992-01-01,1992,1,0.29,0.29,True,False,True,False
Brunei Darussalam,1992-02-01,1992,2,0.366,0.366,True,False,True,False
Brunei Darussalam,1992-03-01,1992,3,0.797,0.797,True,False,True,False
Brunei Darussalam,1992-04-01,1992,4,0.805,0.805,True,False,True,False
Brunei Darussalam,1992-05-01,1992,5,-0.077,-0.077,True,False,True,False
Brunei Darussalam,1992-06-01,1992,6,0.104,0.104,True,False,True,False
Brunei Darussalam,1992-07-01,1992,7,0.16,0.16,True,False,True,False
Brunei Darussalam,1992-08-01,1992,8,0.617,0.617,True,False,True,False
Brunei Darussalam,1992-09-01,1992,9,0.234,0.234,True,False,True,False
Brunei Darussalam,1992-10-01,1992,10,-0.255,-0.255,True,False,True,False
Brunei Darussalam,1992-11-01,1992,11,-0.267,-0.267,True,False,True,False
Brunei Darussalam,1992-12-01,1992,12,0.182,0.182,True,False,True,False
Brunei Darussalam,1993-01-01,1993,1,0.182,0.182,True,False,True,False
Brunei Darussalam,1993-02-01,1993,2,0.018,0.018,True,False,True,False
Brunei Darussalam,1993-03-01,1993,3,0.049,0.049,True,False,True,False
Brunei Darussalam,1993-04-01,1993,4,0.195,0.195,True,False,True,False
Brunei Darussalam,1993-05-01,1993,5,-0.321,-0.321,True,False,True,False
Brunei Darussalam,1993-06-01,1993,6,0.559,0.559,True,False,True,False
Brunei Darussalam,1993-07-01,1993,7,0.103,0.103,True,False,True,False
Brunei Darussalam,1993-08-01,1993,8,0.494,0.494,True,False,True,False
Brunei Darussalam,1993-09-01,1993,9,-0.108,-0.108,True,False,True,False
Brunei Darussalam,1993-10-01,1993,10,-0.04,-0.04,True,False,True,False
Brunei Darussalam,1993-11-01,1993,11,0.489,0.489,True,False,True,False
Brunei Darussalam,1993-12-01,1993,12,0.352,0.352,True,False,True,False
Brunei Darussalam,1994-01-01,1994,1,0.789,0.789,True,False,True,False
Brunei Darussalam,1994-02-01,1994,2,0.421,0.421,True,False,True,False
Brunei Darussalam,1994-03-01,1994,3,-0.006,-0.006,True,False,True,False
Brunei Darussalam,1994-04-01,1994,4,0.029,0.029,True,False,True,False
Brunei Darussalam,1994-05-01,1994,5,-0.075,-0.075,True,False,True,False
Brunei Darussalam,1994-06-01,1994,6,0.307,0.307,True,False,True,False
Brunei Darussalam,1994-07-01,1994,7,0.681,0.681,True,False,True,False
Brunei Darussalam,1994-08-01,1994,8,0.216,0.216,True,False,True,False
Brunei Darussalam,1994-09-01,1994,9,0.404,0.404,True,False,True,False
Brunei Darussalam,1994-10-01,1994,10,0.294,0.294,True,False,True,False
Brunei Darussalam,1994-11-01,1994,11,0.678,0.678,True,False,True,False
Brunei Darussalam,1994-12-01,1994,12,0.527,0.527,True,False,True,False
Brunei Darussalam,1995-01-01,1995,1,0.567,0.567,True,False,True,False
Brunei Darussalam,1995-02-01,1995,2,0.295,0.295,True,False,True,False
Brunei Darussalam,1995-03-01,1995,3,0.237,0.237,True,False,True,False
Brunei Darussalam,1995-04-01,1995,4,0.318,0.318,True,False,True,False
Brunei Darussalam,1995-05-01,1995,5,0.224,0.224,True,False,True,False
Brunei Darussalam,1995-06-01,1995,6,0.61,0.61,True,False,True,False
Brunei Darussalam,1995-07-01,1995,7,0.23,0.23,True,False,True,False
Brunei Darussalam,1995-08-01,1995,8,0.095,0.095,True,False,True,False
Brunei Darussalam,1995-09-01,1995,9,0.081,0.081,True,False,True,False
Brunei Darussalam,1995-10-01,1995,10,0.465,0.465,True,False,True,False
Brunei Darussalam,1995-11-01,1995,11,0.128,0.128,True,False,True,False
Brunei Darussalam,1995-12-01,1995,12,0.25,0.25,True,False,True,False
Brunei Darussalam,1996-01-01,1996,1,-0.149,-0.149,True,False,True,False
Brunei Darussalam,1996-02-01,1996,2,-0.13,-0.13,True,False,True,False
Brunei Darussalam,1996-03-01,1996,3,0.342,0.342,True,False,True,False
Brunei Darussalam,1996-04-01,1996,4,0.172,0.172,True,False,True,False
Brunei Darussalam,1996-05-01,1996,5,0.135,0.135,True,False,True,False
Brunei Darussalam,1996-06-01,1996,6,0.368,0.368,True,False,True,False
Brunei Darussalam,1996-07-01,1996,7,0.805,0.805,True,False,True,False
Brunei Darussalam,1996-08-01,1996,8,0.203,0.203,True,False,True,False
Brunei Darussalam,1996-09-01,1996,9,0.405,0.405,True,False,True,False
Brunei Darussalam,1996-10-01,1996,10,0.036,0.036,True,False,True,False
Brunei Darussalam,1996-11-01,1996,11,0.361,0.361,True,False,True,False
Brunei Darussalam,1996-12-01,1996,12,-0.004,-0.004,True,False,True,False
Brunei Darussalam,1997-01-01,1997,1,0.294,0.294,True,False,True,False
Brunei Darussalam,1997-02-01,1997,2,-0.26,-0.26,True,False,True,False
Brunei Darussalam,1997-03-01,1997,3,0.503,0.503,True,False,True,False
Brunei Darussalam,1997-04-01,1997,4,0.286,0.286,True,False,True,False
Brunei Darussalam,1997-05-01,1997,5,0.129,0.129,True,False,True,False
Brunei Darussalam,1997-06-01,1997,6,0.981,0.981,True,False,True,False
Brunei Darussalam,1997-07-01,1997,7,0.709,0.709,True,False,True,False
Brunei Darussalam,1997-08-01,1997,8,1.154,1.154,True,False,True,False
Brunei Darussalam,1997-09-01,1997,9,0.68,0.68,True,False,True,False
Brunei Darussalam,1997-10-01,1997,10,0.651,0.651,True,False,True,False
Brunei Darussalam,1997-11-01,1997,11,0.709,0.709,True,False,True,False
Brunei Darussalam,1997-12-01,1997,12,1.161,1.161,True,False,True,False
Brunei Darussalam,1998-01-01,1998,1,1.546,1.546,True,False,True,False
Brunei Darussalam,1998-02-01,1998,2,1.319,1.319,True,False,True,False
Brunei Darussalam,1998-03-01,1998,3,1.961,1.961,True,False,True,False
Brunei Darussalam,1998-04-01,1998,4,1.558,1.558,True,False,True,False
Brunei Darussalam,1998-05-01,1998,5,1.397,1.397,True,False,True,False
Brunei Darussalam,1998-06-01,1998,6,1.118,1.118,True,False,True,False
Brunei Darussalam,1998-07-01,1998,7,0.914,0.914,True,False,True,False
Brunei Darussalam,1998-08-01,1998,8,0.351,0.351,True,False,True,False
Brunei Darussalam,1998-09-01,1998,9,0.678,0.678,True,False,True,False
Brunei Darussalam,1998-10-01,1998,10,0.861,0.861,True,False,True,False
Brunei Darussalam,1998-11-01,1998,11,0.626,0.626,True,False,True,False
Brunei Darussalam,1998-12-01,1998,12,0.541,0.541,True,False,True,False
Brunei Darussalam,1999-01-01,1999,1,0.697,0.697,True,False,True,False
Brunei Darussalam,1999-02-01,1999,2,0.359,0.359,True,False,True,False
Brunei Darussalam,1999-03-01,1999,3,0.48,0.48,True,False,True,False
Brunei Darussalam,1999-04-01,1999,4,0.206,0.206,True,False,True,False
Brunei Darussalam,1999-05-01,1999,5,-0.474,-0.474,True,False,True,False
Brunei Darussalam,1999-06-01,1999,6,0.64,0.64,True,False,True,False
Brunei Darussalam,1999-07-01,1999,7,0.493,0.493,True,False,True,False
Brunei Darussalam,1999-08-01,1999,8,0.34,0.34,True,False,True,False
Brunei Darussalam,1999-09-01,1999,9,0.474,0.474,True,False,True,False
Brunei Darussalam,1999-10-01,1999,10,0.04,0.04,True,False,True,False
Brunei Darussalam,1999-11-01,1999,11,0.408,0.408,True,False,True,False
Brunei Darussalam,1999-12-01,1999,12,0.332,0.332,True,False,True,False
Brunei Darussalam,2000-01-01,2000,1,0.401,0.401,True,False,True,False
Brunei Darussalam,2000-02-01,2000,2,-0.114,-0.114,True,False,True,False
Brunei Darussalam,2000-03-01,2000,3,0.115,0.115,True,False,True,False
Brunei Darussalam,2000-04-01,2000,4,-0.132,-0.132,True,False,True,False
Brunei Darussalam,2000-05-01,2000,5,0.429,0.429,True,False,True,False
Brunei Darussalam,2000-06-01,2000,6,-0.231,-0.231,True,False,True,False
Brunei Darussalam,2000-07-01,2000,7,1.186,1.186,True,False,True,False
Brunei Darussalam,2000-08-01,2000,8,0.245,0.245,True,False,True,False
Brunei Darussalam,2000-09-01,2000,9,0.478,0.478,True,False,True,False
Brunei Darussalam,2000-10-01,2000,10,0.26,0.26,True,False,True,False
Brunei Darussalam,2000-11-01,2000,11,0.463,0.463,True,False,True,False
Brunei Darussalam,2000-12-01,2000,12,0.545,0.545,True,False,True,False
Brunei Darussalam,2001-01-01,2001,1,0.376,0.376,True,False,True,False
Brunei Darussalam,2001-02-01,2001,2,0.303,0.303,True,False,True,False
Brunei Darussalam,2001-03-01,2001,3,0.038,0.038,True,False,True,False
Brunei Darussalam,2001-04-01,2001,4,0.178,0.178,True,False,True,False
Brunei Darussalam,2001-05-01,2001,5,0.403,0.403,True,False,True,False
Brunei Darussalam,2001-06-01,2001,6,-0.105,-0.105,True,False,True,False
Brunei Darussalam,2001-07-01,2001,7,1.23,1.23,True,False,True,False
Brunei Darussalam,2001-08-01,2001,8,1.061,1.061,True,False,True,False
Brunei Darussalam,2001-09-01,2001,9,0.296,0.296,True,False,True,False
Brunei Darussalam,2001-10-01,2001,10,0.002,0.002,True,False,True,False
Brunei Darussalam,2001-11-01,2001,11,0.052,0.052,True,False,True,False
Brunei Darussalam,2001-12-01,2001,12,0.258,0.258,True,False,True,False
Brunei Darussalam,2002-01-01,2002,1,0.848,0.848,True,False,True,False
Brunei Darussalam,2002-02-01,2002,2,0.068,0.068,True,False,True,False
Brunei Darussalam,2002-03-01,2002,3,0.207,0.207,True,False,True,False
Brunei Darussalam,2002-04-01,2002,4,0.428,0.428,True,False,True,False
Brunei Darussalam,2002-05-01,2002,5,0.6,0.6,True,False,True,False
Brunei Darussalam,2002-06-01,2002,6,0.586,0.586,True,False,True,False
Brunei Darussalam,2002-07-01,2002,7,1.302,1.302,True,False,True,False
Brunei Darussalam,2002-08-01,2002,8,0.549,0.549,True,False,True,False
Brunei Darussalam,2002-09-01,2002,9,0.464,0.464,True,False,True,False
Brunei Darussalam,2002-10-01,2002,10,0.466,0.466,True,False,True,False
Brunei Darussalam,2002-11-01,2002,11,0.448,0.448,True,False,True,False
Brunei Darussalam,2002-12-01,2002,12,1.679,1.679,True,False,True,False
Brunei Darussalam,2003-01-01,2003,1,1.219,1.219,True,False,True,False
Brunei Darussalam,2003-02-01,2003,2,0.723,0.723,True,False,True,False
Brunei Darussalam,2003-03-01,2003,3,0.46,0.46,True,False,True,False
Brunei Darussalam,2003-04-01,2003,4,0.758,0.758,True,False,True,False
Brunei Darussalam,2003-05-01,2003,5,0.375,0.375,True,False,True,False
Brunei Darussalam,2003-06-01,2003,6,0.628,0.628,True,False,True,False
Brunei Darussalam,2003-07-01,2003,7,0.613,0.613,True,False,True,False
Brunei Darussalam,2003-08-01,2003,8,0.739,0.739,True,False,True,False
Brunei Darussalam,2003-09-01,2003,9,0.446,0.446,True,False,True,False
Brunei Darussalam,2003-10-01,2003,10,0.183,0.183,True,False,True,False
Brunei Darussalam,2003-11-01,2003,11,0.468,0.468,True,False,True,False
Brunei Darussalam,2003-12-01,2003,12,0.37,0.37,True,False,True,False
Brunei Darussalam,2004-01-01,2004,1,0.393,0.393,True,False,True,False
Brunei Darussalam,2004-02-01,2004,2,0.343,0.343,True,False,True,False
Brunei Darussalam,2004-03-01,2004,3,0.327,0.327,True,False,True,False
Brunei Darussalam,2004-04-01,2004,4,0.522,0.522,True,False,True,False
Brunei Darussalam,2004-05-01,2004,5,0.323,0.323,True,False,True,False
Brunei Darussalam,2004-06-01,2004,6,0.764,0.764,True,False,True,False
Brunei Darussalam,2004-07-01,2004,7,0.359,0.359,True,False,True,False
Brunei Darussalam,2004-08-01,2004,8,0.888,0.888,True,False,True,False
Brunei Darussalam,2004-09-01,2004,9,0.198,0.198,True,False,True,False
Brunei Darussalam,2004-10-01,2004,10,0.64,0.64,True,False,True,False
Brunei Darussalam,2004-11-01,2004,11,0.688,0.688,True,False,True,False
Brunei Darussalam,2004-12-01,2004,12,0.572,0.572,True,False,True,False
Brunei Darussalam,2005-01-01,2005,1,0.624,0.624,True,False,True,False
Brunei Darussalam,2005-02-01,2005,2,1.183,1.183,True,False,True,False
Brunei Darussalam,2005-03-01,2005,3,0.789,0.789,True,False,True,False
Brunei Darussalam,2005-04-01,2005,4,0.904,0.904,True,False,True,False
Brunei Darussalam,2005-05-01,2005,5,0.446,0.446,True,False,True,False
Brunei Darussalam,2005-06-01,2005,6,1.101,1.101,True,False,True,False
Brunei Darussalam,2005-07-01,2005,7,0.892,0.892,True,False,True,False
Brunei Darussalam,2005-08-01,2005,8,0.841,0.841,True,False,True,False
Brunei Darussalam,2005-09-01,2005,9,0.668,0.668,True,False,True,False
Brunei Darussalam,2005-10-01,2005,10,0.786,0.786,True,False,True,False
Brunei Darussalam,2005-11-01,2005,11,0.194,0.194,True,False,True,False
Brunei Darussalam,2005-12-01,2005,12,0.372,0.372,True,False,True,False
Brunei Darussalam,2006-01-01,2006,1,0.645,0.645,True,False,True,False
Brunei Darussalam,2006-02-01,2006,2,0.572,0.572,True,False,True,False
Brunei Darussalam,2006-03-01,2006,3,0.342,0.342,True,False,True,False
Brunei Darussalam,2006-04-01,2006,4,-0.069,-0.069,True,False,True,False
Brunei Darussalam,2006-05-01,2006,5,0.026,0.026,True,False,True,False
Brunei Darussalam,2006-06-01,2006,6,0.302,0.302,True,False,True,False
Brunei Darussalam,2006-07-01,2006,7,1.05,1.05,True,False,True,False
Brunei Darussalam,2006-08-01,2006,8,0.602,0.602,True,False,True,False
Brunei Darussalam,2006-09-01,2006,9,0.166,0.166,True,False,True,False
Brunei Darussalam,2006-10-01,2006,10,0.66,0.66,True,False,True,False
Brunei Darussalam,2006-11-01,2006,11,0.799,0.799,True,False,True,False
Brunei Darussalam,2006-12-01,2006,12,1.156,1.156,True,False,True,False
Brunei Darussalam,2007-01-01,2007,1,0.688,0.688,True,False,True,False
Brunei Darussalam,2007-02-01,2007,2,0.36,0.36,True,False,True,False
Brunei Darussalam,2007-03-01,2007,3,0.554,0.554,True,False,True,False
Brunei Darussalam,2007-04-01,2007,4,0.455,0.455,True,False,True,False
Brunei Darussalam,2007-05-01,2007,5,0.375,0.375,True,False,True,False
Brunei Darussalam,2007-06-01,2007,6,0.404,0.404,True,False,True,False
Brunei Darussalam,2007-07-01,2007,7,0.562,0.562,True,False,True,False
Brunei Darussalam,2007-08-01,2007,8,0.482,0.482,True,False,True,False
Brunei Darussalam,2007-09-01,2007,9,0.195,0.195,True,False,True,False
Brunei Darussalam,2007-10-01,2007,10,0.587,0.587,True,False,True,False
Brunei Darussalam,2007-11-01,2007,11,0.133,0.133,True,False,True,False
Brunei Darussalam,2007-12-01,2007,12,0.515,0.515,True,False,True,False
Brunei Darussalam,2008-01-01,2008,1,0.843,0.843,True,False,True,False
Brunei Darussalam,2008-02-01,2008,2,0.21,0.21,True,False,True,False
Brunei Darussalam,2008-03-01,2008,3,-0.064,-0.064,True,False,True,False
Brunei Darussalam,2008-04-01,2008,4,0.057,0.057,True,False,True,False
Brunei Darussalam,2008-05-01,2008,5,-0.1,-0.1,True,False,True,False
Brunei Darussalam,2008-06-01,2008,6,0.274,0.274,True,False,True,False
Brunei Darussalam,2008-07-01,2008,7,0.156,0.156,True,False,True,False
Brunei Darussalam,2008-08-01,2008,8,0.156,0.156,True,False,True,False
Brunei Darussalam,2008-09-01,2008,9,0.52,0.52,True,False,True,False
Brunei Darussalam,2008-10-01,2008,10,0.395,0.395,True,False,True,False
Brunei Darussalam,2008-11-01,2008,11,0.777,0.777,True,False,True,False
Brunei Darussalam,2008-12-01,2008,12,0.903,0.903,True,False,True,False
Brunei Darussalam,2009-01-01,2009,1,0.059,0.059,True,False,True,False
Brunei Darussalam,2009-02-01,2009,2,0.192,0.192,True,False,True,False
Brunei Darussalam,2009-03-01,2009,3,0.381,0.381,True,False,True,False
Brunei Darussalam,2009-04-01,2009,4,0.59,0.59,True,False,True,False
Brunei Darussalam,2009-05-01,2009,5,0.449,0.449,True,False,True,False
Brunei Darussalam,2009-06-01,2009,6,0.909,0.909,True,False,True,False
Brunei Darussalam,2009-07-01,2009,7,0.842,0.842,True,False,True,False
Brunei Darussalam,2009-08-01,2009,8,0.923,0.923,True,False,True,False
Brunei Darussalam,2009-09-01,2009,9,1.004,1.004,True,False,True,False
Brunei Darussalam,2009-10-01,2009,10,0.67,0.67,True,False,True,False
Brunei Darussalam,2009-11-01,2009,11,0.797,0.797,True,False,True,False
Brunei Darussalam,2009-12-01,2009,12,0.945,0.945,True,False,True,False
Brunei Darussalam,2010-01-01,2010,1,0.734,0.734,True,False,True,False
Brunei Darussalam,2010-02-01,2010,2,1.162,1.162,True,False,True,False
Brunei Darussalam,2010-03-01,2010,3,1.109,1.109,True,False,True,False
Brunei Darussalam,2010-04-01,2010,4,0.931,0.931,True,False,True,False
Brunei Darussalam,2010-05-01,2010,5,0.915,0.915,True,False,True,False
Brunei Darussalam,2010-06-01,2010,6,0.911,0.911,True,False,True,False
Brunei Darussalam,2010-07-01,2010,7,0.013,0.013,True,False,True,False
Brunei Darussalam,2010-08-01,2010,8,0.533,0.533,True,False,True,False
Brunei Darussalam,2010-09-01,2010,9,0.265,0.265,True,False,True,False
Brunei Darussalam,2010-10-01,2010,10,0.835,0.835,True,False,True,False
Brunei Darussalam,2010-11-01,2010,11,0.567,0.567,True,False,True,False
Brunei Darussalam,2010-12-01,2010,12,0.24,0.24,True,False,True,False
Brunei Darussalam,2011-01-01,2011,1,0.36,0.36,True,False,True,False
Brunei Darussalam,2011-02-01,2011,2,0.027,0.027,True,False,True,False
Brunei Darussalam,2011-03-01,2011,3,-0.143,-0.143,True,False,True,False
Brunei Darussalam,2011-04-01,2011,4,-0.238,-0.238,True,False,True,False
Brunei Darussalam,2011-05-01,2011,5,-0.048,-0.048,True,False,True,False
Brunei Darussalam,2011-06-01,2011,6,0.676,0.676,True,False,True,False
Brunei Darussalam,2011-07-01,2011,7,0.921,0.921,True,False,True,False
Brunei Darussalam,2011-08-01,2011,8,0.537,0.537,True,False,True,False
Brunei Darussalam,2011-09-01,2011,9,0.749,0.749,True,False,True,False
Brunei Darussalam,2011-10-01,2011,10,0.714,0.714,True,False,True,False
Brunei Darussalam,2011-11-01,2011,11,0.697,0.697,True,False,True,False
Brunei Darussalam,2011-12-01,2011,12,0.749,0.749,True,False,True,False
Brunei Darussalam,2012-01-01,2012,1,0.803,0.803,True,False,True,False
Brunei Darussalam,2012-02-01,2012,2,0.725,0.725,True,False,True,False
Brunei Darussalam,2012-03-01,2012,3,0.144,0.144,True,False,True,False
Brunei Darussalam,2012-04-01,2012,4,-0.021,-0.021,True,False,True,False
Brunei Darussalam,2012-05-01,2012,5,0.262,0.262,True,False,True,False
Brunei Darussalam,2012-06-01,2012,6,0.758,0.758,True,False,True,False
Brunei Darussalam,2012-07-01,2012,7,0.585,0.585,True,False,True,False
Brunei Darussalam,2012-08-01,2012,8,0.861,0.861,True,False,True,False
Brunei Darussalam,2012-09-01,2012,9,0.823,0.823,True,False,True,False
Brunei Darussalam,2012-10-01,2012,10,0.629,0.629,True,False,True,False
Brunei Darussalam,2012-11-01,2012,11,0.83,0.83,True,False,True,False
Brunei Darussalam,2012-12-01,2012,12,1.249,1.249,True,False,True,False
Brunei Darussalam,2013-01-01,2013,1,0.923,0.923,True,False,True,False
Brunei Darussalam,2013-02-01,2013,2,0.704,0.704,True,False,True,False
Brunei Darussalam,2013-03-01,2013,3,0.92,0.92,True,False,True,False
Brunei Darussalam,2013-04-01,2013,4,0.433,0.433,True,False,True,False
Brunei Darussalam,2013-05-01,2013,5,0.716,0.716,True,False,True,False
Brunei Darussalam,2013-06-01,2013,6,1.338,1.338,True,False,True,False
Brunei Darussalam,2013-07-01,2013,7,0.677,0.677,True,False,True,False
Brunei Darussalam,2013-08-01,2013,8,0.641,0.641,True,False,True,False
Brunei Darussalam,2013-09-01,2013,9,0.398,0.398,True,False,True,False
Brunei Darussalam,2013-10-01,2013,10,0.519,0.519,True,False,True,False
Brunei Darussalam,2013-11-01,2013,11,0.825,0.825,True,False,True,False
Brunei Darussalam,2013-12-01,2013,12,1.251,1.251,True,False,True,False
Brunei Darussalam,2014-01-01,2014,1,-0.056,-0.056,True,False,False,True
Brunei Darussalam,2014-02-01,2014,2,0.376,0.376,True,False,False,True
Brunei Darussalam,2014-03-01,2014,3,0.649,0.649,True,False,False,True
Brunei Darussalam,2014-04-01,2014,4,0.712,0.712,True,False,False,True
Brunei Darussalam,2014-05-01,2014,5,0.617,0.617,True,False,False,True
Brunei Darussalam,2014-06-01,2014,6,1.258,1.258,True,False,False,True
Brunei Darussalam,2014-07-01,2014,7,1.039,1.039,True,False,False,True
Brunei Darussalam,2014-08-01,2014,8,0.185,0.185,True,False,False,True
Brunei Darussalam,2014-09-01,2014,9,0.823,0.823,True,False,False,True
Brunei Darussalam,2014-10-01,2014,10,0.771,0.771,True,False,False,True
Brunei Darussalam,2014-11-01,2014,11,0.916,0.916,True,False,False,True
Brunei Darussalam,2014-12-01,2014,12,0.904,0.904,True,False,False,True
Brunei Darussalam,2015-01-01,2015,1,0.39,0.39,True,False,False,True
Brunei Darussalam,2015-02-01,2015,2,0.504,0.504,True,False,False,True
Brunei Darussalam,2015-03-01,2015,3,0.537,0.537,True,False,False,True
Brunei Darussalam,2015-04-01,2015,4,0.888,0.888,True,False,False,True
Brunei Darussalam,2015-05-01,2015,5,0.612,0.612,True,False,False,True
Brunei Darussalam,2015-06-01,2015,6,1.186,1.186,True,False,False,True
Brunei Darussalam,2015-07-01,2015,7,1.545,1.545,True,False,False,True
Brunei Darussalam,2015-08-01,2015,8,0.821,0.821,True,False,False,True
Brunei Darussalam,2015-09-01,2015,9,1.179,1.179,True,False,False,True
Brunei Darussalam,2015-10-01,2015,10,1.452,1.452,True,False,False,True
Brunei Darussalam,2015-11-01,2015,11,1.167,1.167,True,False,False,True
Brunei Darussalam,2015-12-01,2015,12,1.656,1.656,True,False,False,True
Brunei Darussalam,2016-01-01,2016,1,2.043,2.043,True,False,False,True
Brunei Darussalam,2016-02-01,2016,2,1.785,1.785,True,False,False,True
Brunei Darussalam,2016-03-01,2016,3,1.645,1.645,True,False,False,True
Brunei Darussalam,2016-04-01,2016,4,1.72,1.72,True,False,False,True
Brunei Darussalam,2016-05-01,2016,5,1.308,1.308,True,False,False,True
Brunei Darussalam,2016-06-01,2016,6,0.87,0.87,True,False,False,True
Brunei Darussalam,2016-07-01,2016,7,1.182,1.182,True,False,False,True
Brunei Darussalam,2016-08-01,2016,8,1.403,1.403,True,False,False,True
Brunei Darussalam,2016-09-01,2016,9,0.751,0.751,True,False,False,True
Brunei Darussalam,2016-10-01,2016,10,1.07,1.07,True,False,False,True
Brunei Darussalam,2016-11-01,2016,11,1.156,1.156,True,False,False,True
Brunei Darussalam,2016-12-01,2016,12,1.349,1.349,True,False,False,True
Brunei Darussalam,2017-01-01,2017,1,1.54,1.54,True,False,False,True
Brunei Darussalam,2017-02-01,2017,2,0.725,0.725,True,False,False,True
Brunei Darussalam,2017-03-01,2017,3,0.399,0.399,True,False,False,True
Brunei Darussalam,2017-04-01,2017,4,0.687,0.687,True,False,False,True
Brunei Darussalam,2017-05-01,2017,5,0.648,0.648,True,False,False,True
Brunei Darussalam,2017-06-01,2017,6,0.852,0.852,True,False,False,True
Brunei Darussalam,2017-07-01,2017,7,1.297,1.297,True,False,False,True
Brunei Darussalam,2017-08-01,2017,8,0.92,0.92,True,False,False,True
Brunei Darussalam,2017-09-01,2017,9,0.916,0.916,True,False,False,True
Brunei Darussalam,2017-10-01,2017,10,0.826,0.826,True,False,False,True
Brunei Darussalam,2017-11-01,2017,11,1.141,1.141,True,False,False,True
Brunei Darussalam,2017-12-01,2017,12,0.936,0.936,True,False,False,True
Brunei Darussalam,2018-01-01,2018,1,0.955,0.955,True,False,False,True
Brunei Darussalam,2018-02-01,2018,2,0.528,0.528,True,False,False,True
Brunei Darussalam,2018-03-01,2018,3,0.734,0.734,True,False,False,True
Brunei Darussalam,2018-04-01,2018,4,0.876,0.876,True,False,False,True
Brunei Darussalam,2018-05-01,2018,5,0.268,0.268,True,False,False,True
Brunei Darussalam,2018-06-01,2018,6,1.041,1.041,True,False,False,True
Brunei Darussalam,2018-07-01,2018,7,1.398,1.398,True,False,False,True
Brunei Darussalam,2018-08-01,2018,8,1.16,1.16,True,False,False,True
Brunei Darussalam,2018-09-01,2018,9,0.689,0.689,True,False,False,True
Brunei Darussalam,2018-10-01,2018,10,0.999,0.999,True,False,False,True
Brunei Darussalam,2018-11-01,2018,11,1.253,1.253,True,False,False,True
Brunei Darussalam,2018-12-01,2018,12,1.296,1.296,True,False,False,True
Brunei Darussalam,2019-01-01,2019,1,1.462,1.462,True,False,False,True
Brunei Darussalam,2019-02-01,2019,2,1.08,1.08,True,False,False,True
Brunei Darussalam,2019-03-01,2019,3,0.945,0.945,True,False,False,True
Brunei Darussalam,2019-04-01,2019,4,1.276,1.276,True,False,False,True
Brunei Darussalam,2019-05-01,2019,5,1.139,1.139,True,False,False,True
Brunei Darussalam,2019-06-01,2019,6,1.322,1.322,True,False,False,True
Brunei Darussalam,2019-07-01,2019,7,1.169,1.169,True,False,False,True
Brunei Darussalam,2019-08-01,2019,8,1.428,1.428,True,False,False,True
Brunei Darussalam,2019-09-01,2019,9,1.411,1.411,True,False,False,True
Brunei Darussalam,2019-10-01,2019,10,0.903,0.903,True,False,False,True
Brunei Darussalam,2019-11-01,2019,11,1.219,1.219,True,False,False,True
Brunei Darussalam,2019-12-01,2019,12,1.205,1.205,True,False,False,True
Brunei Darussalam,2020-01-01,2020,1,1.572,1.572,True,False,False,True
Brunei Darussalam,2020-02-01,2020,2,1.474,1.474,True,False,False,True
Brunei Darussalam,2020-03-01,2020,3,1.279,1.279,True,False,False,True
Brunei Darussalam,2020-04-01,2020,4,1.196,1.196,True,False,False,True
Brunei Darussalam,2020-05-01,2020,5,1.127,1.127,True,False,False,True
Brunei Darussalam,2020-06-01,2020,6,1.072,1.072,True,False,False,True
Brunei Darussalam,2020-07-01,2020,7,1.212,1.212,True,False,False,True
Brunei Darussalam,2020-08-01,2020,8,1.294,1.294,True,False,False,True
Brunei Darussalam,2020-09-01,2020,9,1.059,1.059,True,False,False,True
Brunei Darussalam,2020-10-01,2020,10,1.115,1.115,True,False,False,True
Brunei Darussalam,2020-11-01,2020,11,1.059,1.059,True,False,False,True
Brunei Darussalam,2020-12-01,2020,12,1.199,1.199,True,False,False,True
Brunei Darussalam,2021-01-01,2021,1,1.012,1.012,True,False,False,True
Brunei Darussalam,2021-02-01,2021,2,0.439,0.439,True,False,False,True
Brunei Darussalam,2021-03-01,2021,3,0.642,0.642,True,False,False,True
Brunei Darussalam,2021-04-01,2021,4,0.572,0.572,True,False,False,True
Brunei Darussalam,2021-05-01,2021,5,0.681,0.681,True,False,False,True
Brunei Darussalam,2021-06-01,2021,6,1.041,1.041,True,False,False,True
Brunei Darussalam,2021-07-01,2021,7,1.377,1.377,True,False,False,True
Brunei Darussalam,2021-08-01,2021,8,1.007,1.007,True,False,False,True
Brunei Darussalam,2021-09-01,2021,9,0.942,0.942,True,False,False,True
Brunei Darussalam,2021-10-01,2021,10,1.437,1.437,True,False,False,True
Brunei Darussalam,2021-11-01,2021,11,1.311,1.311,True,False,False,True
Brunei Darussalam,2021-12-01,2021,12,1.578,1.578,True,False,False,True
Brunei Darussalam,2022-01-01,2022,1,1.307,1.307,True,False,False,True
Brunei Darussalam,2022-02-01,2022,2,0.91,0.91,True,False,False,True
Brunei Darussalam,2022-03-01,2022,3,0.689,0.689,True,False,False,True
Brunei Darussalam,2022-04-01,2022,4,0.838,0.838,True,False,False,True
Brunei Darussalam,2022-05-01,2022,5,0.987,0.987,True,False,False,True
Brunei Darussalam,2022-06-01,2022,6,1.04,1.04,True,False,False,True
Brunei Darussalam,2022-07-01,2022,7,1.347,1.347,True,False,False,True
Brunei Darussalam,2022-08-01,2022,8,1.132,1.132,True,False,False,True
Brunei Darussalam,2022-09-01,2022,9,0.64,0.64,True,False,False,True
Brunei Darussalam,2022-10-01,2022,10,1.178,1.178,True,False,False,True
Brunei Darussalam,2022-11-01,2022,11,0.935,0.935,True,False,False,True
Brunei Darussalam,2022-12-01,2022,12,0.784,0.784,True,False,False,True
Brunei Darussalam,2023-01-01,2023,1,1.276,1.276,True,False,False,True
Brunei Darussalam,2023-02-01,2023,2,0.88,0.88,True,False,False,True
Brunei Darussalam,2023-03-01,2023,3,0.518,0.518,True,False,False,True
Brunei Darussalam,2023-04-01,2023,4,1.026,1.026,True,False,False,True
Brunei Darussalam,2023-05-01,2023,5,1.141,1.141,True,False,False,True
Brunei Darussalam,2023-06-01,2023,6,1.327,1.327,True,False,False,True
Brunei Darussalam,2023-07-01,2023,7,1.143,1.143,True,False,False,True
Brunei Darussalam,2023-08-01,2023,8,1.371,1.371,True,False,False,True
Brunei Darussalam,2023-09-01,2023,9,1.131,1.131,True,False,False,True
Brunei Darussalam,2023-10-01,2023,10,1.652,1.652,True,False,False,True
Brunei Darussalam,2023-11-01,2023,11,1.489,1.489,True,False,False,True
Brunei Darussalam,2023-12-01,2023,12,2.12,2.12,True,False,False,True
Cambodia,1961-01-01,1961,1,-0.365,-0.365,True,False,True,False
Cambodia,1961-02-01,1961,2,0.295,0.295,True,False,True,False
Cambodia,1961-03-01,1961,3,0.221,0.221,True,False,True,False
Cambodia,1961-04-01,1961,4,-0.06,-0.06,True,False,True,False
Cambodia,1961-05-01,1961,5,-0.341,-0.341,True,False,True,False
Cambodia,1961-06-01,1961,6,-0.301,-0.301,True,False,True,False
Cambodia,1961-07-01,1961,7,-0.057,-0.057,True,False,True,False
Cambodia,1961-08-01,1961,8,-0.102,-0.102,True,False,True,False
Cambodia,1961-09-01,1961,9,0.167,0.167,True,False,True,False
Cambodia,1961-10-01,1961,10,-0.445,-0.445,True,False,True,False
Cambodia,1961-11-01,1961,11,0.435,0.435,True,False,True,False
Cambodia,1961-12-01,1961,12,0.591,0.591,True,False,True,False
Cambodia,1962-01-01,1962,1,-0.769,-0.769,True,False,True,False
Cambodia,1962-02-01,1962,2,-1.206,-1.206,True,False,True,False
Cambodia,1962-03-01,1962,3,-0.235,-0.235,True,False,True,False
Cambodia,1962-04-01,1962,4,-0.161,-0.161,True,False,True,False
Cambodia,1962-05-01,1962,5,0.033,0.033,True,False,True,False
Cambodia,1962-06-01,1962,6,0.029,0.029,True,False,True,False
Cambodia,1962-07-01,1962,7,-0.119,-0.119,True,False,True,False
Cambodia,1962-08-01,1962,8,-0.126,-0.126,True,False,True,False
Cambodia,1962-09-01,1962,9,-0.229,-0.229,True,False,True,False
Cambodia,1962-10-01,1962,10,0.257,0.257,True,False,True,False
Cambodia,1962-11-01,1962,11,0.297,0.297,True,False,True,False
Cambodia,1962-12-01,1962,12,-0.714,-0.714,True,False,True,False
Cambodia,1963-01-01,1963,1,-2.057,-2.057,True,False,True,False
Cambodia,1963-02-01,1963,2,-1.044,-1.044,True,False,True,False
Cambodia,1963-03-01,1963,3,-0.914,-0.914,True,False,True,False
Cambodia,1963-04-01,1963,4,-0.357,-0.357,True,False,True,False
Cambodia,1963-05-01,1963,5,0.552,0.552,True,False,True,False
Cambodia,1963-06-01,1963,6,0.223,0.223,True,False,True,False
Cambodia,1963-07-01,1963,7,-0.11,-0.11,True,False,True,False
Cambodia,1963-08-01,1963,8,-0.243,-0.243,True,False,True,False
Cambodia,1963-09-01,1963,9,0.256,0.256,True,False,True,False
Cambodia,1963-10-01,1963,10,0.064,0.064,True,False,True,False
Cambodia,1963-11-01,1963,11,0.832,0.832,True,False,True,False
Cambodia,1963-12-01,1963,12,0.004,0.004,True,False,True,False
Cambodia,1964-01-01,1964,1,1.809,1.809,True,False,True,False
Cambodia,1964-02-01,1964,2,0.6,0.6,True,False,True,False
Cambodia,1964-03-01,1964,3,0.223,0.223,True,False,True,False
Cambodia,1964-04-01,1964,4,0.492,0.492,True,False,True,False
Cambodia,1964-05-01,1964,5,-0.543,-0.543,True,False,True,False
Cambodia,1964-06-01,1964,6,-0.009,-0.009,True,False,True,False
Cambodia,1964-07-01,1964,7,0.531,0.531,True,False,True,False
Cambodia,1964-08-01,1964,8,-0.204,-0.204,True,False,True,False
Cambodia,1964-09-01,1964,9,0.119,0.119,True,False,True,False
Cambodia,1964-10-01,1964,10,0.212,0.212,True,False,True,False
Cambodia,1964-11-01,1964,11,-1.069,-1.069,True,False,True,False
Cambodia,1964-12-01,1964,12,-0.921,-0.921,True,False,True,False
Cambodia,1965-01-01,1965,1,-1.353,-1.353,True,False,True,False
Cambodia,1965-02-01,1965,2,0.474,0.474,True,False,True,False
Cambodia,1965-03-01,1965,3,-0.516,-0.516,True,False,True,False
Cambodia,1965-04-01,1965,4,-0.12,-0.12,True,False,True,False
Cambodia,1965-05-01,1965,5,-0.347,-0.347,True,False,True,False
Cambodia,1965-06-01,1965,6,-0.48,-0.48,True,False,True,False
Cambodia,1965-07-01,1965,7,0.047,0.047,True,False,True,False
Cambodia,1965-08-01,1965,8,0.033,0.033,True,False,True,False
Cambodia,1965-09-01,1965,9,-0.271,-0.271,True,False,True,False
Cambodia,1965-10-01,1965,10,0.419,0.419,True,False,True,False
Cambodia,1965-11-01,1965,11,0.754,0.754,True,False,True,False
Cambodia,1965-12-01,1965,12,1.456,1.456,True,False,True,False
Cambodia,1966-01-01,1966,1,1.267,1.267,True,False,True,False
Cambodia,1966-02-01,1966,2,1.09,1.09,True,False,True,False
Cambodia,1966-03-01,1966,3,0.744,0.744,True,False,True,False
Cambodia,1966-04-01,1966,4,0.378,0.378,True,False,True,False
Cambodia,1966-05-01,1966,5,-0.691,-0.691,True,False,True,False
Cambodia,1966-06-01,1966,6,0.325,0.325,True,False,True,False
Cambodia,1966-07-01,1966,7,-0.159,-0.159,True,False,True,False
Cambodia,1966-08-01,1966,8,0.027,0.027,True,False,True,False
Cambodia,1966-09-01,1966,9,-0.133,-0.133,True,False,True,False
Cambodia,1966-10-01,1966,10,0.463,0.463,True,False,True,False
Cambodia,1966-11-01,1966,11,0.528,0.528,True,False,True,False
Cambodia,1966-12-01,1966,12,1.001,1.001,True,False,True,False
Cambodia,1967-01-01,1967,1,-0.938,-0.938,True,False,True,False
Cambodia,1967-02-01,1967,2,-0.556,-0.556,True,False,True,False
Cambodia,1967-03-01,1967,3,-0.149,-0.149,True,False,True,False
Cambodia,1967-04-01,1967,4,-0.403,-0.403,True,False,True,False
Cambodia,1967-05-01,1967,5,-0.181,-0.181,True,False,True,False
Cambodia,1967-06-01,1967,6,0.338,0.338,True,False,True,False
Cambodia,1967-07-01,1967,7,-0.123,-0.123,True,False,True,False
Cambodia,1967-08-01,1967,8,-0.141,-0.141,True,False,True,False
Cambodia,1967-09-01,1967,9,0.115,0.115,True,False,True,False
Cambodia,1967-10-01,1967,10,-0.451,-0.451,True,False,True,False
Cambodia,1967-11-01,1967,11,0.352,0.352,True,False,True,False
Cambodia,1967-12-01,1967,12,-1.007,-1.007,True,False,True,False
Cambodia,1968-01-01,1968,1,-0.195,-0.195,True,False,True,False
Cambodia,1968-02-01,1968,2,-0.65,-0.65,True,False,True,False
Cambodia,1968-03-01,1968,3,0.092,0.092,True,False,True,False
Cambodia,1968-04-01,1968,4,-1.036,-1.036,True,False,True,False
Cambodia,1968-05-01,1968,5,-0.354,-0.354,True,False,True,False
Cambodia,1968-06-01,1968,6,-0.007,-0.007,True,False,True,False
Cambodia,1968-07-01,1968,7,0.431,0.431,True,False,True,False
Cambodia,1968-08-01,1968,8,0.132,0.132,True,False,True,False
Cambodia,1968-09-01,1968,9,0.121,0.121,True,False,True,False
Cambodia,1968-10-01,1968,10,0.057,0.057,True,False,True,False
Cambodia,1968-11-01,1968,11,0.65,0.65,True,False,True,False
Cambodia,1968-12-01,1968,12,1.324,1.324,True,False,True,False
Cambodia,1969-01-01,1969,1,1.777,1.777,True,False,True,False
Cambodia,1969-02-01,1969,2,0.457,0.457,True,False,True,False
Cambodia,1969-03-01,1969,3,0.563,0.563,True,False,True,False
Cambodia,1969-04-01,1969,4,0.38,0.38,True,False,True,False
Cambodia,1969-05-01,1969,5,0.846,0.846,True,False,True,False
Cambodia,1969-06-01,1969,6,0.305,0.305,True,False,True,False
Cambodia,1969-07-01,1969,7,-0.423,-0.423,True,False,True,False
Cambodia,1969-08-01,1969,8,0.239,0.239,True,False,True,False
Cambodia,1969-09-01,1969,9,-0.111,-0.111,True,False,True,False
Cambodia,1969-10-01,1969,10,0.435,0.435,True,False,True,False
Cambodia,1969-11-01,1969,11,-0.334,-0.334,True,False,True,False
Cambodia,1969-12-01,1969,12,-0.668,-0.668,True,False,True,False
Cambodia,1970-01-01,1970,1,0.381,0.381,True,False,True,False
Cambodia,1970-02-01,1970,2,0.007,0.007,True,False,True,False
Cambodia,1970-03-01,1970,3,0.524,0.524,True,False,True,False
Cambodia,1970-04-01,1970,4,0.036,0.036,True,False,True,False
Cambodia,1970-05-01,1970,5,0.406,0.406,True,False,True,False
Cambodia,1970-06-01,1970,6,-0.016,-0.016,True,False,True,False
Cambodia,1970-07-01,1970,7,0.093,0.093,True,False,True,False
Cambodia,1970-08-01,1970,8,-0.068,-0.068,True,False,True,False
Cambodia,1970-09-01,1970,9,0.41,0.41,True,False,True,False
Cambodia,1970-10-01,1970,10,-0.261,-0.261,True,False,True,False
Cambodia,1970-11-01,1970,11,-0.186,-0.186,True,False,True,False
Cambodia,1970-12-01,1970,12,0.567,0.567,True,False,True,False
Cambodia,1971-01-01,1971,1,-1.164,-1.164,True,False,True,False
Cambodia,1971-02-01,1971,2,-0.924,-0.924,True,False,True,False
Cambodia,1971-03-01,1971,3,-0.823,-0.823,True,False,True,False
Cambodia,1971-04-01,1971,4,-0.284,-0.284,True,False,True,False
Cambodia,1971-05-01,1971,5,-0.455,-0.455,True,False,True,False
Cambodia,1971-06-01,1971,6,-0.604,-0.604,True,False,True,False
Cambodia,1971-07-01,1971,7,-0.277,-0.277,True,False,True,False
Cambodia,1971-08-01,1971,8,-0.131,-0.131,True,False,True,False
Cambodia,1971-09-01,1971,9,0.127,0.127,True,False,True,False
Cambodia,1971-10-01,1971,10,-0.523,-0.523,True,False,True,False
Cambodia,1971-11-01,1971,11,-1.34,-1.34,True,False,True,False
Cambodia,1971-12-01,1971,12,0.064,0.064,True,False,True,False
Cambodia,1972-01-01,1972,1,-1.058,-1.058,True,False,True,False
Cambodia,1972-02-01,1972,2,0.134,0.134,True,False,True,False
Cambodia,1972-03-01,1972,3,-1.039,-1.039,True,False,True,False
Cambodia,1972-04-01,1972,4,-0.814,-0.814,True,False,True,False
Cambodia,1972-05-01,1972,5,0.863,0.863,True,False,True,False
Cambodia,1972-06-01,1972,6,-0.085,-0.085,True,False,True,False
Cambodia,1972-07-01,1972,7,0.241,0.241,True,False,True,False
Cambodia,1972-08-01,1972,8,0.163,0.163,True,False,True,False
Cambodia,1972-09-01,1972,9,0.045,0.045,True,False,True,False
Cambodia,1972-10-01,1972,10,0.729,0.729,True,False,True,False
Cambodia,1972-11-01,1972,11,0.924,0.924,True,False,True,False
Cambodia,1972-12-01,1972,12,0.52,0.52,True,False,True,False
Cambodia,1973-01-01,1973,1,0.793,0.793,True,False,True,False
Cambodia,1973-02-01,1973,2,0.928,0.928,True,False,True,False
Cambodia,1973-03-01,1973,3,0.705,0.705,True,False,True,False
Cambodia,1973-04-01,1973,4,0.898,0.898,True,False,True,False
Cambodia,1973-05-01,1973,5,0.27,0.27,True,False,True,False
Cambodia,1973-06-01,1973,6,0.201,0.201,True,False,True,False
Cambodia,1973-07-01,1973,7,0.131,0.131,True,False,True,False
Cambodia,1973-08-01,1973,8,0.115,0.115,True,False,True,False
Cambodia,1973-09-01,1973,9,0.019,0.019,True,False,True,False
Cambodia,1973-10-01,1973,10,-0.155,-0.155,True,False,True,False
Cambodia,1973-11-01,1973,11,-0.566,-0.566,True,False,True,False
Cambodia,1973-12-01,1973,12,-0.733,-0.733,True,False,True,False
Cambodia,1974-01-01,1974,1,-0.888,-0.888,True,False,True,False
Cambodia,1974-02-01,1974,2,-0.692,-0.692,True,False,True,False
Cambodia,1974-03-01,1974,3,-0.924,-0.924,True,False,True,False
Cambodia,1974-04-01,1974,4,-0.733,-0.733,True,False,True,False
Cambodia,1974-05-01,1974,5,-0.587,-0.587,True,False,True,False
Cambodia,1974-06-01,1974,6,0.091,0.091,True,False,True,False
Cambodia,1974-07-01,1974,7,0.123,0.123,True,False,True,False
Cambodia,1974-08-01,1974,8,0.088,0.088,True,False,True,False
Cambodia,1974-09-01,1974,9,0.27,0.27,True,False,True,False
Cambodia,1974-10-01,1974,10,-0.357,-0.357,True,False,True,False
Cambodia,1974-11-01,1974,11,-0.087,-0.087,True,False,True,False
Cambodia,1974-12-01,1974,12,0.277,0.277,True,False,True,False
Cambodia,1975-01-01,1975,1,0.54,0.54,True,False,True,False
Cambodia,1975-02-01,1975,2,0.089,0.089,True,False,True,False
Cambodia,1975-03-01,1975,3,0.178,0.178,True,False,True,False
Cambodia,1975-04-01,1975,4,0.23,0.23,True,False,True,False
Cambodia,1975-05-01,1975,5,-0.091,-0.091,True,False,True,False
Cambodia,1975-06-01,1975,6,-0.731,-0.731,True,False,True,False
Cambodia,1975-07-01,1975,7,-0.042,-0.042,True,False,True,False
Cambodia,1975-08-01,1975,8,-0.052,-0.052,True,False,True,False
Cambodia,1975-09-01,1975,9,-0.144,-0.144,True,False,True,False
Cambodia,1975-10-01,1975,10,-0.397,-0.397,True,False,True,False
Cambodia,1975-11-01,1975,11,-0.433,-0.433,True,False,True,False
Cambodia,1975-12-01,1975,12,-1.855,-1.855,True,False,True,False
Cambodia,1976-01-01,1976,1,-1.636,-1.636,True,False,True,False
Cambodia,1976-02-01,1976,2,-0.45,-0.45,True,False,True,False
Cambodia,1976-03-01,1976,3,-0.524,-0.524,True,False,True,False
Cambodia,1976-04-01,1976,4,-0.176,-0.176,True,False,True,False
Cambodia,1976-05-01,1976,5,-0.789,-0.789,True,False,True,False
Cambodia,1976-06-01,1976,6,-0.158,-0.158,True,False,True,False
Cambodia,1976-07-01,1976,7,-0.184,-0.184,True,False,True,False
Cambodia,1976-08-01,1976,8,-0.306,-0.306,True,False,True,False
Cambodia,1976-09-01,1976,9,0.086,0.086,True,False,True,False
Cambodia,1976-10-01,1976,10,0.513,0.513,True,False,True,False
Cambodia,1976-11-01,1976,11,-0.313,-0.313,True,False,True,False
Cambodia,1976-12-01,1976,12,0.21,0.21,True,False,True,False
Cambodia,1977-01-01,1977,1,0.149,0.149,True,False,True,False
Cambodia,1977-02-01,1977,2,-0.927,-0.927,True,False,True,False
Cambodia,1977-03-01,1977,3,-0.723,-0.723,True,False,True,False
Cambodia,1977-04-01,1977,4,-0.025,-0.025,True,False,True,False
Cambodia,1977-05-01,1977,5,0.208,0.208,True,False,True,False
Cambodia,1977-06-01,1977,6,0.922,0.922,True,False,True,False
Cambodia,1977-07-01,1977,7,-0.093,-0.093,True,False,True,False
Cambodia,1977-08-01,1977,8,0.102,0.102,True,False,True,False
Cambodia,1977-09-01,1977,9,-0.144,-0.144,True,False,True,False
Cambodia,1977-10-01,1977,10,0.512,0.512,True,False,True,False
Cambodia,1977-11-01,1977,11,-0.058,-0.058,True,False,True,False
Cambodia,1977-12-01,1977,12,0.664,0.664,True,False,True,False
Cambodia,1978-01-01,1978,1,1.149,1.149,True,False,True,False
Cambodia,1978-02-01,1978,2,0.268,0.268,True,False,True,False
Cambodia,1978-03-01,1978,3,0.649,0.649,True,False,True,False
Cambodia,1978-04-01,1978,4,0.181,0.181,True,False,True,False
Cambodia,1978-05-01,1978,5,0.001,0.001,True,False,True,False
Cambodia,1978-06-01,1978,6,0.063,0.063,True,False,True,False
Cambodia,1978-07-01,1978,7,-0.023,-0.023,True,False,True,False
Cambodia,1978-08-01,1978,8,0.005,0.005,True,False,True,False
Cambodia,1978-09-01,1978,9,-0.141,-0.141,True,False,True,False
Cambodia,1978-10-01,1978,10,-0.247,-0.247,True,False,True,False
Cambodia,1978-11-01,1978,11,-0.182,-0.182,True,False,True,False
Cambodia,1978-12-01,1978,12,0.366,0.366,True,False,True,False
Cambodia,1979-01-01,1979,1,1.094,1.094,True,False,True,False
Cambodia,1979-02-01,1979,2,0.695,0.695,True,False,True,False
Cambodia,1979-03-01,1979,3,0.913,0.913,True,False,True,False
Cambodia,1979-04-01,1979,4,0.336,0.336,True,False,True,False
Cambodia,1979-05-01,1979,5,0.259,0.259,True,False,True,False
Cambodia,1979-06-01,1979,6,-0.012,-0.012,True,False,True,False
Cambodia,1979-07-01,1979,7,0.152,0.152,True,False,True,False
Cambodia,1979-08-01,1979,8,0.258,0.258,True,False,True,False
Cambodia,1979-09-01,1979,9,0.266,0.266,True,False,True,False
Cambodia,1979-10-01,1979,10,-0.133,-0.133,True,False,True,False
Cambodia,1979-11-01,1979,11,0.378,0.378,True,False,True,False
Cambodia,1979-12-01,1979,12,-0.042,-0.042,True,False,True,False
Cambodia,1980-01-01,1980,1,0.251,0.251,True,False,True,False
Cambodia,1980-02-01,1980,2,0.321,0.321,True,False,True,False
Cambodia,1980-03-01,1980,3,0.669,0.669,True,False,True,False
Cambodia,1980-04-01,1980,4,0.694,0.694,True,False,True,False
Cambodia,1980-05-01,1980,5,0.693,0.693,True,False,True,False
Cambodia,1980-06-01,1980,6,-0.198,-0.198,True,False,True,False
Cambodia,1980-07-01,1980,7,0.294,0.294,True,False,True,False
Cambodia,1980-08-01,1980,8,0.033,0.033,True,False,True,False
Cambodia,1980-09-01,1980,9,0.25,0.25,True,False,True,False
Cambodia,1980-10-01,1980,10,0.163,0.163,True,False,True,False
Cambodia,1980-11-01,1980,11,0.512,0.512,True,False,True,False
Cambodia,1980-12-01,1980,12,0.374,0.374,True,False,True,False
Cambodia,1981-01-01,1981,1,-0.399,-0.399,True,False,True,False
Cambodia,1981-02-01,1981,2,0.414,0.414,True,False,True,False
Cambodia,1981-03-01,1981,3,0.519,0.519,True,False,True,False
Cambodia,1981-04-01,1981,4,0.366,0.366,True,False,True,False
Cambodia,1981-05-01,1981,5,0.446,0.446,True,False,True,False
Cambodia,1981-06-01,1981,6,-0.184,-0.184,True,False,True,False
Cambodia,1981-07-01,1981,7,0.068,0.068,True,False,True,False
Cambodia,1981-08-01,1981,8,0.253,0.253,True,False,True,False
Cambodia,1981-09-01,1981,9,0.746,0.746,True,False,True,False
Cambodia,1981-10-01,1981,10,0.458,0.458,True,False,True,False
Cambodia,1981-11-01,1981,11,0.104,0.104,True,False,True,False
Cambodia,1981-12-01,1981,12,-0.988,-0.988,True,False,True,False
Cambodia,1982-01-01,1982,1,-0.64,-0.64,True,False,True,False
Cambodia,1982-02-01,1982,2,0.53,0.53,True,False,True,False
Cambodia,1982-03-01,1982,3,0.601,0.601,True,False,True,False
Cambodia,1982-04-01,1982,4,-0.476,-0.476,True,False,True,False
Cambodia,1982-05-01,1982,5,0.518,0.518,True,False,True,False
Cambodia,1982-06-01,1982,6,0.143,0.143,True,False,True,False
Cambodia,1982-07-01,1982,7,-0.075,-0.075,True,False,True,False
Cambodia,1982-08-01,1982,8,-0.158,-0.158,True,False,True,False
Cambodia,1982-09-01,1982,9,-0.074,-0.074,True,False,True,False
Cambodia,1982-10-01,1982,10,0.51,0.51,True,False,True,False
Cambodia,1982-11-01,1982,11,1.217,1.217,True,False,True,False
Cambodia,1982-12-01,1982,12,-0.673,-0.673,True,False,True,False
Cambodia,1983-01-01,1983,1,0.127,0.127,True,False,True,False
Cambodia,1983-02-01,1983,2,0.92,0.92,True,False,True,False
Cambodia,1983-03-01,1983,3,0.892,0.892,True,False,True,False
Cambodia,1983-04-01,1983,4,1.612,1.612,True,False,True,False
Cambodia,1983-05-01,1983,5,0.984,0.984,True,False,True,False
Cambodia,1983-06-01,1983,6,0.737,0.737,True,False,True,False
Cambodia,1983-07-01,1983,7,0.641,0.641,True,False,True,False
Cambodia,1983-08-01,1983,8,0.28,0.28,True,False,True,False
Cambodia,1983-09-01,1983,9,0.557,0.557,True,False,True,False
Cambodia,1983-10-01,1983,10,-0.121,-0.121,True,False,True,False
Cambodia,1983-11-01,1983,11,-0.593,-0.593,True,False,True,False
Cambodia,1983-12-01,1983,12,-0.118,-0.118,True,False,True,False
Cambodia,1984-01-01,1984,1,-0.25,-0.25,True,False,True,False
Cambodia,1984-02-01,1984,2,0.361,0.361,True,False,True,False
Cambodia,1984-03-01,1984,3,0.235,0.235,True,False,True,False
Cambodia,1984-04-01,1984,4,0.437,0.437,True,False,True,False
Cambodia,1984-05-01,1984,5,-0.174,-0.174,True,False,True,False
Cambodia,1984-06-01,1984,6,-0.274,-0.274,True,False,True,False
Cambodia,1984-07-01,1984,7,0.33,0.33,True,False,True,False
Cambodia,1984-08-01,1984,8,0.35,0.35,True,False,True,False
Cambodia,1984-09-01,1984,9,-0.036,-0.036,True,False,True,False
Cambodia,1984-10-01,1984,10,-0.243,-0.243,True,False,True,False
Cambodia,1984-11-01,1984,11,0.387,0.387,True,False,True,False
Cambodia,1984-12-01,1984,12,0.429,0.429,True,False,True,False
Cambodia,1985-01-01,1985,1,0.288,0.288,True,False,True,False
Cambodia,1985-02-01,1985,2,1.326,1.326,True,False,True,False
Cambodia,1985-03-01,1985,3,0.376,0.376,True,False,True,False
Cambodia,1985-04-01,1985,4,-0.21,-0.21,True,False,True,False
Cambodia,1985-05-01,1985,5,-0.295,-0.295,True,False,True,False
Cambodia,1985-06-01,1985,6,-0.16,-0.16,True,False,True,False
Cambodia,1985-07-01,1985,7,-0.085,-0.085,True,False,True,False
Cambodia,1985-08-01,1985,8,0.276,0.276,True,False,True,False
Cambodia,1985-09-01,1985,9,0.009,0.009,True,False,True,False
Cambodia,1985-10-01,1985,10,0.031,0.031,True,False,True,False
Cambodia,1985-11-01,1985,11,0.851,0.851,True,False,True,False
Cambodia,1985-12-01,1985,12,0.184,0.184,True,False,True,False
Cambodia,1986-01-01,1986,1,-0.559,-0.559,True,False,True,False
Cambodia,1986-02-01,1986,2,-0.148,-0.148,True,False,True,False
Cambodia,1986-03-01,1986,3,-0.157,-0.157,True,False,True,False
Cambodia,1986-04-01,1986,4,0.02,0.02,True,False,True,False
Cambodia,1986-05-01,1986,5,-0.196,-0.196,True,False,True,False
Cambodia,1986-06-01,1986,6,0.166,0.166,True,False,True,False
Cambodia,1986-07-01,1986,7,0.295,0.295,True,False,True,False
Cambodia,1986-08-01,1986,8,0.267,0.267,True,False,True,False
Cambodia,1986-09-01,1986,9,0.187,0.187,True,False,True,False
Cambodia,1986-10-01,1986,10,0.344,0.344,True,False,True,False
Cambodia,1986-11-01,1986,11,0.26,0.26,True,False,True,False
Cambodia,1986-12-01,1986,12,0.149,0.149,True,False,True,False
Cambodia,1987-01-01,1987,1,0.897,0.897,True,False,True,False
Cambodia,1987-02-01,1987,2,0.148,0.148,True,False,True,False
Cambodia,1987-03-01,1987,3,0.683,0.683,True,False,True,False
Cambodia,1987-04-01,1987,4,0.493,0.493,True,False,True,False
Cambodia,1987-05-01,1987,5,0.955,0.955,True,False,True,False
Cambodia,1987-06-01,1987,6,0.375,0.375,True,False,True,False
Cambodia,1987-07-01,1987,7,0.712,0.712,True,False,True,False
Cambodia,1987-08-01,1987,8,0.661,0.661,True,False,True,False
Cambodia,1987-09-01,1987,9,0.366,0.366,True,False,True,False
Cambodia,1987-10-01,1987,10,0.876,0.876,True,False,True,False
Cambodia,1987-11-01,1987,11,1.015,1.015,True,False,True,False
Cambodia,1987-12-01,1987,12,-0.461,-0.461,True,False,True,False
Cambodia,1988-01-01,1988,1,1.401,1.401,True,False,True,False
Cambodia,1988-02-01,1988,2,1.04,1.04,True,False,True,False
Cambodia,1988-03-01,1988,3,1.1,1.1,True,False,True,False
Cambodia,1988-04-01,1988,4,0.031,0.031,True,False,True,False
Cambodia,1988-05-01,1988,5,0.144,0.144,True,False,True,False
Cambodia,1988-06-01,1988,6,0.098,0.098,True,False,True,False
Cambodia,1988-07-01,1988,7,0.413,0.413,True,False,True,False
Cambodia,1988-08-01,1988,8,0.572,0.572,True,False,True,False
Cambodia,1988-09-01,1988,9,0.59,0.59,True,False,True,False
Cambodia,1988-10-01,1988,10,-0.594,-0.594,True,False,True,False
Cambodia,1988-11-01,1988,11,-0.543,-0.543,True,False,True,False
Cambodia,1988-12-01,1988,12,-0.423,-0.423,True,False,True,False
Cambodia,1989-01-01,1989,1,1.273,1.273,True,False,True,False
Cambodia,1989-02-01,1989,2,-0.132,-0.132,True,False,True,False
Cambodia,1989-03-01,1989,3,-0.49,-0.49,True,False,True,False
Cambodia,1989-04-01,1989,4,0.385,0.385,True,False,True,False
Cambodia,1989-05-01,1989,5,-0.062,-0.062,True,False,True,False
Cambodia,1989-06-01,1989,6,0.07,0.07,True,False,True,False
Cambodia,1989-07-01,1989,7,0.33,0.33,True,False,True,False
Cambodia,1989-08-01,1989,8,0.193,0.193,True,False,True,False
Cambodia,1989-09-01,1989,9,0.584,0.584,True,False,True,False
Cambodia,1989-10-01,1989,10,0.231,0.231,True,False,True,False
Cambodia,1989-11-01,1989,11,0.654,0.654,True,False,True,False
Cambodia,1989-12-01,1989,12,0.037,0.037,True,False,True,False
Cambodia,1990-01-01,1990,1,1.143,1.143,True,False,True,False
Cambodia,1990-02-01,1990,2,1.08,1.08,True,False,True,False
Cambodia,1990-03-01,1990,3,0.316,0.316,True,False,True,False
Cambodia,1990-04-01,1990,4,1.037,1.037,True,False,True,False
Cambodia,1990-05-01,1990,5,0.272,0.272,True,False,True,False
Cambodia,1990-06-01,1990,6,0.499,0.499,True,False,True,False
Cambodia,1990-07-01,1990,7,0.536,0.536,True,False,True,False
Cambodia,1990-08-01,1990,8,0.404,0.404,True,False,True,False
Cambodia,1990-09-01,1990,9,0.435,0.435,True,False,True,False
Cambodia,1990-10-01,1990,10,0.524,0.524,True,False,True,False
Cambodia,1990-11-01,1990,11,0.415,0.415,True,False,True,False
Cambodia,1990-12-01,1990,12,0.767,0.767,True,False,True,False
Cambodia,1991-01-01,1991,1,1.539,1.539,True,False,True,False
Cambodia,1991-02-01,1991,2,0.657,0.657,True,False,True,False
Cambodia,1991-03-01,1991,3,0.934,0.934,True,False,True,False
Cambodia,1991-04-01,1991,4,0.473,0.473,True,False,True,False
Cambodia,1991-05-01,1991,5,0.367,0.367,True,False,True,False
Cambodia,1991-06-01,1991,6,0.356,0.356,True,False,True,False
Cambodia,1991-07-01,1991,7,0.095,0.095,True,False,True,False
Cambodia,1991-08-01,1991,8,0.162,0.162,True,False,True,False
Cambodia,1991-09-01,1991,9,0.198,0.198,True,False,True,False
Cambodia,1991-10-01,1991,10,-0.131,-0.131,True,False,True,False
Cambodia,1991-11-01,1991,11,0.167,0.167,True,False,True,False
Cambodia,1991-12-01,1991,12,0.967,0.967,True,False,True,False
Cambodia,1992-01-01,1992,1,-0.104,-0.104,True,False,True,False
Cambodia,1992-02-01,1992,2,0.113,0.113,True,False,True,False
Cambodia,1992-03-01,1992,3,0.679,0.679,True,False,True,False
Cambodia,1992-04-01,1992,4,1.284,1.284,True,False,True,False
Cambodia,1992-05-01,1992,5,0.904,0.904,True,False,True,False
Cambodia,1992-06-01,1992,6,0.757,0.757,True,False,True,False
Cambodia,1992-07-01,1992,7,0.329,0.329,True,False,True,False
Cambodia,1992-08-01,1992,8,0.233,0.233,True,False,True,False
Cambodia,1992-09-01,1992,9,0.846,0.846,True,False,True,False
Cambodia,1992-10-01,1992,10,-0.49,-0.49,True,False,True,False
Cambodia,1992-11-01,1992,11,-0.19,-0.19,True,False,True,False
Cambodia,1992-12-01,1992,12,0.73,0.73,True,False,True,False
Cambodia,1993-01-01,1993,1,0.229,0.229,True,False,True,False
Cambodia,1993-02-01,1993,2,-0.412,-0.412,True,False,True,False
Cambodia,1993-03-01,1993,3,0.014,0.014,True,False,True,False
Cambodia,1993-04-01,1993,4,0.116,0.116,True,False,True,False
Cambodia,1993-05-01,1993,5,0.669,0.669,True,False,True,False
Cambodia,1993-06-01,1993,6,0.681,0.681,True,False,True,False
Cambodia,1993-07-01,1993,7,0.664,0.664,True,False,True,False
Cambodia,1993-08-01,1993,8,0.232,0.232,True,False,True,False
Cambodia,1993-09-01,1993,9,0.145,0.145,True,False,True,False
Cambodia,1993-10-01,1993,10,0.154,0.154,True,False,True,False
Cambodia,1993-11-01,1993,11,0.576,0.576,True,False,True,False
Cambodia,1993-12-01,1993,12,0.078,0.078,True,False,True,False
Cambodia,1994-01-01,1994,1,0.948,0.948,True,False,True,False
Cambodia,1994-02-01,1994,2,1.418,1.418,True,False,True,False
Cambodia,1994-03-01,1994,3,0.163,0.163,True,False,True,False
Cambodia,1994-04-01,1994,4,0.707,0.707,True,False,True,False
Cambodia,1994-05-01,1994,5,0.295,0.295,True,False,True,False
Cambodia,1994-06-01,1994,6,-0.248,-0.248,True,False,True,False
Cambodia,1994-07-01,1994,7,0.1,0.1,True,False,True,False
Cambodia,1994-08-01,1994,8,0.0,0.0,True,False,True,False
Cambodia,1994-09-01,1994,9,0.279,0.279,True,False,True,False
Cambodia,1994-10-01,1994,10,-0.011,-0.011,True,False,True,False
Cambodia,1994-11-01,1994,11,1.179,1.179,True,False,True,False
Cambodia,1994-12-01,1994,12,1.345,1.345,True,False,True,False
Cambodia,1995-01-01,1995,1,0.766,0.766,True,False,True,False
Cambodia,1995-02-01,1995,2,0.363,0.363,True,False,True,False
Cambodia,1995-03-01,1995,3,0.558,0.558,True,False,True,False
Cambodia,1995-04-01,1995,4,0.938,0.938,True,False,True,False
Cambodia,1995-05-01,1995,5,0.535,0.535,True,False,True,False
Cambodia,1995-06-01,1995,6,0.934,0.934,True,False,True,False
Cambodia,1995-07-01,1995,7,0.224,0.224,True,False,True,False
Cambodia,1995-08-01,1995,8,0.562,0.562,True,False,True,False
Cambodia,1995-09-01,1995,9,0.086,0.086,True,False,True,False
Cambodia,1995-10-01,1995,10,0.542,0.542,True,False,True,False
Cambodia,1995-11-01,1995,11,0.66,0.66,True,False,True,False
Cambodia,1995-12-01,1995,12,0.156,0.156,True,False,True,False
Cambodia,1996-01-01,1996,1,0.58,0.58,True,False,True,False
Cambodia,1996-02-01,1996,2,0.003,0.003,True,False,True,False
Cambodia,1996-03-01,1996,3,0.522,0.522,True,False,True,False
Cambodia,1996-04-01,1996,4,-0.146,-0.146,True,False,True,False
Cambodia,1996-05-01,1996,5,-0.037,-0.037,True,False,True,False
Cambodia,1996-06-01,1996,6,0.5,0.5,True,False,True,False
Cambodia,1996-07-01,1996,7,0.074,0.074,True,False,True,False
Cambodia,1996-08-01,1996,8,0.484,0.484,True,False,True,False
Cambodia,1996-09-01,1996,9,0.218,0.218,True,False,True,False
Cambodia,1996-10-01,1996,10,0.346,0.346,True,False,True,False
Cambodia,1996-11-01,1996,11,0.768,0.768,True,False,True,False
Cambodia,1996-12-01,1996,12,-0.227,-0.227,True,False,True,False
Cambodia,1997-01-01,1997,1,-0.129,-0.129,True,False,True,False
Cambodia,1997-02-01,1997,2,0.196,0.196,True,False,True,False
Cambodia,1997-03-01,1997,3,0.095,0.095,True,False,True,False
Cambodia,1997-04-01,1997,4,-0.582,-0.582,True,False,True,False
Cambodia,1997-05-01,1997,5,0.277,0.277,True,False,True,False
Cambodia,1997-06-01,1997,6,0.934,0.934,True,False,True,False
Cambodia,1997-07-01,1997,7,0.18,0.18,True,False,True,False
Cambodia,1997-08-01,1997,8,0.535,0.535,True,False,True,False
Cambodia,1997-09-01,1997,9,0.51,0.51,True,False,True,False
Cambodia,1997-10-01,1997,10,0.906,0.906,True,False,True,False
Cambodia,1997-11-01,1997,11,1.318,1.318,True,False,True,False
Cambodia,1997-12-01,1997,12,2.176,2.176,True,False,True,False
Cambodia,1998-01-01,1998,1,2.538,2.538,True,False,True,False
Cambodia,1998-02-01,1998,2,1.84,1.84,True,False,True,False
Cambodia,1998-03-01,1998,3,1.735,1.735,True,False,True,False
Cambodia,1998-04-01,1998,4,1.535,1.535,True,False,True,False
Cambodia,1998-05-01,1998,5,1.358,1.358,True,False,True,False
Cambodia,1998-06-01,1998,6,0.79,0.79,True,False,True,False
Cambodia,1998-07-01,1998,7,1.241,1.241,True,False,True,False
Cambodia,1998-08-01,1998,8,1.033,1.033,True,False,True,False
Cambodia,1998-09-01,1998,9,-0.123,-0.123,True,False,True,False
Cambodia,1998-10-01,1998,10,0.495,0.495,True,False,True,False
Cambodia,1998-11-01,1998,11,0.683,0.683,True,False,True,False
Cambodia,1998-12-01,1998,12,0.717,0.717,True,False,True,False
Cambodia,1999-01-01,1999,1,0.973,0.973,True,False,True,False
Cambodia,1999-02-01,1999,2,0.489,0.489,True,False,True,False
Cambodia,1999-03-01,1999,3,0.934,0.934,True,False,True,False
Cambodia,1999-04-01,1999,4,-0.446,-0.446,True,False,True,False
Cambodia,1999-05-01,1999,5,-0.755,-0.755,True,False,True,False
Cambodia,1999-06-01,1999,6,-0.105,-0.105,True,False,True,False
Cambodia,1999-07-01,1999,7,0.034,0.034,True,False,True,False
Cambodia,1999-08-01,1999,8,0.552,0.552,True,False,True,False
Cambodia,1999-09-01,1999,9,0.682,0.682,True,False,True,False
Cambodia,1999-10-01,1999,10,0.43,0.43,True,False,True,False
Cambodia,1999-11-01,1999,11,0.612,0.612,True,False,True,False
Cambodia,1999-12-01,1999,12,-0.909,-0.909,True,False,True,False
Cambodia,2000-01-01,2000,1,1.499,1.499,True,False,True,False
Cambodia,2000-02-01,2000,2,0.063,0.063,True,False,True,False
Cambodia,2000-03-01,2000,3,0.454,0.454,True,False,True,False
Cambodia,2000-04-01,2000,4,-0.252,-0.252,True,False,True,False
Cambodia,2000-05-01,2000,5,-0.003,-0.003,True,False,True,False
Cambodia,2000-06-01,2000,6,-0.089,-0.089,True,False,True,False
Cambodia,2000-07-01,2000,7,0.017,0.017,True,False,True,False
Cambodia,2000-08-01,2000,8,0.354,0.354,True,False,True,False
Cambodia,2000-09-01,2000,9,0.57,0.57,True,False,True,False
Cambodia,2000-10-01,2000,10,0.158,0.158,True,False,True,False
Cambodia,2000-11-01,2000,11,0.374,0.374,True,False,True,False
Cambodia,2000-12-01,2000,12,1.425,1.425,True,False,True,False
Cambodia,2001-01-01,2001,1,1.648,1.648,True,False,True,False
Cambodia,2001-02-01,2001,2,0.746,0.746,True,False,True,False
Cambodia,2001-03-01,2001,3,0.324,0.324,True,False,True,False
Cambodia,2001-04-01,2001,4,0.801,0.801,True,False,True,False
Cambodia,2001-05-01,2001,5,0.052,0.052,True,False,True,False
Cambodia,2001-06-01,2001,6,0.078,0.078,True,False,True,False
Cambodia,2001-07-01,2001,7,0.561,0.561,True,False,True,False
Cambodia,2001-08-01,2001,8,0.338,0.338,True,False,True,False
Cambodia,2001-09-01,2001,9,0.98,0.98,True,False,True,False
Cambodia,2001-10-01,2001,10,0.441,0.441,True,False,True,False
Cambodia,2001-11-01,2001,11,-0.29,-0.29,True,False,True,False
Cambodia,2001-12-01,2001,12,0.534,0.534,True,False,True,False
Cambodia,2002-01-01,2002,1,0.961,0.961,True,False,True,False
Cambodia,2002-02-01,2002,2,0.597,0.597,True,False,True,False
Cambodia,2002-03-01,2002,3,0.524,0.524,True,False,True,False
Cambodia,2002-04-01,2002,4,0.611,0.611,True,False,True,False
Cambodia,2002-05-01,2002,5,0.234,0.234,True,False,True,False
Cambodia,2002-06-01,2002,6,0.501,0.501,True,False,True,False
Cambodia,2002-07-01,2002,7,1.148,1.148,True,False,True,False
Cambodia,2002-08-01,2002,8,0.048,0.048,True,False,True,False
Cambodia,2002-09-01,2002,9,0.517,0.517,True,False,True,False
Cambodia,2002-10-01,2002,10,0.916,0.916,True,False,True,False
Cambodia,2002-11-01,2002,11,1.256,1.256,True,False,True,False
Cambodia,2002-12-01,2002,12,2.154,2.154,True,False,True,False
Cambodia,2003-01-01,2003,1,0.081,0.081,True,False,True,False
Cambodia,2003-02-01,2003,2,0.929,0.929,True,False,True,False
Cambodia,2003-03-01,2003,3,0.123,0.123,True,False,True,False
Cambodia,2003-04-01,2003,4,0.481,0.481,True,False,True,False
Cambodia,2003-05-01,2003,5,0.557,0.557,True,False,True,False
Cambodia,2003-06-01,2003,6,0.523,0.523,True,False,True,False
Cambodia,2003-07-01,2003,7,0.299,0.299,True,False,True,False
Cambodia,2003-08-01,2003,8,0.583,0.583,True,False,True,False
Cambodia,2003-09-01,2003,9,0.3,0.3,True,False,True,False
Cambodia,2003-10-01,2003,10,0.527,0.527,True,False,True,False
Cambodia,2003-11-01,2003,11,1.15,1.15,True,False,True,False
Cambodia,2003-12-01,2003,12,0.259,0.259,True,False,True,False
Cambodia,2004-01-01,2004,1,0.892,0.892,True,False,True,False
Cambodia,2004-02-01,2004,2,0.066,0.066,True,False,True,False
Cambodia,2004-03-01,2004,3,0.719,0.719,True,False,True,False
Cambodia,2004-04-01,2004,4,0.95,0.95,True,False,True,False
Cambodia,2004-05-01,2004,5,0.221,0.221,True,False,True,False
Cambodia,2004-06-01,2004,6,0.341,0.341,True,False,True,False
Cambodia,2004-07-01,2004,7,0.244,0.244,True,False,True,False
Cambodia,2004-08-01,2004,8,0.346,0.346,True,False,True,False
Cambodia,2004-09-01,2004,9,0.461,0.461,True,False,True,False
Cambodia,2004-10-01,2004,10,0.589,0.589,True,False,True,False
Cambodia,2004-11-01,2004,11,1.393,1.393,True,False,True,False
Cambodia,2004-12-01,2004,12,0.51,0.51,True,False,True,False
Cambodia,2005-01-01,2005,1,0.44,0.44,True,False,True,False
Cambodia,2005-02-01,2005,2,1.424,1.424,True,False,True,False
Cambodia,2005-03-01,2005,3,0.289,0.289,True,False,True,False
Cambodia,2005-04-01,2005,4,0.441,0.441,True,False,True,False
Cambodia,2005-05-01,2005,5,0.759,0.759,True,False,True,False
Cambodia,2005-06-01,2005,6,0.812,0.812,True,False,True,False
Cambodia,2005-07-01,2005,7,0.314,0.314,True,False,True,False
Cambodia,2005-08-01,2005,8,0.784,0.784,True,False,True,False
Cambodia,2005-09-01,2005,9,0.446,0.446,True,False,True,False
Cambodia,2005-10-01,2005,10,0.767,0.767,True,False,True,False
Cambodia,2005-11-01,2005,11,1.156,1.156,True,False,True,False
Cambodia,2005-12-01,2005,12,0.474,0.474,True,False,True,False
Cambodia,2006-01-01,2006,1,1.166,1.166,True,False,True,False
Cambodia,2006-02-01,2006,2,1.02,1.02,True,False,True,False
Cambodia,2006-03-01,2006,3,0.724,0.724,True,False,True,False
Cambodia,2006-04-01,2006,4,0.447,0.447,True,False,True,False
Cambodia,2006-05-01,2006,5,0.163,0.163,True,False,True,False
Cambodia,2006-06-01,2006,6,0.7,0.7,True,False,True,False
Cambodia,2006-07-01,2006,7,0.26,0.26,True,False,True,False
Cambodia,2006-08-01,2006,8,0.247,0.247,True,False,True,False
Cambodia,2006-09-01,2006,9,0.537,0.537,True,False,True,False
Cambodia,2006-10-01,2006,10,0.591,0.591,True,False,True,False
Cambodia,2006-11-01,2006,11,1.983,1.983,True,False,True,False
Cambodia,2006-12-01,2006,12,1.281,1.281,True,False,True,False
Cambodia,2007-01-01,2007,1,1.039,1.039,True,False,True,False
Cambodia,2007-02-01,2007,2,0.724,0.724,True,False,True,False
Cambodia,2007-03-01,2007,3,0.825,0.825,True,False,True,False
Cambodia,2007-04-01,2007,4,0.425,0.425,True,False,True,False
Cambodia,2007-05-01,2007,5,-0.053,-0.053,True,False,True,False
Cambodia,2007-06-01,2007,6,1.084,1.084,True,False,True,False
Cambodia,2007-07-01,2007,7,0.115,0.115,True,False,True,False
Cambodia,2007-08-01,2007,8,0.526,0.526,True,False,True,False
Cambodia,2007-09-01,2007,9,0.745,0.745,True,False,True,False
Cambodia,2007-10-01,2007,10,0.396,0.396,True,False,True,False
Cambodia,2007-11-01,2007,11,-0.217,-0.217,True,False,True,False
Cambodia,2007-12-01,2007,12,1.576,1.576,True,False,True,False
Cambodia,2008-01-01,2008,1,1.076,1.076,True,False,True,False
Cambodia,2008-02-01,2008,2,-0.383,-0.383,True,False,True,False
Cambodia,2008-03-01,2008,3,-0.169,-0.169,True,False,True,False
Cambodia,2008-04-01,2008,4,0.111,0.111,True,False,True,False
Cambodia,2008-05-01,2008,5,-0.593,-0.593,True,False,True,False
Cambodia,2008-06-01,2008,6,0.386,0.386,True,False,True,False
Cambodia,2008-07-01,2008,7,0.234,0.234,True,False,True,False
Cambodia,2008-08-01,2008,8,0.561,0.561,True,False,True,False
Cambodia,2008-09-01,2008,9,0.242,0.242,True,False,True,False
Cambodia,2008-10-01,2008,10,0.893,0.893,True,False,True,False
Cambodia,2008-11-01,2008,11,0.774,0.774,True,False,True,False
Cambodia,2008-12-01,2008,12,0.252,0.252,True,False,True,False
Cambodia,2009-01-01,2009,1,-0.668,-0.668,True,False,True,False
Cambodia,2009-02-01,2009,2,0.905,0.905,True,False,True,False
Cambodia,2009-03-01,2009,3,0.47,0.47,True,False,True,False
Cambodia,2009-04-01,2009,4,-0.019,-0.019,True,False,True,False
Cambodia,2009-05-01,2009,5,-0.191,-0.191,True,False,True,False
Cambodia,2009-06-01,2009,6,0.677,0.677,True,False,True,False
Cambodia,2009-07-01,2009,7,0.25,0.25,True,False,True,False
Cambodia,2009-08-01,2009,8,1.093,1.093,True,False,True,False
Cambodia,2009-09-01,2009,9,0.289,0.289,True,False,True,False
Cambodia,2009-10-01,2009,10,0.355,0.355,True,False,True,False
Cambodia,2009-11-01,2009,11,1.087,1.087,True,False,True,False
Cambodia,2009-12-01,2009,12,1.452,1.452,True,False,True,False
Cambodia,2010-01-01,2010,1,1.726,1.726,True,False,True,False
Cambodia,2010-02-01,2010,2,1.834,1.834,True,False,True,False
Cambodia,2010-03-01,2010,3,0.967,0.967,True,False,True,False
Cambodia,2010-04-01,2010,4,1.21,1.21,True,False,True,False
Cambodia,2010-05-01,2010,5,1.649,1.649,True,False,True,False
Cambodia,2010-06-01,2010,6,1.174,1.174,True,False,True,False
Cambodia,2010-07-01,2010,7,0.839,0.839,True,False,True,False
Cambodia,2010-08-01,2010,8,0.648,0.648,True,False,True,False
Cambodia,2010-09-01,2010,9,1.106,1.106,True,False,True,False
Cambodia,2010-10-01,2010,10,0.403,0.403,True,False,True,False
Cambodia,2010-11-01,2010,11,0.821,0.821,True,False,True,False
Cambodia,2010-12-01,2010,12,1.135,1.135,True,False,True,False
Cambodia,2011-01-01,2011,1,0.362,0.362,True,False,True,False
Cambodia,2011-02-01,2011,2,0.485,0.485,True,False,True,False
Cambodia,2011-03-01,2011,3,-1.019,-1.019,True,False,True,False
Cambodia,2011-04-01,2011,4,-0.741,-0.741,True,False,True,False
Cambodia,2011-05-01,2011,5,0.333,0.333,True,False,True,False
Cambodia,2011-06-01,2011,6,0.284,0.284,True,False,True,False
Cambodia,2011-07-01,2011,7,0.529,0.529,True,False,True,False
Cambodia,2011-08-01,2011,8,0.404,0.404,True,False,True,False
Cambodia,2011-09-01,2011,9,0.219,0.219,True,False,True,False
Cambodia,2011-10-01,2011,10,0.637,0.637,True,False,True,False
Cambodia,2011-11-01,2011,11,1.615,1.615,True,False,True,False
Cambodia,2011-12-01,2011,12,0.809,0.809,True,False,True,False
Cambodia,2012-01-01,2012,1,1.857,1.857,True,False,True,False
Cambodia,2012-02-01,2012,2,1.195,1.195,True,False,True,False
Cambodia,2012-03-01,2012,3,0.931,0.931,True,False,True,False
Cambodia,2012-04-01,2012,4,0.349,0.349,True,False,True,False
Cambodia,2012-05-01,2012,5,0.033,0.033,True,False,True,False
Cambodia,2012-06-01,2012,6,0.764,0.764,True,False,True,False
Cambodia,2012-07-01,2012,7,0.342,0.342,True,False,True,False
Cambodia,2012-08-01,2012,8,0.969,0.969,True,False,True,False
Cambodia,2012-09-01,2012,9,0.152,0.152,True,False,True,False
Cambodia,2012-10-01,2012,10,0.941,0.941,True,False,True,False
Cambodia,2012-11-01,2012,11,1.944,1.944,True,False,True,False
Cambodia,2012-12-01,2012,12,2.383,2.383,True,False,True,False
Cambodia,2013-01-01,2013,1,1.407,1.407,True,False,True,False
Cambodia,2013-02-01,2013,2,1.767,1.767,True,False,True,False
Cambodia,2013-03-01,2013,3,1.304,1.304,True,False,True,False
Cambodia,2013-04-01,2013,4,0.7,0.7,True,False,True,False
Cambodia,2013-05-01,2013,5,1.096,1.096,True,False,True,False
Cambodia,2013-06-01,2013,6,0.658,0.658,True,False,True,False
Cambodia,2013-07-01,2013,7,0.235,0.235,True,False,True,False
Cambodia,2013-08-01,2013,8,0.525,0.525,True,False,True,False
Cambodia,2013-09-01,2013,9,0.252,0.252,True,False,True,False
Cambodia,2013-10-01,2013,10,0.468,0.468,True,False,True,False
Cambodia,2013-11-01,2013,11,1.191,1.191,True,False,True,False
Cambodia,2013-12-01,2013,12,-0.545,-0.545,True,False,True,False
Cambodia,2014-01-01,2014,1,-0.712,-0.712,True,False,False,True
Cambodia,2014-02-01,2014,2,-0.09,-0.09,True,False,False,True
Cambodia,2014-03-01,2014,3,0.889,0.889,True,False,False,True
Cambodia,2014-04-01,2014,4,0.587,0.587,True,False,False,True
Cambodia,2014-05-01,2014,5,1.207,1.207,True,False,False,True
Cambodia,2014-06-01,2014,6,0.794,0.794,True,False,False,True
Cambodia,2014-07-01,2014,7,0.456,0.456,True,False,False,True
Cambodia,2014-08-01,2014,8,0.74,0.74,True,False,False,True
Cambodia,2014-09-01,2014,9,0.719,0.719,True,False,False,True
Cambodia,2014-10-01,2014,10,0.763,0.763,True,False,False,True
Cambodia,2014-11-01,2014,11,1.784,1.784,True,False,False,True
Cambodia,2014-12-01,2014,12,1.139,1.139,True,False,False,True
Cambodia,2015-01-01,2015,1,0.339,0.339,True,False,False,True
Cambodia,2015-02-01,2015,2,0.333,0.333,True,False,False,True
Cambodia,2015-03-01,2015,3,1.1,1.1,True,False,False,True
Cambodia,2015-04-01,2015,4,0.655,0.655,True,False,False,True
Cambodia,2015-05-01,2015,5,1.16,1.16,True,False,False,True
Cambodia,2015-06-01,2015,6,1.093,1.093,True,False,False,True
Cambodia,2015-07-01,2015,7,0.849,0.849,True,False,False,True
Cambodia,2015-08-01,2015,8,1.112,1.112,True,False,False,True
Cambodia,2015-09-01,2015,9,1.119,1.119,True,False,False,True
Cambodia,2015-10-01,2015,10,1.176,1.176,True,False,False,True
Cambodia,2015-11-01,2015,11,2.394,2.394,True,False,False,True
Cambodia,2015-12-01,2015,12,2.319,2.319,True,False,False,True
Cambodia,2016-01-01,2016,1,2.154,2.154,True,False,False,True
Cambodia,2016-02-01,2016,2,0.094,0.094,True,False,False,True
Cambodia,2016-03-01,2016,3,1.245,1.245,True,False,False,True
Cambodia,2016-04-01,2016,4,2.053,2.053,True,False,False,True
Cambodia,2016-05-01,2016,5,1.371,1.371,True,False,False,True
Cambodia,2016-06-01,2016,6,0.91,0.91,True,False,False,True
Cambodia,2016-07-01,2016,7,0.82,0.82,True,False,False,True
Cambodia,2016-08-01,2016,8,1.369,1.369,True,False,False,True
Cambodia,2016-09-01,2016,9,0.805,0.805,True,False,False,True
Cambodia,2016-10-01,2016,10,1.023,1.023,True,False,False,True
Cambodia,2016-11-01,2016,11,1.813,1.813,True,False,False,True
Cambodia,2016-12-01,2016,12,1.699,1.699,True,False,False,True
Cambodia,2017-01-01,2017,1,2.227,2.227,True,False,False,True
Cambodia,2017-02-01,2017,2,0.749,0.749,True,False,False,True
Cambodia,2017-03-01,2017,3,0.735,0.735,True,False,False,True
Cambodia,2017-04-01,2017,4,0.498,0.498,True,False,False,True
Cambodia,2017-05-01,2017,5,0.452,0.452,True,False,False,True
Cambodia,2017-06-01,2017,6,0.711,0.711,True,False,False,True
Cambodia,2017-07-01,2017,7,0.086,0.086,True,False,False,True
Cambodia,2017-08-01,2017,8,1.077,1.077,True,False,False,True
Cambodia,2017-09-01,2017,9,1.49,1.49,True,False,False,True
Cambodia,2017-10-01,2017,10,1.02,1.02,True,False,False,True
Cambodia,2017-11-01,2017,11,1.18,1.18,True,False,False,True
Cambodia,2017-12-01,2017,12,0.874,0.874,True,False,False,True
Cambodia,2018-01-01,2018,1,1.465,1.465,True,False,False,True
Cambodia,2018-02-01,2018,2,-0.259,-0.259,True,False,False,True
Cambodia,2018-03-01,2018,3,0.278,0.278,True,False,False,True
Cambodia,2018-04-01,2018,4,0.013,0.013,True,False,False,True
Cambodia,2018-05-01,2018,5,0.539,0.539,True,False,False,True
Cambodia,2018-06-01,2018,6,0.459,0.459,True,False,False,True
Cambodia,2018-07-01,2018,7,0.476,0.476,True,False,False,True
Cambodia,2018-08-01,2018,8,0.307,0.307,True,False,False,True
Cambodia,2018-09-01,2018,9,0.696,0.696,True,False,False,True
Cambodia,2018-10-01,2018,10,1.243,1.243,True,False,False,True
Cambodia,2018-11-01,2018,11,1.773,1.773,True,False,False,True
Cambodia,2018-12-01,2018,12,2.212,2.212,True,False,False,True
Cambodia,2019-01-01,2019,1,1.913,1.913,True,False,False,True
Cambodia,2019-02-01,2019,2,2.153,2.153,True,False,False,True
Cambodia,2019-03-01,2019,3,1.353,1.353,True,False,False,True
Cambodia,2019-04-01,2019,4,1.479,1.479,True,False,False,True
Cambodia,2019-05-01,2019,5,0.988,0.988,True,False,False,True
Cambodia,2019-06-01,2019,6,1.255,1.255,True,False,False,True
Cambodia,2019-07-01,2019,7,0.894,0.894,True,False,False,True
Cambodia,2019-08-01,2019,8,0.724,0.724,True,False,False,True
Cambodia,2019-09-01,2019,9,0.64,0.64,True,False,False,True
Cambodia,2019-10-01,2019,10,1.366,1.366,True,False,False,True
Cambodia,2019-11-01,2019,11,1.468,1.468,True,False,False,True
Cambodia,2019-12-01,2019,12,1.524,1.524,True,False,False,True
Cambodia,2020-01-01,2020,1,2.433,2.433,True,False,False,True
Cambodia,2020-02-01,2020,2,1.093,1.093,True,False,False,True
Cambodia,2020-03-01,2020,3,1.786,1.786,True,False,False,True
Cambodia,2020-04-01,2020,4,0.672,0.672,True,False,False,True
Cambodia,2020-05-01,2020,5,1.742,1.742,True,False,False,True
Cambodia,2020-06-01,2020,6,1.194,1.194,True,False,False,True
Cambodia,2020-07-01,2020,7,1.251,1.251,True,False,False,True
Cambodia,2020-08-01,2020,8,1.19,1.19,True,False,False,True
Cambodia,2020-09-01,2020,9,1.119,1.119,True,False,False,True
Cambodia,2020-10-01,2020,10,0.061,0.061,True,False,False,True
Cambodia,2020-11-01,2020,11,1.234,1.234,True,False,False,True
Cambodia,2020-12-01,2020,12,1.317,1.317,True,False,False,True
Cambodia,2021-01-01,2021,1,0.194,0.194,True,False,False,True
Cambodia,2021-02-01,2021,2,0.242,0.242,True,False,False,True
Cambodia,2021-03-01,2021,3,1.407,1.407,True,False,False,True
Cambodia,2021-04-01,2021,4,0.509,0.509,True,False,False,True
Cambodia,2021-05-01,2021,5,0.762,0.762,True,False,False,True
Cambodia,2021-06-01,2021,6,0.947,0.947,True,False,False,True
Cambodia,2021-07-01,2021,7,0.805,0.805,True,False,False,True
Cambodia,2021-08-01,2021,8,1.115,1.115,True,False,False,True
Cambodia,2021-09-01,2021,9,0.248,0.248,True,False,False,True
Cambodia,2021-10-01,2021,10,0.595,0.595,True,False,False,True
Cambodia,2021-11-01,2021,11,1.292,1.292,True,False,False,True
Cambodia,2021-12-01,2021,12,0.953,0.953,True,False,False,True
Cambodia,2022-01-01,2022,1,1.88,1.88,True,False,False,True
Cambodia,2022-02-01,2022,2,1.186,1.186,True,False,False,True
Cambodia,2022-03-01,2022,3,1.084,1.084,True,False,False,True
Cambodia,2022-04-01,2022,4,-0.078,-0.078,True,False,False,True
Cambodia,2022-05-01,2022,5,0.294,0.294,True,False,False,True
Cambodia,2022-06-01,2022,6,1.572,1.572,True,False,False,True
Cambodia,2022-07-01,2022,7,0.516,0.516,True,False,False,True
Cambodia,2022-08-01,2022,8,0.655,0.655,True,False,False,True
Cambodia,2022-09-01,2022,9,0.664,0.664,True,False,False,True
Cambodia,2022-10-01,2022,10,0.429,0.429,True,False,False,True
Cambodia,2022-11-01,2022,11,1.481,1.481,True,False,False,True
Cambodia,2022-12-01,2022,12,0.76,0.76,True,False,False,True
Cambodia,2023-01-01,2023,1,0.607,0.607,True,False,False,True
Cambodia,2023-02-01,2023,2,1.246,1.246,True,False,False,True
Cambodia,2023-03-01,2023,3,0.749,0.749,True,False,False,True
Cambodia,2023-04-01,2023,4,1.644,1.644,True,False,False,True
Cambodia,2023-05-01,2023,5,1.694,1.694,True,False,False,True
Cambodia,2023-06-01,2023,6,1.349,1.349,True,False,False,True
Cambodia,2023-07-01,2023,7,1.22,1.22,True,False,False,True
Cambodia,2023-08-01,2023,8,1.858,1.858,True,False,False,True
Cambodia,2023-09-01,2023,9,0.925,0.925,True,False,False,True
Cambodia,2023-10-01,2023,10,1.203,1.203,True,False,False,True
Cambodia,2023-11-01,2023,11,1.811,1.811,True,False,False,True
Cambodia,2023-12-01,2023,12,2.482,2.482,True,False,False,True
Indonesia,1961-01-01,1961,1,-0.078,-0.078,True,False,True,False
Indonesia,1961-02-01,1961,2,0.112,0.112,True,False,True,False
Indonesia,1961-03-01,1961,3,0.152,0.152,True,False,True,False
Indonesia,1961-04-01,1961,4,0.08,0.08,True,False,True,False
Indonesia,1961-05-01,1961,5,-0.009,-0.009,True,False,True,False
Indonesia,1961-06-01,1961,6,-0.411,-0.411,True,False,True,False
Indonesia,1961-07-01,1961,7,-0.231,-0.231,True,False,True,False
Indonesia,1961-08-01,1961,8,-0.338,-0.338,True,False,True,False
Indonesia,1961-09-01,1961,9,-0.284,-0.284,True,False,True,False
Indonesia,1961-10-01,1961,10,-0.035,-0.035,True,False,True,False
Indonesia,1961-11-01,1961,11,0.13,0.13,True,False,True,False
Indonesia,1961-12-01,1961,12,0.247,0.247,True,False,True,False
Indonesia,1962-01-01,1962,1,-0.006,-0.006,True,False,True,False
Indonesia,1962-02-01,1962,2,-0.15,-0.15,True,False,True,False
Indonesia,1962-03-01,1962,3,-0.182,-0.182,True,False,True,False
Indonesia,1962-04-01,1962,4,-0.196,-0.196,True,False,True,False
Indonesia,1962-05-01,1962,5,0.038,0.038,True,False,True,False
Indonesia,1962-06-01,1962,6,0.083,0.083,True,False,True,False
Indonesia,1962-07-01,1962,7,0.191,0.191,True,False,True,False
Indonesia,1962-08-01,1962,8,-0.167,-0.167,True,False,True,False
Indonesia,1962-09-01,1962,9,-0.013,-0.013,True,False,True,False
Indonesia,1962-10-01,1962,10,0.18,0.18,True,False,True,False
Indonesia,1962-11-01,1962,11,0.136,0.136,True,False,True,False
Indonesia,1962-12-01,1962,12,-0.038,-0.038,True,False,True,False
Indonesia,1963-01-01,1963,1,-0.447,-0.447,True,False,True,False
Indonesia,1963-02-01,1963,2,-0.385,-0.385,True,False,True,False
Indonesia,1963-03-01,1963,3,-0.252,-0.252,True,False,True,False
Indonesia,1963-04-01,1963,4,0.077,0.077,True,False,True,False
Indonesia,1963-05-01,1963,5,-0.006,-0.006,True,False,True,False
Indonesia,1963-06-01,1963,6,0.07,0.07,True,False,True,False
Indonesia,1963-07-01,1963,7,-0.05,-0.05,True,False,True,False
Indonesia,1963-08-01,1963,8,-0.123,-0.123,True,False,True,False
Indonesia,1963-09-01,1963,9,-0.104,-0.104,True,False,True,False
Indonesia,1963-10-01,1963,10,-0.001,-0.001,True,False,True,False
Indonesia,1963-11-01,1963,11,0.236,0.236,True,False,True,False
Indonesia,1963-12-01,1963,12,0.139,0.139,True,False,True,False
Indonesia,1964-01-01,1964,1,0.481,0.481,True,False,True,False
Indonesia,1964-02-01,1964,2,0.285,0.285,True,False,True,False
Indonesia,1964-03-01,1964,3,0.017,0.017,True,False,True,False
Indonesia,1964-04-01,1964,4,0.074,0.074,True,False,True,False
Indonesia,1964-05-01,1964,5,0.053,0.053,True,False,True,False
Indonesia,1964-06-01,1964,6,-0.12,-0.12,True,False,True,False
Indonesia,1964-07-01,1964,7,-0.077,-0.077,True,False,True,False
Indonesia,1964-08-01,1964,8,-0.003,-0.003,True,False,True,False
Indonesia,1964-09-01,1964,9,0.028,0.028,True,False,True,False
Indonesia,1964-10-01,1964,10,-0.238,-0.238,True,False,True,False
Indonesia,1964-11-01,1964,11,-0.458,-0.458,True,False,True,False
Indonesia,1964-12-01,1964,12,-0.436,-0.436,True,False,True,False
Indonesia,1965-01-01,1965,1,-0.551,-0.551,True,False,True,False
Indonesia,1965-02-01,1965,2,-0.045,-0.045,True,False,True,False
Indonesia,1965-03-01,1965,3,-0.106,-0.106,True,False,True,False
Indonesia,1965-04-01,1965,4,-0.241,-0.241,True,False,True,False
Indonesia,1965-05-01,1965,5,-0.245,-0.245,True,False,True,False
Indonesia,1965-06-01,1965,6,-0.066,-0.066,True,False,True,False
Indonesia,1965-07-01,1965,7,-0.507,-0.507,True,False,True,False
Indonesia,1965-08-01,1965,8,-0.282,-0.282,True,False,True,False
Indonesia,1965-09-01,1965,9,-0.03,-0.03,True,False,True,False
Indonesia,1965-10-01,1965,10,-0.081,-0.081,True,False,True,False
Indonesia,1965-11-01,1965,11,0.335,0.335,True,False,True,False
Indonesia,1965-12-01,1965,12,0.362,0.362,True,False,True,False
Indonesia,1966-01-01,1966,1,0.16,0.16,True,False,True,False
Indonesia,1966-02-01,1966,2,0.004,0.004,True,False,True,False
Indonesia,1966-03-01,1966,3,-0.067,-0.067,True,False,True,False
Indonesia,1966-04-01,1966,4,0.17,0.17,True,False,True,False
Indonesia,1966-05-01,1966,5,-0.056,-0.056,True,False,True,False
Indonesia,1966-06-01,1966,6,-0.22,-0.22,True,False,True,False
Indonesia,1966-07-01,1966,7,-0.094,-0.094,True,False,True,False
Indonesia,1966-08-01,1966,8,0.146,0.146,True,False,True,False
Indonesia,1966-09-01,1966,9,0.241,0.241,True,False,True,False
Indonesia,1966-10-01,1966,10,-0.117,-0.117,True,False,True,False
Indonesia,1966-11-01,1966,11,-0.051,-0.051,True,False,True,False
Indonesia,1966-12-01,1966,12,-0.148,-0.148,True,False,True,False
Indonesia,1967-01-01,1967,1,-0.189,-0.189,True,False,True,False
Indonesia,1967-02-01,1967,2,-0.154,-0.154,True,False,True,False
Indonesia,1967-03-01,1967,3,-0.226,-0.226,True,False,True,False
Indonesia,1967-04-01,1967,4,-0.239,-0.239,True,False,True,False
Indonesia,1967-05-01,1967,5,-0.161,-0.161,True,False,True,False
Indonesia,1967-06-01,1967,6,-0.228,-0.228,True,False,True,False
Indonesia,1967-07-01,1967,7,-0.166,-0.166,True,False,True,False
Indonesia,1967-08-01,1967,8,-0.094,-0.094,True,False,True,False
Indonesia,1967-09-01,1967,9,-0.226,-0.226,True,False,True,False
Indonesia,1967-10-01,1967,10,-0.027,-0.027,True,False,True,False
Indonesia,1967-11-01,1967,11,-0.047,-0.047,True,False,True,False
Indonesia,1967-12-01,1967,12,-0.174,-0.174,True,False,True,False
Indonesia,1968-01-01,1968,1,-0.011,-0.011,True,False,True,False
Indonesia,1968-02-01,1968,2,-0.11,-0.11,True,False,True,False
Indonesia,1968-03-01,1968,3,0.056,0.056,True,False,True,False
Indonesia,1968-04-01,1968,4,-0.059,-0.059,True,False,True,False
Indonesia,1968-05-01,1968,5,-0.004,-0.004,True,False,True,False
Indonesia,1968-06-01,1968,6,0.115,0.115,True,False,True,False
Indonesia,1968-07-01,1968,7,0.134,0.134,True,False,True,False
Indonesia,1968-08-01,1968,8,-0.026,-0.026,True,False,True,False
Indonesia,1968-09-01,1968,9,0.114,0.114,True,False,True,False
Indonesia,1968-10-01,1968,10,-0.081,-0.081,True,False,True,False
Indonesia,1968-11-01,1968,11,-0.163,-0.163,True,False,True,False
Indonesia,1968-12-01,1968,12,0.083,0.083,True,False,True,False
Indonesia,1969-01-01,1969,1,0.239,0.239,True,False,True,False
Indonesia,1969-02-01,1969,2,0.287,0.287,True,False,True,False
Indonesia,1969-03-01,1969,3,0.387,0.387,True,False,True,False
Indonesia,1969-04-01,1969,4,0.342,0.342,True,False,True,False
Indonesia,1969-05-01,1969,5,0.263,0.263,True,False,True,False
Indonesia,1969-06-01,1969,6,0.205,0.205,True,False,True,False
Indonesia,1969-07-01,1969,7,0.034,0.034,True,False,True,False
Indonesia,1969-08-01,1969,8,0.052,0.052,True,False,True,False
Indonesia,1969-09-01,1969,9,-0.005,-0.005,True,False,True,False
Indonesia,1969-10-01,1969,10,-0.037,-0.037,True,False,True,False
Indonesia,1969-11-01,1969,11,0.171,0.171,True,False,True,False
Indonesia,1969-12-01,1969,12,0.136,0.136,True,False,True,False
Indonesia,1970-01-01,1970,1,0.242,0.242,True,False,True,False
Indonesia,1970-02-01,1970,2,0.351,0.351,True,False,True,False
Indonesia,1970-03-01,1970,3,0.352,0.352,True,False,True,False
Indonesia,1970-04-01,1970,4,0.185,0.185,True,False,True,False
Indonesia,1970-05-01,1970,5,0.069,0.069,True,False,True,False
Indonesia,1970-06-01,1970,6,0.254,0.254,True,False,True,False
Indonesia,1970-07-01,1970,7,-0.071,-0.071,True,False,True,False
Indonesia,1970-08-01,1970,8,-0.123,-0.123,True,False,True,False
Indonesia,1970-09-01,1970,9,0.057,0.057,True,False,True,False
Indonesia,1970-10-01,1970,10,0.14,0.14,True,False,True,False
Indonesia,1970-11-01,1970,11,-0.059,-0.059,True,False,True,False
Indonesia,1970-12-01,1970,12,-0.119,-0.119,True,False,True,False
Indonesia,1971-01-01,1971,1,-0.211,-0.211,True,False,True,False
Indonesia,1971-02-01,1971,2,-0.253,-0.253,True,False,True,False
Indonesia,1971-03-01,1971,3,-0.131,-0.131,True,False,True,False
Indonesia,1971-04-01,1971,4,-0.121,-0.121,True,False,True,False
Indonesia,1971-05-01,1971,5,-0.132,-0.132,True,False,True,False
Indonesia,1971-06-01,1971,6,-0.318,-0.318,True,False,True,False
Indonesia,1971-07-01,1971,7,-0.095,-0.095,True,False,True,False
Indonesia,1971-08-01,1971,8,-0.232,-0.232,True,False,True,False
Indonesia,1971-09-01,1971,9,-0.008,-0.008,True,False,True,False
Indonesia,1971-10-01,1971,10,-0.194,-0.194,True,False,True,False
Indonesia,1971-11-01,1971,11,-0.538,-0.538,True,False,True,False
Indonesia,1971-12-01,1971,12,-0.256,-0.256,True,False,True,False
Indonesia,1972-01-01,1972,1,-0.3,-0.3,True,False,True,False
Indonesia,1972-02-01,1972,2,0.067,0.067,True,False,True,False
Indonesia,1972-03-01,1972,3,-0.245,-0.245,True,False,True,False
Indonesia,1972-04-01,1972,4,-0.28,-0.28,True,False,True,False
Indonesia,1972-05-01,1972,5,-0.345,-0.345,True,False,True,False
Indonesia,1972-06-01,1972,6,-0.159,-0.159,True,False,True,False
Indonesia,1972-07-01,1972,7,0.031,0.031,True,False,True,False
Indonesia,1972-08-01,1972,8,0.007,0.007,True,False,True,False
Indonesia,1972-09-01,1972,9,-0.191,-0.191,True,False,True,False
Indonesia,1972-10-01,1972,10,0.098,0.098,True,False,True,False
Indonesia,1972-11-01,1972,11,0.371,0.371,True,False,True,False
Indonesia,1972-12-01,1972,12,0.558,0.558,True,False,True,False
Indonesia,1973-01-01,1973,1,0.385,0.385,True,False,True,False
Indonesia,1973-02-01,1973,2,0.493,0.493,True,False,True,False
Indonesia,1973-03-01,1973,3,0.194,0.194,True,False,True,False
Indonesia,1973-04-01,1973,4,0.311,0.311,True,False,True,False
Indonesia,1973-05-01,1973,5,0.033,0.033,True,False,True,False
Indonesia,1973-06-01,1973,6,0.389,0.389,True,False,True,False
Indonesia,1973-07-01,1973,7,0.331,0.331,True,False,True,False
Indonesia,1973-08-01,1973,8,0.127,0.127,True,False,True,False
Indonesia,1973-09-01,1973,9,-0.064,-0.064,True,False,True,False
Indonesia,1973-10-01,1973,10,0.086,0.086,True,False,True,False
Indonesia,1973-11-01,1973,11,-0.025,-0.025,True,False,True,False
Indonesia,1973-12-01,1973,12,-0.173,-0.173,True,False,True,False
Indonesia,1974-01-01,1974,1,-0.279,-0.279,True,False,True,False
Indonesia,1974-02-01,1974,2,-0.306,-0.306,True,False,True,False
Indonesia,1974-03-01,1974,3,-0.158,-0.158,True,False,True,False
Indonesia,1974-04-01,1974,4,-0.22,-0.22,True,False,True,False
Indonesia,1974-05-01,1974,5,-0.105,-0.105,True,False,True,False
Indonesia,1974-06-01,1974,6,-0.018,-0.018,True,False,True,False
Indonesia,1974-07-01,1974,7,-0.145,-0.145,True,False,True,False
Indonesia,1974-08-01,1974,8,0.015,0.015,True,False,True,False
Indonesia,1974-09-01,1974,9,-0.138,-0.138,True,False,True,False
Indonesia,1974-10-01,1974,10,-0.104,-0.104,True,False,True,False
Indonesia,1974-11-01,1974,11,-0.139,-0.139,True,False,True,False
Indonesia,1974-12-01,1974,12,-0.225,-0.225,True,False,True,False
Indonesia,1975-01-01,1975,1,-0.092,-0.092,True,False,True,False
Indonesia,1975-02-01,1975,2,-0.138,-0.138,True,False,True,False
Indonesia,1975-03-01,1975,3,-0.148,-0.148,True,False,True,False
Indonesia,1975-04-01,1975,4,-0.01,-0.01,True,False,True,False
Indonesia,1975-05-01,1975,5,-0.217,-0.217,True,False,True,False
Indonesia,1975-06-01,1975,6,-0.224,-0.224,True,False,True,False
Indonesia,1975-07-01,1975,7,-0.092,-0.092,True,False,True,False
Indonesia,1975-08-01,1975,8,0.151,0.151,True,False,True,False
Indonesia,1975-09-01,1975,9,-0.073,-0.073,True,False,True,False
Indonesia,1975-10-01,1975,10,-0.259,-0.259,True,False,True,False
Indonesia,1975-11-01,1975,11,-0.417,-0.417,True,False,True,False
Indonesia,1975-12-01,1975,12,-0.27,-0.27,True,False,True,False
Indonesia,1976-01-01,1976,1,-0.33,-0.33,True,False,True,False
Indonesia,1976-02-01,1976,2,-0.121,-0.121,True,False,True,False
Indonesia,1976-03-01,1976,3,-0.21,-0.21,True,False,True,False
Indonesia,1976-04-01,1976,4,-0.037,-0.037,True,False,True,False
Indonesia,1976-05-01,1976,5,0.044,0.044,True,False,True,False
Indonesia,1976-06-01,1976,6,0.063,0.063,True,False,True,False
Indonesia,1976-07-01,1976,7,0.115,0.115,True,False,True,False
Indonesia,1976-08-01,1976,8,0.432,0.432,True,False,True,False
Indonesia,1976-09-01,1976,9,0.328,0.328,True,False,True,False
Indonesia,1976-10-01,1976,10,-0.102,-0.102,True,False,True,False
Indonesia,1976-11-01,1976,11,-0.045,-0.045,True,False,True,False
Indonesia,1976-12-01,1976,12,0.099,0.099,True,False,True,False
Indonesia,1977-01-01,1977,1,0.12,0.12,True,False,True,False
Indonesia,1977-02-01,1977,2,-0.454,-0.454,True,False,True,False
Indonesia,1977-03-01,1977,3,-0.087,-0.087,True,False,True,False
Indonesia,1977-04-01,1977,4,0.065,0.065,True,False,True,False
Indonesia,1977-05-01,1977,5,0.019,0.019,True,False,True,False
Indonesia,1977-06-01,1977,6,0.017,0.017,True,False,True,False
Indonesia,1977-07-01,1977,7,0.142,0.142,True,False,True,False
Indonesia,1977-08-01,1977,8,-0.114,-0.114,True,False,True,False
Indonesia,1977-09-01,1977,9,0.47,0.47,True,False,True,False
Indonesia,1977-10-01,1977,10,0.381,0.381,True,False,True,False
Indonesia,1977-11-01,1977,11,0.455,0.455,True,False,True,False
Indonesia,1977-12-01,1977,12,0.191,0.191,True,False,True,False
Indonesia,1978-01-01,1978,1,0.114,0.114,True,False,True,False
Indonesia,1978-02-01,1978,2,0.146,0.146,True,False,True,False
Indonesia,1978-03-01,1978,3,0.215,0.215,True,False,True,False
Indonesia,1978-04-01,1978,4,-0.045,-0.045,True,False,True,False
Indonesia,1978-05-01,1978,5,0.208,0.208,True,False,True,False
Indonesia,1978-06-01,1978,6,0.031,0.031,True,False,True,False
Indonesia,1978-07-01,1978,7,0.095,0.095,True,False,True,False
Indonesia,1978-08-01,1978,8,0.234,0.234,True,False,True,False
Indonesia,1978-09-01,1978,9,-0.125,-0.125,True,False,True,False
Indonesia,1978-10-01,1978,10,-0.139,-0.139,True,False,True,False
Indonesia,1978-11-01,1978,11,-0.165,-0.165,True,False,True,False
Indonesia,1978-12-01,1978,12,-0.081,-0.081,True,False,True,False
Indonesia,1979-01-01,1979,1,0.293,0.293,True,False,True,False
Indonesia,1979-02-01,1979,2,0.189,0.189,True,False,True,False
Indonesia,1979-03-01,1979,3,0.153,0.153,True,False,True,False
Indonesia,1979-04-01,1979,4,0.22,0.22,True,False,True,False
Indonesia,1979-05-01,1979,5,0.253,0.253,True,False,True,False
Indonesia,1979-06-01,1979,6,0.019,0.019,True,False,True,False
Indonesia,1979-07-01,1979,7,-0.088,-0.088,True,False,True,False
Indonesia,1979-08-01,1979,8,0.198,0.198,True,False,True,False
Indonesia,1979-09-01,1979,9,0.119,0.119,True,False,True,False
Indonesia,1979-10-01,1979,10,0.227,0.227,True,False,True,False
Indonesia,1979-11-01,1979,11,0.321,0.321,True,False,True,False
Indonesia,1979-12-01,1979,12,0.134,0.134,True,False,True,False
Indonesia,1980-01-01,1980,1,0.174,0.174,True,False,True,False
Indonesia,1980-02-01,1980,2,0.124,0.124,True,False,True,False
Indonesia,1980-03-01,1980,3,0.116,0.116,True,False,True,False
Indonesia,1980-04-01,1980,4,0.033,0.033,True,False,True,False
Indonesia,1980-05-01,1980,5,0.272,0.272,True,False,True,False
Indonesia,1980-06-01,1980,6,0.266,0.266,True,False,True,False
Indonesia,1980-07-01,1980,7,0.592,0.592,True,False,True,False
Indonesia,1980-08-01,1980,8,0.219,0.219,True,False,True,False
Indonesia,1980-09-01,1980,9,0.327,0.327,True,False,True,False
Indonesia,1980-10-01,1980,10,0.057,0.057,True,False,True,False
Indonesia,1980-11-01,1980,11,-0.003,-0.003,True,False,True,False
Indonesia,1980-12-01,1980,12,0.059,0.059,True,False,True,False
Indonesia,1981-01-01,1981,1,-0.302,-0.302,True,False,True,False
Indonesia,1981-02-01,1981,2,-0.005,-0.005,True,False,True,False
Indonesia,1981-03-01,1981,3,0.215,0.215,True,False,True,False
Indonesia,1981-04-01,1981,4,-0.013,-0.013,True,False,True,False
Indonesia,1981-05-01,1981,5,-0.046,-0.046,True,False,True,False
Indonesia,1981-06-01,1981,6,0.456,0.456,True,False,True,False
Indonesia,1981-07-01,1981,7,0.345,0.345,True,False,True,False
Indonesia,1981-08-01,1981,8,0.389,0.389,True,False,True,False
Indonesia,1981-09-01,1981,9,0.125,0.125,True,False,True,False
Indonesia,1981-10-01,1981,10,0.101,0.101,True,False,True,False
Indonesia,1981-11-01,1981,11,-0.099,-0.099,True,False,True,False
Indonesia,1981-12-01,1981,12,-0.126,-0.126,True,False,True,False
Indonesia,1982-01-01,1982,1,-0.169,-0.169,True,False,True,False
Indonesia,1982-02-01,1982,2,-0.027,-0.027,True,False,True,False
Indonesia,1982-03-01,1982,3,-0.236,-0.236,True,False,True,False
Indonesia,1982-04-01,1982,4,-0.084,-0.084,True,False,True,False
Indonesia,1982-05-01,1982,5,-0.061,-0.061,True,False,True,False
Indonesia,1982-06-01,1982,6,0.244,0.244,True,False,True,False
Indonesia,1982-07-01,1982,7,0.081,0.081,True,False,True,False
Indonesia,1982-08-01,1982,8,-0.151,-0.151,True,False,True,False
Indonesia,1982-09-01,1982,9,0.015,0.015,True,False,True,False
Indonesia,1982-10-01,1982,10,-0.3,-0.3,True,False,True,False
Indonesia,1982-11-01,1982,11,0.512,0.512,True,False,True,False
Indonesia,1982-12-01,1982,12,0.493,0.493,True,False,True,False
Indonesia,1983-01-01,1983,1,0.402,0.402,True,False,True,False
Indonesia,1983-02-01,1983,2,0.704,0.704,True,False,True,False
Indonesia,1983-03-01,1983,3,1.04,1.04,True,False,True,False
Indonesia,1983-04-01,1983,4,0.56,0.56,True,False,True,False
Indonesia,1983-05-01,1983,5,0.197,0.197,True,False,True,False
Indonesia,1983-06-01,1983,6,0.176,0.176,True,False,True,False
Indonesia,1983-07-01,1983,7,0.235,0.235,True,False,True,False
Indonesia,1983-08-01,1983,8,0.309,0.309,True,False,True,False
Indonesia,1983-09-01,1983,9,0.148,0.148,True,False,True,False
Indonesia,1983-10-01,1983,10,0.103,0.103,True,False,True,False
Indonesia,1983-11-01,1983,11,-0.109,-0.109,True,False,True,False
Indonesia,1983-12-01,1983,12,-0.172,-0.172,True,False,True,False
Indonesia,1984-01-01,1984,1,-0.454,-0.454,True,False,True,False
Indonesia,1984-02-01,1984,2,-0.423,-0.423,True,False,True,False
Indonesia,1984-03-01,1984,3,-0.324,-0.324,True,False,True,False
Indonesia,1984-04-01,1984,4,-0.193,-0.193,True,False,True,False
Indonesia,1984-05-01,1984,5,-0.482,-0.482,True,False,True,False
Indonesia,1984-06-01,1984,6,-0.065,-0.065,True,False,True,False
Indonesia,1984-07-01,1984,7,-0.177,-0.177,True,False,True,False
Indonesia,1984-08-01,1984,8,0.211,0.211,True,False,True,False
Indonesia,1984-09-01,1984,9,-0.308,-0.308,True,False,True,False
Indonesia,1984-10-01,1984,10,-0.198,-0.198,True,False,True,False
Indonesia,1984-11-01,1984,11,-0.013,-0.013,True,False,True,False
Indonesia,1984-12-01,1984,12,-0.057,-0.057,True,False,True,False
Indonesia,1985-01-01,1985,1,0.099,0.099,True,False,True,False
Indonesia,1985-02-01,1985,2,0.635,0.635,True,False,True,False
Indonesia,1985-03-01,1985,3,0.288,0.288,True,False,True,False
Indonesia,1985-04-01,1985,4,-0.033,-0.033,True,False,True,False
Indonesia,1985-05-01,1985,5,0.019,0.019,True,False,True,False
Indonesia,1985-06-01,1985,6,0.067,0.067,True,False,True,False
Indonesia,1985-07-01,1985,7,-0.245,-0.245,True,False,True,False
Indonesia,1985-08-01,1985,8,0.016,0.016,True,False,True,False
Indonesia,1985-09-01,1985,9,-0.106,-0.106,True,False,True,False
Indonesia,1985-10-01,1985,10,-0.027,-0.027,True,False,True,False
Indonesia,1985-11-01,1985,11,-0.103,-0.103,True,False,True,False
Indonesia,1985-12-01,1985,12,0.235,0.235,True,False,True,False
Indonesia,1986-01-01,1986,1,-0.224,-0.224,True,False,True,False
Indonesia,1986-02-01,1986,2,-0.23,-0.23,True,False,True,False
Indonesia,1986-03-01,1986,3,-0.338,-0.338,True,False,True,False
Indonesia,1986-04-01,1986,4,-0.05,-0.05,True,False,True,False
Indonesia,1986-05-01,1986,5,0.23,0.23,True,False,True,False
Indonesia,1986-06-01,1986,6,0.258,0.258,True,False,True,False
Indonesia,1986-07-01,1986,7,0.193,0.193,True,False,True,False
Indonesia,1986-08-01,1986,8,0.187,0.187,True,False,True,False
Indonesia,1986-09-01,1986,9,0.11,0.11,True,False,True,False
Indonesia,1986-10-01,1986,10,-0.091,-0.091,True,False,True,False
Indonesia,1986-11-01,1986,11,-0.074,-0.074,True,False,True,False
Indonesia,1986-12-01,1986,12,0.323,0.323,True,False,True,False
Indonesia,1987-01-01,1987,1,-0.193,-0.193,True,False,True,False
Indonesia,1987-02-01,1987,2,0.018,0.018,True,False,True,False
Indonesia,1987-03-01,1987,3,0.379,0.379,True,False,True,False
Indonesia,1987-04-01,1987,4,0.512,0.512,True,False,True,False
Indonesia,1987-05-01,1987,5,0.252,0.252,True,False,True,False
Indonesia,1987-06-01,1987,6,0.866,0.866,True,False,True,False
Indonesia,1987-07-01,1987,7,0.654,0.654,True,False,True,False
Indonesia,1987-08-01,1987,8,0.427,0.427,True,False,True,False
Indonesia,1987-09-01,1987,9,0.411,0.411,True,False,True,False
Indonesia,1987-10-01,1987,10,0.673,0.673,True,False,True,False
Indonesia,1987-11-01,1987,11,0.617,0.617,True,False,True,False
Indonesia,1987-12-01,1987,12,0.351,0.351,True,False,True,False
Indonesia,1988-01-01,1988,1,0.427,0.427,True,False,True,False
Indonesia,1988-02-01,1988,2,0.273,0.273,True,False,True,False
Indonesia,1988-03-01,1988,3,0.446,0.446,True,False,True,False
Indonesia,1988-04-01,1988,4,0.433,0.433,True,False,True,False
Indonesia,1988-05-01,1988,5,0.493,0.493,True,False,True,False
Indonesia,1988-06-01,1988,6,0.394,0.394,True,False,True,False
Indonesia,1988-07-01,1988,7,0.461,0.461,True,False,True,False
Indonesia,1988-08-01,1988,8,0.303,0.303,True,False,True,False
Indonesia,1988-09-01,1988,9,0.298,0.298,True,False,True,False
Indonesia,1988-10-01,1988,10,0.261,0.261,True,False,True,False
Indonesia,1988-11-01,1988,11,-0.179,-0.179,True,False,True,False
Indonesia,1988-12-01,1988,12,-0.351,-0.351,True,False,True,False
Indonesia,1989-01-01,1989,1,0.261,0.261,True,False,True,False
Indonesia,1989-02-01,1989,2,-0.242,-0.242,True,False,True,False
Indonesia,1989-03-01,1989,3,-0.136,-0.136,True,False,True,False
Indonesia,1989-04-01,1989,4,-0.141,-0.141,True,False,True,False
Indonesia,1989-05-01,1989,5,0.076,0.076,True,False,True,False
Indonesia,1989-06-01,1989,6,0.111,0.111,True,False,True,False
Indonesia,1989-07-01,1989,7,0.46,0.46,True,False,True,False
Indonesia,1989-08-01,1989,8,0.156,0.156,True,False,True,False
Indonesia,1989-09-01,1989,9,0.087,0.087,True,False,True,False
Indonesia,1989-10-01,1989,10,0.139,0.139,True,False,True,False
Indonesia,1989-11-01,1989,11,-0.028,-0.028,True,False,True,False
Indonesia,1989-12-01,1989,12,-0.057,-0.057,True,False,True,False
Indonesia,1990-01-01,1990,1,-0.272,-0.272,True,False,True,False
Indonesia,1990-02-01,1990,2,0.65,0.65,True,False,True,False
Indonesia,1990-03-01,1990,3,0.141,0.141,True,False,True,False
Indonesia,1990-04-01,1990,4,0.191,0.191,True,False,True,False
Indonesia,1990-05-01,1990,5,0.053,0.053,True,False,True,False
Indonesia,1990-06-01,1990,6,0.177,0.177,True,False,True,False
Indonesia,1990-07-01,1990,7,-0.181,-0.181,True,False,True,False
Indonesia,1990-08-01,1990,8,0.056,0.056,True,False,True,False
Indonesia,1990-09-01,1990,9,-0.247,-0.247,True,False,True,False
Indonesia,1990-10-01,1990,10,0.012,0.012,True,False,True,False
Indonesia,1990-11-01,1990,11,0.193,0.193,True,False,True,False
Indonesia,1990-12-01,1990,12,-0.103,-0.103,True,False,True,False
Indonesia,1991-01-01,1991,1,0.023,0.023,True,False,True,False
Indonesia,1991-02-01,1991,2,0.278,0.278,True,False,True,False
Indonesia,1991-03-01,1991,3,0.464,0.464,True,False,True,False
Indonesia,1991-04-01,1991,4,0.153,0.153,True,False,True,False
Indonesia,1991-05-01,1991,5,0.157,0.157,True,False,True,False
Indonesia,1991-06-01,1991,6,0.69,0.69,True,False,True,False
Indonesia,1991-07-01,1991,7,0.709,0.709,True,False,True,False
Indonesia,1991-08-01,1991,8,0.487,0.487,True,False,True,False
Indonesia,1991-09-01,1991,9,0.122,0.122,True,False,True,False
Indonesia,1991-10-01,1991,10,-0.035,-0.035,True,False,True,False
Indonesia,1991-11-01,1991,11,-0.262,-0.262,True,False,True,False
Indonesia,1991-12-01,1991,12,-0.205,-0.205,True,False,True,False
Indonesia,1992-01-01,1992,1,-0.037,-0.037,True,False,True,False
Indonesia,1992-02-01,1992,2,0.506,0.506,True,False,True,False
Indonesia,1992-03-01,1992,3,0.75,0.75,True,False,True,False
Indonesia,1992-04-01,1992,4,0.677,0.677,True,False,True,False
Indonesia,1992-05-01,1992,5,0.049,0.049,True,False,True,False
Indonesia,1992-06-01,1992,6,0.466,0.466,True,False,True,False
Indonesia,1992-07-01,1992,7,-0.124,-0.124,True,False,True,False
Indonesia,1992-08-01,1992,8,0.659,0.659,True,False,True,False
Indonesia,1992-09-01,1992,9,0.191,0.191,True,False,True,False
Indonesia,1992-10-01,1992,10,0.024,0.024,True,False,True,False
Indonesia,1992-11-01,1992,11,-0.258,-0.258,True,False,True,False
Indonesia,1992-12-01,1992,12,-0.109,-0.109,True,False,True,False
Indonesia,1993-01-01,1993,1,0.087,0.087,True,False,True,False
Indonesia,1993-02-01,1993,2,0.203,0.203,True,False,True,False
Indonesia,1993-03-01,1993,3,-0.038,-0.038,True,False,True,False
Indonesia,1993-04-01,1993,4,0.005,0.005,True,False,True,False
Indonesia,1993-05-01,1993,5,0.099,0.099,True,False,True,False
Indonesia,1993-06-01,1993,6,0.753,0.753,True,False,True,False
Indonesia,1993-07-01,1993,7,0.439,0.439,True,False,True,False
Indonesia,1993-08-01,1993,8,0.515,0.515,True,False,True,False
Indonesia,1993-09-01,1993,9,0.343,0.343,True,False,True,False
Indonesia,1993-10-01,1993,10,0.294,0.294,True,False,True,False
Indonesia,1993-11-01,1993,11,0.362,0.362,True,False,True,False
Indonesia,1993-12-01,1993,12,0.384,0.384,True,False,True,False
Indonesia,1994-01-01,1994,1,0.234,0.234,True,False,True,False
Indonesia,1994-02-01,1994,2,0.359,0.359,True,False,True,False
Indonesia,1994-03-01,1994,3,-0.187,-0.187,True,False,True,False
Indonesia,1994-04-01,1994,4,0.228,0.228,True,False,True,False
Indonesia,1994-05-01,1994,5,0.141,0.141,True,False,True,False
Indonesia,1994-06-01,1994,6,0.356,0.356,True,False,True,False
Indonesia,1994-07-01,1994,7,0.514,0.514,True,False,True,False
Indonesia,1994-08-01,1994,8,0.393,0.393,True,False,True,False
Indonesia,1994-09-01,1994,9,0.582,0.582,True,False,True,False
Indonesia,1994-10-01,1994,10,0.545,0.545,True,False,True,False
Indonesia,1994-11-01,1994,11,0.609,0.609,True,False,True,False
Indonesia,1994-12-01,1994,12,0.617,0.617,True,False,True,False
Indonesia,1995-01-01,1995,1,0.307,0.307,True,False,True,False
Indonesia,1995-02-01,1995,2,0.106,0.106,True,False,True,False
Indonesia,1995-03-01,1995,3,0.14,0.14,True,False,True,False
Indonesia,1995-04-01,1995,4,0.311,0.311,True,False,True,False
Indonesia,1995-05-01,1995,5,0.438,0.438,True,False,True,False
Indonesia,1995-06-01,1995,6,0.692,0.692,True,False,True,False
Indonesia,1995-07-01,1995,7,0.453,0.453,True,False,True,False
Indonesia,1995-08-01,1995,8,0.305,0.305,True,False,True,False
Indonesia,1995-09-01,1995,9,0.444,0.444,True,False,True,False
Indonesia,1995-10-01,1995,10,0.534,0.534,True,False,True,False
Indonesia,1995-11-01,1995,11,0.125,0.125,True,False,True,False
Indonesia,1995-12-01,1995,12,0.093,0.093,True,False,True,False
Indonesia,1996-01-01,1996,1,0.051,0.051,True,False,True,False
Indonesia,1996-02-01,1996,2,0.018,0.018,True,False,True,False
Indonesia,1996-03-01,1996,3,0.686,0.686,True,False,True,False
Indonesia,1996-04-01,1996,4,0.429,0.429,True,False,True,False
Indonesia,1996-05-01,1996,5,0.543,0.543,True,False,True,False
Indonesia,1996-06-01,1996,6,0.684,0.684,True,False,True,False
Indonesia,1996-07-01,1996,7,0.728,0.728,True,False,True,False
Indonesia,1996-08-01,1996,8,0.49,0.49,True,False,True,False
Indonesia,1996-09-01,1996,9,0.591,0.591,True,False,True,False
Indonesia,1996-10-01,1996,10,0.259,0.259,True,False,True,False
Indonesia,1996-11-01,1996,11,0.231,0.231,True,False,True,False
Indonesia,1996-12-01,1996,12,0.018,0.018,True,False,True,False
Indonesia,1997-01-01,1997,1,0.116,0.116,True,False,True,False
Indonesia,1997-02-01,1997,2,0.09,0.09,True,False,True,False
Indonesia,1997-03-01,1997,3,0.516,0.516,True,False,True,False
Indonesia,1997-04-01,1997,4,0.307,0.307,True,False,True,False
Indonesia,1997-05-01,1997,5,0.47,0.47,True,False,True,False
Indonesia,1997-06-01,1997,6,0.773,0.773,True,False,True,False
Indonesia,1997-07-01,1997,7,0.534,0.534,True,False,True,False
Indonesia,1997-08-01,1997,8,0.582,0.582,True,False,True,False
Indonesia,1997-09-01,1997,9,0.343,0.343,True,False,True,False
Indonesia,1997-10-01,1997,10,0.489,0.489,True,False,True,False
Indonesia,1997-11-01,1997,11,0.619,0.619,True,False,True,False
Indonesia,1997-12-01,1997,12,0.924,0.924,True,False,True,False
Indonesia,1998-01-01,1998,1,1.38,1.38,True,False,True,False
Indonesia,1998-02-01,1998,2,1.396,1.396,True,False,True,False
Indonesia,1998-03-01,1998,3,1.314,1.314,True,False,True,False
Indonesia,1998-04-01,1998,4,1.115,1.115,True,False,True,False
Indonesia,1998-05-01,1998,5,1.252,1.252,True,False,True,False
Indonesia,1998-06-01,1998,6,1.0,1.0,True,False,True,False
Indonesia,1998-07-01,1998,7,1.062,1.062,True,False,True,False
Indonesia,1998-08-01,1998,8,0.629,0.629,True,False,True,False
Indonesia,1998-09-01,1998,9,0.846,0.846,True,False,True,False
Indonesia,1998-10-01,1998,10,0.641,0.641,True,False,True,False
Indonesia,1998-11-01,1998,11,0.345,0.345,True,False,True,False
Indonesia,1998-12-01,1998,12,0.231,0.231,True,False,True,False
Indonesia,1999-01-01,1999,1,0.213,0.213,True,False,True,False
Indonesia,1999-02-01,1999,2,0.397,0.397,True,False,True,False
Indonesia,1999-03-01,1999,3,0.304,0.304,True,False,True,False
Indonesia,1999-04-01,1999,4,0.397,0.397,True,False,True,False
Indonesia,1999-05-01,1999,5,-0.018,-0.018,True,False,True,False
Indonesia,1999-06-01,1999,6,0.316,0.316,True,False,True,False
Indonesia,1999-07-01,1999,7,0.356,0.356,True,False,True,False
Indonesia,1999-08-01,1999,8,0.263,0.263,True,False,True,False
Indonesia,1999-09-01,1999,9,0.262,0.262,True,False,True,False
Indonesia,1999-10-01,1999,10,0.067,0.067,True,False,True,False
Indonesia,1999-11-01,1999,11,0.331,0.331,True,False,True,False
Indonesia,1999-12-01,1999,12,0.116,0.116,True,False,True,False
Indonesia,2000-01-01,2000,1,0.002,0.002,True,False,True,False
Indonesia,2000-02-01,2000,2,0.217,0.217,True,False,True,False
Indonesia,2000-03-01,2000,3,0.33,0.33,True,False,True,False
Indonesia,2000-04-01,2000,4,0.154,0.154,True,False,True,False
Indonesia,2000-05-01,2000,5,0.444,0.444,True,False,True,False
Indonesia,2000-06-01,2000,6,-0.118,-0.118,True,False,True,False
Indonesia,2000-07-01,2000,7,0.577,0.577,True,False,True,False
Indonesia,2000-08-01,2000,8,0.315,0.315,True,False,True,False
Indonesia,2000-09-01,2000,9,0.604,0.604,True,False,True,False
Indonesia,2000-10-01,2000,10,0.244,0.244,True,False,True,False
Indonesia,2000-11-01,2000,11,0.289,0.289,True,False,True,False
Indonesia,2000-12-01,2000,12,0.673,0.673,True,False,True,False
Indonesia,2001-01-01,2001,1,0.244,0.244,True,False,True,False
Indonesia,2001-02-01,2001,2,0.466,0.466,True,False,True,False
Indonesia,2001-03-01,2001,3,0.443,0.443,True,False,True,False
Indonesia,2001-04-01,2001,4,0.355,0.355,True,False,True,False
Indonesia,2001-05-01,2001,5,0.605,0.605,True,False,True,False
Indonesia,2001-06-01,2001,6,0.284,0.284,True,False,True,False
Indonesia,2001-07-01,2001,7,0.8,0.8,True,False,True,False
Indonesia,2001-08-01,2001,8,0.676,0.676,True,False,True,False
Indonesia,2001-09-01,2001,9,0.576,0.576,True,False,True,False
Indonesia,2001-10-01,2001,10,0.59,0.59,True,False,True,False
Indonesia,2001-11-01,2001,11,0.47,0.47,True,False,True,False
Indonesia,2001-12-01,2001,12,0.313,0.313,True,False,True,False
Indonesia,2002-01-01,2002,1,0.507,0.507,True,False,True,False
Indonesia,2002-02-01,2002,2,0.514,0.514,True,False,True,False
Indonesia,2002-03-01,2002,3,0.51,0.51,True,False,True,False
Indonesia,2002-04-01,2002,4,0.479,0.479,True,False,True,False
Indonesia,2002-05-01,2002,5,0.599,0.599,True,False,True,False
Indonesia,2002-06-01,2002,6,0.688,0.688,True,False,True,False
Indonesia,2002-07-01,2002,7,0.885,0.885,True,False,True,False
Indonesia,2002-08-01,2002,8,0.611,0.611,True,False,True,False
Indonesia,2002-09-01,2002,9,0.601,0.601,True,False,True,False
Indonesia,2002-10-01,2002,10,0.879,0.879,True,False,True,False
Indonesia,2002-11-01,2002,11,0.608,0.608,True,False,True,False
Indonesia,2002-12-01,2002,12,0.978,0.978,True,False,True,False
Indonesia,2003-01-01,2003,1,0.695,0.695,True,False,True,False
Indonesia,2003-02-01,2003,2,0.524,0.524,True,False,True,False
Indonesia,2003-03-01,2003,3,0.592,0.592,True,False,True,False
Indonesia,2003-04-01,2003,4,0.489,0.489,True,False,True,False
Indonesia,2003-05-01,2003,5,0.583,0.583,True,False,True,False
Indonesia,2003-06-01,2003,6,0.714,0.714,True,False,True,False
Indonesia,2003-07-01,2003,7,0.466,0.466,True,False,True,False
Indonesia,2003-08-01,2003,8,0.574,0.574,True,False,True,False
Indonesia,2003-09-01,2003,9,0.549,0.549,True,False,True,False
Indonesia,2003-10-01,2003,10,0.453,0.453,True,False,True,False
Indonesia,2003-11-01,2003,11,0.577,0.577,True,False,True,False
Indonesia,2003-12-01,2003,12,0.244,0.244,True,False,True,False
Indonesia,2004-01-01,2004,1,0.75,0.75,True,False,True,False
Indonesia,2004-02-01,2004,2,0.51,0.51,True,False,True,False
Indonesia,2004-03-01,2004,3,0.7,0.7,True,False,True,False
Indonesia,2004-04-01,2004,4,0.698,0.698,True,False,True,False
Indonesia,2004-05-01,2004,5,0.604,0.604,True,False,True,False
Indonesia,2004-06-01,2004,6,0.463,0.463,True,False,True,False
Indonesia,2004-07-01,2004,7,0.247,0.247,True,False,True,False
Indonesia,2004-08-01,2004,8,0.501,0.501,True,False,True,False
Indonesia,2004-09-01,2004,9,0.547,0.547,True,False,True,False
Indonesia,2004-10-01,2004,10,0.647,0.647,True,False,True,False
Indonesia,2004-11-01,2004,11,0.639,0.639,True,False,True,False
Indonesia,2004-12-01,2004,12,0.532,0.532,True,False,True,False
Indonesia,2005-01-01,2005,1,0.75,0.75,True,False,True,False
Indonesia,2005-02-01,2005,2,1.127,1.127,True,False,True,False
Indonesia,2005-03-01,2005,3,0.867,0.867,True,False,True,False
Indonesia,2005-04-01,2005,4,0.532,0.532,True,False,True,False
Indonesia,2005-05-01,2005,5,0.64,0.64,True,False,True,False
Indonesia,2005-06-01,2005,6,0.859,0.859,True,False,True,False
Indonesia,2005-07-01,2005,7,0.858,0.858,True,False,True,False
Indonesia,2005-08-01,2005,8,0.766,0.766,True,False,True,False
Indonesia,2005-09-01,2005,9,0.785,0.785,True,False,True,False
Indonesia,2005-10-01,2005,10,0.456,0.456,True,False,True,False
Indonesia,2005-11-01,2005,11,0.293,0.293,True,False,True,False
Indonesia,2005-12-01,2005,12,0.228,0.228,True,False,True,False
Indonesia,2006-01-01,2006,1,0.29,0.29,True,False,True,False
Indonesia,2006-02-01,2006,2,0.609,0.609,True,False,True,False
Indonesia,2006-03-01,2006,3,0.579,0.579,True,False,True,False
Indonesia,2006-04-01,2006,4,0.074,0.074,True,False,True,False
Indonesia,2006-05-01,2006,5,0.249,0.249,True,False,True,False
Indonesia,2006-06-01,2006,6,0.252,0.252,True,False,True,False
Indonesia,2006-07-01,2006,7,0.701,0.701,True,False,True,False
Indonesia,2006-08-01,2006,8,0.348,0.348,True,False,True,False
Indonesia,2006-09-01,2006,9,0.188,0.188,True,False,True,False
Indonesia,2006-10-01,2006,10,0.472,0.472,True,False,True,False
Indonesia,2006-11-01,2006,11,0.825,0.825,True,False,True,False
Indonesia,2006-12-01,2006,12,1.03,1.03,True,False,True,False
Indonesia,2007-01-01,2007,1,0.735,0.735,True,False,True,False
Indonesia,2007-02-01,2007,2,0.521,0.521,True,False,True,False
Indonesia,2007-03-01,2007,3,0.344,0.344,True,False,True,False
Indonesia,2007-04-01,2007,4,0.433,0.433,True,False,True,False
Indonesia,2007-05-01,2007,5,0.54,0.54,True,False,True,False
Indonesia,2007-06-01,2007,6,0.596,0.596,True,False,True,False
Indonesia,2007-07-01,2007,7,0.323,0.323,True,False,True,False
Indonesia,2007-08-01,2007,8,0.146,0.146,True,False,True,False
Indonesia,2007-09-01,2007,9,0.194,0.194,True,False,True,False
Indonesia,2007-10-01,2007,10,0.319,0.319,True,False,True,False
Indonesia,2007-11-01,2007,11,0.195,0.195,True,False,True,False
Indonesia,2007-12-01,2007,12,0.37,0.37,True,False,True,False
Indonesia,2008-01-01,2008,1,0.346,0.346,True,False,True,False
Indonesia,2008-02-01,2008,2,0.244,0.244,True,False,True,False
Indonesia,2008-03-01,2008,3,0.158,0.158,True,False,True,False
Indonesia,2008-04-01,2008,4,0.023,0.023,True,False,True,False
Indonesia,2008-05-01,2008,5,0.131,0.131,True,False,True,False
Indonesia,2008-06-01,2008,6,0.13,0.13,True,False,True,False
Indonesia,2008-07-01,2008,7,0.074,0.074,True,False,True,False
Indonesia,2008-08-01,2008,8,0.19,0.19,True,False,True,False
Indonesia,2008-09-01,2008,9,0.459,0.459,True,False,True,False
Indonesia,2008-10-01,2008,10,0.45,0.45,True,False,True,False
Indonesia,2008-11-01,2008,11,0.453,0.453,True,False,True,False
Indonesia,2008-12-01,2008,12,0.229,0.229,True,False,True,False
Indonesia,2009-01-01,2009,1,0.545,0.545,True,False,True,False
Indonesia,2009-02-01,2009,2,0.254,0.254,True,False,True,False
Indonesia,2009-03-01,2009,3,0.413,0.413,True,False,True,False
Indonesia,2009-04-01,2009,4,0.556,0.556,True,False,True,False
Indonesia,2009-05-01,2009,5,0.486,0.486,True,False,True,False
Indonesia,2009-06-01,2009,6,0.639,0.639,True,False,True,False
Indonesia,2009-07-01,2009,7,0.573,0.573,True,False,True,False
Indonesia,2009-08-01,2009,8,0.805,0.805,True,False,True,False
Indonesia,2009-09-01,2009,9,0.921,0.921,True,False,True,False
Indonesia,2009-10-01,2009,10,0.703,0.703,True,False,True,False
Indonesia,2009-11-01,2009,11,0.625,0.625,True,False,True,False
Indonesia,2009-12-01,2009,12,0.73,0.73,True,False,True,False
Indonesia,2010-01-01,2010,1,0.47,0.47,True,False,True,False
Indonesia,2010-02-01,2010,2,1.116,1.116,True,False,True,False
Indonesia,2010-03-01,2010,3,1.092,1.092,True,False,True,False
Indonesia,2010-04-01,2010,4,0.92,0.92,True,False,True,False
Indonesia,2010-05-01,2010,5,0.992,0.992,True,False,True,False
Indonesia,2010-06-01,2010,6,0.835,0.835,True,False,True,False
Indonesia,2010-07-01,2010,7,0.86,0.86,True,False,True,False
Indonesia,2010-08-01,2010,8,0.781,0.781,True,False,True,False
Indonesia,2010-09-01,2010,9,0.611,0.611,True,False,True,False
Indonesia,2010-10-01,2010,10,0.527,0.527,True,False,True,False
Indonesia,2010-11-01,2010,11,0.283,0.283,True,False,True,False
Indonesia,2010-12-01,2010,12,0.141,0.141,True,False,True,False
Indonesia,2011-01-01,2011,1,0.17,0.17,True,False,True,False
Indonesia,2011-02-01,2011,2,0.318,0.318,True,False,True,False
Indonesia,2011-03-01,2011,3,0.144,0.144,True,False,True,False
Indonesia,2011-04-01,2011,4,0.124,0.124,True,False,True,False
Indonesia,2011-05-01,2011,5,0.278,0.278,True,False,True,False
Indonesia,2011-06-01,2011,6,0.125,0.125,True,False,True,False
Indonesia,2011-07-01,2011,7,0.518,0.518,True,False,True,False
Indonesia,2011-08-01,2011,8,0.449,0.449,True,False,True,False
Indonesia,2011-09-01,2011,9,0.389,0.389,True,False,True,False
Indonesia,2011-10-01,2011,10,0.385,0.385,True,False,True,False
Indonesia,2011-11-01,2011,11,0.413,0.413,True,False,True,False
Indonesia,2011-12-01,2011,12,0.455,0.455,True,False,True,False
Indonesia,2012-01-01,2012,1,0.45,0.45,True,False,True,False
Indonesia,2012-02-01,2012,2,0.299,0.299,True,False,True,False
Indonesia,2012-03-01,2012,3,0.217,0.217,True,False,True,False
Indonesia,2012-04-01,2012,4,0.325,0.325,True,False,True,False
Indonesia,2012-05-01,2012,5,0.422,0.422,True,False,True,False
Indonesia,2012-06-01,2012,6,0.256,0.256,True,False,True,False
Indonesia,2012-07-01,2012,7,0.365,0.365,True,False,True,False
Indonesia,2012-08-01,2012,8,0.405,0.405,True,False,True,False
Indonesia,2012-09-01,2012,9,0.547,0.547,True,False,True,False
Indonesia,2012-10-01,2012,10,0.681,0.681,True,False,True,False
Indonesia,2012-11-01,2012,11,0.622,0.622,True,False,True,False
Indonesia,2012-12-01,2012,12,0.545,0.545,True,False,True,False
Indonesia,2013-01-01,2013,1,0.667,0.667,True,False,True,False
Indonesia,2013-02-01,2013,2,0.373,0.373,True,False,True,False
Indonesia,2013-03-01,2013,3,0.985,0.985,True,False,True,False
Indonesia,2013-04-01,2013,4,0.554,0.554,True,False,True,False
Indonesia,2013-05-01,2013,5,1.016,1.016,True,False,True,False
Indonesia,2013-06-01,2013,6,1.301,1.301,True,False,True,False
Indonesia,2013-07-01,2013,7,0.701,0.701,True,False,True,False
Indonesia,2013-08-01,2013,8,0.721,0.721,True,False,True,False
Indonesia,2013-09-01,2013,9,0.815,0.815,True,False,True,False
Indonesia,2013-10-01,2013,10,0.942,0.942,True,False,True,False
Indonesia,2013-11-01,2013,11,0.66,0.66,True,False,True,False
Indonesia,2013-12-01,2013,12,0.776,0.776,True,False,True,False
Indonesia,2014-01-01,2014,1,0.511,0.511,True,False,False,True
Indonesia,2014-02-01,2014,2,0.743,0.743,True,False,False,True
Indonesia,2014-03-01,2014,3,1.067,1.067,True,False,False,True
Indonesia,2014-04-01,2014,4,0.926,0.926,True,False,False,True
Indonesia,2014-05-01,2014,5,1.061,1.061,True,False,False,True
Indonesia,2014-06-01,2014,6,0.851,0.851,True,False,False,True
Indonesia,2014-07-01,2014,7,0.935,0.935,True,False,False,True
Indonesia,2014-08-01,2014,8,0.381,0.381,True,False,False,True
Indonesia,2014-09-01,2014,9,0.341,0.341,True,False,False,True
Indonesia,2014-10-01,2014,10,0.74,0.74,True,False,False,True
Indonesia,2014-11-01,2014,11,0.778,0.778,True,False,False,True
Indonesia,2014-12-01,2014,12,0.697,0.697,True,False,False,True
Indonesia,2015-01-01,2015,1,0.472,0.472,True,False,False,True
Indonesia,2015-02-01,2015,2,0.29,0.29,True,False,False,True
Indonesia,2015-03-01,2015,3,0.544,0.544,True,False,False,True
Indonesia,2015-04-01,2015,4,0.412,0.412,True,False,False,True
Indonesia,2015-05-01,2015,5,0.623,0.623,True,False,False,True
Indonesia,2015-06-01,2015,6,0.915,0.915,True,False,False,True
Indonesia,2015-07-01,2015,7,1.076,1.076,True,False,False,True
Indonesia,2015-08-01,2015,8,0.791,0.791,True,False,False,True
Indonesia,2015-09-01,2015,9,0.972,0.972,True,False,False,True
Indonesia,2015-10-01,2015,10,0.981,0.981,True,False,False,True
Indonesia,2015-11-01,2015,11,1.288,1.288,True,False,False,True
Indonesia,2015-12-01,2015,12,1.542,1.542,True,False,False,True
Indonesia,2016-01-01,2016,1,1.643,1.643,True,False,False,True
Indonesia,2016-02-01,2016,2,1.357,1.357,True,False,False,True
Indonesia,2016-03-01,2016,3,1.683,1.683,True,False,False,True
Indonesia,2016-04-01,2016,4,1.43,1.43,True,False,False,True
Indonesia,2016-05-01,2016,5,1.557,1.557,True,False,False,True
Indonesia,2016-06-01,2016,6,1.27,1.27,True,False,False,True
Indonesia,2016-07-01,2016,7,1.443,1.443,True,False,False,True
Indonesia,2016-08-01,2016,8,1.459,1.459,True,False,False,True
Indonesia,2016-09-01,2016,9,1.315,1.315,True,False,False,True
Indonesia,2016-10-01,2016,10,0.967,0.967,True,False,False,True
Indonesia,2016-11-01,2016,11,0.961,0.961,True,False,False,True
Indonesia,2016-12-01,2016,12,1.126,1.126,True,False,False,True
Indonesia,2017-01-01,2017,1,1.031,1.031,True,False,False,True
Indonesia,2017-02-01,2017,2,0.759,0.759,True,False,False,True
Indonesia,2017-03-01,2017,3,0.837,0.837,True,False,False,True
Indonesia,2017-04-01,2017,4,0.731,0.731,True,False,False,True
Indonesia,2017-05-01,2017,5,0.978,0.978,True,False,False,True
Indonesia,2017-06-01,2017,6,0.836,0.836,True,False,False,True
Indonesia,2017-07-01,2017,7,1.006,1.006,True,False,False,True
Indonesia,2017-08-01,2017,8,0.949,0.949,True,False,False,True
Indonesia,2017-09-01,2017,9,0.968,0.968,True,False,False,True
Indonesia,2017-10-01,2017,10,1.067,1.067,True,False,False,True
Indonesia,2017-11-01,2017,11,0.896,0.896,True,False,False,True
Indonesia,2017-12-01,2017,12,0.617,0.617,True,False,False,True
Indonesia,2018-01-01,2018,1,0.868,0.868,True,False,False,True
Indonesia,2018-02-01,2018,2,0.71,0.71,True,False,False,True
Indonesia,2018-03-01,2018,3,0.863,0.863,True,False,False,True
Indonesia,2018-04-01,2018,4,0.66,0.66,True,False,False,True
Indonesia,2018-05-01,2018,5,0.784,0.784,True,False,False,True
Indonesia,2018-06-01,2018,6,0.842,0.842,True,False,False,True
Indonesia,2018-07-01,2018,7,0.976,0.976,True,False,False,True
Indonesia,2018-08-01,2018,8,0.996,0.996,True,False,False,True
Indonesia,2018-09-01,2018,9,0.834,0.834,True,False,False,True
Indonesia,2018-10-01,2018,10,0.919,0.919,True,False,False,True
Indonesia,2018-11-01,2018,11,1.081,1.081,True,False,False,True
Indonesia,2018-12-01,2018,12,1.252,1.252,True,False,False,True
Indonesia,2019-01-01,2019,1,1.112,1.112,True,False,False,True
Indonesia,2019-02-01,2019,2,1.089,1.089,True,False,False,True
Indonesia,2019-03-01,2019,3,1.089,1.089,True,False,False,True
Indonesia,2019-04-01,2019,4,1.078,1.078,True,False,False,True
Indonesia,2019-05-01,2019,5,1.111,1.111,True,False,False,True
Indonesia,2019-06-01,2019,6,0.84,0.84,True,False,False,True
Indonesia,2019-07-01,2019,7,0.822,0.822,True,False,False,True
Indonesia,2019-08-01,2019,8,0.921,0.921,True,False,False,True
Indonesia,2019-09-01,2019,9,0.786,0.786,True,False,False,True
Indonesia,2019-10-01,2019,10,0.929,0.929,True,False,False,True
Indonesia,2019-11-01,2019,11,1.285,1.285,True,False,False,True
Indonesia,2019-12-01,2019,12,1.447,1.447,True,False,False,True
Indonesia,2020-01-01,2020,1,1.415,1.415,True,False,False,True
Indonesia,2020-02-01,2020,2,1.407,1.407,True,False,False,True
Indonesia,2020-03-01,2020,3,1.274,1.274,True,False,False,True
Indonesia,2020-04-01,2020,4,1.095,1.095,True,False,False,True
Indonesia,2020-05-01,2020,5,1.21,1.21,True,False,False,True
Indonesia,2020-06-01,2020,6,1.044,1.044,True,False,False,True
Indonesia,2020-07-01,2020,7,1.11,1.11,True,False,False,True
Indonesia,2020-08-01,2020,8,1.25,1.25,True,False,False,True
Indonesia,2020-09-01,2020,9,1.098,1.098,True,False,False,True
Indonesia,2020-10-01,2020,10,0.943,0.943,True,False,False,True
Indonesia,2020-11-01,2020,11,1.008,1.008,True,False,False,True
Indonesia,2020-12-01,2020,12,0.935,0.935,True,False,False,True
Indonesia,2021-01-01,2021,1,0.827,0.827,True,False,False,True
Indonesia,2021-02-01,2021,2,0.872,0.872,True,False,False,True
Indonesia,2021-03-01,2021,3,0.863,0.863,True,False,False,True
Indonesia,2021-04-01,2021,4,0.74,0.74,True,False,False,True
Indonesia,2021-05-01,2021,5,0.994,0.994,True,False,False,True
Indonesia,2021-06-01,2021,6,1.091,1.091,True,False,False,True
Indonesia,2021-07-01,2021,7,1.289,1.289,True,False,False,True
Indonesia,2021-08-01,2021,8,1.266,1.266,True,False,False,True
Indonesia,2021-09-01,2021,9,1.037,1.037,True,False,False,True
Indonesia,2021-10-01,2021,10,1.203,1.203,True,False,False,True
Indonesia,2021-11-01,2021,11,0.787,0.787,True,False,False,True
Indonesia,2021-12-01,2021,12,1.041,1.041,True,False,False,True
Indonesia,2022-01-01,2022,1,0.996,0.996,True,False,False,True
Indonesia,2022-02-01,2022,2,0.871,0.871,True,False,False,True
Indonesia,2022-03-01,2022,3,0.933,0.933,True,False,False,True
Indonesia,2022-04-01,2022,4,0.908,0.908,True,False,False,True
Indonesia,2022-05-01,2022,5,1.132,1.132,True,False,False,True
Indonesia,2022-06-01,2022,6,0.952,0.952,True,False,False,True
Indonesia,2022-07-01,2022,7,1.091,1.091,True,False,False,True
Indonesia,2022-08-01,2022,8,1.079,1.079,True,False,False,True
Indonesia,2022-09-01,2022,9,1.068,1.068,True,False,False,True
Indonesia,2022-10-01,2022,10,0.645,0.645,True,False,False,True
Indonesia,2022-11-01,2022,11,0.771,0.771,True,False,False,True
Indonesia,2022-12-01,2022,12,0.701,0.701,True,False,False,True
Indonesia,2023-01-01,2023,1,0.721,0.721,True,False,False,True
Indonesia,2023-02-01,2023,2,0.738,0.738,True,False,False,True
Indonesia,2023-03-01,2023,3,0.875,0.875,True,False,False,True
Indonesia,2023-04-01,2023,4,1.038,1.038,True,False,False,True
Indonesia,2023-05-01,2023,5,1.114,1.114,True,False,False,True
Indonesia,2023-06-01,2023,6,1.194,1.194,True,False,False,True
Indonesia,2023-07-01,2023,7,1.317,1.317,True,False,False,True
Indonesia,2023-08-01,2023,8,1.251,1.251,True,False,False,True
Indonesia,2023-09-01,2023,9,1.066,1.066,True,False,False,True
Indonesia,2023-10-01,2023,10,1.45,1.45,True,False,False,True
Indonesia,2023-11-01,2023,11,1.546,1.546,True,False,False,True
Indonesia,2023-12-01,2023,12,1.664,1.664,True,False,False,True
Lao People's Democratic Republic,1961-01-01,1961,1,-0.287,-0.287,True,False,True,False
Lao People's Democratic Republic,1961-02-01,1961,2,0.864,0.864,True,False,True,False
Lao People's Democratic Republic,1961-03-01,1961,3,0.288,0.288,True,False,True,False
Lao People's Democratic Republic,1961-04-01,1961,4,0.112,0.112,True,False,True,False
Lao People's Democratic Republic,1961-05-01,1961,5,-0.067,-0.067,True,False,True,False
Lao People's Democratic Republic,1961-06-01,1961,6,-0.523,-0.523,True,False,True,False
Lao People's Democratic Republic,1961-07-01,1961,7,0.103,0.103,True,False,True,False
Lao People's Democratic Republic,1961-08-01,1961,8,-0.027,-0.027,True,False,True,False
Lao People's Democratic Republic,1961-09-01,1961,9,-0.149,-0.149,True,False,True,False
Lao People's Democratic Republic,1961-10-01,1961,10,0.252,0.252,True,False,True,False
Lao People's Democratic Republic,1961-11-01,1961,11,0.579,0.579,True,False,True,False
Lao People's Democratic Republic,1961-12-01,1961,12,0.743,0.743,True,False,True,False
Lao People's Democratic Republic,1962-01-01,1962,1,-1.627,-1.627,True,False,True,False
Lao People's Democratic Republic,1962-02-01,1962,2,-1.072,-1.072,True,False,True,False
Lao People's Democratic Republic,1962-03-01,1962,3,-0.988,-0.988,True,False,True,False
Lao People's Democratic Republic,1962-04-01,1962,4,-0.397,-0.397,True,False,True,False
Lao People's Democratic Republic,1962-05-01,1962,5,0.202,0.202,True,False,True,False
Lao People's Democratic Republic,1962-06-01,1962,6,-0.065,-0.065,True,False,True,False
Lao People's Democratic Republic,1962-07-01,1962,7,0.126,0.126,True,False,True,False
Lao People's Democratic Republic,1962-08-01,1962,8,-0.058,-0.058,True,False,True,False
Lao People's Democratic Republic,1962-09-01,1962,9,0.078,0.078,True,False,True,False
Lao People's Democratic Republic,1962-10-01,1962,10,0.054,0.054,True,False,True,False
Lao People's Democratic Republic,1962-11-01,1962,11,0.012,0.012,True,False,True,False
Lao People's Democratic Republic,1962-12-01,1962,12,-1.102,-1.102,True,False,True,False
Lao People's Democratic Republic,1963-01-01,1963,1,-2.617,-2.617,True,False,True,False
Lao People's Democratic Republic,1963-02-01,1963,2,-1.009,-1.009,True,False,True,False
Lao People's Democratic Republic,1963-03-01,1963,3,-1.12,-1.12,True,False,True,False
Lao People's Democratic Republic,1963-04-01,1963,4,-0.251,-0.251,True,False,True,False
Lao People's Democratic Republic,1963-05-01,1963,5,0.309,0.309,True,False,True,False
Lao People's Democratic Republic,1963-06-01,1963,6,-0.173,-0.173,True,False,True,False
Lao People's Democratic Republic,1963-07-01,1963,7,-0.493,-0.493,True,False,True,False
Lao People's Democratic Republic,1963-08-01,1963,8,-0.058,-0.058,True,False,True,False
Lao People's Democratic Republic,1963-09-01,1963,9,0.478,0.478,True,False,True,False
Lao People's Democratic Republic,1963-10-01,1963,10,-0.202,-0.202,True,False,True,False
Lao People's Democratic Republic,1963-11-01,1963,11,1.283,1.283,True,False,True,False
Lao People's Democratic Republic,1963-12-01,1963,12,-0.159,-0.159,True,False,True,False
Lao People's Democratic Republic,1964-01-01,1964,1,1.203,1.203,True,False,True,False
Lao People's Democratic Republic,1964-02-01,1964,2,-0.511,-0.511,True,False,True,False
Lao People's Democratic Republic,1964-03-01,1964,3,-0.229,-0.229,True,False,True,False
Lao People's Democratic Republic,1964-04-01,1964,4,0.308,0.308,True,False,True,False
Lao People's Democratic Republic,1964-05-01,1964,5,-0.534,-0.534,True,False,True,False
Lao People's Democratic Republic,1964-06-01,1964,6,-0.037,-0.037,True,False,True,False
Lao People's Democratic Republic,1964-07-01,1964,7,-0.135,-0.135,True,False,True,False
Lao People's Democratic Republic,1964-08-01,1964,8,0.059,0.059,True,False,True,False
Lao People's Democratic Republic,1964-09-01,1964,9,-0.086,-0.086,True,False,True,False
Lao People's Democratic Republic,1964-10-01,1964,10,0.372,0.372,True,False,True,False
Lao People's Democratic Republic,1964-11-01,1964,11,-1.269,-1.269,True,False,True,False
Lao People's Democratic Republic,1964-12-01,1964,12,-1.164,-1.164,True,False,True,False
Lao People's Democratic Republic,1965-01-01,1965,1,-1.068,-1.068,True,False,True,False
Lao People's Democratic Republic,1965-02-01,1965,2,0.814,0.814,True,False,True,False
Lao People's Democratic Republic,1965-03-01,1965,3,-0.487,-0.487,True,False,True,False
Lao People's Democratic Republic,1965-04-01,1965,4,-0.063,-0.063,True,False,True,False
Lao People's Democratic Republic,1965-05-01,1965,5,-0.253,-0.253,True,False,True,False
Lao People's Democratic Republic,1965-06-01,1965,6,-0.68,-0.68,True,False,True,False
Lao People's Democratic Republic,1965-07-01,1965,7,-0.091,-0.091,True,False,True,False
Lao People's Democratic Republic,1965-08-01,1965,8,-0.049,-0.049,True,False,True,False
Lao People's Democratic Republic,1965-09-01,1965,9,-0.107,-0.107,True,False,True,False
Lao People's Democratic Republic,1965-10-01,1965,10,0.41,0.41,True,False,True,False
Lao People's Democratic Republic,1965-11-01,1965,11,0.436,0.436,True,False,True,False
Lao People's Democratic Republic,1965-12-01,1965,12,1.333,1.333,True,False,True,False
Lao People's Democratic Republic,1966-01-01,1966,1,1.825,1.825,True,False,True,False
Lao People's Democratic Republic,1966-02-01,1966,2,1.368,1.368,True,False,True,False
Lao People's Democratic Republic,1966-03-01,1966,3,0.69,0.69,True,False,True,False
Lao People's Democratic Republic,1966-04-01,1966,4,0.344,0.344,True,False,True,False
Lao People's Democratic Republic,1966-05-01,1966,5,-0.5,-0.5,True,False,True,False
Lao People's Democratic Republic,1966-06-01,1966,6,-0.066,-0.066,True,False,True,False
Lao People's Democratic Republic,1966-07-01,1966,7,0.113,0.113,True,False,True,False
Lao People's Democratic Republic,1966-08-01,1966,8,-0.323,-0.323,True,False,True,False
Lao People's Democratic Republic,1966-09-01,1966,9,-0.52,-0.52,True,False,True,False
Lao People's Democratic Republic,1966-10-01,1966,10,0.384,0.384,True,False,True,False
Lao People's Democratic Republic,1966-11-01,1966,11,0.695,0.695,True,False,True,False
Lao People's Democratic Republic,1966-12-01,1966,12,1.684,1.684,True,False,True,False
Lao People's Democratic Republic,1967-01-01,1967,1,-0.736,-0.736,True,False,True,False
Lao People's Democratic Republic,1967-02-01,1967,2,-0.936,-0.936,True,False,True,False
Lao People's Democratic Republic,1967-03-01,1967,3,-0.502,-0.502,True,False,True,False
Lao People's Democratic Republic,1967-04-01,1967,4,-0.543,-0.543,True,False,True,False
Lao People's Democratic Republic,1967-05-01,1967,5,-0.003,-0.003,True,False,True,False
Lao People's Democratic Republic,1967-06-01,1967,6,0.224,0.224,True,False,True,False
Lao People's Democratic Republic,1967-07-01,1967,7,0.298,0.298,True,False,True,False
Lao People's Democratic Republic,1967-08-01,1967,8,0.356,0.356,True,False,True,False
Lao People's Democratic Republic,1967-09-01,1967,9,-0.567,-0.567,True,False,True,False
Lao People's Democratic Republic,1967-10-01,1967,10,-0.741,-0.741,True,False,True,False
Lao People's Democratic Republic,1967-11-01,1967,11,0.237,0.237,True,False,True,False
Lao People's Democratic Republic,1967-12-01,1967,12,-0.949,-0.949,True,False,True,False
Lao People's Democratic Republic,1968-01-01,1968,1,-0.081,-0.081,True,False,True,False
Lao People's Democratic Republic,1968-02-01,1968,2,-1.432,-1.432,True,False,True,False
Lao People's Democratic Republic,1968-03-01,1968,3,0.302,0.302,True,False,True,False
Lao People's Democratic Republic,1968-04-01,1968,4,-1.254,-1.254,True,False,True,False
Lao People's Democratic Republic,1968-05-01,1968,5,-0.153,-0.153,True,False,True,False
Lao People's Democratic Republic,1968-06-01,1968,6,-0.303,-0.303,True,False,True,False
Lao People's Democratic Republic,1968-07-01,1968,7,0.534,0.534,True,False,True,False
Lao People's Democratic Republic,1968-08-01,1968,8,0.298,0.298,True,False,True,False
Lao People's Democratic Republic,1968-09-01,1968,9,0.238,0.238,True,False,True,False
Lao People's Democratic Republic,1968-10-01,1968,10,-0.067,-0.067,True,False,True,False
Lao People's Democratic Republic,1968-11-01,1968,11,1.181,1.181,True,False,True,False
Lao People's Democratic Republic,1968-12-01,1968,12,1.627,1.627,True,False,True,False
Lao People's Democratic Republic,1969-01-01,1969,1,1.887,1.887,True,False,True,False
Lao People's Democratic Republic,1969-02-01,1969,2,0.356,0.356,True,False,True,False
Lao People's Democratic Republic,1969-03-01,1969,3,0.584,0.584,True,False,True,False
Lao People's Democratic Republic,1969-04-01,1969,4,0.343,0.343,True,False,True,False
Lao People's Democratic Republic,1969-05-01,1969,5,0.802,0.802,True,False,True,False
Lao People's Democratic Republic,1969-06-01,1969,6,0.249,0.249,True,False,True,False
Lao People's Democratic Republic,1969-07-01,1969,7,-0.142,-0.142,True,False,True,False
Lao People's Democratic Republic,1969-08-01,1969,8,0.006,0.006,True,False,True,False
Lao People's Democratic Republic,1969-09-01,1969,9,0.24,0.24,True,False,True,False
Lao People's Democratic Republic,1969-10-01,1969,10,0.527,0.527,True,False,True,False
Lao People's Democratic Republic,1969-11-01,1969,11,-0.581,-0.581,True,False,True,False
Lao People's Democratic Republic,1969-12-01,1969,12,-0.896,-0.896,True,False,True,False
Lao People's Democratic Republic,1970-01-01,1970,1,0.459,0.459,True,False,True,False
Lao People's Democratic Republic,1970-02-01,1970,2,0.576,0.576,True,False,True,False
Lao People's Democratic Republic,1970-03-01,1970,3,0.778,0.778,True,False,True,False
Lao People's Democratic Republic,1970-04-01,1970,4,-0.606,-0.606,True,False,True,False
Lao People's Democratic Republic,1970-05-01,1970,5,-0.04,-0.04,True,False,True,False
Lao People's Democratic Republic,1970-06-01,1970,6,-0.352,-0.352,True,False,True,False
Lao People's Democratic Republic,1970-07-01,1970,7,-0.132,-0.132,True,False,True,False
Lao People's Democratic Republic,1970-08-01,1970,8,-0.204,-0.204,True,False,True,False
Lao People's Democratic Republic,1970-09-01,1970,9,-0.021,-0.021,True,False,True,False
Lao People's Democratic Republic,1970-10-01,1970,10,-0.19,-0.19,True,False,True,False
Lao People's Democratic Republic,1970-11-01,1970,11,-0.163,-0.163,True,False,True,False
Lao People's Democratic Republic,1970-12-01,1970,12,1.35,1.35,True,False,True,False
Lao People's Democratic Republic,1971-01-01,1971,1,-1.29,-1.29,True,False,True,False
Lao People's Democratic Republic,1971-02-01,1971,2,-0.937,-0.937,True,False,True,False
Lao People's Democratic Republic,1971-03-01,1971,3,-0.348,-0.348,True,False,True,False
Lao People's Democratic Republic,1971-04-01,1971,4,-0.004,-0.004,True,False,True,False
Lao People's Democratic Republic,1971-05-01,1971,5,-0.498,-0.498,True,False,True,False
Lao People's Democratic Republic,1971-06-01,1971,6,-0.646,-0.646,True,False,True,False
Lao People's Democratic Republic,1971-07-01,1971,7,-0.719,-0.719,True,False,True,False
Lao People's Democratic Republic,1971-08-01,1971,8,-0.606,-0.606,True,False,True,False
Lao People's Democratic Republic,1971-09-01,1971,9,0.142,0.142,True,False,True,False
Lao People's Democratic Republic,1971-10-01,1971,10,-1.056,-1.056,True,False,True,False
Lao People's Democratic Republic,1971-11-01,1971,11,-1.842,-1.842,True,False,True,False
Lao People's Democratic Republic,1971-12-01,1971,12,-0.307,-0.307,True,False,True,False
Lao People's Democratic Republic,1972-01-01,1972,1,-1.097,-1.097,True,False,True,False
Lao People's Democratic Republic,1972-02-01,1972,2,0.127,0.127,True,False,True,False
Lao People's Democratic Republic,1972-03-01,1972,3,-1.38,-1.38,True,False,True,False
Lao People's Democratic Republic,1972-04-01,1972,4,-1.383,-1.383,True,False,True,False
Lao People's Democratic Republic,1972-05-01,1972,5,0.98,0.98,True,False,True,False
Lao People's Democratic Republic,1972-06-01,1972,6,0.199,0.199,True,False,True,False
Lao People's Democratic Republic,1972-07-01,1972,7,0.08,0.08,True,False,True,False
Lao People's Democratic Republic,1972-08-01,1972,8,-0.355,-0.355,True,False,True,False
Lao People's Democratic Republic,1972-09-01,1972,9,0.403,0.403,True,False,True,False
Lao People's Democratic Republic,1972-10-01,1972,10,0.941,0.941,True,False,True,False
Lao People's Democratic Republic,1972-11-01,1972,11,1.407,1.407,True,False,True,False
Lao People's Democratic Republic,1972-12-01,1972,12,1.101,1.101,True,False,True,False
Lao People's Democratic Republic,1973-01-01,1973,1,0.644,0.644,True,False,True,False
Lao People's Democratic Republic,1973-02-01,1973,2,1.783,1.783,True,False,True,False
Lao People's Democratic Republic,1973-03-01,1973,3,0.788,0.788,True,False,True,False
Lao People's Democratic Republic,1973-04-01,1973,4,1.501,1.501,True,False,True,False
Lao People's Democratic Republic,1973-05-01,1973,5,0.147,0.147,True,False,True,False
Lao People's Democratic Republic,1973-06-01,1973,6,0.496,0.496,True,False,True,False
Lao People's Democratic Republic,1973-07-01,1973,7,0.12,0.12,True,False,True,False
Lao People's Democratic Republic,1973-08-01,1973,8,-0.071,-0.071,True,False,True,False
Lao People's Democratic Republic,1973-09-01,1973,9,0.148,0.148,True,False,True,False
Lao People's Democratic Republic,1973-10-01,1973,10,-0.141,-0.141,True,False,True,False
Lao People's Democratic Republic,1973-11-01,1973,11,-0.845,-0.845,True,False,True,False
Lao People's Democratic Republic,1973-12-01,1973,12,-1.339,-1.339,True,False,True,False
Lao People's Democratic Republic,1974-01-01,1974,1,-0.367,-0.367,True,False,True,False
Lao People's Democratic Republic,1974-02-01,1974,2,-1.131,-1.131,True,False,True,False
Lao People's Democratic Republic,1974-03-01,1974,3,-1.041,-1.041,True,False,True,False
Lao People's Democratic Republic,1974-04-01,1974,4,-1.03,-1.03,True,False,True,False
Lao People's Democratic Republic,1974-05-01,1974,5,-0.533,-0.533,True,False,True,False
Lao People's Democratic Republic,1974-06-01,1974,6,-0.045,-0.045,True,False,True,False
Lao People's Democratic Republic,1974-07-01,1974,7,0.037,0.037,True,False,True,False
Lao People's Democratic Republic,1974-08-01,1974,8,0.02,0.02,True,False,True,False
Lao People's Democratic Republic,1974-09-01,1974,9,0.214,0.214,True,False,True,False
Lao People's Democratic Republic,1974-10-01,1974,10,0.104,0.104,True,False,True,False
Lao People's Democratic Republic,1974-11-01,1974,11,0.077,0.077,True,False,True,False
Lao People's Democratic Republic,1974-12-01,1974,12,0.759,0.759,True,False,True,False
Lao People's Democratic Republic,1975-01-01,1975,1,0.93,0.93,True,False,True,False
Lao People's Democratic Republic,1975-02-01,1975,2,0.635,0.635,True,False,True,False
Lao People's Democratic Republic,1975-03-01,1975,3,0.697,0.697,True,False,True,False
Lao People's Democratic Republic,1975-04-01,1975,4,0.961,0.961,True,False,True,False
Lao People's Democratic Republic,1975-05-01,1975,5,-0.109,-0.109,True,False,True,False
Lao People's Democratic Republic,1975-06-01,1975,6,-0.205,-0.205,True,False,True,False
Lao People's Democratic Republic,1975-07-01,1975,7,-0.135,-0.135,True,False,True,False
Lao People's Democratic Republic,1975-08-01,1975,8,-0.215,-0.215,True,False,True,False
Lao People's Democratic Republic,1975-09-01,1975,9,0.14,0.14,True,False,True,False
Lao People's Democratic Republic,1975-10-01,1975,10,0.152,0.152,True,False,True,False
Lao People's Democratic Republic,1975-11-01,1975,11,-0.612,-0.612,True,False,True,False
Lao People's Democratic Republic,1975-12-01,1975,12,-2.547,-2.547,True,False,True,False
Lao People's Democratic Republic,1976-01-01,1976,1,-1.338,-1.338,True,False,True,False
Lao People's Democratic Republic,1976-02-01,1976,2,0.311,0.311,True,False,True,False
Lao People's Democratic Republic,1976-03-01,1976,3,-0.686,-0.686,True,False,True,False
Lao People's Democratic Republic,1976-04-01,1976,4,-0.451,-0.451,True,False,True,False
Lao People's Democratic Republic,1976-05-01,1976,5,-0.697,-0.697,True,False,True,False
Lao People's Democratic Republic,1976-06-01,1976,6,-0.114,-0.114,True,False,True,False
Lao People's Democratic Republic,1976-07-01,1976,7,-0.094,-0.094,True,False,True,False
Lao People's Democratic Republic,1976-08-01,1976,8,-0.379,-0.379,True,False,True,False
Lao People's Democratic Republic,1976-09-01,1976,9,0.328,0.328,True,False,True,False
Lao People's Democratic Republic,1976-10-01,1976,10,0.518,0.518,True,False,True,False
Lao People's Democratic Republic,1976-11-01,1976,11,-1.011,-1.011,True,False,True,False
Lao People's Democratic Republic,1976-12-01,1976,12,0.357,0.357,True,False,True,False
Lao People's Democratic Republic,1977-01-01,1977,1,-0.147,-0.147,True,False,True,False
Lao People's Democratic Republic,1977-02-01,1977,2,-1.978,-1.978,True,False,True,False
Lao People's Democratic Republic,1977-03-01,1977,3,-0.795,-0.795,True,False,True,False
Lao People's Democratic Republic,1977-04-01,1977,4,-0.5,-0.5,True,False,True,False
Lao People's Democratic Republic,1977-05-01,1977,5,0.175,0.175,True,False,True,False
Lao People's Democratic Republic,1977-06-01,1977,6,1.747,1.747,True,False,True,False
Lao People's Democratic Republic,1977-07-01,1977,7,0.409,0.409,True,False,True,False
Lao People's Democratic Republic,1977-08-01,1977,8,0.631,0.631,True,False,True,False
Lao People's Democratic Republic,1977-09-01,1977,9,-0.077,-0.077,True,False,True,False
Lao People's Democratic Republic,1977-10-01,1977,10,0.611,0.611,True,False,True,False
Lao People's Democratic Republic,1977-11-01,1977,11,-0.525,-0.525,True,False,True,False
Lao People's Democratic Republic,1977-12-01,1977,12,0.917,0.917,True,False,True,False
Lao People's Democratic Republic,1978-01-01,1978,1,0.687,0.687,True,False,True,False
Lao People's Democratic Republic,1978-02-01,1978,2,-0.106,-0.106,True,False,True,False
Lao People's Democratic Republic,1978-03-01,1978,3,0.716,0.716,True,False,True,False
Lao People's Democratic Republic,1978-04-01,1978,4,0.067,0.067,True,False,True,False
Lao People's Democratic Republic,1978-05-01,1978,5,-0.132,-0.132,True,False,True,False
Lao People's Democratic Republic,1978-06-01,1978,6,0.492,0.492,True,False,True,False
Lao People's Democratic Republic,1978-07-01,1978,7,-0.253,-0.253,True,False,True,False
Lao People's Democratic Republic,1978-08-01,1978,8,0.043,0.043,True,False,True,False
Lao People's Democratic Republic,1978-09-01,1978,9,-0.349,-0.349,True,False,True,False
Lao People's Democratic Republic,1978-10-01,1978,10,-0.279,-0.279,True,False,True,False
Lao People's Democratic Republic,1978-11-01,1978,11,0.069,0.069,True,False,True,False
Lao People's Democratic Republic,1978-12-01,1978,12,0.451,0.451,True,False,True,False
Lao People's Democratic Republic,1979-01-01,1979,1,2.042,2.042,True,False,True,False
Lao People's Democratic Republic,1979-02-01,1979,2,1.712,1.712,True,False,True,False
Lao People's Democratic Republic,1979-03-01,1979,3,1.354,1.354,True,False,True,False
Lao People's Democratic Republic,1979-04-01,1979,4,0.638,0.638,True,False,True,False
Lao People's Democratic Republic,1979-05-01,1979,5,-0.01,-0.01,True,False,True,False
Lao People's Democratic Republic,1979-06-01,1979,6,-0.287,-0.287,True,False,True,False
Lao People's Democratic Republic,1979-07-01,1979,7,0.932,0.932,True,False,True,False
Lao People's Democratic Republic,1979-08-01,1979,8,0.172,0.172,True,False,True,False
Lao People's Democratic Republic,1979-09-01,1979,9,0.293,0.293,True,False,True,False
Lao People's Democratic Republic,1979-10-01,1979,10,-0.705,-0.705,True,False,True,False
Lao People's Democratic Republic,1979-11-01,1979,11,-0.813,-0.813,True,False,True,False
Lao People's Democratic Republic,1979-12-01,1979,12,0.29,0.29,True,False,True,False
Lao People's Democratic Republic,1980-01-01,1980,1,0.804,0.804,True,False,True,False
Lao People's Democratic Republic,1980-02-01,1980,2,0.012,0.012,True,False,True,False
Lao People's Democratic Republic,1980-03-01,1980,3,1.482,1.482,True,False,True,False
Lao People's Democratic Republic,1980-04-01,1980,4,0.927,0.927,True,False,True,False
Lao People's Democratic Republic,1980-05-01,1980,5,0.358,0.358,True,False,True,False
Lao People's Democratic Republic,1980-06-01,1980,6,-0.262,-0.262,True,False,True,False
Lao People's Democratic Republic,1980-07-01,1980,7,0.35,0.35,True,False,True,False
Lao People's Democratic Republic,1980-08-01,1980,8,0.632,0.632,True,False,True,False
Lao People's Democratic Republic,1980-09-01,1980,9,-0.148,-0.148,True,False,True,False
Lao People's Democratic Republic,1980-10-01,1980,10,0.418,0.418,True,False,True,False
Lao People's Democratic Republic,1980-11-01,1980,11,0.751,0.751,True,False,True,False
Lao People's Democratic Republic,1980-12-01,1980,12,0.806,0.806,True,False,True,False
Lao People's Democratic Republic,1981-01-01,1981,1,0.29,0.29,True,False,True,False
Lao People's Democratic Republic,1981-02-01,1981,2,1.304,1.304,True,False,True,False
Lao People's Democratic Republic,1981-03-01,1981,3,1.278,1.278,True,False,True,False
Lao People's Democratic Republic,1981-04-01,1981,4,0.386,0.386,True,False,True,False
Lao People's Democratic Republic,1981-05-01,1981,5,-0.441,-0.441,True,False,True,False
Lao People's Democratic Republic,1981-06-01,1981,6,-0.282,-0.282,True,False,True,False
Lao People's Democratic Republic,1981-07-01,1981,7,-0.273,-0.273,True,False,True,False
Lao People's Democratic Republic,1981-08-01,1981,8,0.537,0.537,True,False,True,False
Lao People's Democratic Republic,1981-09-01,1981,9,0.864,0.864,True,False,True,False
Lao People's Democratic Republic,1981-10-01,1981,10,0.291,0.291,True,False,True,False
Lao People's Democratic Republic,1981-11-01,1981,11,0.566,0.566,True,False,True,False
Lao People's Democratic Republic,1981-12-01,1981,12,-1.356,-1.356,True,False,True,False
Lao People's Democratic Republic,1982-01-01,1982,1,0.115,0.115,True,False,True,False
Lao People's Democratic Republic,1982-02-01,1982,2,0.636,0.636,True,False,True,False
Lao People's Democratic Republic,1982-03-01,1982,3,0.981,0.981,True,False,True,False
Lao People's Democratic Republic,1982-04-01,1982,4,-1.139,-1.139,True,False,True,False
Lao People's Democratic Republic,1982-05-01,1982,5,0.267,0.267,True,False,True,False
Lao People's Democratic Republic,1982-06-01,1982,6,0.305,0.305,True,False,True,False
Lao People's Democratic Republic,1982-07-01,1982,7,0.367,0.367,True,False,True,False
Lao People's Democratic Republic,1982-08-01,1982,8,0.109,0.109,True,False,True,False
Lao People's Democratic Republic,1982-09-01,1982,9,-0.196,-0.196,True,False,True,False
Lao People's Democratic Republic,1982-10-01,1982,10,0.735,0.735,True,False,True,False
Lao People's Democratic Republic,1982-11-01,1982,11,1.346,1.346,True,False,True,False
Lao People's Democratic Republic,1982-12-01,1982,12,-1.576,-1.576,True,False,True,False
Lao People's Democratic Republic,1983-01-01,1983,1,-0.874,-0.874,True,False,True,False
Lao People's Democratic Republic,1983-02-01,1983,2,0.868,0.868,True,False,True,False
Lao People's Democratic Republic,1983-03-01,1983,3,0.044,0.044,True,False,True,False
Lao People's Democratic Republic,1983-04-01,1983,4,1.557,1.557,True,False,True,False
Lao People's Democratic Republic,1983-05-01,1983,5,0.736,0.736,True,False,True,False
Lao People's Democratic Republic,1983-06-01,1983,6,0.872,0.872,True,False,True,False
Lao People's Democratic Republic,1983-07-01,1983,7,1.033,1.033,True,False,True,False
Lao People's Democratic Republic,1983-08-01,1983,8,0.381,0.381,True,False,True,False
Lao People's Democratic Republic,1983-09-01,1983,9,0.737,0.737,True,False,True,False
Lao People's Democratic Republic,1983-10-01,1983,10,0.415,0.415,True,False,True,False
Lao People's Democratic Republic,1983-11-01,1983,11,-0.993,-0.993,True,False,True,False
Lao People's Democratic Republic,1983-12-01,1983,12,-1.103,-1.103,True,False,True,False
Lao People's Democratic Republic,1984-01-01,1984,1,-0.375,-0.375,True,False,True,False
Lao People's Democratic Republic,1984-02-01,1984,2,1.069,1.069,True,False,True,False
Lao People's Democratic Republic,1984-03-01,1984,3,0.47,0.47,True,False,True,False
Lao People's Democratic Republic,1984-04-01,1984,4,1.073,1.073,True,False,True,False
Lao People's Democratic Republic,1984-05-01,1984,5,-0.467,-0.467,True,False,True,False
Lao People's Democratic Republic,1984-06-01,1984,6,0.102,0.102,True,False,True,False
Lao People's Democratic Republic,1984-07-01,1984,7,-0.021,-0.021,True,False,True,False
Lao People's Democratic Republic,1984-08-01,1984,8,0.101,0.101,True,False,True,False
Lao People's Democratic Republic,1984-09-01,1984,9,0.102,0.102,True,False,True,False
Lao People's Democratic Republic,1984-10-01,1984,10,-0.538,-0.538,True,False,True,False
Lao People's Democratic Republic,1984-11-01,1984,11,0.578,0.578,True,False,True,False
Lao People's Democratic Republic,1984-12-01,1984,12,0.261,0.261,True,False,True,False
Lao People's Democratic Republic,1985-01-01,1985,1,0.572,0.572,True,False,True,False
Lao People's Democratic Republic,1985-02-01,1985,2,1.354,1.354,True,False,True,False
Lao People's Democratic Republic,1985-03-01,1985,3,-0.06,-0.06,True,False,True,False
Lao People's Democratic Republic,1985-04-01,1985,4,0.018,0.018,True,False,True,False
Lao People's Democratic Republic,1985-05-01,1985,5,0.024,0.024,True,False,True,False
Lao People's Democratic Republic,1985-06-01,1985,6,-0.12,-0.12,True,False,True,False
Lao People's Democratic Republic,1985-07-01,1985,7,-0.147,-0.147,True,False,True,False
Lao People's Democratic Republic,1985-08-01,1985,8,0.155,0.155,True,False,True,False
Lao People's Democratic Republic,1985-09-01,1985,9,0.043,0.043,True,False,True,False
Lao People's Democratic Republic,1985-10-01,1985,10,0.185,0.185,True,False,True,False
Lao People's Democratic Republic,1985-11-01,1985,11,0.988,0.988,True,False,True,False
Lao People's Democratic Republic,1985-12-01,1985,12,0.015,0.015,True,False,True,False
Lao People's Democratic Republic,1986-01-01,1986,1,-0.545,-0.545,True,False,True,False
Lao People's Democratic Republic,1986-02-01,1986,2,0.468,0.468,True,False,True,False
Lao People's Democratic Republic,1986-03-01,1986,3,-0.646,-0.646,True,False,True,False
Lao People's Democratic Republic,1986-04-01,1986,4,0.347,0.347,True,False,True,False
Lao People's Democratic Republic,1986-05-01,1986,5,-0.579,-0.579,True,False,True,False
Lao People's Democratic Republic,1986-06-01,1986,6,0.466,0.466,True,False,True,False
Lao People's Democratic Republic,1986-07-01,1986,7,0.039,0.039,True,False,True,False
Lao People's Democratic Republic,1986-08-01,1986,8,0.423,0.423,True,False,True,False
Lao People's Democratic Republic,1986-09-01,1986,9,0.205,0.205,True,False,True,False
Lao People's Democratic Republic,1986-10-01,1986,10,0.09,0.09,True,False,True,False
Lao People's Democratic Republic,1986-11-01,1986,11,0.08,0.08,True,False,True,False
Lao People's Democratic Republic,1986-12-01,1986,12,0.462,0.462,True,False,True,False
Lao People's Democratic Republic,1987-01-01,1987,1,1.271,1.271,True,False,True,False
Lao People's Democratic Republic,1987-02-01,1987,2,1.167,1.167,True,False,True,False
Lao People's Democratic Republic,1987-03-01,1987,3,1.169,1.169,True,False,True,False
Lao People's Democratic Republic,1987-04-01,1987,4,0.567,0.567,True,False,True,False
Lao People's Democratic Republic,1987-05-01,1987,5,1.34,1.34,True,False,True,False
Lao People's Democratic Republic,1987-06-01,1987,6,0.769,0.769,True,False,True,False
Lao People's Democratic Republic,1987-07-01,1987,7,0.519,0.519,True,False,True,False
Lao People's Democratic Republic,1987-08-01,1987,8,0.541,0.541,True,False,True,False
Lao People's Democratic Republic,1987-09-01,1987,9,0.448,0.448,True,False,True,False
Lao People's Democratic Republic,1987-10-01,1987,10,1.269,1.269,True,False,True,False
Lao People's Democratic Republic,1987-11-01,1987,11,1.803,1.803,True,False,True,False
Lao People's Democratic Republic,1987-12-01,1987,12,-1.601,-1.601,True,False,True,False
Lao People's Democratic Republic,1988-01-01,1988,1,1.829,1.829,True,False,True,False
Lao People's Democratic Republic,1988-02-01,1988,2,1.798,1.798,True,False,True,False
Lao People's Democratic Republic,1988-03-01,1988,3,1.032,1.032,True,False,True,False
Lao People's Democratic Republic,1988-04-01,1988,4,0.113,0.113,True,False,True,False
Lao People's Democratic Republic,1988-05-01,1988,5,0.227,0.227,True,False,True,False
Lao People's Democratic Republic,1988-06-01,1988,6,0.232,0.232,True,False,True,False
Lao People's Democratic Republic,1988-07-01,1988,7,0.547,0.547,True,False,True,False
Lao People's Democratic Republic,1988-08-01,1988,8,0.378,0.378,True,False,True,False
Lao People's Democratic Republic,1988-09-01,1988,9,0.653,0.653,True,False,True,False
Lao People's Democratic Republic,1988-10-01,1988,10,-0.274,-0.274,True,False,True,False
Lao People's Democratic Republic,1988-11-01,1988,11,-1.151,-1.151,True,False,True,False
Lao People's Democratic Republic,1988-12-01,1988,12,-0.183,-0.183,True,False,True,False
Lao People's Democratic Republic,1989-01-01,1989,1,0.966,0.966,True,False,True,False
Lao People's Democratic Republic,1989-02-01,1989,2,0.337,0.337,True,False,True,False
Lao People's Democratic Republic,1989-03-01,1989,3,-0.651,-0.651,True,False,True,False
Lao People's Democratic Republic,1989-04-01,1989,4,0.643,0.643,True,False,True,False
Lao People's Democratic Republic,1989-05-01,1989,5,-0.049,-0.049,True,False,True,False
Lao People's Democratic Republic,1989-06-01,1989,6,0.046,0.046,True,False,True,False
Lao People's Democratic Republic,1989-07-01,1989,7,0.198,0.198,True,False,True,False
Lao People's Democratic Republic,1989-08-01,1989,8,0.287,0.287,True,False,True,False
Lao People's Democratic Republic,1989-09-01,1989,9,0.606,0.606,True,False,True,False
Lao People's Democratic Republic,1989-10-01,1989,10,0.093,0.093,True,False,True,False
Lao People's Democratic Republic,1989-11-01,1989,11,0.469,0.469,True,False,True,False
Lao People's Democratic Republic,1989-12-01,1989,12,-0.277,-0.277,True,False,True,False
Lao People's Democratic Republic,1990-01-01,1990,1,1.544,1.544,True,False,True,False
Lao People's Democratic Republic,1990-02-01,1990,2,0.973,0.973,True,False,True,False
Lao People's Democratic Republic,1990-03-01,1990,3,-0.368,-0.368,True,False,True,False
Lao People's Democratic Republic,1990-04-01,1990,4,0.704,0.704,True,False,True,False
Lao People's Democratic Republic,1990-05-01,1990,5,-0.46,-0.46,True,False,True,False
Lao People's Democratic Republic,1990-06-01,1990,6,0.039,0.039,True,False,True,False
Lao People's Democratic Republic,1990-07-01,1990,7,-0.087,-0.087,True,False,True,False
Lao People's Democratic Republic,1990-08-01,1990,8,0.862,0.862,True,False,True,False
Lao People's Democratic Republic,1990-09-01,1990,9,0.692,0.692,True,False,True,False
Lao People's Democratic Republic,1990-10-01,1990,10,0.474,0.474,True,False,True,False
Lao People's Democratic Republic,1990-11-01,1990,11,0.937,0.937,True,False,True,False
Lao People's Democratic Republic,1990-12-01,1990,12,0.658,0.658,True,False,True,False
Lao People's Democratic Republic,1991-01-01,1991,1,2.158,2.158,True,False,True,False
Lao People's Democratic Republic,1991-02-01,1991,2,0.606,0.606,True,False,True,False
Lao People's Democratic Republic,1991-03-01,1991,3,1.784,1.784,True,False,True,False
Lao People's Democratic Republic,1991-04-01,1991,4,0.712,0.712,True,False,True,False
Lao People's Democratic Republic,1991-05-01,1991,5,0.724,0.724,True,False,True,False
Lao People's Democratic Republic,1991-06-01,1991,6,0.121,0.121,True,False,True,False
Lao People's Democratic Republic,1991-07-01,1991,7,0.325,0.325,True,False,True,False
Lao People's Democratic Republic,1991-08-01,1991,8,0.183,0.183,True,False,True,False
Lao People's Democratic Republic,1991-09-01,1991,9,0.911,0.911,True,False,True,False
Lao People's Democratic Republic,1991-10-01,1991,10,0.277,0.277,True,False,True,False
Lao People's Democratic Republic,1991-11-01,1991,11,-0.144,-0.144,True,False,True,False
Lao People's Democratic Republic,1991-12-01,1991,12,0.636,0.636,True,False,True,False
Lao People's Democratic Republic,1992-01-01,1992,1,-0.778,-0.778,True,False,True,False
Lao People's Democratic Republic,1992-02-01,1992,2,-0.138,-0.138,True,False,True,False
Lao People's Democratic Republic,1992-03-01,1992,3,0.822,0.822,True,False,True,False
Lao People's Democratic Republic,1992-04-01,1992,4,1.578,1.578,True,False,True,False
Lao People's Democratic Republic,1992-05-01,1992,5,1.108,1.108,True,False,True,False
Lao People's Democratic Republic,1992-06-01,1992,6,0.408,0.408,True,False,True,False
Lao People's Democratic Republic,1992-07-01,1992,7,-0.081,-0.081,True,False,True,False
Lao People's Democratic Republic,1992-08-01,1992,8,0.514,0.514,True,False,True,False
Lao People's Democratic Republic,1992-09-01,1992,9,0.554,0.554,True,False,True,False
Lao People's Democratic Republic,1992-10-01,1992,10,-1.089,-1.089,True,False,True,False
Lao People's Democratic Republic,1992-11-01,1992,11,-1.037,-1.037,True,False,True,False
Lao People's Democratic Republic,1992-12-01,1992,12,0.385,0.385,True,False,True,False
Lao People's Democratic Republic,1993-01-01,1993,1,-0.192,-0.192,True,False,True,False
Lao People's Democratic Republic,1993-02-01,1993,2,0.16,0.16,True,False,True,False
Lao People's Democratic Republic,1993-03-01,1993,3,0.418,0.418,True,False,True,False
Lao People's Democratic Republic,1993-04-01,1993,4,0.244,0.244,True,False,True,False
Lao People's Democratic Republic,1993-05-01,1993,5,0.044,0.044,True,False,True,False
Lao People's Democratic Republic,1993-06-01,1993,6,0.837,0.837,True,False,True,False
Lao People's Democratic Republic,1993-07-01,1993,7,0.569,0.569,True,False,True,False
Lao People's Democratic Republic,1993-08-01,1993,8,0.297,0.297,True,False,True,False
Lao People's Democratic Republic,1993-09-01,1993,9,0.396,0.396,True,False,True,False
Lao People's Democratic Republic,1993-10-01,1993,10,-0.157,-0.157,True,False,True,False
Lao People's Democratic Republic,1993-11-01,1993,11,0.617,0.617,True,False,True,False
Lao People's Democratic Republic,1993-12-01,1993,12,-0.321,-0.321,True,False,True,False
Lao People's Democratic Republic,1994-01-01,1994,1,1.633,1.633,True,False,True,False
Lao People's Democratic Republic,1994-02-01,1994,2,2.343,2.343,True,False,True,False
Lao People's Democratic Republic,1994-03-01,1994,3,-0.846,-0.846,True,False,True,False
Lao People's Democratic Republic,1994-04-01,1994,4,0.968,0.968,True,False,True,False
Lao People's Democratic Republic,1994-05-01,1994,5,0.615,0.615,True,False,True,False
Lao People's Democratic Republic,1994-06-01,1994,6,-0.185,-0.185,True,False,True,False
Lao People's Democratic Republic,1994-07-01,1994,7,0.014,0.014,True,False,True,False
Lao People's Democratic Republic,1994-08-01,1994,8,0.096,0.096,True,False,True,False
Lao People's Democratic Republic,1994-09-01,1994,9,0.54,0.54,True,False,True,False
Lao People's Democratic Republic,1994-10-01,1994,10,-0.338,-0.338,True,False,True,False
Lao People's Democratic Republic,1994-11-01,1994,11,0.475,0.475,True,False,True,False
Lao People's Democratic Republic,1994-12-01,1994,12,1.562,1.562,True,False,True,False
Lao People's Democratic Republic,1995-01-01,1995,1,0.927,0.927,True,False,True,False
Lao People's Democratic Republic,1995-02-01,1995,2,-0.25,-0.25,True,False,True,False
Lao People's Democratic Republic,1995-03-01,1995,3,0.799,0.799,True,False,True,False
Lao People's Democratic Republic,1995-04-01,1995,4,1.289,1.289,True,False,True,False
Lao People's Democratic Republic,1995-05-01,1995,5,0.313,0.313,True,False,True,False
Lao People's Democratic Republic,1995-06-01,1995,6,1.033,1.033,True,False,True,False
Lao People's Democratic Republic,1995-07-01,1995,7,0.092,0.092,True,False,True,False
Lao People's Democratic Republic,1995-08-01,1995,8,0.341,0.341,True,False,True,False
Lao People's Democratic Republic,1995-09-01,1995,9,0.566,0.566,True,False,True,False
Lao People's Democratic Republic,1995-10-01,1995,10,0.918,0.918,True,False,True,False
Lao People's Democratic Republic,1995-11-01,1995,11,0.029,0.029,True,False,True,False
Lao People's Democratic Republic,1995-12-01,1995,12,-0.462,-0.462,True,False,True,False
Lao People's Democratic Republic,1996-01-01,1996,1,0.727,0.727,True,False,True,False
Lao People's Democratic Republic,1996-02-01,1996,2,-1.279,-1.279,True,False,True,False
Lao People's Democratic Republic,1996-03-01,1996,3,0.695,0.695,True,False,True,False
Lao People's Democratic Republic,1996-04-01,1996,4,-1.041,-1.041,True,False,True,False
Lao People's Democratic Republic,1996-05-01,1996,5,0.093,0.093,True,False,True,False
Lao People's Democratic Republic,1996-06-01,1996,6,0.33,0.33,True,False,True,False
Lao People's Democratic Republic,1996-07-01,1996,7,0.432,0.432,True,False,True,False
Lao People's Democratic Republic,1996-08-01,1996,8,0.303,0.303,True,False,True,False
Lao People's Democratic Republic,1996-09-01,1996,9,0.219,0.219,True,False,True,False
Lao People's Democratic Republic,1996-10-01,1996,10,0.605,0.605,True,False,True,False
Lao People's Democratic Republic,1996-11-01,1996,11,1.159,1.159,True,False,True,False
Lao People's Democratic Republic,1996-12-01,1996,12,-0.064,-0.064,True,False,True,False
Lao People's Democratic Republic,1997-01-01,1997,1,0.527,0.527,True,False,True,False
Lao People's Democratic Republic,1997-02-01,1997,2,0.041,0.041,True,False,True,False
Lao People's Democratic Republic,1997-03-01,1997,3,0.354,0.354,True,False,True,False
Lao People's Democratic Republic,1997-04-01,1997,4,-1.021,-1.021,True,False,True,False
Lao People's Democratic Republic,1997-05-01,1997,5,0.485,0.485,True,False,True,False
Lao People's Democratic Republic,1997-06-01,1997,6,0.853,0.853,True,False,True,False
Lao People's Democratic Republic,1997-07-01,1997,7,-0.109,-0.109,True,False,True,False
Lao People's Democratic Republic,1997-08-01,1997,8,0.441,0.441,True,False,True,False
Lao People's Democratic Republic,1997-09-01,1997,9,-0.242,-0.242,True,False,True,False
Lao People's Democratic Republic,1997-10-01,1997,10,1.071,1.071,True,False,True,False
Lao People's Democratic Republic,1997-11-01,1997,11,1.679,1.679,True,False,True,False
Lao People's Democratic Republic,1997-12-01,1997,12,2.221,2.221,True,False,True,False
Lao People's Democratic Republic,1998-01-01,1998,1,2.478,2.478,True,False,True,False
Lao People's Democratic Republic,1998-02-01,1998,2,1.911,1.911,True,False,True,False
Lao People's Democratic Republic,1998-03-01,1998,3,1.557,1.557,True,False,True,False
Lao People's Democratic Republic,1998-04-01,1998,4,1.077,1.077,True,False,True,False
Lao People's Democratic Republic,1998-05-01,1998,5,1.307,1.307,True,False,True,False
Lao People's Democratic Republic,1998-06-01,1998,6,1.491,1.491,True,False,True,False
Lao People's Democratic Republic,1998-07-01,1998,7,1.061,1.061,True,False,True,False
Lao People's Democratic Republic,1998-08-01,1998,8,1.184,1.184,True,False,True,False
Lao People's Democratic Republic,1998-09-01,1998,9,0.814,0.814,True,False,True,False
Lao People's Democratic Republic,1998-10-01,1998,10,0.915,0.915,True,False,True,False
Lao People's Democratic Republic,1998-11-01,1998,11,1.035,1.035,True,False,True,False
Lao People's Democratic Republic,1998-12-01,1998,12,1.246,1.246,True,False,True,False
Lao People's Democratic Republic,1999-01-01,1999,1,1.216,1.216,True,False,True,False
Lao People's Democratic Republic,1999-02-01,1999,2,1.533,1.533,True,False,True,False
Lao People's Democratic Republic,1999-03-01,1999,3,1.385,1.385,True,False,True,False
Lao People's Democratic Republic,1999-04-01,1999,4,0.237,0.237,True,False,True,False
Lao People's Democratic Republic,1999-05-01,1999,5,-1.095,-1.095,True,False,True,False
Lao People's Democratic Republic,1999-06-01,1999,6,0.334,0.334,True,False,True,False
Lao People's Democratic Republic,1999-07-01,1999,7,0.833,0.833,True,False,True,False
Lao People's Democratic Republic,1999-08-01,1999,8,0.385,0.385,True,False,True,False
Lao People's Democratic Republic,1999-09-01,1999,9,0.389,0.389,True,False,True,False
Lao People's Democratic Republic,1999-10-01,1999,10,0.525,0.525,True,False,True,False
Lao People's Democratic Republic,1999-11-01,1999,11,0.803,0.803,True,False,True,False
Lao People's Democratic Republic,1999-12-01,1999,12,-2.174,-2.174,True,False,True,False
Lao People's Democratic Republic,2000-01-01,2000,1,1.496,1.496,True,False,True,False
Lao People's Democratic Republic,2000-02-01,2000,2,-0.037,-0.037,True,False,True,False
Lao People's Democratic Republic,2000-03-01,2000,3,0.173,0.173,True,False,True,False
Lao People's Democratic Republic,2000-04-01,2000,4,0.024,0.024,True,False,True,False
Lao People's Democratic Republic,2000-05-01,2000,5,-0.679,-0.679,True,False,True,False
Lao People's Democratic Republic,2000-06-01,2000,6,-0.023,-0.023,True,False,True,False
Lao People's Democratic Republic,2000-07-01,2000,7,0.158,0.158,True,False,True,False
Lao People's Democratic Republic,2000-08-01,2000,8,0.673,0.673,True,False,True,False
Lao People's Democratic Republic,2000-09-01,2000,9,-0.026,-0.026,True,False,True,False
Lao People's Democratic Republic,2000-10-01,2000,10,0.641,0.641,True,False,True,False
Lao People's Democratic Republic,2000-11-01,2000,11,0.046,0.046,True,False,True,False
Lao People's Democratic Republic,2000-12-01,2000,12,1.575,1.575,True,False,True,False
Lao People's Democratic Republic,2001-01-01,2001,1,2.378,2.378,True,False,True,False
Lao People's Democratic Republic,2001-02-01,2001,2,0.944,0.944,True,False,True,False
Lao People's Democratic Republic,2001-03-01,2001,3,0.033,0.033,True,False,True,False
Lao People's Democratic Republic,2001-04-01,2001,4,1.813,1.813,True,False,True,False
Lao People's Democratic Republic,2001-05-01,2001,5,-0.401,-0.401,True,False,True,False
Lao People's Democratic Republic,2001-06-01,2001,6,0.093,0.093,True,False,True,False
Lao People's Democratic Republic,2001-07-01,2001,7,0.531,0.531,True,False,True,False
Lao People's Democratic Republic,2001-08-01,2001,8,0.497,0.497,True,False,True,False
Lao People's Democratic Republic,2001-09-01,2001,9,0.793,0.793,True,False,True,False
Lao People's Democratic Republic,2001-10-01,2001,10,1.126,1.126,True,False,True,False
Lao People's Democratic Republic,2001-11-01,2001,11,-0.82,-0.82,True,False,True,False
Lao People's Democratic Republic,2001-12-01,2001,12,0.899,0.899,True,False,True,False
Lao People's Democratic Republic,2002-01-01,2002,1,0.538,0.538,True,False,True,False
Lao People's Democratic Republic,2002-02-01,2002,2,1.228,1.228,True,False,True,False
Lao People's Democratic Republic,2002-03-01,2002,3,0.683,0.683,True,False,True,False
Lao People's Democratic Republic,2002-04-01,2002,4,0.894,0.894,True,False,True,False
Lao People's Democratic Republic,2002-05-01,2002,5,-0.047,-0.047,True,False,True,False
Lao People's Democratic Republic,2002-06-01,2002,6,0.478,0.478,True,False,True,False
Lao People's Democratic Republic,2002-07-01,2002,7,0.496,0.496,True,False,True,False
Lao People's Democratic Republic,2002-08-01,2002,8,0.185,0.185,True,False,True,False
Lao People's Democratic Republic,2002-09-01,2002,9,0.248,0.248,True,False,True,False
Lao People's Democratic Republic,2002-10-01,2002,10,0.753,0.753,True,False,True,False
Lao People's Democratic Republic,2002-11-01,2002,11,0.995,0.995,True,False,True,False
Lao People's Democratic Republic,2002-12-01,2002,12,2.277,2.277,True,False,True,False
Lao People's Democratic Republic,2003-01-01,2003,1,0.212,0.212,True,False,True,False
Lao People's Democratic Republic,2003-02-01,2003,2,1.65,1.65,True,False,True,False
Lao People's Democratic Republic,2003-03-01,2003,3,0.179,0.179,True,False,True,False
Lao People's Democratic Republic,2003-04-01,2003,4,1.13,1.13,True,False,True,False
Lao People's Democratic Republic,2003-05-01,2003,5,1.222,1.222,True,False,True,False
Lao People's Democratic Republic,2003-06-01,2003,6,0.615,0.615,True,False,True,False
Lao People's Democratic Republic,2003-07-01,2003,7,0.904,0.904,True,False,True,False
Lao People's Democratic Republic,2003-08-01,2003,8,0.71,0.71,True,False,True,False
Lao People's Democratic Republic,2003-09-01,2003,9,0.701,0.701,True,False,True,False
Lao People's Democratic Republic,2003-10-01,2003,10,1.081,1.081,True,False,True,False
Lao People's Democratic Republic,2003-11-01,2003,11,1.098,1.098,True,False,True,False
Lao People's Democratic Republic,2003-12-01,2003,12,0.254,0.254,True,False,True,False
Lao People's Democratic Republic,2004-01-01,2004,1,1.099,1.099,True,False,True,False
Lao People's Democratic Republic,2004-02-01,2004,2,-0.081,-0.081,True,False,True,False
Lao People's Democratic Republic,2004-03-01,2004,3,0.905,0.905,True,False,True,False
Lao People's Democratic Republic,2004-04-01,2004,4,0.44,0.44,True,False,True,False
Lao People's Democratic Republic,2004-05-01,2004,5,0.021,0.021,True,False,True,False
Lao People's Democratic Republic,2004-06-01,2004,6,0.305,0.305,True,False,True,False
Lao People's Democratic Republic,2004-07-01,2004,7,0.055,0.055,True,False,True,False
Lao People's Democratic Republic,2004-08-01,2004,8,0.502,0.502,True,False,True,False
Lao People's Democratic Republic,2004-09-01,2004,9,0.243,0.243,True,False,True,False
Lao People's Democratic Republic,2004-10-01,2004,10,0.163,0.163,True,False,True,False
Lao People's Democratic Republic,2004-11-01,2004,11,1.065,1.065,True,False,True,False
Lao People's Democratic Republic,2004-12-01,2004,12,0.088,0.088,True,False,True,False
Lao People's Democratic Republic,2005-01-01,2005,1,0.937,0.937,True,False,True,False
Lao People's Democratic Republic,2005-02-01,2005,2,2.744,2.744,True,False,True,False
Lao People's Democratic Republic,2005-03-01,2005,3,-0.337,-0.337,True,False,True,False
Lao People's Democratic Republic,2005-04-01,2005,4,0.623,0.623,True,False,True,False
Lao People's Democratic Republic,2005-05-01,2005,5,1.278,1.278,True,False,True,False
Lao People's Democratic Republic,2005-06-01,2005,6,1.132,1.132,True,False,True,False
Lao People's Democratic Republic,2005-07-01,2005,7,0.726,0.726,True,False,True,False
Lao People's Democratic Republic,2005-08-01,2005,8,0.402,0.402,True,False,True,False
Lao People's Democratic Republic,2005-09-01,2005,9,0.669,0.669,True,False,True,False
Lao People's Democratic Republic,2005-10-01,2005,10,0.843,0.843,True,False,True,False
Lao People's Democratic Republic,2005-11-01,2005,11,1.607,1.607,True,False,True,False
Lao People's Democratic Republic,2005-12-01,2005,12,0.404,0.404,True,False,True,False
Lao People's Democratic Republic,2006-01-01,2006,1,1.075,1.075,True,False,True,False
Lao People's Democratic Republic,2006-02-01,2006,2,1.587,1.587,True,False,True,False
Lao People's Democratic Republic,2006-03-01,2006,3,0.947,0.947,True,False,True,False
Lao People's Democratic Republic,2006-04-01,2006,4,0.852,0.852,True,False,True,False
Lao People's Democratic Republic,2006-05-01,2006,5,-0.209,-0.209,True,False,True,False
Lao People's Democratic Republic,2006-06-01,2006,6,1.118,1.118,True,False,True,False
Lao People's Democratic Republic,2006-07-01,2006,7,0.49,0.49,True,False,True,False
Lao People's Democratic Republic,2006-08-01,2006,8,0.354,0.354,True,False,True,False
Lao People's Democratic Republic,2006-09-01,2006,9,0.444,0.444,True,False,True,False
Lao People's Democratic Republic,2006-10-01,2006,10,1.113,1.113,True,False,True,False
Lao People's Democratic Republic,2006-11-01,2006,11,2.14,2.14,True,False,True,False
Lao People's Democratic Republic,2006-12-01,2006,12,0.954,0.954,True,False,True,False
Lao People's Democratic Republic,2007-01-01,2007,1,0.467,0.467,True,False,True,False
Lao People's Democratic Republic,2007-02-01,2007,2,1.644,1.644,True,False,True,False
Lao People's Democratic Republic,2007-03-01,2007,3,1.29,1.29,True,False,True,False
Lao People's Democratic Republic,2007-04-01,2007,4,0.126,0.126,True,False,True,False
Lao People's Democratic Republic,2007-05-01,2007,5,-0.328,-0.328,True,False,True,False
Lao People's Democratic Republic,2007-06-01,2007,6,1.249,1.249,True,False,True,False
Lao People's Democratic Republic,2007-07-01,2007,7,0.909,0.909,True,False,True,False
Lao People's Democratic Republic,2007-08-01,2007,8,0.564,0.564,True,False,True,False
Lao People's Democratic Republic,2007-09-01,2007,9,0.627,0.627,True,False,True,False
Lao People's Democratic Republic,2007-10-01,2007,10,0.24,0.24,True,False,True,False
Lao People's Democratic Republic,2007-11-01,2007,11,-0.859,-0.859,True,False,True,False
Lao People's Democratic Republic,2007-12-01,2007,12,2.283,2.283,True,False,True,False
Lao People's Democratic Republic,2008-01-01,2008,1,0.78,0.78,True,False,True,False
Lao People's Democratic Republic,2008-02-01,2008,2,-2.227,-2.227,True,False,True,False
Lao People's Democratic Republic,2008-03-01,2008,3,-0.267,-0.267,True,False,True,False
Lao People's Democratic Republic,2008-04-01,2008,4,0.415,0.415,True,False,True,False
Lao People's Democratic Republic,2008-05-01,2008,5,-0.691,-0.691,True,False,True,False
Lao People's Democratic Republic,2008-06-01,2008,6,0.148,0.148,True,False,True,False
Lao People's Democratic Republic,2008-07-01,2008,7,0.222,0.222,True,False,True,False
Lao People's Democratic Republic,2008-08-01,2008,8,0.441,0.441,True,False,True,False
Lao People's Democratic Republic,2008-09-01,2008,9,0.64,0.64,True,False,True,False
Lao People's Democratic Republic,2008-10-01,2008,10,1.167,1.167,True,False,True,False
Lao People's Democratic Republic,2008-11-01,2008,11,0.248,0.248,True,False,True,False
Lao People's Democratic Republic,2008-12-01,2008,12,-0.246,-0.246,True,False,True,False
Lao People's Democratic Republic,2009-01-01,2009,1,-0.771,-0.771,True,False,True,False
Lao People's Democratic Republic,2009-02-01,2009,2,2.7,2.7,True,False,True,False
Lao People's Democratic Republic,2009-03-01,2009,3,0.84,0.84,True,False,True,False
Lao People's Democratic Republic,2009-04-01,2009,4,0.22,0.22,True,False,True,False
Lao People's Democratic Republic,2009-05-01,2009,5,-0.183,-0.183,True,False,True,False
Lao People's Democratic Republic,2009-06-01,2009,6,0.612,0.612,True,False,True,False
Lao People's Democratic Republic,2009-07-01,2009,7,0.344,0.344,True,False,True,False
Lao People's Democratic Republic,2009-08-01,2009,8,1.045,1.045,True,False,True,False
Lao People's Democratic Republic,2009-09-01,2009,9,0.978,0.978,True,False,True,False
Lao People's Democratic Republic,2009-10-01,2009,10,1.381,1.381,True,False,True,False
Lao People's Democratic Republic,2009-11-01,2009,11,0.681,0.681,True,False,True,False
Lao People's Democratic Republic,2009-12-01,2009,12,1.486,1.486,True,False,True,False
Lao People's Democratic Republic,2010-01-01,2010,1,2.448,2.448,True,False,True,False
Lao People's Democratic Republic,2010-02-01,2010,2,2.574,2.574,True,False,True,False
Lao People's Democratic Republic,2010-03-01,2010,3,0.987,0.987,True,False,True,False
Lao People's Democratic Republic,2010-04-01,2010,4,1.431,1.431,True,False,True,False
Lao People's Democratic Republic,2010-05-01,2010,5,1.905,1.905,True,False,True,False
Lao People's Democratic Republic,2010-06-01,2010,6,1.737,1.737,True,False,True,False
Lao People's Democratic Republic,2010-07-01,2010,7,1.144,1.144,True,False,True,False
Lao People's Democratic Republic,2010-08-01,2010,8,0.334,0.334,True,False,True,False
Lao People's Democratic Republic,2010-09-01,2010,9,1.156,1.156,True,False,True,False
Lao People's Democratic Republic,2010-10-01,2010,10,0.413,0.413,True,False,True,False
Lao People's Democratic Republic,2010-11-01,2010,11,0.525,0.525,True,False,True,False
Lao People's Democratic Republic,2010-12-01,2010,12,1.619,1.619,True,False,True,False
Lao People's Democratic Republic,2011-01-01,2011,1,-0.68,-0.68,True,False,True,False
Lao People's Democratic Republic,2011-02-01,2011,2,0.705,0.705,True,False,True,False
Lao People's Democratic Republic,2011-03-01,2011,3,-2.301,-2.301,True,False,True,False
Lao People's Democratic Republic,2011-04-01,2011,4,-0.794,-0.794,True,False,True,False
Lao People's Democratic Republic,2011-05-01,2011,5,-0.39,-0.39,True,False,True,False
Lao People's Democratic Republic,2011-06-01,2011,6,0.54,0.54,True,False,True,False
Lao People's Democratic Republic,2011-07-01,2011,7,0.496,0.496,True,False,True,False
Lao People's Democratic Republic,2011-08-01,2011,8,0.38,0.38,True,False,True,False
Lao People's Democratic Republic,2011-09-01,2011,9,0.365,0.365,True,False,True,False
Lao People's Democratic Republic,2011-10-01,2011,10,0.258,0.258,True,False,True,False
Lao People's Democratic Republic,2011-11-01,2011,11,1.038,1.038,True,False,True,False
Lao People's Democratic Republic,2011-12-01,2011,12,-0.075,-0.075,True,False,True,False
Lao People's Democratic Republic,2012-01-01,2012,1,1.283,1.283,True,False,True,False
Lao People's Democratic Republic,2012-02-01,2012,2,1.247,1.247,True,False,True,False
Lao People's Democratic Republic,2012-03-01,2012,3,0.391,0.391,True,False,True,False
Lao People's Democratic Republic,2012-04-01,2012,4,0.711,0.711,True,False,True,False
Lao People's Democratic Republic,2012-05-01,2012,5,0.582,0.582,True,False,True,False
Lao People's Democratic Republic,2012-06-01,2012,6,0.847,0.847,True,False,True,False
Lao People's Democratic Republic,2012-07-01,2012,7,0.313,0.313,True,False,True,False
Lao People's Democratic Republic,2012-08-01,2012,8,0.73,0.73,True,False,True,False
Lao People's Democratic Republic,2012-09-01,2012,9,0.732,0.732,True,False,True,False
Lao People's Democratic Republic,2012-10-01,2012,10,1.386,1.386,True,False,True,False
Lao People's Democratic Republic,2012-11-01,2012,11,3.156,3.156,True,False,True,False
Lao People's Democratic Republic,2012-12-01,2012,12,2.765,2.765,True,False,True,False
Lao People's Democratic Republic,2013-01-01,2013,1,1.239,1.239,True,False,True,False
Lao People's Democratic Republic,2013-02-01,2013,2,2.838,2.838,True,False,True,False
Lao People's Democratic Republic,2013-03-01,2013,3,1.473,1.473,True,False,True,False
Lao People's Democratic Republic,2013-04-01,2013,4,1.126,1.126,True,False,True,False
Lao People's Democratic Republic,2013-05-01,2013,5,0.77,0.77,True,False,True,False
Lao People's Democratic Republic,2013-06-01,2013,6,0.619,0.619,True,False,True,False
Lao People's Democratic Republic,2013-07-01,2013,7,0.096,0.096,True,False,True,False
Lao People's Democratic Republic,2013-08-01,2013,8,0.558,0.558,True,False,True,False
Lao People's Democratic Republic,2013-09-01,2013,9,0.299,0.299,True,False,True,False
Lao People's Democratic Republic,2013-10-01,2013,10,0.154,0.154,True,False,True,False
Lao People's Democratic Republic,2013-11-01,2013,11,1.51,1.51,True,False,True,False
Lao People's Democratic Republic,2013-12-01,2013,12,-1.643,-1.643,True,False,True,False
Lao People's Democratic Republic,2014-01-01,2014,1,-0.723,-0.723,True,False,False,True
Lao People's Democratic Republic,2014-02-01,2014,2,0.646,0.646,True,False,False,True
Lao People's Democratic Republic,2014-03-01,2014,3,1.231,1.231,True,False,False,True
Lao People's Democratic Republic,2014-04-01,2014,4,0.916,0.916,True,False,False,True
Lao People's Democratic Republic,2014-05-01,2014,5,1.357,1.357,True,False,False,True
Lao People's Democratic Republic,2014-06-01,2014,6,1.138,1.138,True,False,False,True
Lao People's Democratic Republic,2014-07-01,2014,7,0.448,0.448,True,False,False,True
Lao People's Democratic Republic,2014-08-01,2014,8,0.678,0.678,True,False,False,True
Lao People's Democratic Republic,2014-09-01,2014,9,0.996,0.996,True,False,False,True
Lao People's Democratic Republic,2014-10-01,2014,10,1.049,1.049,True,False,False,True
Lao People's Democratic Republic,2014-11-01,2014,11,2.162,2.162,True,False,False,True
Lao People's Democratic Republic,2014-12-01,2014,12,0.469,0.469,True,False,False,True
Lao People's Democratic Republic,2015-01-01,2015,1,0.162,0.162,True,False,False,True
Lao People's Democratic Republic,2015-02-01,2015,2,1.015,1.015,True,False,False,True
Lao People's Democratic Republic,2015-03-01,2015,3,1.618,1.618,True,False,False,True
Lao People's Democratic Republic,2015-04-01,2015,4,0.517,0.517,True,False,False,True
Lao People's Democratic Republic,2015-05-01,2015,5,2.031,2.031,True,False,False,True
Lao People's Democratic Republic,2015-06-01,2015,6,1.779,1.779,True,False,False,True
Lao People's Democratic Republic,2015-07-01,2015,7,0.65,0.65,True,False,False,True
Lao People's Democratic Republic,2015-08-01,2015,8,1.158,1.158,True,False,False,True
Lao People's Democratic Republic,2015-09-01,2015,9,1.571,1.571,True,False,False,True
Lao People's Democratic Republic,2015-10-01,2015,10,1.16,1.16,True,False,False,True
Lao People's Democratic Republic,2015-11-01,2015,11,3.27,3.27,True,False,False,True
Lao People's Democratic Republic,2015-12-01,2015,12,2.096,2.096,True,False,False,True
Lao People's Democratic Republic,2016-01-01,2016,1,1.277,1.277,True,False,False,True
Lao People's Democratic Republic,2016-02-01,2016,2,-0.929,-0.929,True,False,False,True
Lao People's Democratic Republic,2016-03-01,2016,3,0.806,0.806,True,False,False,True
Lao People's Democratic Republic,2016-04-01,2016,4,2.838,2.838,True,False,False,True
Lao People's Democratic Republic,2016-05-01,2016,5,1.365,1.365,True,False,False,True
Lao People's Democratic Republic,2016-06-01,2016,6,1.194,1.194,True,False,False,True
Lao People's Democratic Republic,2016-07-01,2016,7,0.79,0.79,True,False,False,True
Lao People's Democratic Republic,2016-08-01,2016,8,1.132,1.132,True,False,False,True
Lao People's Democratic Republic,2016-09-01,2016,9,1.01,1.01,True,False,False,True
Lao People's Democratic Republic,2016-10-01,2016,10,1.965,1.965,True,False,False,True
Lao People's Democratic Republic,2016-11-01,2016,11,2.126,2.126,True,False,False,True
Lao People's Democratic Republic,2016-12-01,2016,12,1.855,1.855,True,False,False,True
Lao People's Democratic Republic,2017-01-01,2017,1,2.416,2.416,True,False,False,True
Lao People's Democratic Republic,2017-02-01,2017,2,0.949,0.949,True,False,False,True
Lao People's Democratic Republic,2017-03-01,2017,3,0.905,0.905,True,False,False,True
Lao People's Democratic Republic,2017-04-01,2017,4,0.347,0.347,True,False,False,True
Lao People's Democratic Republic,2017-05-01,2017,5,0.236,0.236,True,False,False,True
Lao People's Democratic Republic,2017-06-01,2017,6,1.115,1.115,True,False,False,True
Lao People's Democratic Republic,2017-07-01,2017,7,0.001,0.001,True,False,False,True
Lao People's Democratic Republic,2017-08-01,2017,8,1.11,1.11,True,False,False,True
Lao People's Democratic Republic,2017-09-01,2017,9,1.652,1.652,True,False,False,True
Lao People's Democratic Republic,2017-10-01,2017,10,1.009,1.009,True,False,False,True
Lao People's Democratic Republic,2017-11-01,2017,11,1.456,1.456,True,False,False,True
Lao People's Democratic Republic,2017-12-01,2017,12,0.522,0.522,True,False,False,True
Lao People's Democratic Republic,2018-01-01,2018,1,1.556,1.556,True,False,False,True
Lao People's Democratic Republic,2018-02-01,2018,2,-0.061,-0.061,True,False,False,True
Lao People's Democratic Republic,2018-03-01,2018,3,1.034,1.034,True,False,False,True
Lao People's Democratic Republic,2018-04-01,2018,4,-0.381,-0.381,True,False,False,True
Lao People's Democratic Republic,2018-05-01,2018,5,0.372,0.372,True,False,False,True
Lao People's Democratic Republic,2018-06-01,2018,6,0.621,0.621,True,False,False,True
Lao People's Democratic Republic,2018-07-01,2018,7,0.265,0.265,True,False,False,True
Lao People's Democratic Republic,2018-08-01,2018,8,0.517,0.517,True,False,False,True
Lao People's Democratic Republic,2018-09-01,2018,9,1.29,1.29,True,False,False,True
Lao People's Democratic Republic,2018-10-01,2018,10,1.481,1.481,True,False,False,True
Lao People's Democratic Republic,2018-11-01,2018,11,2.237,2.237,True,False,False,True
Lao People's Democratic Republic,2018-12-01,2018,12,2.895,2.895,True,False,False,True
Lao People's Democratic Republic,2019-01-01,2019,1,2.179,2.179,True,False,False,True
Lao People's Democratic Republic,2019-02-01,2019,2,3.262,3.262,True,False,False,True
Lao People's Democratic Republic,2019-03-01,2019,3,1.892,1.892,True,False,False,True
Lao People's Democratic Republic,2019-04-01,2019,4,2.739,2.739,True,False,False,True
Lao People's Democratic Republic,2019-05-01,2019,5,1.923,1.923,True,False,False,True
Lao People's Democratic Republic,2019-06-01,2019,6,2.478,2.478,True,False,False,True
Lao People's Democratic Republic,2019-07-01,2019,7,1.379,1.379,True,False,False,True
Lao People's Democratic Republic,2019-08-01,2019,8,1.036,1.036,True,False,False,True
Lao People's Democratic Republic,2019-09-01,2019,9,0.927,0.927,True,False,False,True
Lao People's Democratic Republic,2019-10-01,2019,10,1.732,1.732,True,False,False,True
Lao People's Democratic Republic,2019-11-01,2019,11,1.717,1.717,True,False,False,True
Lao People's Democratic Republic,2019-12-01,2019,12,1.35,1.35,True,False,False,True
Lao People's Democratic Republic,2020-01-01,2020,1,2.926,2.926,True,False,False,True
Lao People's Democratic Republic,2020-02-01,2020,2,1.84,1.84,True,False,False,True
Lao People's Democratic Republic,2020-03-01,2020,3,2.23,2.23,True,False,False,True
Lao People's Democratic Republic,2020-04-01,2020,4,0.181,0.181,True,False,False,True
Lao People's Democratic Republic,2020-05-01,2020,5,2.362,2.362,True,False,False,True
Lao People's Democratic Republic,2020-06-01,2020,6,1.833,1.833,True,False,False,True
Lao People's Democratic Republic,2020-07-01,2020,7,1.756,1.756,True,False,False,True
Lao People's Democratic Republic,2020-08-01,2020,8,0.881,0.881,True,False,False,True
Lao People's Democratic Republic,2020-09-01,2020,9,1.766,1.766,True,False,False,True
Lao People's Democratic Republic,2020-10-01,2020,10,-0.099,-0.099,True,False,False,True
Lao People's Democratic Republic,2020-11-01,2020,11,1.528,1.528,True,False,False,True
Lao People's Democratic Republic,2020-12-01,2020,12,0.817,0.817,True,False,False,True
Lao People's Democratic Republic,2021-01-01,2021,1,-0.208,-0.208,True,False,False,True
Lao People's Democratic Republic,2021-02-01,2021,2,1.061,1.061,True,False,False,True
Lao People's Democratic Republic,2021-03-01,2021,3,1.901,1.901,True,False,False,True
Lao People's Democratic Republic,2021-04-01,2021,4,0.554,0.554,True,False,False,True
Lao People's Democratic Republic,2021-05-01,2021,5,1.528,1.528,True,False,False,True
Lao People's Democratic Republic,2021-06-01,2021,6,1.309,1.309,True,False,False,True
Lao People's Democratic Republic,2021-07-01,2021,7,1.043,1.043,True,False,False,True
Lao People's Democratic Republic,2021-08-01,2021,8,1.744,1.744,True,False,False,True
Lao People's Democratic Republic,2021-09-01,2021,9,0.921,0.921,True,False,False,True
Lao People's Democratic Republic,2021-10-01,2021,10,0.697,0.697,True,False,False,True
Lao People's Democratic Republic,2021-11-01,2021,11,1.571,1.571,True,False,False,True
Lao People's Democratic Republic,2021-12-01,2021,12,0.542,0.542,True,False,False,True
Lao People's Democratic Republic,2022-01-01,2022,1,2.297,2.297,True,False,False,True
Lao People's Democratic Republic,2022-02-01,2022,2,-0.002,-0.002,True,False,False,True
Lao People's Democratic Republic,2022-03-01,2022,3,1.647,1.647,True,False,False,True
Lao People's Democratic Republic,2022-04-01,2022,4,-0.622,-0.622,True,False,False,True
Lao People's Democratic Republic,2022-05-01,2022,5,-0.402,-0.402,True,False,False,True
Lao People's Democratic Republic,2022-06-01,2022,6,1.364,1.364,True,False,False,True
Lao People's Democratic Republic,2022-07-01,2022,7,1.205,1.205,True,False,False,True
Lao People's Democratic Republic,2022-08-01,2022,8,0.912,0.912,True,False,False,True
Lao People's Democratic Republic,2022-09-01,2022,9,0.817,0.817,True,False,False,True
Lao People's Democratic Republic,2022-10-01,2022,10,0.377,0.377,True,False,False,True
Lao People's Democratic Republic,2022-11-01,2022,11,2.704,2.704,True,False,False,True
Lao People's Democratic Republic,2022-12-01,2022,12,0.908,0.908,True,False,False,True
Lao People's Democratic Republic,2023-01-01,2023,1,0.437,0.437,True,False,False,True
Lao People's Democratic Republic,2023-02-01,2023,2,1.781,1.781,True,False,False,True
Lao People's Democratic Republic,2023-03-01,2023,3,1.111,1.111,True,False,False,True
Lao People's Democratic Republic,2023-04-01,2023,4,2.441,2.441,True,False,False,True
Lao People's Democratic Republic,2023-05-01,2023,5,1.993,1.993,True,False,False,True
Lao People's Democratic Republic,2023-06-01,2023,6,1.436,1.436,True,False,False,True
Lao People's Democratic Republic,2023-07-01,2023,7,1.534,1.534,True,False,False,True
Lao People's Democratic Republic,2023-08-01,2023,8,1.159,1.159,True,False,False,True
Lao People's Democratic Republic,2023-09-01,2023,9,1.192,1.192,True,False,False,True
Lao People's Democratic Republic,2023-10-01,2023,10,1.714,1.714,True,False,False,True
Lao People's Democratic Republic,2023-11-01,2023,11,2.145,2.145,True,False,False,True
Lao People's Democratic Republic,2023-12-01,2023,12,2.56,2.56,True,False,False,True
Malaysia,1961-01-01,1961,1,-0.165,-0.165,True,False,True,False
Malaysia,1961-02-01,1961,2,0.125,0.125,True,False,True,False
Malaysia,1961-03-01,1961,3,0.163,0.163,True,False,True,False
Malaysia,1961-04-01,1961,4,-0.052,-0.052,True,False,True,False
Malaysia,1961-05-01,1961,5,0.1,0.1,True,False,True,False
Malaysia,1961-06-01,1961,6,-0.245,-0.245,True,False,True,False
Malaysia,1961-07-01,1961,7,-0.04,-0.04,True,False,True,False
Malaysia,1961-08-01,1961,8,-0.162,-0.162,True,False,True,False
Malaysia,1961-09-01,1961,9,-0.313,-0.313,True,False,True,False
Malaysia,1961-10-01,1961,10,-0.386,-0.386,True,False,True,False
Malaysia,1961-11-01,1961,11,0.018,0.018,True,False,True,False
Malaysia,1961-12-01,1961,12,-0.011,-0.011,True,False,True,False
Malaysia,1962-01-01,1962,1,-0.15,-0.15,True,False,True,False
Malaysia,1962-02-01,1962,2,-0.395,-0.395,True,False,True,False
Malaysia,1962-03-01,1962,3,-0.318,-0.318,True,False,True,False
Malaysia,1962-04-01,1962,4,-0.166,-0.166,True,False,True,False
Malaysia,1962-05-01,1962,5,0.113,0.113,True,False,True,False
Malaysia,1962-06-01,1962,6,-0.144,-0.144,True,False,True,False
Malaysia,1962-07-01,1962,7,0.154,0.154,True,False,True,False
Malaysia,1962-08-01,1962,8,-0.281,-0.281,True,False,True,False
Malaysia,1962-09-01,1962,9,-0.086,-0.086,True,False,True,False
Malaysia,1962-10-01,1962,10,0.057,0.057,True,False,True,False
Malaysia,1962-11-01,1962,11,-0.039,-0.039,True,False,True,False
Malaysia,1962-12-01,1962,12,-0.186,-0.186,True,False,True,False
Malaysia,1963-01-01,1963,1,-0.858,-0.858,True,False,True,False
Malaysia,1963-02-01,1963,2,-0.716,-0.716,True,False,True,False
Malaysia,1963-03-01,1963,3,-0.354,-0.354,True,False,True,False
Malaysia,1963-04-01,1963,4,-0.083,-0.083,True,False,True,False
Malaysia,1963-05-01,1963,5,-0.064,-0.064,True,False,True,False
Malaysia,1963-06-01,1963,6,0.323,0.323,True,False,True,False
Malaysia,1963-07-01,1963,7,0.156,0.156,True,False,True,False
Malaysia,1963-08-01,1963,8,-0.079,-0.079,True,False,True,False
Malaysia,1963-09-01,1963,9,0.196,0.196,True,False,True,False
Malaysia,1963-10-01,1963,10,0.049,0.049,True,False,True,False
Malaysia,1963-11-01,1963,11,0.233,0.233,True,False,True,False
Malaysia,1963-12-01,1963,12,0.099,0.099,True,False,True,False
Malaysia,1964-01-01,1964,1,0.815,0.815,True,False,True,False
Malaysia,1964-02-01,1964,2,0.425,0.425,True,False,True,False
Malaysia,1964-03-01,1964,3,-0.011,-0.011,True,False,True,False
Malaysia,1964-04-01,1964,4,0.057,0.057,True,False,True,False
Malaysia,1964-05-01,1964,5,0.074,0.074,True,False,True,False
Malaysia,1964-06-01,1964,6,-0.165,-0.165,True,False,True,False
Malaysia,1964-07-01,1964,7,-0.333,-0.333,True,False,True,False
Malaysia,1964-08-01,1964,8,-0.082,-0.082,True,False,True,False
Malaysia,1964-09-01,1964,9,-0.026,-0.026,True,False,True,False
Malaysia,1964-10-01,1964,10,-0.152,-0.152,True,False,True,False
Malaysia,1964-11-01,1964,11,-0.288,-0.288,True,False,True,False
Malaysia,1964-12-01,1964,12,-0.533,-0.533,True,False,True,False
Malaysia,1965-01-01,1965,1,-0.811,-0.811,True,False,True,False
Malaysia,1965-02-01,1965,2,-0.188,-0.188,True,False,True,False
Malaysia,1965-03-01,1965,3,-0.343,-0.343,True,False,True,False
Malaysia,1965-04-01,1965,4,-0.379,-0.379,True,False,True,False
Malaysia,1965-05-01,1965,5,-0.256,-0.256,True,False,True,False
Malaysia,1965-06-01,1965,6,-0.011,-0.011,True,False,True,False
Malaysia,1965-07-01,1965,7,-0.076,-0.076,True,False,True,False
Malaysia,1965-08-01,1965,8,-0.305,-0.305,True,False,True,False
Malaysia,1965-09-01,1965,9,-0.067,-0.067,True,False,True,False
Malaysia,1965-10-01,1965,10,0.058,0.058,True,False,True,False
Malaysia,1965-11-01,1965,11,0.273,0.273,True,False,True,False
Malaysia,1965-12-01,1965,12,0.189,0.189,True,False,True,False
Malaysia,1966-01-01,1966,1,0.421,0.421,True,False,True,False
Malaysia,1966-02-01,1966,2,0.397,0.397,True,False,True,False
Malaysia,1966-03-01,1966,3,0.322,0.322,True,False,True,False
Malaysia,1966-04-01,1966,4,0.279,0.279,True,False,True,False
Malaysia,1966-05-01,1966,5,0.243,0.243,True,False,True,False
Malaysia,1966-06-01,1966,6,-0.226,-0.226,True,False,True,False
Malaysia,1966-07-01,1966,7,-0.089,-0.089,True,False,True,False
Malaysia,1966-08-01,1966,8,-0.063,-0.063,True,False,True,False
Malaysia,1966-09-01,1966,9,0.196,0.196,True,False,True,False
Malaysia,1966-10-01,1966,10,-0.081,-0.081,True,False,True,False
Malaysia,1966-11-01,1966,11,0.132,0.132,True,False,True,False
Malaysia,1966-12-01,1966,12,0.229,0.229,True,False,True,False
Malaysia,1967-01-01,1967,1,-0.136,-0.136,True,False,True,False
Malaysia,1967-02-01,1967,2,-0.269,-0.269,True,False,True,False
Malaysia,1967-03-01,1967,3,-0.308,-0.308,True,False,True,False
Malaysia,1967-04-01,1967,4,-0.266,-0.266,True,False,True,False
Malaysia,1967-05-01,1967,5,-0.128,-0.128,True,False,True,False
Malaysia,1967-06-01,1967,6,-0.07,-0.07,True,False,True,False
Malaysia,1967-07-01,1967,7,0.023,0.023,True,False,True,False
Malaysia,1967-08-01,1967,8,0.054,0.054,True,False,True,False
Malaysia,1967-09-01,1967,9,-0.143,-0.143,True,False,True,False
Malaysia,1967-10-01,1967,10,-0.236,-0.236,True,False,True,False
Malaysia,1967-11-01,1967,11,-0.221,-0.221,True,False,True,False
Malaysia,1967-12-01,1967,12,-0.254,-0.254,True,False,True,False
Malaysia,1968-01-01,1968,1,-0.335,-0.335,True,False,True,False
Malaysia,1968-02-01,1968,2,-0.372,-0.372,True,False,True,False
Malaysia,1968-03-01,1968,3,0.008,0.008,True,False,True,False
Malaysia,1968-04-01,1968,4,-0.174,-0.174,True,False,True,False
Malaysia,1968-05-01,1968,5,-0.222,-0.222,True,False,True,False
Malaysia,1968-06-01,1968,6,0.008,0.008,True,False,True,False
Malaysia,1968-07-01,1968,7,0.031,0.031,True,False,True,False
Malaysia,1968-08-01,1968,8,0.2,0.2,True,False,True,False
Malaysia,1968-09-01,1968,9,0.139,0.139,True,False,True,False
Malaysia,1968-10-01,1968,10,-0.096,-0.096,True,False,True,False
Malaysia,1968-11-01,1968,11,0.09,0.09,True,False,True,False
Malaysia,1968-12-01,1968,12,0.128,0.128,True,False,True,False
Malaysia,1969-01-01,1969,1,0.554,0.554,True,False,True,False
Malaysia,1969-02-01,1969,2,0.354,0.354,True,False,True,False
Malaysia,1969-03-01,1969,3,0.403,0.403,True,False,True,False
Malaysia,1969-04-01,1969,4,0.51,0.51,True,False,True,False
Malaysia,1969-05-01,1969,5,0.52,0.52,True,False,True,False
Malaysia,1969-06-01,1969,6,0.305,0.305,True,False,True,False
Malaysia,1969-07-01,1969,7,0.127,0.127,True,False,True,False
Malaysia,1969-08-01,1969,8,-0.153,-0.153,True,False,True,False
Malaysia,1969-09-01,1969,9,0.308,0.308,True,False,True,False
Malaysia,1969-10-01,1969,10,0.117,0.117,True,False,True,False
Malaysia,1969-11-01,1969,11,-0.121,-0.121,True,False,True,False
Malaysia,1969-12-01,1969,12,-0.043,-0.043,True,False,True,False
Malaysia,1970-01-01,1970,1,0.355,0.355,True,False,True,False
Malaysia,1970-02-01,1970,2,0.213,0.213,True,False,True,False
Malaysia,1970-03-01,1970,3,0.499,0.499,True,False,True,False
Malaysia,1970-04-01,1970,4,0.181,0.181,True,False,True,False
Malaysia,1970-05-01,1970,5,0.205,0.205,True,False,True,False
Malaysia,1970-06-01,1970,6,0.19,0.19,True,False,True,False
Malaysia,1970-07-01,1970,7,-0.032,-0.032,True,False,True,False
Malaysia,1970-08-01,1970,8,0.059,0.059,True,False,True,False
Malaysia,1970-09-01,1970,9,-0.091,-0.091,True,False,True,False
Malaysia,1970-10-01,1970,10,0.081,0.081,True,False,True,False
Malaysia,1970-11-01,1970,11,0.041,0.041,True,False,True,False
Malaysia,1970-12-01,1970,12,0.082,0.082,True,False,True,False
Malaysia,1971-01-01,1971,1,-0.381,-0.381,True,False,True,False
Malaysia,1971-02-01,1971,2,-0.478,-0.478,True,False,True,False
Malaysia,1971-03-01,1971,3,-0.379,-0.379,True,False,True,False
Malaysia,1971-04-01,1971,4,-0.108,-0.108,True,False,True,False
Malaysia,1971-05-01,1971,5,-0.083,-0.083,True,False,True,False
Malaysia,1971-06-01,1971,6,-0.229,-0.229,True,False,True,False
Malaysia,1971-07-01,1971,7,-0.065,-0.065,True,False,True,False
Malaysia,1971-08-01,1971,8,-0.627,-0.627,True,False,True,False
Malaysia,1971-09-01,1971,9,0.011,0.011,True,False,True,False
Malaysia,1971-10-01,1971,10,-0.072,-0.072,True,False,True,False
Malaysia,1971-11-01,1971,11,-0.345,-0.345,True,False,True,False
Malaysia,1971-12-01,1971,12,-0.281,-0.281,True,False,True,False
Malaysia,1972-01-01,1972,1,-0.517,-0.517,True,False,True,False
Malaysia,1972-02-01,1972,2,0.172,0.172,True,False,True,False
Malaysia,1972-03-01,1972,3,-0.363,-0.363,True,False,True,False
Malaysia,1972-04-01,1972,4,-0.207,-0.207,True,False,True,False
Malaysia,1972-05-01,1972,5,0.082,0.082,True,False,True,False
Malaysia,1972-06-01,1972,6,0.052,0.052,True,False,True,False
Malaysia,1972-07-01,1972,7,0.789,0.789,True,False,True,False
Malaysia,1972-08-01,1972,8,0.192,0.192,True,False,True,False
Malaysia,1972-09-01,1972,9,0.142,0.142,True,False,True,False
Malaysia,1972-10-01,1972,10,0.283,0.283,True,False,True,False
Malaysia,1972-11-01,1972,11,0.398,0.398,True,False,True,False
Malaysia,1972-12-01,1972,12,0.595,0.595,True,False,True,False
Malaysia,1973-01-01,1973,1,0.577,0.577,True,False,True,False
Malaysia,1973-02-01,1973,2,0.794,0.794,True,False,True,False
Malaysia,1973-03-01,1973,3,0.432,0.432,True,False,True,False
Malaysia,1973-04-01,1973,4,0.458,0.458,True,False,True,False
Malaysia,1973-05-01,1973,5,0.026,0.026,True,False,True,False
Malaysia,1973-06-01,1973,6,0.275,0.275,True,False,True,False
Malaysia,1973-07-01,1973,7,0.295,0.295,True,False,True,False
Malaysia,1973-08-01,1973,8,0.049,0.049,True,False,True,False
Malaysia,1973-09-01,1973,9,-0.198,-0.198,True,False,True,False
Malaysia,1973-10-01,1973,10,0.139,0.139,True,False,True,False
Malaysia,1973-11-01,1973,11,-0.073,-0.073,True,False,True,False
Malaysia,1973-12-01,1973,12,-0.413,-0.413,True,False,True,False
Malaysia,1974-01-01,1974,1,-0.604,-0.604,True,False,True,False
Malaysia,1974-02-01,1974,2,-0.337,-0.337,True,False,True,False
Malaysia,1974-03-01,1974,3,-0.413,-0.413,True,False,True,False
Malaysia,1974-04-01,1974,4,-0.219,-0.219,True,False,True,False
Malaysia,1974-05-01,1974,5,-0.24,-0.24,True,False,True,False
Malaysia,1974-06-01,1974,6,-0.149,-0.149,True,False,True,False
Malaysia,1974-07-01,1974,7,-0.183,-0.183,True,False,True,False
Malaysia,1974-08-01,1974,8,0.277,0.277,True,False,True,False
Malaysia,1974-09-01,1974,9,-0.262,-0.262,True,False,True,False
Malaysia,1974-10-01,1974,10,0.137,0.137,True,False,True,False
Malaysia,1974-11-01,1974,11,0.144,0.144,True,False,True,False
Malaysia,1974-12-01,1974,12,0.065,0.065,True,False,True,False
Malaysia,1975-01-01,1975,1,0.329,0.329,True,False,True,False
Malaysia,1975-02-01,1975,2,0.039,0.039,True,False,True,False
Malaysia,1975-03-01,1975,3,-0.111,-0.111,True,False,True,False
Malaysia,1975-04-01,1975,4,0.211,0.211,True,False,True,False
Malaysia,1975-05-01,1975,5,-0.059,-0.059,True,False,True,False
Malaysia,1975-06-01,1975,6,-0.131,-0.131,True,False,True,False
Malaysia,1975-07-01,1975,7,-0.257,-0.257,True,False,True,False
Malaysia,1975-08-01,1975,8,0.337,0.337,True,False,True,False
Malaysia,1975-09-01,1975,9,-0.15,-0.15,True,False,True,False
Malaysia,1975-10-01,1975,10,0.167,0.167,True,False,True,False
Malaysia,1975-11-01,1975,11,-0.183,-0.183,True,False,True,False
Malaysia,1975-12-01,1975,12,-0.228,-0.228,True,False,True,False
Malaysia,1976-01-01,1976,1,-0.897,-0.897,True,False,True,False
Malaysia,1976-02-01,1976,2,-0.526,-0.526,True,False,True,False
Malaysia,1976-03-01,1976,3,-0.055,-0.055,True,False,True,False
Malaysia,1976-04-01,1976,4,-0.323,-0.323,True,False,True,False
Malaysia,1976-05-01,1976,5,-0.21,-0.21,True,False,True,False
Malaysia,1976-06-01,1976,6,-0.221,-0.221,True,False,True,False
Malaysia,1976-07-01,1976,7,-0.014,-0.014,True,False,True,False
Malaysia,1976-08-01,1976,8,-0.112,-0.112,True,False,True,False
Malaysia,1976-09-01,1976,9,0.276,0.276,True,False,True,False
Malaysia,1976-10-01,1976,10,-0.353,-0.353,True,False,True,False
Malaysia,1976-11-01,1976,11,-0.089,-0.089,True,False,True,False
Malaysia,1976-12-01,1976,12,-0.007,-0.007,True,False,True,False
Malaysia,1977-01-01,1977,1,0.093,0.093,True,False,True,False
Malaysia,1977-02-01,1977,2,-0.372,-0.372,True,False,True,False
Malaysia,1977-03-01,1977,3,-0.126,-0.126,True,False,True,False
Malaysia,1977-04-01,1977,4,0.366,0.366,True,False,True,False
Malaysia,1977-05-01,1977,5,0.057,0.057,True,False,True,False
Malaysia,1977-06-01,1977,6,0.141,0.141,True,False,True,False
Malaysia,1977-07-01,1977,7,0.176,0.176,True,False,True,False
Malaysia,1977-08-01,1977,8,0.053,0.053,True,False,True,False
Malaysia,1977-09-01,1977,9,0.724,0.724,True,False,True,False
Malaysia,1977-10-01,1977,10,0.059,0.059,True,False,True,False
Malaysia,1977-11-01,1977,11,0.068,0.068,True,False,True,False
Malaysia,1977-12-01,1977,12,0.265,0.265,True,False,True,False
Malaysia,1978-01-01,1978,1,0.306,0.306,True,False,True,False
Malaysia,1978-02-01,1978,2,0.464,0.464,True,False,True,False
Malaysia,1978-03-01,1978,3,0.506,0.506,True,False,True,False
Malaysia,1978-04-01,1978,4,0.163,0.163,True,False,True,False
Malaysia,1978-05-01,1978,5,0.256,0.256,True,False,True,False
Malaysia,1978-06-01,1978,6,0.139,0.139,True,False,True,False
Malaysia,1978-07-01,1978,7,0.009,0.009,True,False,True,False
Malaysia,1978-08-01,1978,8,0.344,0.344,True,False,True,False
Malaysia,1978-09-01,1978,9,0.034,0.034,True,False,True,False
Malaysia,1978-10-01,1978,10,0.125,0.125,True,False,True,False
Malaysia,1978-11-01,1978,11,-0.052,-0.052,True,False,True,False
Malaysia,1978-12-01,1978,12,0.264,0.264,True,False,True,False
Malaysia,1979-01-01,1979,1,0.339,0.339,True,False,True,False
Malaysia,1979-02-01,1979,2,0.45,0.45,True,False,True,False
Malaysia,1979-03-01,1979,3,0.537,0.537,True,False,True,False
Malaysia,1979-04-01,1979,4,0.323,0.323,True,False,True,False
Malaysia,1979-05-01,1979,5,0.442,0.442,True,False,True,False
Malaysia,1979-06-01,1979,6,0.197,0.197,True,False,True,False
Malaysia,1979-07-01,1979,7,-0.012,-0.012,True,False,True,False
Malaysia,1979-08-01,1979,8,0.457,0.457,True,False,True,False
Malaysia,1979-09-01,1979,9,-0.069,-0.069,True,False,True,False
Malaysia,1979-10-01,1979,10,0.331,0.331,True,False,True,False
Malaysia,1979-11-01,1979,11,0.28,0.28,True,False,True,False
Malaysia,1979-12-01,1979,12,0.118,0.118,True,False,True,False
Malaysia,1980-01-01,1980,1,0.302,0.302,True,False,True,False
Malaysia,1980-02-01,1980,2,0.361,0.361,True,False,True,False
Malaysia,1980-03-01,1980,3,0.243,0.243,True,False,True,False
Malaysia,1980-04-01,1980,4,0.153,0.153,True,False,True,False
Malaysia,1980-05-01,1980,5,0.231,0.231,True,False,True,False
Malaysia,1980-06-01,1980,6,0.182,0.182,True,False,True,False
Malaysia,1980-07-01,1980,7,0.475,0.475,True,False,True,False
Malaysia,1980-08-01,1980,8,-0.132,-0.132,True,False,True,False
Malaysia,1980-09-01,1980,9,0.329,0.329,True,False,True,False
Malaysia,1980-10-01,1980,10,0.16,0.16,True,False,True,False
Malaysia,1980-11-01,1980,11,0.254,0.254,True,False,True,False
Malaysia,1980-12-01,1980,12,0.097,0.097,True,False,True,False
Malaysia,1981-01-01,1981,1,-0.46,-0.46,True,False,True,False
Malaysia,1981-02-01,1981,2,0.306,0.306,True,False,True,False
Malaysia,1981-03-01,1981,3,0.378,0.378,True,False,True,False
Malaysia,1981-04-01,1981,4,0.065,0.065,True,False,True,False
Malaysia,1981-05-01,1981,5,0.113,0.113,True,False,True,False
Malaysia,1981-06-01,1981,6,0.559,0.559,True,False,True,False
Malaysia,1981-07-01,1981,7,0.325,0.325,True,False,True,False
Malaysia,1981-08-01,1981,8,0.71,0.71,True,False,True,False
Malaysia,1981-09-01,1981,9,-0.006,-0.006,True,False,True,False
Malaysia,1981-10-01,1981,10,0.153,0.153,True,False,True,False
Malaysia,1981-11-01,1981,11,0.018,0.018,True,False,True,False
Malaysia,1981-12-01,1981,12,-0.046,-0.046,True,False,True,False
Malaysia,1982-01-01,1982,1,0.081,0.081,True,False,True,False
Malaysia,1982-02-01,1982,2,0.225,0.225,True,False,True,False
Malaysia,1982-03-01,1982,3,0.303,0.303,True,False,True,False
Malaysia,1982-04-01,1982,4,0.03,0.03,True,False,True,False
Malaysia,1982-05-01,1982,5,0.128,0.128,True,False,True,False
Malaysia,1982-06-01,1982,6,0.252,0.252,True,False,True,False
Malaysia,1982-07-01,1982,7,0.215,0.215,True,False,True,False
Malaysia,1982-08-01,1982,8,0.116,0.116,True,False,True,False
Malaysia,1982-09-01,1982,9,0.338,0.338,True,False,True,False
Malaysia,1982-10-01,1982,10,0.07,0.07,True,False,True,False
Malaysia,1982-11-01,1982,11,0.506,0.506,True,False,True,False
Malaysia,1982-12-01,1982,12,0.563,0.563,True,False,True,False
Malaysia,1983-01-01,1983,1,0.754,0.754,True,False,True,False
Malaysia,1983-02-01,1983,2,1.026,1.026,True,False,True,False
Malaysia,1983-03-01,1983,3,1.287,1.287,True,False,True,False
Malaysia,1983-04-01,1983,4,1.137,1.137,True,False,True,False
Malaysia,1983-05-01,1983,5,0.596,0.596,True,False,True,False
Malaysia,1983-06-01,1983,6,0.547,0.547,True,False,True,False
Malaysia,1983-07-01,1983,7,0.41,0.41,True,False,True,False
Malaysia,1983-08-01,1983,8,0.407,0.407,True,False,True,False
Malaysia,1983-09-01,1983,9,0.072,0.072,True,False,True,False
Malaysia,1983-10-01,1983,10,0.287,0.287,True,False,True,False
Malaysia,1983-11-01,1983,11,0.087,0.087,True,False,True,False
Malaysia,1983-12-01,1983,12,-0.144,-0.144,True,False,True,False
Malaysia,1984-01-01,1984,1,-0.098,-0.098,True,False,True,False
Malaysia,1984-02-01,1984,2,-0.262,-0.262,True,False,True,False
Malaysia,1984-03-01,1984,3,-0.091,-0.091,True,False,True,False
Malaysia,1984-04-01,1984,4,-0.039,-0.039,True,False,True,False
Malaysia,1984-05-01,1984,5,-0.324,-0.324,True,False,True,False
Malaysia,1984-06-01,1984,6,0.055,0.055,True,False,True,False
Malaysia,1984-07-01,1984,7,-0.284,-0.284,True,False,True,False
Malaysia,1984-08-01,1984,8,0.347,0.347,True,False,True,False
Malaysia,1984-09-01,1984,9,-0.266,-0.266,True,False,True,False
Malaysia,1984-10-01,1984,10,0.022,0.022,True,False,True,False
Malaysia,1984-11-01,1984,11,0.09,0.09,True,False,True,False
Malaysia,1984-12-01,1984,12,0.07,0.07,True,False,True,False
Malaysia,1985-01-01,1985,1,0.181,0.181,True,False,True,False
Malaysia,1985-02-01,1985,2,0.751,0.751,True,False,True,False
Malaysia,1985-03-01,1985,3,0.163,0.163,True,False,True,False
Malaysia,1985-04-01,1985,4,0.065,0.065,True,False,True,False
Malaysia,1985-05-01,1985,5,0.007,0.007,True,False,True,False
Malaysia,1985-06-01,1985,6,0.407,0.407,True,False,True,False
Malaysia,1985-07-01,1985,7,-0.3,-0.3,True,False,True,False
Malaysia,1985-08-01,1985,8,0.112,0.112,True,False,True,False
Malaysia,1985-09-01,1985,9,-0.229,-0.229,True,False,True,False
Malaysia,1985-10-01,1985,10,-0.098,-0.098,True,False,True,False
Malaysia,1985-11-01,1985,11,0.1,0.1,True,False,True,False
Malaysia,1985-12-01,1985,12,0.074,0.074,True,False,True,False
Malaysia,1986-01-01,1986,1,-0.192,-0.192,True,False,True,False
Malaysia,1986-02-01,1986,2,0.013,0.013,True,False,True,False
Malaysia,1986-03-01,1986,3,-0.055,-0.055,True,False,True,False
Malaysia,1986-04-01,1986,4,0.164,0.164,True,False,True,False
Malaysia,1986-05-01,1986,5,0.37,0.37,True,False,True,False
Malaysia,1986-06-01,1986,6,0.201,0.201,True,False,True,False
Malaysia,1986-07-01,1986,7,0.282,0.282,True,False,True,False
Malaysia,1986-08-01,1986,8,0.381,0.381,True,False,True,False
Malaysia,1986-09-01,1986,9,0.015,0.015,True,False,True,False
Malaysia,1986-10-01,1986,10,0.116,0.116,True,False,True,False
Malaysia,1986-11-01,1986,11,-0.036,-0.036,True,False,True,False
Malaysia,1986-12-01,1986,12,0.329,0.329,True,False,True,False
Malaysia,1987-01-01,1987,1,0.106,0.106,True,False,True,False
Malaysia,1987-02-01,1987,2,0.034,0.034,True,False,True,False
Malaysia,1987-03-01,1987,3,0.69,0.69,True,False,True,False
Malaysia,1987-04-01,1987,4,0.635,0.635,True,False,True,False
Malaysia,1987-05-01,1987,5,0.201,0.201,True,False,True,False
Malaysia,1987-06-01,1987,6,0.78,0.78,True,False,True,False
Malaysia,1987-07-01,1987,7,0.611,0.611,True,False,True,False
Malaysia,1987-08-01,1987,8,0.234,0.234,True,False,True,False
Malaysia,1987-09-01,1987,9,0.449,0.449,True,False,True,False
Malaysia,1987-10-01,1987,10,0.567,0.567,True,False,True,False
Malaysia,1987-11-01,1987,11,0.569,0.569,True,False,True,False
Malaysia,1987-12-01,1987,12,0.312,0.312,True,False,True,False
Malaysia,1988-01-01,1988,1,0.868,0.868,True,False,True,False
Malaysia,1988-02-01,1988,2,0.661,0.661,True,False,True,False
Malaysia,1988-03-01,1988,3,0.686,0.686,True,False,True,False
Malaysia,1988-04-01,1988,4,0.566,0.566,True,False,True,False
Malaysia,1988-05-01,1988,5,0.354,0.354,True,False,True,False
Malaysia,1988-06-01,1988,6,0.421,0.421,True,False,True,False
Malaysia,1988-07-01,1988,7,0.207,0.207,True,False,True,False
Malaysia,1988-08-01,1988,8,0.055,0.055,True,False,True,False
Malaysia,1988-09-01,1988,9,0.091,0.091,True,False,True,False
Malaysia,1988-10-01,1988,10,0.372,0.372,True,False,True,False
Malaysia,1988-11-01,1988,11,-0.106,-0.106,True,False,True,False
Malaysia,1988-12-01,1988,12,-0.523,-0.523,True,False,True,False
Malaysia,1989-01-01,1989,1,0.41,0.41,True,False,True,False
Malaysia,1989-02-01,1989,2,-0.125,-0.125,True,False,True,False
Malaysia,1989-03-01,1989,3,-0.129,-0.129,True,False,True,False
Malaysia,1989-04-01,1989,4,-0.14,-0.14,True,False,True,False
Malaysia,1989-05-01,1989,5,0.061,0.061,True,False,True,False
Malaysia,1989-06-01,1989,6,0.015,0.015,True,False,True,False
Malaysia,1989-07-01,1989,7,0.26,0.26,True,False,True,False
Malaysia,1989-08-01,1989,8,0.231,0.231,True,False,True,False
Malaysia,1989-09-01,1989,9,0.046,0.046,True,False,True,False
Malaysia,1989-10-01,1989,10,0.089,0.089,True,False,True,False
Malaysia,1989-11-01,1989,11,0.206,0.206,True,False,True,False
Malaysia,1989-12-01,1989,12,0.185,0.185,True,False,True,False
Malaysia,1990-01-01,1990,1,0.191,0.191,True,False,True,False
Malaysia,1990-02-01,1990,2,0.753,0.753,True,False,True,False
Malaysia,1990-03-01,1990,3,0.431,0.431,True,False,True,False
Malaysia,1990-04-01,1990,4,0.625,0.625,True,False,True,False
Malaysia,1990-05-01,1990,5,0.432,0.432,True,False,True,False
Malaysia,1990-06-01,1990,6,0.627,0.627,True,False,True,False
Malaysia,1990-07-01,1990,7,0.294,0.294,True,False,True,False
Malaysia,1990-08-01,1990,8,0.567,0.567,True,False,True,False
Malaysia,1990-09-01,1990,9,0.233,0.233,True,False,True,False
Malaysia,1990-10-01,1990,10,0.456,0.456,True,False,True,False
Malaysia,1990-11-01,1990,11,0.266,0.266,True,False,True,False
Malaysia,1990-12-01,1990,12,0.348,0.348,True,False,True,False
Malaysia,1991-01-01,1991,1,0.402,0.402,True,False,True,False
Malaysia,1991-02-01,1991,2,0.351,0.351,True,False,True,False
Malaysia,1991-03-01,1991,3,0.485,0.485,True,False,True,False
Malaysia,1991-04-01,1991,4,0.387,0.387,True,False,True,False
Malaysia,1991-05-01,1991,5,0.152,0.152,True,False,True,False
Malaysia,1991-06-01,1991,6,0.878,0.878,True,False,True,False
Malaysia,1991-07-01,1991,7,0.647,0.647,True,False,True,False
Malaysia,1991-08-01,1991,8,0.483,0.483,True,False,True,False
Malaysia,1991-09-01,1991,9,0.326,0.326,True,False,True,False
Malaysia,1991-10-01,1991,10,0.004,0.004,True,False,True,False
Malaysia,1991-11-01,1991,11,-0.075,-0.075,True,False,True,False
Malaysia,1991-12-01,1991,12,0.056,0.056,True,False,True,False
Malaysia,1992-01-01,1992,1,0.177,0.177,True,False,True,False
Malaysia,1992-02-01,1992,2,0.589,0.589,True,False,True,False
Malaysia,1992-03-01,1992,3,0.794,0.794,True,False,True,False
Malaysia,1992-04-01,1992,4,0.793,0.793,True,False,True,False
Malaysia,1992-05-01,1992,5,0.252,0.252,True,False,True,False
Malaysia,1992-06-01,1992,6,0.476,0.476,True,False,True,False
Malaysia,1992-07-01,1992,7,0.188,0.188,True,False,True,False
Malaysia,1992-08-01,1992,8,0.64,0.64,True,False,True,False
Malaysia,1992-09-01,1992,9,0.303,0.303,True,False,True,False
Malaysia,1992-10-01,1992,10,-0.084,-0.084,True,False,True,False
Malaysia,1992-11-01,1992,11,-0.393,-0.393,True,False,True,False
Malaysia,1992-12-01,1992,12,-0.174,-0.174,True,False,True,False
Malaysia,1993-01-01,1993,1,0.191,0.191,True,False,True,False
Malaysia,1993-02-01,1993,2,0.009,0.009,True,False,True,False
Malaysia,1993-03-01,1993,3,-0.036,-0.036,True,False,True,False
Malaysia,1993-04-01,1993,4,0.185,0.185,True,False,True,False
Malaysia,1993-05-01,1993,5,0.132,0.132,True,False,True,False
Malaysia,1993-06-01,1993,6,0.669,0.669,True,False,True,False
Malaysia,1993-07-01,1993,7,0.295,0.295,True,False,True,False
Malaysia,1993-08-01,1993,8,0.443,0.443,True,False,True,False
Malaysia,1993-09-01,1993,9,-0.01,-0.01,True,False,True,False
Malaysia,1993-10-01,1993,10,-0.024,-0.024,True,False,True,False
Malaysia,1993-11-01,1993,11,0.289,0.289,True,False,True,False
Malaysia,1993-12-01,1993,12,0.348,0.348,True,False,True,False
Malaysia,1994-01-01,1994,1,0.523,0.523,True,False,True,False
Malaysia,1994-02-01,1994,2,0.47,0.47,True,False,True,False
Malaysia,1994-03-01,1994,3,-0.142,-0.142,True,False,True,False
Malaysia,1994-04-01,1994,4,0.283,0.283,True,False,True,False
Malaysia,1994-05-01,1994,5,0.1,0.1,True,False,True,False
Malaysia,1994-06-01,1994,6,0.262,0.262,True,False,True,False
Malaysia,1994-07-01,1994,7,0.662,0.662,True,False,True,False
Malaysia,1994-08-01,1994,8,0.323,0.323,True,False,True,False
Malaysia,1994-09-01,1994,9,0.355,0.355,True,False,True,False
Malaysia,1994-10-01,1994,10,0.278,0.278,True,False,True,False
Malaysia,1994-11-01,1994,11,0.262,0.262,True,False,True,False
Malaysia,1994-12-01,1994,12,0.572,0.572,True,False,True,False
Malaysia,1995-01-01,1995,1,0.6,0.6,True,False,True,False
Malaysia,1995-02-01,1995,2,0.399,0.399,True,False,True,False
Malaysia,1995-03-01,1995,3,0.439,0.439,True,False,True,False
Malaysia,1995-04-01,1995,4,0.516,0.516,True,False,True,False
Malaysia,1995-05-01,1995,5,0.457,0.457,True,False,True,False
Malaysia,1995-06-01,1995,6,0.662,0.662,True,False,True,False
Malaysia,1995-07-01,1995,7,0.35,0.35,True,False,True,False
Malaysia,1995-08-01,1995,8,0.106,0.106,True,False,True,False
Malaysia,1995-09-01,1995,9,0.248,0.248,True,False,True,False
Malaysia,1995-10-01,1995,10,0.462,0.462,True,False,True,False
Malaysia,1995-11-01,1995,11,0.125,0.125,True,False,True,False
Malaysia,1995-12-01,1995,12,0.067,0.067,True,False,True,False
Malaysia,1996-01-01,1996,1,-0.059,-0.059,True,False,True,False
Malaysia,1996-02-01,1996,2,-0.015,-0.015,True,False,True,False
Malaysia,1996-03-01,1996,3,0.486,0.486,True,False,True,False
Malaysia,1996-04-01,1996,4,0.385,0.385,True,False,True,False
Malaysia,1996-05-01,1996,5,0.443,0.443,True,False,True,False
Malaysia,1996-06-01,1996,6,0.471,0.471,True,False,True,False
Malaysia,1996-07-01,1996,7,0.808,0.808,True,False,True,False
Malaysia,1996-08-01,1996,8,0.356,0.356,True,False,True,False
Malaysia,1996-09-01,1996,9,0.569,0.569,True,False,True,False
Malaysia,1996-10-01,1996,10,0.184,0.184,True,False,True,False
Malaysia,1996-11-01,1996,11,0.391,0.391,True,False,True,False
Malaysia,1996-12-01,1996,12,-0.048,-0.048,True,False,True,False
Malaysia,1997-01-01,1997,1,0.352,0.352,True,False,True,False
Malaysia,1997-02-01,1997,2,0.076,0.076,True,False,True,False
Malaysia,1997-03-01,1997,3,0.597,0.597,True,False,True,False
Malaysia,1997-04-01,1997,4,0.276,0.276,True,False,True,False
Malaysia,1997-05-01,1997,5,0.617,0.617,True,False,True,False
Malaysia,1997-06-01,1997,6,0.864,0.864,True,False,True,False
Malaysia,1997-07-01,1997,7,0.785,0.785,True,False,True,False
Malaysia,1997-08-01,1997,8,1.107,1.107,True,False,True,False
Malaysia,1997-09-01,1997,9,0.567,0.567,True,False,True,False
Malaysia,1997-10-01,1997,10,0.592,0.592,True,False,True,False
Malaysia,1997-11-01,1997,11,0.672,0.672,True,False,True,False
Malaysia,1997-12-01,1997,12,1.025,1.025,True,False,True,False
Malaysia,1998-01-01,1998,1,1.528,1.528,True,False,True,False
Malaysia,1998-02-01,1998,2,1.598,1.598,True,False,True,False
Malaysia,1998-03-01,1998,3,1.827,1.827,True,False,True,False
Malaysia,1998-04-01,1998,4,1.591,1.591,True,False,True,False
Malaysia,1998-05-01,1998,5,1.625,1.625,True,False,True,False
Malaysia,1998-06-01,1998,6,1.007,1.007,True,False,True,False
Malaysia,1998-07-01,1998,7,0.812,0.812,True,False,True,False
Malaysia,1998-08-01,1998,8,0.404,0.404,True,False,True,False
Malaysia,1998-09-01,1998,9,0.682,0.682,True,False,True,False
Malaysia,1998-10-01,1998,10,0.745,0.745,True,False,True,False
Malaysia,1998-11-01,1998,11,0.618,0.618,True,False,True,False
Malaysia,1998-12-01,1998,12,0.372,0.372,True,False,True,False
Malaysia,1999-01-01,1999,1,0.55,0.55,True,False,True,False
Malaysia,1999-02-01,1999,2,0.406,0.406,True,False,True,False
Malaysia,1999-03-01,1999,3,0.534,0.534,True,False,True,False
Malaysia,1999-04-01,1999,4,0.367,0.367,True,False,True,False
Malaysia,1999-05-01,1999,5,-0.115,-0.115,True,False,True,False
Malaysia,1999-06-01,1999,6,0.341,0.341,True,False,True,False
Malaysia,1999-07-01,1999,7,0.491,0.491,True,False,True,False
Malaysia,1999-08-01,1999,8,0.244,0.244,True,False,True,False
Malaysia,1999-09-01,1999,9,0.362,0.362,True,False,True,False
Malaysia,1999-10-01,1999,10,-0.027,-0.027,True,False,True,False
Malaysia,1999-11-01,1999,11,0.491,0.491,True,False,True,False
Malaysia,1999-12-01,1999,12,0.14,0.14,True,False,True,False
Malaysia,2000-01-01,2000,1,0.281,0.281,True,False,True,False
Malaysia,2000-02-01,2000,2,0.147,0.147,True,False,True,False
Malaysia,2000-03-01,2000,3,0.232,0.232,True,False,True,False
Malaysia,2000-04-01,2000,4,-0.027,-0.027,True,False,True,False
Malaysia,2000-05-01,2000,5,0.61,0.61,True,False,True,False
Malaysia,2000-06-01,2000,6,-0.028,-0.028,True,False,True,False
Malaysia,2000-07-01,2000,7,0.871,0.871,True,False,True,False
Malaysia,2000-08-01,2000,8,0.366,0.366,True,False,True,False
Malaysia,2000-09-01,2000,9,0.368,0.368,True,False,True,False
Malaysia,2000-10-01,2000,10,0.358,0.358,True,False,True,False
Malaysia,2000-11-01,2000,11,0.357,0.357,True,False,True,False
Malaysia,2000-12-01,2000,12,0.625,0.625,True,False,True,False
Malaysia,2001-01-01,2001,1,0.484,0.484,True,False,True,False
Malaysia,2001-02-01,2001,2,0.417,0.417,True,False,True,False
Malaysia,2001-03-01,2001,3,0.291,0.291,True,False,True,False
Malaysia,2001-04-01,2001,4,0.359,0.359,True,False,True,False
Malaysia,2001-05-01,2001,5,0.619,0.619,True,False,True,False
Malaysia,2001-06-01,2001,6,0.281,0.281,True,False,True,False
Malaysia,2001-07-01,2001,7,1.007,1.007,True,False,True,False
Malaysia,2001-08-01,2001,8,0.879,0.879,True,False,True,False
Malaysia,2001-09-01,2001,9,0.297,0.297,True,False,True,False
Malaysia,2001-10-01,2001,10,0.289,0.289,True,False,True,False
Malaysia,2001-11-01,2001,11,0.136,0.136,True,False,True,False
Malaysia,2001-12-01,2001,12,0.386,0.386,True,False,True,False
Malaysia,2002-01-01,2002,1,0.777,0.777,True,False,True,False
Malaysia,2002-02-01,2002,2,0.43,0.43,True,False,True,False
Malaysia,2002-03-01,2002,3,0.601,0.601,True,False,True,False
Malaysia,2002-04-01,2002,4,0.528,0.528,True,False,True,False
Malaysia,2002-05-01,2002,5,0.745,0.745,True,False,True,False
Malaysia,2002-06-01,2002,6,0.62,0.62,True,False,True,False
Malaysia,2002-07-01,2002,7,1.126,1.126,True,False,True,False
Malaysia,2002-08-01,2002,8,0.743,0.743,True,False,True,False
Malaysia,2002-09-01,2002,9,0.465,0.465,True,False,True,False
Malaysia,2002-10-01,2002,10,0.746,0.746,True,False,True,False
Malaysia,2002-11-01,2002,11,0.404,0.404,True,False,True,False
Malaysia,2002-12-01,2002,12,1.209,1.209,True,False,True,False
Malaysia,2003-01-01,2003,1,0.829,0.829,True,False,True,False
Malaysia,2003-02-01,2003,2,0.72,0.72,True,False,True,False
Malaysia,2003-03-01,2003,3,0.727,0.727,True,False,True,False
Malaysia,2003-04-01,2003,4,0.576,0.576,True,False,True,False
Malaysia,2003-05-01,2003,5,0.791,0.791,True,False,True,False
Malaysia,2003-06-01,2003,6,0.71,0.71,True,False,True,False
Malaysia,2003-07-01,2003,7,0.464,0.464,True,False,True,False
Malaysia,2003-08-01,2003,8,0.777,0.777,True,False,True,False
Malaysia,2003-09-01,2003,9,0.488,0.488,True,False,True,False
Malaysia,2003-10-01,2003,10,0.247,0.247,True,False,True,False
Malaysia,2003-11-01,2003,11,0.38,0.38,True,False,True,False
Malaysia,2003-12-01,2003,12,0.24,0.24,True,False,True,False
Malaysia,2004-01-01,2004,1,0.679,0.679,True,False,True,False
Malaysia,2004-02-01,2004,2,0.553,0.553,True,False,True,False
Malaysia,2004-03-01,2004,3,0.732,0.732,True,False,True,False
Malaysia,2004-04-01,2004,4,0.793,0.793,True,False,True,False
Malaysia,2004-05-01,2004,5,0.642,0.642,True,False,True,False
Malaysia,2004-06-01,2004,6,0.751,0.751,True,False,True,False
Malaysia,2004-07-01,2004,7,0.236,0.236,True,False,True,False
Malaysia,2004-08-01,2004,8,0.944,0.944,True,False,True,False
Malaysia,2004-09-01,2004,9,0.214,0.214,True,False,True,False
Malaysia,2004-10-01,2004,10,0.476,0.476,True,False,True,False
Malaysia,2004-11-01,2004,11,0.62,0.62,True,False,True,False
Malaysia,2004-12-01,2004,12,0.276,0.276,True,False,True,False
Malaysia,2005-01-01,2005,1,0.652,0.652,True,False,True,False
Malaysia,2005-02-01,2005,2,1.238,1.238,True,False,True,False
Malaysia,2005-03-01,2005,3,0.963,0.963,True,False,True,False
Malaysia,2005-04-01,2005,4,0.941,0.941,True,False,True,False
Malaysia,2005-05-01,2005,5,0.578,0.578,True,False,True,False
Malaysia,2005-06-01,2005,6,0.892,0.892,True,False,True,False
Malaysia,2005-07-01,2005,7,0.863,0.863,True,False,True,False
Malaysia,2005-08-01,2005,8,1.018,1.018,True,False,True,False
Malaysia,2005-09-01,2005,9,0.804,0.804,True,False,True,False
Malaysia,2005-10-01,2005,10,0.553,0.553,True,False,True,False
Malaysia,2005-11-01,2005,11,0.303,0.303,True,False,True,False
Malaysia,2005-12-01,2005,12,0.265,0.265,True,False,True,False
Malaysia,2006-01-01,2006,1,0.539,0.539,True,False,True,False
Malaysia,2006-02-01,2006,2,0.618,0.618,True,False,True,False
Malaysia,2006-03-01,2006,3,0.69,0.69,True,False,True,False
Malaysia,2006-04-01,2006,4,0.146,0.146,True,False,True,False
Malaysia,2006-05-01,2006,5,0.034,0.034,True,False,True,False
Malaysia,2006-06-01,2006,6,0.345,0.345,True,False,True,False
Malaysia,2006-07-01,2006,7,0.894,0.894,True,False,True,False
Malaysia,2006-08-01,2006,8,0.762,0.762,True,False,True,False
Malaysia,2006-09-01,2006,9,0.321,0.321,True,False,True,False
Malaysia,2006-10-01,2006,10,0.617,0.617,True,False,True,False
Malaysia,2006-11-01,2006,11,0.722,0.722,True,False,True,False
Malaysia,2006-12-01,2006,12,0.971,0.971,True,False,True,False
Malaysia,2007-01-01,2007,1,0.533,0.533,True,False,True,False
Malaysia,2007-02-01,2007,2,0.588,0.588,True,False,True,False
Malaysia,2007-03-01,2007,3,0.6,0.6,True,False,True,False
Malaysia,2007-04-01,2007,4,0.497,0.497,True,False,True,False
Malaysia,2007-05-01,2007,5,0.485,0.485,True,False,True,False
Malaysia,2007-06-01,2007,6,0.443,0.443,True,False,True,False
Malaysia,2007-07-01,2007,7,0.554,0.554,True,False,True,False
Malaysia,2007-08-01,2007,8,0.722,0.722,True,False,True,False
Malaysia,2007-09-01,2007,9,0.416,0.416,True,False,True,False
Malaysia,2007-10-01,2007,10,0.496,0.496,True,False,True,False
Malaysia,2007-11-01,2007,11,0.16,0.16,True,False,True,False
Malaysia,2007-12-01,2007,12,0.387,0.387,True,False,True,False
Malaysia,2008-01-01,2008,1,0.696,0.696,True,False,True,False
Malaysia,2008-02-01,2008,2,0.216,0.216,True,False,True,False
Malaysia,2008-03-01,2008,3,0.087,0.087,True,False,True,False
Malaysia,2008-04-01,2008,4,0.2,0.2,True,False,True,False
Malaysia,2008-05-01,2008,5,0.373,0.373,True,False,True,False
Malaysia,2008-06-01,2008,6,0.328,0.328,True,False,True,False
Malaysia,2008-07-01,2008,7,0.228,0.228,True,False,True,False
Malaysia,2008-08-01,2008,8,0.524,0.524,True,False,True,False
Malaysia,2008-09-01,2008,9,0.475,0.475,True,False,True,False
Malaysia,2008-10-01,2008,10,0.621,0.621,True,False,True,False
Malaysia,2008-11-01,2008,11,0.687,0.687,True,False,True,False
Malaysia,2008-12-01,2008,12,0.518,0.518,True,False,True,False
Malaysia,2009-01-01,2009,1,0.079,0.079,True,False,True,False
Malaysia,2009-02-01,2009,2,0.47,0.47,True,False,True,False
Malaysia,2009-03-01,2009,3,0.294,0.294,True,False,True,False
Malaysia,2009-04-01,2009,4,0.655,0.655,True,False,True,False
Malaysia,2009-05-01,2009,5,0.624,0.624,True,False,True,False
Malaysia,2009-06-01,2009,6,1.024,1.024,True,False,True,False
Malaysia,2009-07-01,2009,7,0.879,0.879,True,False,True,False
Malaysia,2009-08-01,2009,8,0.934,0.934,True,False,True,False
Malaysia,2009-09-01,2009,9,1.104,1.104,True,False,True,False
Malaysia,2009-10-01,2009,10,0.659,0.659,True,False,True,False
Malaysia,2009-11-01,2009,11,0.514,0.514,True,False,True,False
Malaysia,2009-12-01,2009,12,0.796,0.796,True,False,True,False
Malaysia,2010-01-01,2010,1,0.834,0.834,True,False,True,False
Malaysia,2010-02-01,2010,2,1.404,1.404,True,False,True,False
Malaysia,2010-03-01,2010,3,1.318,1.318,True,False,True,False
Malaysia,2010-04-01,2010,4,1.071,1.071,True,False,True,False
Malaysia,2010-05-01,2010,5,1.206,1.206,True,False,True,False
Malaysia,2010-06-01,2010,6,0.941,0.941,True,False,True,False
Malaysia,2010-07-01,2010,7,0.465,0.465,True,False,True,False
Malaysia,2010-08-01,2010,8,0.743,0.743,True,False,True,False
Malaysia,2010-09-01,2010,9,0.339,0.339,True,False,True,False
Malaysia,2010-10-01,2010,10,0.865,0.865,True,False,True,False
Malaysia,2010-11-01,2010,11,0.54,0.54,True,False,True,False
Malaysia,2010-12-01,2010,12,0.277,0.277,True,False,True,False
Malaysia,2011-01-01,2011,1,0.348,0.348,True,False,True,False
Malaysia,2011-02-01,2011,2,0.471,0.471,True,False,True,False
Malaysia,2011-03-01,2011,3,0.061,0.061,True,False,True,False
Malaysia,2011-04-01,2011,4,0.096,0.096,True,False,True,False
Malaysia,2011-05-01,2011,5,0.416,0.416,True,False,True,False
Malaysia,2011-06-01,2011,6,0.659,0.659,True,False,True,False
Malaysia,2011-07-01,2011,7,0.901,0.901,True,False,True,False
Malaysia,2011-08-01,2011,8,0.799,0.799,True,False,True,False
Malaysia,2011-09-01,2011,9,0.894,0.894,True,False,True,False
Malaysia,2011-10-01,2011,10,0.631,0.631,True,False,True,False
Malaysia,2011-11-01,2011,11,0.653,0.653,True,False,True,False
Malaysia,2011-12-01,2011,12,0.581,0.581,True,False,True,False
Malaysia,2012-01-01,2012,1,0.851,0.851,True,False,True,False
Malaysia,2012-02-01,2012,2,0.8,0.8,True,False,True,False
Malaysia,2012-03-01,2012,3,0.512,0.512,True,False,True,False
Malaysia,2012-04-01,2012,4,0.352,0.352,True,False,True,False
Malaysia,2012-05-01,2012,5,0.597,0.597,True,False,True,False
Malaysia,2012-06-01,2012,6,0.93,0.93,True,False,True,False
Malaysia,2012-07-01,2012,7,0.595,0.595,True,False,True,False
Malaysia,2012-08-01,2012,8,0.935,0.935,True,False,True,False
Malaysia,2012-09-01,2012,9,0.753,0.753,True,False,True,False
Malaysia,2012-10-01,2012,10,0.61,0.61,True,False,True,False
Malaysia,2012-11-01,2012,11,0.855,0.855,True,False,True,False
Malaysia,2012-12-01,2012,12,0.815,0.815,True,False,True,False
Malaysia,2013-01-01,2013,1,0.953,0.953,True,False,True,False
Malaysia,2013-02-01,2013,2,0.597,0.597,True,False,True,False
Malaysia,2013-03-01,2013,3,1.219,1.219,True,False,True,False
Malaysia,2013-04-01,2013,4,0.783,0.783,True,False,True,False
Malaysia,2013-05-01,2013,5,0.971,0.971,True,False,True,False
Malaysia,2013-06-01,2013,6,1.37,1.37,True,False,True,False
Malaysia,2013-07-01,2013,7,0.844,0.844,True,False,True,False
Malaysia,2013-08-01,2013,8,0.792,0.792,True,False,True,False
Malaysia,2013-09-01,2013,9,0.714,0.714,True,False,True,False
Malaysia,2013-10-01,2013,10,0.692,0.692,True,False,True,False
Malaysia,2013-11-01,2013,11,0.769,0.769,True,False,True,False
Malaysia,2013-12-01,2013,12,0.867,0.867,True,False,True,False
Malaysia,2014-01-01,2014,1,0.14,0.14,True,False,False,True
Malaysia,2014-02-01,2014,2,0.636,0.636,True,False,False,True
Malaysia,2014-03-01,2014,3,0.984,0.984,True,False,False,True
Malaysia,2014-04-01,2014,4,1.055,1.055,True,False,False,True
Malaysia,2014-05-01,2014,5,1.039,1.039,True,False,False,True
Malaysia,2014-06-01,2014,6,1.516,1.516,True,False,False,True
Malaysia,2014-07-01,2014,7,1.39,1.39,True,False,False,True
Malaysia,2014-08-01,2014,8,0.513,0.513,True,False,False,True
Malaysia,2014-09-01,2014,9,0.853,0.853,True,False,False,True
Malaysia,2014-10-01,2014,10,0.85,0.85,True,False,False,True
Malaysia,2014-11-01,2014,11,0.848,0.848,True,False,False,True
Malaysia,2014-12-01,2014,12,0.801,0.801,True,False,False,True
Malaysia,2015-01-01,2015,1,0.571,0.571,True,False,False,True
Malaysia,2015-02-01,2015,2,0.642,0.642,True,False,False,True
Malaysia,2015-03-01,2015,3,0.959,0.959,True,False,False,True
Malaysia,2015-04-01,2015,4,1.027,1.027,True,False,False,True
Malaysia,2015-05-01,2015,5,0.945,0.945,True,False,False,True
Malaysia,2015-06-01,2015,6,1.294,1.294,True,False,False,True
Malaysia,2015-07-01,2015,7,1.538,1.538,True,False,False,True
Malaysia,2015-08-01,2015,8,1.059,1.059,True,False,False,True
Malaysia,2015-09-01,2015,9,1.243,1.243,True,False,False,True
Malaysia,2015-10-01,2015,10,1.334,1.334,True,False,False,True
Malaysia,2015-11-01,2015,11,1.141,1.141,True,False,False,True
Malaysia,2015-12-01,2015,12,1.484,1.484,True,False,False,True
Malaysia,2016-01-01,2016,1,2.023,2.023,True,False,False,True
Malaysia,2016-02-01,2016,2,1.656,1.656,True,False,False,True
Malaysia,2016-03-01,2016,3,1.743,1.743,True,False,False,True
Malaysia,2016-04-01,2016,4,1.925,1.925,True,False,False,True
Malaysia,2016-05-01,2016,5,1.463,1.463,True,False,False,True
Malaysia,2016-06-01,2016,6,1.049,1.049,True,False,False,True
Malaysia,2016-07-01,2016,7,1.397,1.397,True,False,False,True
Malaysia,2016-08-01,2016,8,1.617,1.617,True,False,False,True
Malaysia,2016-09-01,2016,9,1.078,1.078,True,False,False,True
Malaysia,2016-10-01,2016,10,1.237,1.237,True,False,False,True
Malaysia,2016-11-01,2016,11,1.141,1.141,True,False,False,True
Malaysia,2016-12-01,2016,12,1.201,1.201,True,False,False,True
Malaysia,2017-01-01,2017,1,1.252,1.252,True,False,False,True
Malaysia,2017-02-01,2017,2,0.905,0.905,True,False,False,True
Malaysia,2017-03-01,2017,3,0.733,0.733,True,False,False,True
Malaysia,2017-04-01,2017,4,0.801,0.801,True,False,False,True
Malaysia,2017-05-01,2017,5,0.957,0.957,True,False,False,True
Malaysia,2017-06-01,2017,6,0.981,0.981,True,False,False,True
Malaysia,2017-07-01,2017,7,1.078,1.078,True,False,False,True
Malaysia,2017-08-01,2017,8,0.999,0.999,True,False,False,True
Malaysia,2017-09-01,2017,9,0.91,0.91,True,False,False,True
Malaysia,2017-10-01,2017,10,1.222,1.222,True,False,False,True
Malaysia,2017-11-01,2017,11,1.221,1.221,True,False,False,True
Malaysia,2017-12-01,2017,12,1.102,1.102,True,False,False,True
Malaysia,2018-01-01,2018,1,0.843,0.843,True,False,False,True
Malaysia,2018-02-01,2018,2,0.696,0.696,True,False,False,True
Malaysia,2018-03-01,2018,3,0.929,0.929,True,False,False,True
Malaysia,2018-04-01,2018,4,0.959,0.959,True,False,False,True
Malaysia,2018-05-01,2018,5,0.675,0.675,True,False,False,True
Malaysia,2018-06-01,2018,6,1.112,1.112,True,False,False,True
Malaysia,2018-07-01,2018,7,1.379,1.379,True,False,False,True
Malaysia,2018-08-01,2018,8,1.293,1.293,True,False,False,True
Malaysia,2018-09-01,2018,9,0.887,0.887,True,False,False,True
Malaysia,2018-10-01,2018,10,1.128,1.128,True,False,False,True
Malaysia,2018-11-01,2018,11,1.317,1.317,True,False,False,True
Malaysia,2018-12-01,2018,12,1.359,1.359,True,False,False,True
Malaysia,2019-01-01,2019,1,1.509,1.509,True,False,False,True
Malaysia,2019-02-01,2019,2,1.242,1.242,True,False,False,True
Malaysia,2019-03-01,2019,3,1.179,1.179,True,False,False,True
Malaysia,2019-04-01,2019,4,1.429,1.429,True,False,False,True
Malaysia,2019-05-01,2019,5,1.428,1.428,True,False,False,True
Malaysia,2019-06-01,2019,6,1.197,1.197,True,False,False,True
Malaysia,2019-07-01,2019,7,1.266,1.266,True,False,False,True
Malaysia,2019-08-01,2019,8,1.498,1.498,True,False,False,True
Malaysia,2019-09-01,2019,9,1.333,1.333,True,False,False,True
Malaysia,2019-10-01,2019,10,1.02,1.02,True,False,False,True
Malaysia,2019-11-01,2019,11,1.357,1.357,True,False,False,True
Malaysia,2019-12-01,2019,12,1.146,1.146,True,False,False,True
Malaysia,2020-01-01,2020,1,1.462,1.462,True,False,False,True
Malaysia,2020-02-01,2020,2,1.371,1.371,True,False,False,True
Malaysia,2020-03-01,2020,3,1.486,1.486,True,False,False,True
Malaysia,2020-04-01,2020,4,1.44,1.44,True,False,False,True
Malaysia,2020-05-01,2020,5,1.445,1.445,True,False,False,True
Malaysia,2020-06-01,2020,6,1.097,1.097,True,False,False,True
Malaysia,2020-07-01,2020,7,1.125,1.125,True,False,False,True
Malaysia,2020-08-01,2020,8,1.274,1.274,True,False,False,True
Malaysia,2020-09-01,2020,9,1.027,1.027,True,False,False,True
Malaysia,2020-10-01,2020,10,1.305,1.305,True,False,False,True
Malaysia,2020-11-01,2020,11,1.198,1.198,True,False,False,True
Malaysia,2020-12-01,2020,12,1.178,1.178,True,False,False,True
Malaysia,2021-01-01,2021,1,0.843,0.843,True,False,False,True
Malaysia,2021-02-01,2021,2,0.867,0.867,True,False,False,True
Malaysia,2021-03-01,2021,3,1.105,1.105,True,False,False,True
Malaysia,2021-04-01,2021,4,0.91,0.91,True,False,False,True
Malaysia,2021-05-01,2021,5,0.832,0.832,True,False,False,True
Malaysia,2021-06-01,2021,6,1.098,1.098,True,False,False,True
Malaysia,2021-07-01,2021,7,1.45,1.45,True,False,False,True
Malaysia,2021-08-01,2021,8,1.165,1.165,True,False,False,True
Malaysia,2021-09-01,2021,9,1.046,1.046,True,False,False,True
Malaysia,2021-10-01,2021,10,1.616,1.616,True,False,False,True
Malaysia,2021-11-01,2021,11,1.158,1.158,True,False,False,True
Malaysia,2021-12-01,2021,12,1.145,1.145,True,False,False,True
Malaysia,2022-01-01,2022,1,1.304,1.304,True,False,False,True
Malaysia,2022-02-01,2022,2,1.163,1.163,True,False,False,True
Malaysia,2022-03-01,2022,3,1.138,1.138,True,False,False,True
Malaysia,2022-04-01,2022,4,0.896,0.896,True,False,False,True
Malaysia,2022-05-01,2022,5,1.036,1.036,True,False,False,True
Malaysia,2022-06-01,2022,6,0.827,0.827,True,False,False,True
Malaysia,2022-07-01,2022,7,1.333,1.333,True,False,False,True
Malaysia,2022-08-01,2022,8,0.976,0.976,True,False,False,True
Malaysia,2022-09-01,2022,9,0.729,0.729,True,False,False,True
Malaysia,2022-10-01,2022,10,0.773,0.773,True,False,False,True
Malaysia,2022-11-01,2022,11,0.846,0.846,True,False,False,True
Malaysia,2022-12-01,2022,12,0.475,0.475,True,False,False,True
Malaysia,2023-01-01,2023,1,1.067,1.067,True,False,False,True
Malaysia,2023-02-01,2023,2,0.773,0.773,True,False,False,True
Malaysia,2023-03-01,2023,3,0.614,0.614,True,False,False,True
Malaysia,2023-04-01,2023,4,1.178,1.178,True,False,False,True
Malaysia,2023-05-01,2023,5,1.387,1.387,True,False,False,True
Malaysia,2023-06-01,2023,6,1.32,1.32,True,False,False,True
Malaysia,2023-07-01,2023,7,1.312,1.312,True,False,False,True
Malaysia,2023-08-01,2023,8,1.359,1.359,True,False,False,True
Malaysia,2023-09-01,2023,9,1.247,1.247,True,False,False,True
Malaysia,2023-10-01,2023,10,1.561,1.561,True,False,False,True
Malaysia,2023-11-01,2023,11,1.321,1.321,True,False,False,True
Malaysia,2023-12-01,2023,12,1.599,1.599,True,False,False,True
Myanmar,1961-01-01,1961,1,0.588,0.588,True,False,True,False
Myanmar,1961-02-01,1961,2,0.117,0.117,True,False,True,False
Myanmar,1961-03-01,1961,3,-0.079,-0.079,True,False,True,False
Myanmar,1961-04-01,1961,4,0.061,0.061,True,False,True,False
Myanmar,1961-05-01,1961,5,-0.197,-0.197,True,False,True,False
Myanmar,1961-06-01,1961,6,-0.075,-0.075,True,False,True,False
Myanmar,1961-07-01,1961,7,-0.243,-0.243,True,False,True,False
Myanmar,1961-08-01,1961,8,-0.229,-0.229,True,False,True,False
Myanmar,1961-09-01,1961,9,-0.437,-0.437,True,False,True,False
Myanmar,1961-10-01,1961,10,-0.041,-0.041,True,False,True,False
Myanmar,1961-11-01,1961,11,-0.369,-0.369,True,False,True,False
Myanmar,1961-12-01,1961,12,-0.411,-0.411,True,False,True,False
Myanmar,1962-01-01,1962,1,-0.336,-0.336,True,False,True,False
Myanmar,1962-02-01,1962,2,-0.311,-0.311,True,False,True,False
Myanmar,1962-03-01,1962,3,-0.519,-0.519,True,False,True,False
Myanmar,1962-04-01,1962,4,0.034,0.034,True,False,True,False
Myanmar,1962-05-01,1962,5,0.046,0.046,True,False,True,False
Myanmar,1962-06-01,1962,6,-0.205,-0.205,True,False,True,False
Myanmar,1962-07-01,1962,7,0.431,0.431,True,False,True,False
Myanmar,1962-08-01,1962,8,0.024,0.024,True,False,True,False
Myanmar,1962-09-01,1962,9,0.162,0.162,True,False,True,False
Myanmar,1962-10-01,1962,10,-0.024,-0.024,True,False,True,False
Myanmar,1962-11-01,1962,11,-0.417,-0.417,True,False,True,False
Myanmar,1962-12-01,1962,12,-0.301,-0.301,True,False,True,False
Myanmar,1963-01-01,1963,1,-0.801,-0.801,True,False,True,False
Myanmar,1963-02-01,1963,2,0.056,0.056,True,False,True,False
Myanmar,1963-03-01,1963,3,-0.265,-0.265,True,False,True,False
Myanmar,1963-04-01,1963,4,-0.789,-0.789,True,False,True,False
Myanmar,1963-05-01,1963,5,0.049,0.049,True,False,True,False
Myanmar,1963-06-01,1963,6,0.067,0.067,True,False,True,False
Myanmar,1963-07-01,1963,7,-0.134,-0.134,True,False,True,False
Myanmar,1963-08-01,1963,8,0.032,0.032,True,False,True,False
Myanmar,1963-09-01,1963,9,0.486,0.486,True,False,True,False
Myanmar,1963-10-01,1963,10,-0.435,-0.435,True,False,True,False
Myanmar,1963-11-01,1963,11,-0.098,-0.098,True,False,True,False
Myanmar,1963-12-01,1963,12,-0.026,-0.026,True,False,True,False
Myanmar,1964-01-01,1964,1,0.024,0.024,True,False,True,False
Myanmar,1964-02-01,1964,2,0.294,0.294,True,False,True,False
Myanmar,1964-03-01,1964,3,0.187,0.187,True,False,True,False
Myanmar,1964-04-01,1964,4,-0.226,-0.226,True,False,True,False
Myanmar,1964-05-01,1964,5,-0.498,-0.498,True,False,True,False
Myanmar,1964-06-01,1964,6,-0.053,-0.053,True,False,True,False
Myanmar,1964-07-01,1964,7,-0.243,-0.243,True,False,True,False
Myanmar,1964-08-01,1964,8,0.092,0.092,True,False,True,False
Myanmar,1964-09-01,1964,9,0.192,0.192,True,False,True,False
Myanmar,1964-10-01,1964,10,0.455,0.455,True,False,True,False
Myanmar,1964-11-01,1964,11,0.172,0.172,True,False,True,False
Myanmar,1964-12-01,1964,12,-0.667,-0.667,True,False,True,False
Myanmar,1965-01-01,1965,1,-0.484,-0.484,True,False,True,False
Myanmar,1965-02-01,1965,2,-0.229,-0.229,True,False,True,False
Myanmar,1965-03-01,1965,3,-1.004,-1.004,True,False,True,False
Myanmar,1965-04-01,1965,4,-0.313,-0.313,True,False,True,False
Myanmar,1965-05-01,1965,5,0.222,0.222,True,False,True,False
Myanmar,1965-06-01,1965,6,-0.228,-0.228,True,False,True,False
Myanmar,1965-07-01,1965,7,-0.001,-0.001,True,False,True,False
Myanmar,1965-08-01,1965,8,-0.169,-0.169,True,False,True,False
Myanmar,1965-09-01,1965,9,-0.25,-0.25,True,False,True,False
Myanmar,1965-10-01,1965,10,-0.377,-0.377,True,False,True,False
Myanmar,1965-11-01,1965,11,-0.304,-0.304,True,False,True,False
Myanmar,1965-12-01,1965,12,1.015,1.015,True,False,True,False
Myanmar,1966-01-01,1966,1,0.954,0.954,True,False,True,False
Myanmar,1966-02-01,1966,2,0.805,0.805,True,False,True,False
Myanmar,1966-03-01,1966,3,0.147,0.147,True,False,True,False
Myanmar,1966-04-01,1966,4,0.473,0.473,True,False,True,False
Myanmar,1966-05-01,1966,5,0.477,0.477,True,False,True,False
Myanmar,1966-06-01,1966,6,-0.407,-0.407,True,False,True,False
Myanmar,1966-07-01,1966,7,0.209,0.209,True,False,True,False
Myanmar,1966-08-01,1966,8,0.017,0.017,True,False,True,False
Myanmar,1966-09-01,1966,9,-0.138,-0.138,True,False,True,False
Myanmar,1966-10-01,1966,10,-0.33,-0.33,True,False,True,False
Myanmar,1966-11-01,1966,11,1.299,1.299,True,False,True,False
Myanmar,1966-12-01,1966,12,1.128,1.128,True,False,True,False
Myanmar,1967-01-01,1967,1,0.875,0.875,True,False,True,False
Myanmar,1967-02-01,1967,2,0.165,0.165,True,False,True,False
Myanmar,1967-03-01,1967,3,-0.715,-0.715,True,False,True,False
Myanmar,1967-04-01,1967,4,-0.626,-0.626,True,False,True,False
Myanmar,1967-05-01,1967,5,-0.287,-0.287,True,False,True,False
Myanmar,1967-06-01,1967,6,0.058,0.058,True,False,True,False
Myanmar,1967-07-01,1967,7,0.042,0.042,True,False,True,False
Myanmar,1967-08-01,1967,8,-0.045,-0.045,True,False,True,False
Myanmar,1967-09-01,1967,9,-0.434,-0.434,True,False,True,False
Myanmar,1967-10-01,1967,10,-0.51,-0.51,True,False,True,False
Myanmar,1967-11-01,1967,11,-0.52,-0.52,True,False,True,False
Myanmar,1967-12-01,1967,12,-0.146,-0.146,True,False,True,False
Myanmar,1968-01-01,1968,1,-0.089,-0.089,True,False,True,False
Myanmar,1968-02-01,1968,2,-0.906,-0.906,True,False,True,False
Myanmar,1968-03-01,1968,3,0.015,0.015,True,False,True,False
Myanmar,1968-04-01,1968,4,-0.857,-0.857,True,False,True,False
Myanmar,1968-05-01,1968,5,-0.534,-0.534,True,False,True,False
Myanmar,1968-06-01,1968,6,-0.413,-0.413,True,False,True,False
Myanmar,1968-07-01,1968,7,0.246,0.246,True,False,True,False
Myanmar,1968-08-01,1968,8,0.091,0.091,True,False,True,False
Myanmar,1968-09-01,1968,9,0.149,0.149,True,False,True,False
Myanmar,1968-10-01,1968,10,-0.119,-0.119,True,False,True,False
Myanmar,1968-11-01,1968,11,0.484,0.484,True,False,True,False
Myanmar,1968-12-01,1968,12,0.658,0.658,True,False,True,False
Myanmar,1969-01-01,1969,1,0.008,0.008,True,False,True,False
Myanmar,1969-02-01,1969,2,-0.03,-0.03,True,False,True,False
Myanmar,1969-03-01,1969,3,0.518,0.518,True,False,True,False
Myanmar,1969-04-01,1969,4,0.278,0.278,True,False,True,False
Myanmar,1969-05-01,1969,5,0.773,0.773,True,False,True,False
Myanmar,1969-06-01,1969,6,0.116,0.116,True,False,True,False
Myanmar,1969-07-01,1969,7,0.174,0.174,True,False,True,False
Myanmar,1969-08-01,1969,8,-0.268,-0.268,True,False,True,False
Myanmar,1969-09-01,1969,9,0.183,0.183,True,False,True,False
Myanmar,1969-10-01,1969,10,0.088,0.088,True,False,True,False
Myanmar,1969-11-01,1969,11,-0.319,-0.319,True,False,True,False
Myanmar,1969-12-01,1969,12,-0.059,-0.059,True,False,True,False
Myanmar,1970-01-01,1970,1,0.02,0.02,True,False,True,False
Myanmar,1970-02-01,1970,2,0.023,0.023,True,False,True,False
Myanmar,1970-03-01,1970,3,0.172,0.172,True,False,True,False
Myanmar,1970-04-01,1970,4,-0.102,-0.102,True,False,True,False
Myanmar,1970-05-01,1970,5,-0.281,-0.281,True,False,True,False
Myanmar,1970-06-01,1970,6,0.23,0.23,True,False,True,False
Myanmar,1970-07-01,1970,7,-0.269,-0.269,True,False,True,False
Myanmar,1970-08-01,1970,8,0.045,0.045,True,False,True,False
Myanmar,1970-09-01,1970,9,-0.014,-0.014,True,False,True,False
Myanmar,1970-10-01,1970,10,-0.152,-0.152,True,False,True,False
Myanmar,1970-11-01,1970,11,-0.242,-0.242,True,False,True,False
Myanmar,1970-12-01,1970,12,0.346,0.346,True,False,True,False
Myanmar,1971-01-01,1971,1,-0.378,-0.378,True,False,True,False
Myanmar,1971-02-01,1971,2,-0.615,-0.615,True,False,True,False
Myanmar,1971-03-01,1971,3,0.078,0.078,True,False,True,False
Myanmar,1971-04-01,1971,4,-0.479,-0.479,True,False,True,False
Myanmar,1971-05-01,1971,5,-0.384,-0.384,True,False,True,False
Myanmar,1971-06-01,1971,6,-0.372,-0.372,True,False,True,False
Myanmar,1971-07-01,1971,7,-0.493,-0.493,True,False,True,False
Myanmar,1971-08-01,1971,8,-0.63,-0.63,True,False,True,False
Myanmar,1971-09-01,1971,9,0.046,0.046,True,False,True,False
Myanmar,1971-10-01,1971,10,-0.606,-0.606,True,False,True,False
Myanmar,1971-11-01,1971,11,-1.623,-1.623,True,False,True,False
Myanmar,1971-12-01,1971,12,-0.435,-0.435,True,False,True,False
Myanmar,1972-01-01,1972,1,-0.122,-0.122,True,False,True,False
Myanmar,1972-02-01,1972,2,-0.442,-0.442,True,False,True,False
Myanmar,1972-03-01,1972,3,-0.162,-0.162,True,False,True,False
Myanmar,1972-04-01,1972,4,-0.989,-0.989,True,False,True,False
Myanmar,1972-05-01,1972,5,0.435,0.435,True,False,True,False
Myanmar,1972-06-01,1972,6,0.322,0.322,True,False,True,False
Myanmar,1972-07-01,1972,7,0.129,0.129,True,False,True,False
Myanmar,1972-08-01,1972,8,-0.116,-0.116,True,False,True,False
Myanmar,1972-09-01,1972,9,0.287,0.287,True,False,True,False
Myanmar,1972-10-01,1972,10,0.452,0.452,True,False,True,False
Myanmar,1972-11-01,1972,11,0.399,0.399,True,False,True,False
Myanmar,1972-12-01,1972,12,0.526,0.526,True,False,True,False
Myanmar,1973-01-01,1973,1,0.547,0.547,True,False,True,False
Myanmar,1973-02-01,1973,2,1.053,1.053,True,False,True,False
Myanmar,1973-03-01,1973,3,0.431,0.431,True,False,True,False
Myanmar,1973-04-01,1973,4,0.861,0.861,True,False,True,False
Myanmar,1973-05-01,1973,5,-0.499,-0.499,True,False,True,False
Myanmar,1973-06-01,1973,6,0.21,0.21,True,False,True,False
Myanmar,1973-07-01,1973,7,0.272,0.272,True,False,True,False
Myanmar,1973-08-01,1973,8,-0.094,-0.094,True,False,True,False
Myanmar,1973-09-01,1973,9,-0.029,-0.029,True,False,True,False
Myanmar,1973-10-01,1973,10,0.374,0.374,True,False,True,False
Myanmar,1973-11-01,1973,11,-0.668,-0.668,True,False,True,False
Myanmar,1973-12-01,1973,12,-0.91,-0.91,True,False,True,False
Myanmar,1974-01-01,1974,1,-1.042,-1.042,True,False,True,False
Myanmar,1974-02-01,1974,2,-0.181,-0.181,True,False,True,False
Myanmar,1974-03-01,1974,3,-0.468,-0.468,True,False,True,False
Myanmar,1974-04-01,1974,4,-0.65,-0.65,True,False,True,False
Myanmar,1974-05-01,1974,5,-0.494,-0.494,True,False,True,False
Myanmar,1974-06-01,1974,6,-0.281,-0.281,True,False,True,False
Myanmar,1974-07-01,1974,7,-0.439,-0.439,True,False,True,False
Myanmar,1974-08-01,1974,8,0.014,0.014,True,False,True,False
Myanmar,1974-09-01,1974,9,-0.325,-0.325,True,False,True,False
Myanmar,1974-10-01,1974,10,0.761,0.761,True,False,True,False
Myanmar,1974-11-01,1974,11,0.842,0.842,True,False,True,False
Myanmar,1974-12-01,1974,12,0.148,0.148,True,False,True,False
Myanmar,1975-01-01,1975,1,0.657,0.657,True,False,True,False
Myanmar,1975-02-01,1975,2,0.408,0.408,True,False,True,False
Myanmar,1975-03-01,1975,3,0.977,0.977,True,False,True,False
Myanmar,1975-04-01,1975,4,0.168,0.168,True,False,True,False
Myanmar,1975-05-01,1975,5,-0.722,-0.722,True,False,True,False
Myanmar,1975-06-01,1975,6,-0.19,-0.19,True,False,True,False
Myanmar,1975-07-01,1975,7,-0.211,-0.211,True,False,True,False
Myanmar,1975-08-01,1975,8,0.14,0.14,True,False,True,False
Myanmar,1975-09-01,1975,9,-0.178,-0.178,True,False,True,False
Myanmar,1975-10-01,1975,10,0.498,0.498,True,False,True,False
Myanmar,1975-11-01,1975,11,-0.295,-0.295,True,False,True,False
Myanmar,1975-12-01,1975,12,-1.6,-1.6,True,False,True,False
Myanmar,1976-01-01,1976,1,-1.054,-1.054,True,False,True,False
Myanmar,1976-02-01,1976,2,-0.168,-0.168,True,False,True,False
Myanmar,1976-03-01,1976,3,0.474,0.474,True,False,True,False
Myanmar,1976-04-01,1976,4,-0.392,-0.392,True,False,True,False
Myanmar,1976-05-01,1976,5,-0.736,-0.736,True,False,True,False
Myanmar,1976-06-01,1976,6,-0.319,-0.319,True,False,True,False
Myanmar,1976-07-01,1976,7,-0.244,-0.244,True,False,True,False
Myanmar,1976-08-01,1976,8,-0.339,-0.339,True,False,True,False
Myanmar,1976-09-01,1976,9,-0.071,-0.071,True,False,True,False
Myanmar,1976-10-01,1976,10,-0.173,-0.173,True,False,True,False
Myanmar,1976-11-01,1976,11,0.089,0.089,True,False,True,False
Myanmar,1976-12-01,1976,12,-0.209,-0.209,True,False,True,False
Myanmar,1977-01-01,1977,1,0.017,0.017,True,False,True,False
Myanmar,1977-02-01,1977,2,-0.185,-0.185,True,False,True,False
Myanmar,1977-03-01,1977,3,0.426,0.426,True,False,True,False
Myanmar,1977-04-01,1977,4,-0.903,-0.903,True,False,True,False
Myanmar,1977-05-01,1977,5,-0.692,-0.692,True,False,True,False
Myanmar,1977-06-01,1977,6,0.341,0.341,True,False,True,False
Myanmar,1977-07-01,1977,7,0.241,0.241,True,False,True,False
Myanmar,1977-08-01,1977,8,0.363,0.363,True,False,True,False
Myanmar,1977-09-01,1977,9,-0.032,-0.032,True,False,True,False
Myanmar,1977-10-01,1977,10,-0.328,-0.328,True,False,True,False
Myanmar,1977-11-01,1977,11,0.078,0.078,True,False,True,False
Myanmar,1977-12-01,1977,12,0.187,0.187,True,False,True,False
Myanmar,1978-01-01,1978,1,-0.108,-0.108,True,False,True,False
Myanmar,1978-02-01,1978,2,0.235,0.235,True,False,True,False
Myanmar,1978-03-01,1978,3,-0.113,-0.113,True,False,True,False
Myanmar,1978-04-01,1978,4,0.168,0.168,True,False,True,False
Myanmar,1978-05-01,1978,5,-0.014,-0.014,True,False,True,False
Myanmar,1978-06-01,1978,6,0.155,0.155,True,False,True,False
Myanmar,1978-07-01,1978,7,-0.058,-0.058,True,False,True,False
Myanmar,1978-08-01,1978,8,0.297,0.297,True,False,True,False
Myanmar,1978-09-01,1978,9,-0.252,-0.252,True,False,True,False
Myanmar,1978-10-01,1978,10,0.194,0.194,True,False,True,False
Myanmar,1978-11-01,1978,11,0.239,0.239,True,False,True,False
Myanmar,1978-12-01,1978,12,0.297,0.297,True,False,True,False
Myanmar,1979-01-01,1979,1,0.982,0.982,True,False,True,False
Myanmar,1979-02-01,1979,2,0.822,0.822,True,False,True,False
Myanmar,1979-03-01,1979,3,0.444,0.444,True,False,True,False
Myanmar,1979-04-01,1979,4,0.856,0.856,True,False,True,False
Myanmar,1979-05-01,1979,5,1.264,1.264,True,False,True,False
Myanmar,1979-06-01,1979,6,0.632,0.632,True,False,True,False
Myanmar,1979-07-01,1979,7,0.573,0.573,True,False,True,False
Myanmar,1979-08-01,1979,8,0.211,0.211,True,False,True,False
Myanmar,1979-09-01,1979,9,0.116,0.116,True,False,True,False
Myanmar,1979-10-01,1979,10,-0.332,-0.332,True,False,True,False
Myanmar,1979-11-01,1979,11,0.233,0.233,True,False,True,False
Myanmar,1979-12-01,1979,12,0.098,0.098,True,False,True,False
Myanmar,1980-01-01,1980,1,-0.101,-0.101,True,False,True,False
Myanmar,1980-02-01,1980,2,-0.05,-0.05,True,False,True,False
Myanmar,1980-03-01,1980,3,0.611,0.611,True,False,True,False
Myanmar,1980-04-01,1980,4,1.352,1.352,True,False,True,False
Myanmar,1980-05-01,1980,5,0.622,0.622,True,False,True,False
Myanmar,1980-06-01,1980,6,0.114,0.114,True,False,True,False
Myanmar,1980-07-01,1980,7,0.21,0.21,True,False,True,False
Myanmar,1980-08-01,1980,8,0.267,0.267,True,False,True,False
Myanmar,1980-09-01,1980,9,0.124,0.124,True,False,True,False
Myanmar,1980-10-01,1980,10,-0.257,-0.257,True,False,True,False
Myanmar,1980-11-01,1980,11,0.433,0.433,True,False,True,False
Myanmar,1980-12-01,1980,12,0.902,0.902,True,False,True,False
Myanmar,1981-01-01,1981,1,0.401,0.401,True,False,True,False
Myanmar,1981-02-01,1981,2,0.504,0.504,True,False,True,False
Myanmar,1981-03-01,1981,3,0.06,0.06,True,False,True,False
Myanmar,1981-04-01,1981,4,-0.431,-0.431,True,False,True,False
Myanmar,1981-05-01,1981,5,-0.116,-0.116,True,False,True,False
Myanmar,1981-06-01,1981,6,-0.158,-0.158,True,False,True,False
Myanmar,1981-07-01,1981,7,0.162,0.162,True,False,True,False
Myanmar,1981-08-01,1981,8,0.423,0.423,True,False,True,False
Myanmar,1981-09-01,1981,9,0.441,0.441,True,False,True,False
Myanmar,1981-10-01,1981,10,0.583,0.583,True,False,True,False
Myanmar,1981-11-01,1981,11,0.565,0.565,True,False,True,False
Myanmar,1981-12-01,1981,12,-0.161,-0.161,True,False,True,False
Myanmar,1982-01-01,1982,1,0.131,0.131,True,False,True,False
Myanmar,1982-02-01,1982,2,0.014,0.014,True,False,True,False
Myanmar,1982-03-01,1982,3,0.154,0.154,True,False,True,False
Myanmar,1982-04-01,1982,4,-0.639,-0.639,True,False,True,False
Myanmar,1982-05-01,1982,5,0.532,0.532,True,False,True,False
Myanmar,1982-06-01,1982,6,-0.017,-0.017,True,False,True,False
Myanmar,1982-07-01,1982,7,0.216,0.216,True,False,True,False
Myanmar,1982-08-01,1982,8,0.0,0.0,True,False,True,False
Myanmar,1982-09-01,1982,9,0.084,0.084,True,False,True,False
Myanmar,1982-10-01,1982,10,0.194,0.194,True,False,True,False
Myanmar,1982-11-01,1982,11,0.048,0.048,True,False,True,False
Myanmar,1982-12-01,1982,12,-1.013,-1.013,True,False,True,False
Myanmar,1983-01-01,1983,1,-0.534,-0.534,True,False,True,False
Myanmar,1983-02-01,1983,2,-0.389,-0.389,True,False,True,False
Myanmar,1983-03-01,1983,3,-0.166,-0.166,True,False,True,False
Myanmar,1983-04-01,1983,4,0.251,0.251,True,False,True,False
Myanmar,1983-05-01,1983,5,0.989,0.989,True,False,True,False
Myanmar,1983-06-01,1983,6,0.695,0.695,True,False,True,False
Myanmar,1983-07-01,1983,7,0.891,0.891,True,False,True,False
Myanmar,1983-08-01,1983,8,0.442,0.442,True,False,True,False
Myanmar,1983-09-01,1983,9,0.329,0.329,True,False,True,False
Myanmar,1983-10-01,1983,10,0.628,0.628,True,False,True,False
Myanmar,1983-11-01,1983,11,-0.447,-0.447,True,False,True,False
Myanmar,1983-12-01,1983,12,-0.549,-0.549,True,False,True,False
Myanmar,1984-01-01,1984,1,0.27,0.27,True,False,True,False
Myanmar,1984-02-01,1984,2,1.178,1.178,True,False,True,False
Myanmar,1984-03-01,1984,3,0.137,0.137,True,False,True,False
Myanmar,1984-04-01,1984,4,0.472,0.472,True,False,True,False
Myanmar,1984-05-01,1984,5,-0.173,-0.173,True,False,True,False
Myanmar,1984-06-01,1984,6,-0.271,-0.271,True,False,True,False
Myanmar,1984-07-01,1984,7,-0.001,-0.001,True,False,True,False
Myanmar,1984-08-01,1984,8,0.17,0.17,True,False,True,False
Myanmar,1984-09-01,1984,9,-0.121,-0.121,True,False,True,False
Myanmar,1984-10-01,1984,10,-0.149,-0.149,True,False,True,False
Myanmar,1984-11-01,1984,11,-0.044,-0.044,True,False,True,False
Myanmar,1984-12-01,1984,12,0.705,0.705,True,False,True,False
Myanmar,1985-01-01,1985,1,0.753,0.753,True,False,True,False
Myanmar,1985-02-01,1985,2,0.07,0.07,True,False,True,False
Myanmar,1985-03-01,1985,3,0.717,0.717,True,False,True,False
Myanmar,1985-04-01,1985,4,0.505,0.505,True,False,True,False
Myanmar,1985-05-01,1985,5,-0.194,-0.194,True,False,True,False
Myanmar,1985-06-01,1985,6,-0.167,-0.167,True,False,True,False
Myanmar,1985-07-01,1985,7,-0.299,-0.299,True,False,True,False
Myanmar,1985-08-01,1985,8,0.056,0.056,True,False,True,False
Myanmar,1985-09-01,1985,9,-0.033,-0.033,True,False,True,False
Myanmar,1985-10-01,1985,10,0.104,0.104,True,False,True,False
Myanmar,1985-11-01,1985,11,-0.154,-0.154,True,False,True,False
Myanmar,1985-12-01,1985,12,0.218,0.218,True,False,True,False
Myanmar,1986-01-01,1986,1,0.147,0.147,True,False,True,False
Myanmar,1986-02-01,1986,2,0.531,0.531,True,False,True,False
Myanmar,1986-03-01,1986,3,-0.368,-0.368,True,False,True,False
Myanmar,1986-04-01,1986,4,0.042,0.042,True,False,True,False
Myanmar,1986-05-01,1986,5,-0.172,-0.172,True,False,True,False
Myanmar,1986-06-01,1986,6,0.592,0.592,True,False,True,False
Myanmar,1986-07-01,1986,7,0.012,0.012,True,False,True,False
Myanmar,1986-08-01,1986,8,0.384,0.384,True,False,True,False
Myanmar,1986-09-01,1986,9,-0.111,-0.111,True,False,True,False
Myanmar,1986-10-01,1986,10,-0.396,-0.396,True,False,True,False
Myanmar,1986-11-01,1986,11,0.044,0.044,True,False,True,False
Myanmar,1986-12-01,1986,12,0.686,0.686,True,False,True,False
Myanmar,1987-01-01,1987,1,0.831,0.831,True,False,True,False
Myanmar,1987-02-01,1987,2,0.524,0.524,True,False,True,False
Myanmar,1987-03-01,1987,3,-0.23,-0.23,True,False,True,False
Myanmar,1987-04-01,1987,4,-0.065,-0.065,True,False,True,False
Myanmar,1987-05-01,1987,5,1.004,1.004,True,False,True,False
Myanmar,1987-06-01,1987,6,0.682,0.682,True,False,True,False
Myanmar,1987-07-01,1987,7,0.526,0.526,True,False,True,False
Myanmar,1987-08-01,1987,8,0.343,0.343,True,False,True,False
Myanmar,1987-09-01,1987,9,0.403,0.403,True,False,True,False
Myanmar,1987-10-01,1987,10,0.479,0.479,True,False,True,False
Myanmar,1987-11-01,1987,11,1.307,1.307,True,False,True,False
Myanmar,1987-12-01,1987,12,-0.193,-0.193,True,False,True,False
Myanmar,1988-01-01,1988,1,0.796,0.796,True,False,True,False
Myanmar,1988-02-01,1988,2,1.313,1.313,True,False,True,False
Myanmar,1988-03-01,1988,3,0.744,0.744,True,False,True,False
Myanmar,1988-04-01,1988,4,0.2,0.2,True,False,True,False
Myanmar,1988-05-01,1988,5,0.003,0.003,True,False,True,False
Myanmar,1988-06-01,1988,6,0.07,0.07,True,False,True,False
Myanmar,1988-07-01,1988,7,0.328,0.328,True,False,True,False
Myanmar,1988-08-01,1988,8,0.363,0.363,True,False,True,False
Myanmar,1988-09-01,1988,9,0.401,0.401,True,False,True,False
Myanmar,1988-10-01,1988,10,0.492,0.492,True,False,True,False
Myanmar,1988-11-01,1988,11,0.027,0.027,True,False,True,False
Myanmar,1988-12-01,1988,12,0.501,0.501,True,False,True,False
Myanmar,1989-01-01,1989,1,0.559,0.559,True,False,True,False
Myanmar,1989-02-01,1989,2,0.034,0.034,True,False,True,False
Myanmar,1989-03-01,1989,3,0.34,0.34,True,False,True,False
Myanmar,1989-04-01,1989,4,0.374,0.374,True,False,True,False
Myanmar,1989-05-01,1989,5,0.624,0.624,True,False,True,False
Myanmar,1989-06-01,1989,6,0.176,0.176,True,False,True,False
Myanmar,1989-07-01,1989,7,0.236,0.236,True,False,True,False
Myanmar,1989-08-01,1989,8,0.336,0.336,True,False,True,False
Myanmar,1989-09-01,1989,9,0.472,0.472,True,False,True,False
Myanmar,1989-10-01,1989,10,0.224,0.224,True,False,True,False
Myanmar,1989-11-01,1989,11,-0.08,-0.08,True,False,True,False
Myanmar,1989-12-01,1989,12,-0.783,-0.783,True,False,True,False
Myanmar,1990-01-01,1990,1,0.813,0.813,True,False,True,False
Myanmar,1990-02-01,1990,2,0.838,0.838,True,False,True,False
Myanmar,1990-03-01,1990,3,0.117,0.117,True,False,True,False
Myanmar,1990-04-01,1990,4,-0.035,-0.035,True,False,True,False
Myanmar,1990-05-01,1990,5,-0.259,-0.259,True,False,True,False
Myanmar,1990-06-01,1990,6,0.127,0.127,True,False,True,False
Myanmar,1990-07-01,1990,7,0.162,0.162,True,False,True,False
Myanmar,1990-08-01,1990,8,0.724,0.724,True,False,True,False
Myanmar,1990-09-01,1990,9,0.001,0.001,True,False,True,False
Myanmar,1990-10-01,1990,10,0.096,0.096,True,False,True,False
Myanmar,1990-11-01,1990,11,0.696,0.696,True,False,True,False
Myanmar,1990-12-01,1990,12,-0.09,-0.09,True,False,True,False
Myanmar,1991-01-01,1991,1,1.082,1.082,True,False,True,False
Myanmar,1991-02-01,1991,2,1.093,1.093,True,False,True,False
Myanmar,1991-03-01,1991,3,1.604,1.604,True,False,True,False
Myanmar,1991-04-01,1991,4,0.496,0.496,True,False,True,False
Myanmar,1991-05-01,1991,5,0.219,0.219,True,False,True,False
Myanmar,1991-06-01,1991,6,0.07,0.07,True,False,True,False
Myanmar,1991-07-01,1991,7,0.45,0.45,True,False,True,False
Myanmar,1991-08-01,1991,8,0.217,0.217,True,False,True,False
Myanmar,1991-09-01,1991,9,0.523,0.523,True,False,True,False
Myanmar,1991-10-01,1991,10,0.434,0.434,True,False,True,False
Myanmar,1991-11-01,1991,11,-0.166,-0.166,True,False,True,False
Myanmar,1991-12-01,1991,12,-0.059,-0.059,True,False,True,False
Myanmar,1992-01-01,1992,1,-0.398,-0.398,True,False,True,False
Myanmar,1992-02-01,1992,2,-1.009,-1.009,True,False,True,False
Myanmar,1992-03-01,1992,3,0.242,0.242,True,False,True,False
Myanmar,1992-04-01,1992,4,0.987,0.987,True,False,True,False
Myanmar,1992-05-01,1992,5,0.603,0.603,True,False,True,False
Myanmar,1992-06-01,1992,6,0.904,0.904,True,False,True,False
Myanmar,1992-07-01,1992,7,-0.027,-0.027,True,False,True,False
Myanmar,1992-08-01,1992,8,0.492,0.492,True,False,True,False
Myanmar,1992-09-01,1992,9,0.147,0.147,True,False,True,False
Myanmar,1992-10-01,1992,10,-0.957,-0.957,True,False,True,False
Myanmar,1992-11-01,1992,11,-0.586,-0.586,True,False,True,False
Myanmar,1992-12-01,1992,12,-0.836,-0.836,True,False,True,False
Myanmar,1993-01-01,1993,1,-0.419,-0.419,True,False,True,False
Myanmar,1993-02-01,1993,2,-0.096,-0.096,True,False,True,False
Myanmar,1993-03-01,1993,3,-0.139,-0.139,True,False,True,False
Myanmar,1993-04-01,1993,4,-0.068,-0.068,True,False,True,False
Myanmar,1993-05-01,1993,5,-0.147,-0.147,True,False,True,False
Myanmar,1993-06-01,1993,6,0.464,0.464,True,False,True,False
Myanmar,1993-07-01,1993,7,1.01,1.01,True,False,True,False
Myanmar,1993-08-01,1993,8,0.099,0.099,True,False,True,False
Myanmar,1993-09-01,1993,9,0.244,0.244,True,False,True,False
Myanmar,1993-10-01,1993,10,0.379,0.379,True,False,True,False
Myanmar,1993-11-01,1993,11,0.672,0.672,True,False,True,False
Myanmar,1993-12-01,1993,12,0.86,0.86,True,False,True,False
Myanmar,1994-01-01,1994,1,1.577,1.577,True,False,True,False
Myanmar,1994-02-01,1994,2,0.99,0.99,True,False,True,False
Myanmar,1994-03-01,1994,3,0.095,0.095,True,False,True,False
Myanmar,1994-04-01,1994,4,0.33,0.33,True,False,True,False
Myanmar,1994-05-01,1994,5,0.555,0.555,True,False,True,False
Myanmar,1994-06-01,1994,6,0.224,0.224,True,False,True,False
Myanmar,1994-07-01,1994,7,0.312,0.312,True,False,True,False
Myanmar,1994-08-01,1994,8,0.246,0.246,True,False,True,False
Myanmar,1994-09-01,1994,9,0.595,0.595,True,False,True,False
Myanmar,1994-10-01,1994,10,-0.242,-0.242,True,False,True,False
Myanmar,1994-11-01,1994,11,0.14,0.14,True,False,True,False
Myanmar,1994-12-01,1994,12,0.433,0.433,True,False,True,False
Myanmar,1995-01-01,1995,1,0.994,0.994,True,False,True,False
Myanmar,1995-02-01,1995,2,0.074,0.074,True,False,True,False
Myanmar,1995-03-01,1995,3,0.894,0.894,True,False,True,False
Myanmar,1995-04-01,1995,4,1.148,1.148,True,False,True,False
Myanmar,1995-05-01,1995,5,0.696,0.696,True,False,True,False
Myanmar,1995-06-01,1995,6,0.703,0.703,True,False,True,False
Myanmar,1995-07-01,1995,7,0.375,0.375,True,False,True,False
Myanmar,1995-08-01,1995,8,0.541,0.541,True,False,True,False
Myanmar,1995-09-01,1995,9,0.076,0.076,True,False,True,False
Myanmar,1995-10-01,1995,10,0.722,0.722,True,False,True,False
Myanmar,1995-11-01,1995,11,0.71,0.71,True,False,True,False
Myanmar,1995-12-01,1995,12,-0.11,-0.11,True,False,True,False
Myanmar,1996-01-01,1996,1,0.653,0.653,True,False,True,False
Myanmar,1996-02-01,1996,2,0.565,0.565,True,False,True,False
Myanmar,1996-03-01,1996,3,0.859,0.859,True,False,True,False
Myanmar,1996-04-01,1996,4,0.194,0.194,True,False,True,False
Myanmar,1996-05-01,1996,5,-0.201,-0.201,True,False,True,False
Myanmar,1996-06-01,1996,6,0.697,0.697,True,False,True,False
Myanmar,1996-07-01,1996,7,0.289,0.289,True,False,True,False
Myanmar,1996-08-01,1996,8,0.249,0.249,True,False,True,False
Myanmar,1996-09-01,1996,9,0.275,0.275,True,False,True,False
Myanmar,1996-10-01,1996,10,0.403,0.403,True,False,True,False
Myanmar,1996-11-01,1996,11,0.994,0.994,True,False,True,False
Myanmar,1996-12-01,1996,12,0.839,0.839,True,False,True,False
Myanmar,1997-01-01,1997,1,-0.381,-0.381,True,False,True,False
Myanmar,1997-02-01,1997,2,-0.644,-0.644,True,False,True,False
Myanmar,1997-03-01,1997,3,0.459,0.459,True,False,True,False
Myanmar,1997-04-01,1997,4,-1.064,-1.064,True,False,True,False
Myanmar,1997-05-01,1997,5,0.811,0.811,True,False,True,False
Myanmar,1997-06-01,1997,6,0.719,0.719,True,False,True,False
Myanmar,1997-07-01,1997,7,0.325,0.325,True,False,True,False
Myanmar,1997-08-01,1997,8,0.6,0.6,True,False,True,False
Myanmar,1997-09-01,1997,9,-0.257,-0.257,True,False,True,False
Myanmar,1997-10-01,1997,10,0.44,0.44,True,False,True,False
Myanmar,1997-11-01,1997,11,0.841,0.841,True,False,True,False
Myanmar,1997-12-01,1997,12,1.584,1.584,True,False,True,False
Myanmar,1998-01-01,1998,1,1.245,1.245,True,False,True,False
Myanmar,1998-02-01,1998,2,1.181,1.181,True,False,True,False
Myanmar,1998-03-01,1998,3,1.099,1.099,True,False,True,False
Myanmar,1998-04-01,1998,4,0.917,0.917,True,False,True,False
Myanmar,1998-05-01,1998,5,1.356,1.356,True,False,True,False
Myanmar,1998-06-01,1998,6,1.286,1.286,True,False,True,False
Myanmar,1998-07-01,1998,7,0.827,0.827,True,False,True,False
Myanmar,1998-08-01,1998,8,0.763,0.763,True,False,True,False
Myanmar,1998-09-01,1998,9,0.867,0.867,True,False,True,False
Myanmar,1998-10-01,1998,10,1.473,1.473,True,False,True,False
Myanmar,1998-11-01,1998,11,1.362,1.362,True,False,True,False
Myanmar,1998-12-01,1998,12,1.864,1.864,True,False,True,False
Myanmar,1999-01-01,1999,1,1.746,1.746,True,False,True,False
Myanmar,1999-02-01,1999,2,2.69,2.69,True,False,True,False
Myanmar,1999-03-01,1999,3,1.457,1.457,True,False,True,False
Myanmar,1999-04-01,1999,4,0.939,0.939,True,False,True,False
Myanmar,1999-05-01,1999,5,-0.712,-0.712,True,False,True,False
Myanmar,1999-06-01,1999,6,0.439,0.439,True,False,True,False
Myanmar,1999-07-01,1999,7,0.5,0.5,True,False,True,False
Myanmar,1999-08-01,1999,8,0.124,0.124,True,False,True,False
Myanmar,1999-09-01,1999,9,0.385,0.385,True,False,True,False
Myanmar,1999-10-01,1999,10,0.46,0.46,True,False,True,False
Myanmar,1999-11-01,1999,11,0.473,0.473,True,False,True,False
Myanmar,1999-12-01,1999,12,-0.614,-0.614,True,False,True,False
Myanmar,2000-01-01,2000,1,0.972,0.972,True,False,True,False
Myanmar,2000-02-01,2000,2,0.686,0.686,True,False,True,False
Myanmar,2000-03-01,2000,3,-0.292,-0.292,True,False,True,False
Myanmar,2000-04-01,2000,4,-0.201,-0.201,True,False,True,False
Myanmar,2000-05-01,2000,5,-0.67,-0.67,True,False,True,False
Myanmar,2000-06-01,2000,6,0.178,0.178,True,False,True,False
Myanmar,2000-07-01,2000,7,0.451,0.451,True,False,True,False
Myanmar,2000-08-01,2000,8,0.669,0.669,True,False,True,False
Myanmar,2000-09-01,2000,9,0.205,0.205,True,False,True,False
Myanmar,2000-10-01,2000,10,0.801,0.801,True,False,True,False
Myanmar,2000-11-01,2000,11,0.127,0.127,True,False,True,False
Myanmar,2000-12-01,2000,12,0.846,0.846,True,False,True,False
Myanmar,2001-01-01,2001,1,1.099,1.099,True,False,True,False
Myanmar,2001-02-01,2001,2,1.465,1.465,True,False,True,False
Myanmar,2001-03-01,2001,3,0.844,0.844,True,False,True,False
Myanmar,2001-04-01,2001,4,1.372,1.372,True,False,True,False
Myanmar,2001-05-01,2001,5,-0.615,-0.615,True,False,True,False
Myanmar,2001-06-01,2001,6,0.184,0.184,True,False,True,False
Myanmar,2001-07-01,2001,7,0.4,0.4,True,False,True,False
Myanmar,2001-08-01,2001,8,0.804,0.804,True,False,True,False
Myanmar,2001-09-01,2001,9,0.756,0.756,True,False,True,False
Myanmar,2001-10-01,2001,10,0.467,0.467,True,False,True,False
Myanmar,2001-11-01,2001,11,-0.177,-0.177,True,False,True,False
Myanmar,2001-12-01,2001,12,1.094,1.094,True,False,True,False
Myanmar,2002-01-01,2002,1,0.802,0.802,True,False,True,False
Myanmar,2002-02-01,2002,2,1.596,1.596,True,False,True,False
Myanmar,2002-03-01,2002,3,0.864,0.864,True,False,True,False
Myanmar,2002-04-01,2002,4,0.496,0.496,True,False,True,False
Myanmar,2002-05-01,2002,5,-0.34,-0.34,True,False,True,False
Myanmar,2002-06-01,2002,6,0.82,0.82,True,False,True,False
Myanmar,2002-07-01,2002,7,0.545,0.545,True,False,True,False
Myanmar,2002-08-01,2002,8,0.289,0.289,True,False,True,False
Myanmar,2002-09-01,2002,9,0.396,0.396,True,False,True,False
Myanmar,2002-10-01,2002,10,0.487,0.487,True,False,True,False
Myanmar,2002-11-01,2002,11,0.859,0.859,True,False,True,False
Myanmar,2002-12-01,2002,12,1.184,1.184,True,False,True,False
Myanmar,2003-01-01,2003,1,0.559,0.559,True,False,True,False
Myanmar,2003-02-01,2003,2,1.166,1.166,True,False,True,False
Myanmar,2003-03-01,2003,3,-0.075,-0.075,True,False,True,False
Myanmar,2003-04-01,2003,4,0.797,0.797,True,False,True,False
Myanmar,2003-05-01,2003,5,0.212,0.212,True,False,True,False
Myanmar,2003-06-01,2003,6,0.209,0.209,True,False,True,False
Myanmar,2003-07-01,2003,7,0.752,0.752,True,False,True,False
Myanmar,2003-08-01,2003,8,0.859,0.859,True,False,True,False
Myanmar,2003-09-01,2003,9,0.601,0.601,True,False,True,False
Myanmar,2003-10-01,2003,10,0.997,0.997,True,False,True,False
Myanmar,2003-11-01,2003,11,0.5,0.5,True,False,True,False
Myanmar,2003-12-01,2003,12,0.884,0.884,True,False,True,False
Myanmar,2004-01-01,2004,1,1.047,1.047,True,False,True,False
Myanmar,2004-02-01,2004,2,0.885,0.885,True,False,True,False
Myanmar,2004-03-01,2004,3,1.563,1.563,True,False,True,False
Myanmar,2004-04-01,2004,4,0.381,0.381,True,False,True,False
Myanmar,2004-05-01,2004,5,-0.054,-0.054,True,False,True,False
Myanmar,2004-06-01,2004,6,0.234,0.234,True,False,True,False
Myanmar,2004-07-01,2004,7,0.123,0.123,True,False,True,False
Myanmar,2004-08-01,2004,8,0.796,0.796,True,False,True,False
Myanmar,2004-09-01,2004,9,0.096,0.096,True,False,True,False
Myanmar,2004-10-01,2004,10,0.343,0.343,True,False,True,False
Myanmar,2004-11-01,2004,11,0.839,0.839,True,False,True,False
Myanmar,2004-12-01,2004,12,0.267,0.267,True,False,True,False
Myanmar,2005-01-01,2005,1,1.076,1.076,True,False,True,False
Myanmar,2005-02-01,2005,2,2.064,2.064,True,False,True,False
Myanmar,2005-03-01,2005,3,0.795,0.795,True,False,True,False
Myanmar,2005-04-01,2005,4,0.713,0.713,True,False,True,False
Myanmar,2005-05-01,2005,5,0.673,0.673,True,False,True,False
Myanmar,2005-06-01,2005,6,1.098,1.098,True,False,True,False
Myanmar,2005-07-01,2005,7,0.898,0.898,True,False,True,False
Myanmar,2005-08-01,2005,8,0.704,0.704,True,False,True,False
Myanmar,2005-09-01,2005,9,0.666,0.666,True,False,True,False
Myanmar,2005-10-01,2005,10,0.932,0.932,True,False,True,False
Myanmar,2005-11-01,2005,11,0.868,0.868,True,False,True,False
Myanmar,2005-12-01,2005,12,1.228,1.228,True,False,True,False
Myanmar,2006-01-01,2006,1,1.2,1.2,True,False,True,False
Myanmar,2006-02-01,2006,2,2.006,2.006,True,False,True,False
Myanmar,2006-03-01,2006,3,1.506,1.506,True,False,True,False
Myanmar,2006-04-01,2006,4,0.233,0.233,True,False,True,False
Myanmar,2006-05-01,2006,5,-0.536,-0.536,True,False,True,False
Myanmar,2006-06-01,2006,6,0.564,0.564,True,False,True,False
Myanmar,2006-07-01,2006,7,0.618,0.618,True,False,True,False
Myanmar,2006-08-01,2006,8,0.64,0.64,True,False,True,False
Myanmar,2006-09-01,2006,9,0.336,0.336,True,False,True,False
Myanmar,2006-10-01,2006,10,0.748,0.748,True,False,True,False
Myanmar,2006-11-01,2006,11,0.828,0.828,True,False,True,False
Myanmar,2006-12-01,2006,12,0.352,0.352,True,False,True,False
Myanmar,2007-01-01,2007,1,0.916,0.916,True,False,True,False
Myanmar,2007-02-01,2007,2,0.195,0.195,True,False,True,False
Myanmar,2007-03-01,2007,3,0.755,0.755,True,False,True,False
Myanmar,2007-04-01,2007,4,0.681,0.681,True,False,True,False
Myanmar,2007-05-01,2007,5,-0.452,-0.452,True,False,True,False
Myanmar,2007-06-01,2007,6,0.877,0.877,True,False,True,False
Myanmar,2007-07-01,2007,7,0.423,0.423,True,False,True,False
Myanmar,2007-08-01,2007,8,0.879,0.879,True,False,True,False
Myanmar,2007-09-01,2007,9,0.349,0.349,True,False,True,False
Myanmar,2007-10-01,2007,10,0.319,0.319,True,False,True,False
Myanmar,2007-11-01,2007,11,0.248,0.248,True,False,True,False
Myanmar,2007-12-01,2007,12,0.737,0.737,True,False,True,False
Myanmar,2008-01-01,2008,1,1.051,1.051,True,False,True,False
Myanmar,2008-02-01,2008,2,0.11,0.11,True,False,True,False
Myanmar,2008-03-01,2008,3,0.345,0.345,True,False,True,False
Myanmar,2008-04-01,2008,4,0.658,0.658,True,False,True,False
Myanmar,2008-05-01,2008,5,-0.262,-0.262,True,False,True,False
Myanmar,2008-06-01,2008,6,0.279,0.279,True,False,True,False
Myanmar,2008-07-01,2008,7,0.288,0.288,True,False,True,False
Myanmar,2008-08-01,2008,8,0.533,0.533,True,False,True,False
Myanmar,2008-09-01,2008,9,0.61,0.61,True,False,True,False
Myanmar,2008-10-01,2008,10,0.618,0.618,True,False,True,False
Myanmar,2008-11-01,2008,11,0.373,0.373,True,False,True,False
Myanmar,2008-12-01,2008,12,0.364,0.364,True,False,True,False
Myanmar,2009-01-01,2009,1,0.957,0.957,True,False,True,False
Myanmar,2009-02-01,2009,2,1.758,1.758,True,False,True,False
Myanmar,2009-03-01,2009,3,0.911,0.911,True,False,True,False
Myanmar,2009-04-01,2009,4,0.743,0.743,True,False,True,False
Myanmar,2009-05-01,2009,5,0.232,0.232,True,False,True,False
Myanmar,2009-06-01,2009,6,0.585,0.585,True,False,True,False
Myanmar,2009-07-01,2009,7,0.753,0.753,True,False,True,False
Myanmar,2009-08-01,2009,8,0.945,0.945,True,False,True,False
Myanmar,2009-09-01,2009,9,1.035,1.035,True,False,True,False
Myanmar,2009-10-01,2009,10,1.129,1.129,True,False,True,False
Myanmar,2009-11-01,2009,11,1.059,1.059,True,False,True,False
Myanmar,2009-12-01,2009,12,0.556,0.556,True,False,True,False
Myanmar,2010-01-01,2010,1,1.618,1.618,True,False,True,False
Myanmar,2010-02-01,2010,2,1.366,1.366,True,False,True,False
Myanmar,2010-03-01,2010,3,1.539,1.539,True,False,True,False
Myanmar,2010-04-01,2010,4,1.621,1.621,True,False,True,False
Myanmar,2010-05-01,2010,5,1.729,1.729,True,False,True,False
Myanmar,2010-06-01,2010,6,1.201,1.201,True,False,True,False
Myanmar,2010-07-01,2010,7,1.119,1.119,True,False,True,False
Myanmar,2010-08-01,2010,8,0.957,0.957,True,False,True,False
Myanmar,2010-09-01,2010,9,0.705,0.705,True,False,True,False
Myanmar,2010-10-01,2010,10,0.754,0.754,True,False,True,False
Myanmar,2010-11-01,2010,11,0.929,0.929,True,False,True,False
Myanmar,2010-12-01,2010,12,0.944,0.944,True,False,True,False
Myanmar,2011-01-01,2011,1,0.719,0.719,True,False,True,False
Myanmar,2011-02-01,2011,2,1.059,1.059,True,False,True,False
Myanmar,2011-03-01,2011,3,-0.174,-0.174,True,False,True,False
Myanmar,2011-04-01,2011,4,-0.226,-0.226,True,False,True,False
Myanmar,2011-05-01,2011,5,0.011,0.011,True,False,True,False
Myanmar,2011-06-01,2011,6,0.586,0.586,True,False,True,False
Myanmar,2011-07-01,2011,7,0.824,0.824,True,False,True,False
Myanmar,2011-08-01,2011,8,0.432,0.432,True,False,True,False
Myanmar,2011-09-01,2011,9,0.731,0.731,True,False,True,False
Myanmar,2011-10-01,2011,10,0.634,0.634,True,False,True,False
Myanmar,2011-11-01,2011,11,0.326,0.326,True,False,True,False
Myanmar,2011-12-01,2011,12,1.052,1.052,True,False,True,False
Myanmar,2012-01-01,2012,1,0.867,0.867,True,False,True,False
Myanmar,2012-02-01,2012,2,1.127,1.127,True,False,True,False
Myanmar,2012-03-01,2012,3,0.926,0.926,True,False,True,False
Myanmar,2012-04-01,2012,4,0.415,0.415,True,False,True,False
Myanmar,2012-05-01,2012,5,1.123,1.123,True,False,True,False
Myanmar,2012-06-01,2012,6,0.742,0.742,True,False,True,False
Myanmar,2012-07-01,2012,7,0.5,0.5,True,False,True,False
Myanmar,2012-08-01,2012,8,0.874,0.874,True,False,True,False
Myanmar,2012-09-01,2012,9,0.621,0.621,True,False,True,False
Myanmar,2012-10-01,2012,10,0.849,0.849,True,False,True,False
Myanmar,2012-11-01,2012,11,1.571,1.571,True,False,True,False
Myanmar,2012-12-01,2012,12,1.199,1.199,True,False,True,False
Myanmar,2013-01-01,2013,1,0.807,0.807,True,False,True,False
Myanmar,2013-02-01,2013,2,2.254,2.254,True,False,True,False
Myanmar,2013-03-01,2013,3,1.323,1.323,True,False,True,False
Myanmar,2013-04-01,2013,4,1.099,1.099,True,False,True,False
Myanmar,2013-05-01,2013,5,0.403,0.403,True,False,True,False
Myanmar,2013-06-01,2013,6,1.004,1.004,True,False,True,False
Myanmar,2013-07-01,2013,7,0.705,0.705,True,False,True,False
Myanmar,2013-08-01,2013,8,0.663,0.663,True,False,True,False
Myanmar,2013-09-01,2013,9,0.534,0.534,True,False,True,False
Myanmar,2013-10-01,2013,10,0.161,0.161,True,False,True,False
Myanmar,2013-11-01,2013,11,1.212,1.212,True,False,True,False
Myanmar,2013-12-01,2013,12,-0.25,-0.25,True,False,True,False
Myanmar,2014-01-01,2014,1,0.478,0.478,True,False,False,True
Myanmar,2014-02-01,2014,2,0.885,0.885,True,False,False,True
Myanmar,2014-03-01,2014,3,1.023,1.023,True,False,False,True
Myanmar,2014-04-01,2014,4,1.346,1.346,True,False,False,True
Myanmar,2014-05-01,2014,5,1.141,1.141,True,False,False,True
Myanmar,2014-06-01,2014,6,1.339,1.339,True,False,False,True
Myanmar,2014-07-01,2014,7,0.98,0.98,True,False,False,True
Myanmar,2014-08-01,2014,8,0.486,0.486,True,False,False,True
Myanmar,2014-09-01,2014,9,0.616,0.616,True,False,False,True
Myanmar,2014-10-01,2014,10,0.644,0.644,True,False,False,True
Myanmar,2014-11-01,2014,11,1.33,1.33,True,False,False,True
Myanmar,2014-12-01,2014,12,1.272,1.272,True,False,False,True
Myanmar,2015-01-01,2015,1,1.093,1.093,True,False,False,True
Myanmar,2015-02-01,2015,2,0.776,0.776,True,False,False,True
Myanmar,2015-03-01,2015,3,1.629,1.629,True,False,False,True
Myanmar,2015-04-01,2015,4,0.113,0.113,True,False,False,True
Myanmar,2015-05-01,2015,5,1.465,1.465,True,False,False,True
Myanmar,2015-06-01,2015,6,1.508,1.508,True,False,False,True
Myanmar,2015-07-01,2015,7,0.982,0.982,True,False,False,True
Myanmar,2015-08-01,2015,8,1.095,1.095,True,False,False,True
Myanmar,2015-09-01,2015,9,1.477,1.477,True,False,False,True
Myanmar,2015-10-01,2015,10,0.87,0.87,True,False,False,True
Myanmar,2015-11-01,2015,11,1.642,1.642,True,False,False,True
Myanmar,2015-12-01,2015,12,1.583,1.583,True,False,False,True
Myanmar,2016-01-01,2016,1,0.762,0.762,True,False,False,True
Myanmar,2016-02-01,2016,2,1.632,1.632,True,False,False,True
Myanmar,2016-03-01,2016,3,2.096,2.096,True,False,False,True
Myanmar,2016-04-01,2016,4,2.233,2.233,True,False,False,True
Myanmar,2016-05-01,2016,5,1.398,1.398,True,False,False,True
Myanmar,2016-06-01,2016,6,0.998,0.998,True,False,False,True
Myanmar,2016-07-01,2016,7,0.616,0.616,True,False,False,True
Myanmar,2016-08-01,2016,8,1.485,1.485,True,False,False,True
Myanmar,2016-09-01,2016,9,1.246,1.246,True,False,False,True
Myanmar,2016-10-01,2016,10,1.722,1.722,True,False,False,True
Myanmar,2016-11-01,2016,11,1.503,1.503,True,False,False,True
Myanmar,2016-12-01,2016,12,1.781,1.781,True,False,False,True
Myanmar,2017-01-01,2017,1,2.19,2.19,True,False,False,True
Myanmar,2017-02-01,2017,2,1.795,1.795,True,False,False,True
Myanmar,2017-03-01,2017,3,1.101,1.101,True,False,False,True
Myanmar,2017-04-01,2017,4,0.338,0.338,True,False,False,True
Myanmar,2017-05-01,2017,5,0.547,0.547,True,False,False,True
Myanmar,2017-06-01,2017,6,1.301,1.301,True,False,False,True
Myanmar,2017-07-01,2017,7,0.882,0.882,True,False,False,True
Myanmar,2017-08-01,2017,8,1.349,1.349,True,False,False,True
Myanmar,2017-09-01,2017,9,1.527,1.527,True,False,False,True
Myanmar,2017-10-01,2017,10,1.612,1.612,True,False,False,True
Myanmar,2017-11-01,2017,11,1.689,1.689,True,False,False,True
Myanmar,2017-12-01,2017,12,1.737,1.737,True,False,False,True
Myanmar,2018-01-01,2018,1,1.428,1.428,True,False,False,True
Myanmar,2018-02-01,2018,2,1.422,1.422,True,False,False,True
Myanmar,2018-03-01,2018,3,1.658,1.658,True,False,False,True
Myanmar,2018-04-01,2018,4,1.049,1.049,True,False,False,True
Myanmar,2018-05-01,2018,5,0.495,0.495,True,False,False,True
Myanmar,2018-06-01,2018,6,0.663,0.663,True,False,False,True
Myanmar,2018-07-01,2018,7,0.996,0.996,True,False,False,True
Myanmar,2018-08-01,2018,8,0.9,0.9,True,False,False,True
Myanmar,2018-09-01,2018,9,1.183,1.183,True,False,False,True
Myanmar,2018-10-01,2018,10,0.556,0.556,True,False,False,True
Myanmar,2018-11-01,2018,11,0.955,0.955,True,False,False,True
Myanmar,2018-12-01,2018,12,2.009,2.009,True,False,False,True
Myanmar,2019-01-01,2019,1,1.605,1.605,True,False,False,True
Myanmar,2019-02-01,2019,2,1.862,1.862,True,False,False,True
Myanmar,2019-03-01,2019,3,0.869,0.869,True,False,False,True
Myanmar,2019-04-01,2019,4,1.915,1.915,True,False,False,True
Myanmar,2019-05-01,2019,5,2.309,2.309,True,False,False,True
Myanmar,2019-06-01,2019,6,1.865,1.865,True,False,False,True
Myanmar,2019-07-01,2019,7,1.235,1.235,True,False,False,True
Myanmar,2019-08-01,2019,8,1.45,1.45,True,False,False,True
Myanmar,2019-09-01,2019,9,0.915,0.915,True,False,False,True
Myanmar,2019-10-01,2019,10,1.621,1.621,True,False,False,True
Myanmar,2019-11-01,2019,11,2.155,2.155,True,False,False,True
Myanmar,2019-12-01,2019,12,1.136,1.136,True,False,False,True
Myanmar,2020-01-01,2020,1,2.02,2.02,True,False,False,True
Myanmar,2020-02-01,2020,2,1.355,1.355,True,False,False,True
Myanmar,2020-03-01,2020,3,1.959,1.959,True,False,False,True
Myanmar,2020-04-01,2020,4,1.411,1.411,True,False,False,True
Myanmar,2020-05-01,2020,5,1.247,1.247,True,False,False,True
Myanmar,2020-06-01,2020,6,1.593,1.593,True,False,False,True
Myanmar,2020-07-01,2020,7,1.745,1.745,True,False,False,True
Myanmar,2020-08-01,2020,8,1.341,1.341,True,False,False,True
Myanmar,2020-09-01,2020,9,1.69,1.69,True,False,False,True
Myanmar,2020-10-01,2020,10,1.403,1.403,True,False,False,True
Myanmar,2020-11-01,2020,11,1.661,1.661,True,False,False,True
Myanmar,2020-12-01,2020,12,1.638,1.638,True,False,False,True
Myanmar,2021-01-01,2021,1,2.003,2.003,True,False,False,True
Myanmar,2021-02-01,2021,2,1.742,1.742,True,False,False,True
Myanmar,2021-03-01,2021,3,2.32,2.32,True,False,False,True
Myanmar,2021-04-01,2021,4,0.895,0.895,True,False,False,True
Myanmar,2021-05-01,2021,5,1.154,1.154,True,False,False,True
Myanmar,2021-06-01,2021,6,1.425,1.425,True,False,False,True
Myanmar,2021-07-01,2021,7,1.322,1.322,True,False,False,True
Myanmar,2021-08-01,2021,8,1.224,1.224,True,False,False,True
Myanmar,2021-09-01,2021,9,1.147,1.147,True,False,False,True
Myanmar,2021-10-01,2021,10,1.828,1.828,True,False,False,True
Myanmar,2021-11-01,2021,11,1.943,1.943,True,False,False,True
Myanmar,2021-12-01,2021,12,1.693,1.693,True,False,False,True
Myanmar,2022-01-01,2022,1,1.785,1.785,True,False,False,True
Myanmar,2022-02-01,2022,2,0.335,0.335,True,False,False,True
Myanmar,2022-03-01,2022,3,2.424,2.424,True,False,False,True
Myanmar,2022-04-01,2022,4,0.717,0.717,True,False,False,True
Myanmar,2022-05-01,2022,5,0.037,0.037,True,False,False,True
Myanmar,2022-06-01,2022,6,0.998,0.998,True,False,False,True
Myanmar,2022-07-01,2022,7,1.875,1.875,True,False,False,True
Myanmar,2022-08-01,2022,8,1.744,1.744,True,False,False,True
Myanmar,2022-09-01,2022,9,1.328,1.328,True,False,False,True
Myanmar,2022-10-01,2022,10,1.202,1.202,True,False,False,True
Myanmar,2022-11-01,2022,11,1.743,1.743,True,False,False,True
Myanmar,2022-12-01,2022,12,2.34,2.34,True,False,False,True
Myanmar,2023-01-01,2023,1,1.572,1.572,True,False,False,True
Myanmar,2023-02-01,2023,2,2.001,2.001,True,False,False,True
Myanmar,2023-03-01,2023,3,1.402,1.402,True,False,False,True
Myanmar,2023-04-01,2023,4,1.888,1.888,True,False,False,True
Myanmar,2023-05-01,2023,5,1.583,1.583,True,False,False,True
Myanmar,2023-06-01,2023,6,1.658,1.658,True,False,False,True
Myanmar,2023-07-01,2023,7,1.89,1.89,True,False,False,True
Myanmar,2023-08-01,2023,8,1.433,1.433,True,False,False,True
Myanmar,2023-09-01,2023,9,1.596,1.596,True,False,False,True
Myanmar,2023-10-01,2023,10,1.303,1.303,True,False,False,True
Myanmar,2023-11-01,2023,11,2.014,2.014,True,False,False,True
Myanmar,2023-12-01,2023,12,2.918,2.918,True,False,False,True
Philippines,1961-01-01,1961,1,-0.679,-0.679,True,False,True,False
Philippines,1961-02-01,1961,2,0.195,0.195,True,False,True,False
Philippines,1961-03-01,1961,3,0.266,0.266,True,False,True,False
Philippines,1961-04-01,1961,4,0.217,0.217,True,False,True,False
Philippines,1961-05-01,1961,5,-0.158,-0.158,True,False,True,False
Philippines,1961-06-01,1961,6,-0.259,-0.259,True,False,True,False
Philippines,1961-07-01,1961,7,-0.342,-0.342,True,False,True,False
Philippines,1961-08-01,1961,8,-0.169,-0.169,True,False,True,False
Philippines,1961-09-01,1961,9,-0.039,-0.039,True,False,True,False
Philippines,1961-10-01,1961,10,-0.267,-0.267,True,False,True,False
Philippines,1961-11-01,1961,11,0.079,0.079,True,False,True,False
Philippines,1961-12-01,1961,12,0.313,0.313,True,False,True,False
Philippines,1962-01-01,1962,1,-0.275,-0.275,True,False,True,False
Philippines,1962-02-01,1962,2,-0.622,-0.622,True,False,True,False
Philippines,1962-03-01,1962,3,-0.052,-0.052,True,False,True,False
Philippines,1962-04-01,1962,4,-0.127,-0.127,True,False,True,False
Philippines,1962-05-01,1962,5,0.019,0.019,True,False,True,False
Philippines,1962-06-01,1962,6,0.046,0.046,True,False,True,False
Philippines,1962-07-01,1962,7,-0.174,-0.174,True,False,True,False
Philippines,1962-08-01,1962,8,-0.192,-0.192,True,False,True,False
Philippines,1962-09-01,1962,9,-0.345,-0.345,True,False,True,False
Philippines,1962-10-01,1962,10,0.317,0.317,True,False,True,False
Philippines,1962-11-01,1962,11,-0.01,-0.01,True,False,True,False
Philippines,1962-12-01,1962,12,-0.247,-0.247,True,False,True,False
Philippines,1963-01-01,1963,1,-1.111,-1.111,True,False,True,False
Philippines,1963-02-01,1963,2,-1.094,-1.094,True,False,True,False
Philippines,1963-03-01,1963,3,-0.759,-0.759,True,False,True,False
Philippines,1963-04-01,1963,4,-0.785,-0.785,True,False,True,False
Philippines,1963-05-01,1963,5,0.14,0.14,True,False,True,False
Philippines,1963-06-01,1963,6,-0.133,-0.133,True,False,True,False
Philippines,1963-07-01,1963,7,0.036,0.036,True,False,True,False
Philippines,1963-08-01,1963,8,-0.147,-0.147,True,False,True,False
Philippines,1963-09-01,1963,9,0.108,0.108,True,False,True,False
Philippines,1963-10-01,1963,10,-0.141,-0.141,True,False,True,False
Philippines,1963-11-01,1963,11,0.254,0.254,True,False,True,False
Philippines,1963-12-01,1963,12,0.225,0.225,True,False,True,False
Philippines,1964-01-01,1964,1,0.619,0.619,True,False,True,False
Philippines,1964-02-01,1964,2,-0.002,-0.002,True,False,True,False
Philippines,1964-03-01,1964,3,-0.052,-0.052,True,False,True,False
Philippines,1964-04-01,1964,4,0.011,0.011,True,False,True,False
Philippines,1964-05-01,1964,5,-0.126,-0.126,True,False,True,False
Philippines,1964-06-01,1964,6,-0.191,-0.191,True,False,True,False
Philippines,1964-07-01,1964,7,-0.076,-0.076,True,False,True,False
Philippines,1964-08-01,1964,8,0.074,0.074,True,False,True,False
Philippines,1964-09-01,1964,9,-0.031,-0.031,True,False,True,False
Philippines,1964-10-01,1964,10,-0.101,-0.101,True,False,True,False
Philippines,1964-11-01,1964,11,-0.416,-0.416,True,False,True,False
Philippines,1964-12-01,1964,12,-0.352,-0.352,True,False,True,False
Philippines,1965-01-01,1965,1,-0.69,-0.69,True,False,True,False
Philippines,1965-02-01,1965,2,-0.251,-0.251,True,False,True,False
Philippines,1965-03-01,1965,3,-0.469,-0.469,True,False,True,False
Philippines,1965-04-01,1965,4,-0.298,-0.298,True,False,True,False
Philippines,1965-05-01,1965,5,-0.37,-0.37,True,False,True,False
Philippines,1965-06-01,1965,6,-0.41,-0.41,True,False,True,False
Philippines,1965-07-01,1965,7,-0.528,-0.528,True,False,True,False
Philippines,1965-08-01,1965,8,-0.106,-0.106,True,False,True,False
Philippines,1965-09-01,1965,9,-0.071,-0.071,True,False,True,False
Philippines,1965-10-01,1965,10,0.058,0.058,True,False,True,False
Philippines,1965-11-01,1965,11,0.257,0.257,True,False,True,False
Philippines,1965-12-01,1965,12,0.186,0.186,True,False,True,False
Philippines,1966-01-01,1966,1,0.359,0.359,True,False,True,False
Philippines,1966-02-01,1966,2,0.371,0.371,True,False,True,False
Philippines,1966-03-01,1966,3,0.341,0.341,True,False,True,False
Philippines,1966-04-01,1966,4,0.526,0.526,True,False,True,False
Philippines,1966-05-01,1966,5,-0.379,-0.379,True,False,True,False
Philippines,1966-06-01,1966,6,0.096,0.096,True,False,True,False
Philippines,1966-07-01,1966,7,-0.099,-0.099,True,False,True,False
Philippines,1966-08-01,1966,8,0.367,0.367,True,False,True,False
Philippines,1966-09-01,1966,9,0.222,0.222,True,False,True,False
Philippines,1966-10-01,1966,10,0.042,0.042,True,False,True,False
Philippines,1966-11-01,1966,11,0.289,0.289,True,False,True,False
Philippines,1966-12-01,1966,12,0.455,0.455,True,False,True,False
Philippines,1967-01-01,1967,1,-0.197,-0.197,True,False,True,False
Philippines,1967-02-01,1967,2,-0.308,-0.308,True,False,True,False
Philippines,1967-03-01,1967,3,-0.554,-0.554,True,False,True,False
Philippines,1967-04-01,1967,4,-0.405,-0.405,True,False,True,False
Philippines,1967-05-01,1967,5,0.147,0.147,True,False,True,False
Philippines,1967-06-01,1967,6,0.118,0.118,True,False,True,False
Philippines,1967-07-01,1967,7,0.048,0.048,True,False,True,False
Philippines,1967-08-01,1967,8,-0.117,-0.117,True,False,True,False
Philippines,1967-09-01,1967,9,-0.092,-0.092,True,False,True,False
Philippines,1967-10-01,1967,10,-0.319,-0.319,True,False,True,False
Philippines,1967-11-01,1967,11,-0.318,-0.318,True,False,True,False
Philippines,1967-12-01,1967,12,-0.65,-0.65,True,False,True,False
Philippines,1968-01-01,1968,1,-0.372,-0.372,True,False,True,False
Philippines,1968-02-01,1968,2,-0.711,-0.711,True,False,True,False
Philippines,1968-03-01,1968,3,0.09,0.09,True,False,True,False
Philippines,1968-04-01,1968,4,-0.243,-0.243,True,False,True,False
Philippines,1968-05-01,1968,5,0.131,0.131,True,False,True,False
Philippines,1968-06-01,1968,6,0.441,0.441,True,False,True,False
Philippines,1968-07-01,1968,7,0.51,0.51,True,False,True,False
Philippines,1968-08-01,1968,8,0.184,0.184,True,False,True,False
Philippines,1968-09-01,1968,9,0.231,0.231,True,False,True,False
Philippines,1968-10-01,1968,10,-0.125,-0.125,True,False,True,False
Philippines,1968-11-01,1968,11,-0.654,-0.654,True,False,True,False
Philippines,1968-12-01,1968,12,-0.257,-0.257,True,False,True,False
Philippines,1969-01-01,1969,1,0.095,0.095,True,False,True,False
Philippines,1969-02-01,1969,2,-0.16,-0.16,True,False,True,False
Philippines,1969-03-01,1969,3,0.224,0.224,True,False,True,False
Philippines,1969-04-01,1969,4,0.351,0.351,True,False,True,False
Philippines,1969-05-01,1969,5,0.696,0.696,True,False,True,False
Philippines,1969-06-01,1969,6,0.379,0.379,True,False,True,False
Philippines,1969-07-01,1969,7,-0.048,-0.048,True,False,True,False
Philippines,1969-08-01,1969,8,0.111,0.111,True,False,True,False
Philippines,1969-09-01,1969,9,0.121,0.121,True,False,True,False
Philippines,1969-10-01,1969,10,0.158,0.158,True,False,True,False
Philippines,1969-11-01,1969,11,-0.038,-0.038,True,False,True,False
Philippines,1969-12-01,1969,12,0.203,0.203,True,False,True,False
Philippines,1970-01-01,1970,1,0.425,0.425,True,False,True,False
Philippines,1970-02-01,1970,2,0.187,0.187,True,False,True,False
Philippines,1970-03-01,1970,3,0.445,0.445,True,False,True,False
Philippines,1970-04-01,1970,4,0.371,0.371,True,False,True,False
Philippines,1970-05-01,1970,5,0.42,0.42,True,False,True,False
Philippines,1970-06-01,1970,6,0.067,0.067,True,False,True,False
Philippines,1970-07-01,1970,7,0.085,0.085,True,False,True,False
Philippines,1970-08-01,1970,8,0.032,0.032,True,False,True,False
Philippines,1970-09-01,1970,9,0.067,0.067,True,False,True,False
Philippines,1970-10-01,1970,10,0.022,0.022,True,False,True,False
Philippines,1970-11-01,1970,11,0.182,0.182,True,False,True,False
Philippines,1970-12-01,1970,12,0.451,0.451,True,False,True,False
Philippines,1971-01-01,1971,1,-0.524,-0.524,True,False,True,False
Philippines,1971-02-01,1971,2,-0.176,-0.176,True,False,True,False
Philippines,1971-03-01,1971,3,-0.789,-0.789,True,False,True,False
Philippines,1971-04-01,1971,4,-0.759,-0.759,True,False,True,False
Philippines,1971-05-01,1971,5,-0.541,-0.541,True,False,True,False
Philippines,1971-06-01,1971,6,-0.579,-0.579,True,False,True,False
Philippines,1971-07-01,1971,7,-0.373,-0.373,True,False,True,False
Philippines,1971-08-01,1971,8,-0.083,-0.083,True,False,True,False
Philippines,1971-09-01,1971,9,0.168,0.168,True,False,True,False
Philippines,1971-10-01,1971,10,-0.331,-0.331,True,False,True,False
Philippines,1971-11-01,1971,11,-0.399,-0.399,True,False,True,False
Philippines,1971-12-01,1971,12,-0.022,-0.022,True,False,True,False
Philippines,1972-01-01,1972,1,-0.207,-0.207,True,False,True,False
Philippines,1972-02-01,1972,2,0.296,0.296,True,False,True,False
Philippines,1972-03-01,1972,3,-0.751,-0.751,True,False,True,False
Philippines,1972-04-01,1972,4,-0.308,-0.308,True,False,True,False
Philippines,1972-05-01,1972,5,-0.171,-0.171,True,False,True,False
Philippines,1972-06-01,1972,6,0.111,0.111,True,False,True,False
Philippines,1972-07-01,1972,7,0.342,0.342,True,False,True,False
Philippines,1972-08-01,1972,8,-0.063,-0.063,True,False,True,False
Philippines,1972-09-01,1972,9,0.05,0.05,True,False,True,False
Philippines,1972-10-01,1972,10,0.503,0.503,True,False,True,False
Philippines,1972-11-01,1972,11,0.519,0.519,True,False,True,False
Philippines,1972-12-01,1972,12,0.354,0.354,True,False,True,False
Philippines,1973-01-01,1973,1,0.303,0.303,True,False,True,False
Philippines,1973-02-01,1973,2,0.329,0.329,True,False,True,False
Philippines,1973-03-01,1973,3,0.262,0.262,True,False,True,False
Philippines,1973-04-01,1973,4,0.38,0.38,True,False,True,False
Philippines,1973-05-01,1973,5,0.507,0.507,True,False,True,False
Philippines,1973-06-01,1973,6,0.65,0.65,True,False,True,False
Philippines,1973-07-01,1973,7,0.374,0.374,True,False,True,False
Philippines,1973-08-01,1973,8,0.193,0.193,True,False,True,False
Philippines,1973-09-01,1973,9,-0.053,-0.053,True,False,True,False
Philippines,1973-10-01,1973,10,0.129,0.129,True,False,True,False
Philippines,1973-11-01,1973,11,0.108,0.108,True,False,True,False
Philippines,1973-12-01,1973,12,-0.145,-0.145,True,False,True,False
Philippines,1974-01-01,1974,1,-0.418,-0.418,True,False,True,False
Philippines,1974-02-01,1974,2,-0.095,-0.095,True,False,True,False
Philippines,1974-03-01,1974,3,-0.449,-0.449,True,False,True,False
Philippines,1974-04-01,1974,4,-0.023,-0.023,True,False,True,False
Philippines,1974-05-01,1974,5,-0.193,-0.193,True,False,True,False
Philippines,1974-06-01,1974,6,-0.185,-0.185,True,False,True,False
Philippines,1974-07-01,1974,7,0.087,0.087,True,False,True,False
Philippines,1974-08-01,1974,8,0.263,0.263,True,False,True,False
Philippines,1974-09-01,1974,9,0.45,0.45,True,False,True,False
Philippines,1974-10-01,1974,10,-0.092,-0.092,True,False,True,False
Philippines,1974-11-01,1974,11,-0.056,-0.056,True,False,True,False
Philippines,1974-12-01,1974,12,0.022,0.022,True,False,True,False
Philippines,1975-01-01,1975,1,0.014,0.014,True,False,True,False
Philippines,1975-02-01,1975,2,0.052,0.052,True,False,True,False
Philippines,1975-03-01,1975,3,0.192,0.192,True,False,True,False
Philippines,1975-04-01,1975,4,-0.024,-0.024,True,False,True,False
Philippines,1975-05-01,1975,5,0.076,0.076,True,False,True,False
Philippines,1975-06-01,1975,6,-0.118,-0.118,True,False,True,False
Philippines,1975-07-01,1975,7,0.016,0.016,True,False,True,False
Philippines,1975-08-01,1975,8,0.174,0.174,True,False,True,False
Philippines,1975-09-01,1975,9,0.008,0.008,True,False,True,False
Philippines,1975-10-01,1975,10,0.152,0.152,True,False,True,False
Philippines,1975-11-01,1975,11,0.099,0.099,True,False,True,False
Philippines,1975-12-01,1975,12,-0.247,-0.247,True,False,True,False
Philippines,1976-01-01,1976,1,-0.151,-0.151,True,False,True,False
Philippines,1976-02-01,1976,2,-0.214,-0.214,True,False,True,False
Philippines,1976-03-01,1976,3,-0.037,-0.037,True,False,True,False
Philippines,1976-04-01,1976,4,-0.144,-0.144,True,False,True,False
Philippines,1976-05-01,1976,5,-0.651,-0.651,True,False,True,False
Philippines,1976-06-01,1976,6,-0.583,-0.583,True,False,True,False
Philippines,1976-07-01,1976,7,0.051,0.051,True,False,True,False
Philippines,1976-08-01,1976,8,-0.302,-0.302,True,False,True,False
Philippines,1976-09-01,1976,9,-0.132,-0.132,True,False,True,False
Philippines,1976-10-01,1976,10,0.376,0.376,True,False,True,False
Philippines,1976-11-01,1976,11,0.099,0.099,True,False,True,False
Philippines,1976-12-01,1976,12,0.135,0.135,True,False,True,False
Philippines,1977-01-01,1977,1,0.755,0.755,True,False,True,False
Philippines,1977-02-01,1977,2,-0.106,-0.106,True,False,True,False
Philippines,1977-03-01,1977,3,-0.051,-0.051,True,False,True,False
Philippines,1977-04-01,1977,4,0.487,0.487,True,False,True,False
Philippines,1977-05-01,1977,5,0.457,0.457,True,False,True,False
Philippines,1977-06-01,1977,6,0.557,0.557,True,False,True,False
Philippines,1977-07-01,1977,7,0.094,0.094,True,False,True,False
Philippines,1977-08-01,1977,8,0.337,0.337,True,False,True,False
Philippines,1977-09-01,1977,9,0.086,0.086,True,False,True,False
Philippines,1977-10-01,1977,10,0.35,0.35,True,False,True,False
Philippines,1977-11-01,1977,11,0.165,0.165,True,False,True,False
Philippines,1977-12-01,1977,12,0.27,0.27,True,False,True,False
Philippines,1978-01-01,1978,1,0.154,0.154,True,False,True,False
Philippines,1978-02-01,1978,2,0.061,0.061,True,False,True,False
Philippines,1978-03-01,1978,3,0.882,0.882,True,False,True,False
Philippines,1978-04-01,1978,4,0.448,0.448,True,False,True,False
Philippines,1978-05-01,1978,5,0.471,0.471,True,False,True,False
Philippines,1978-06-01,1978,6,0.235,0.235,True,False,True,False
Philippines,1978-07-01,1978,7,0.417,0.417,True,False,True,False
Philippines,1978-08-01,1978,8,-0.066,-0.066,True,False,True,False
Philippines,1978-09-01,1978,9,-0.22,-0.22,True,False,True,False
Philippines,1978-10-01,1978,10,-0.155,-0.155,True,False,True,False
Philippines,1978-11-01,1978,11,-0.186,-0.186,True,False,True,False
Philippines,1978-12-01,1978,12,0.38,0.38,True,False,True,False
Philippines,1979-01-01,1979,1,0.525,0.525,True,False,True,False
Philippines,1979-02-01,1979,2,0.926,0.926,True,False,True,False
Philippines,1979-03-01,1979,3,0.524,0.524,True,False,True,False
Philippines,1979-04-01,1979,4,0.618,0.618,True,False,True,False
Philippines,1979-05-01,1979,5,0.194,0.194,True,False,True,False
Philippines,1979-06-01,1979,6,0.225,0.225,True,False,True,False
Philippines,1979-07-01,1979,7,0.175,0.175,True,False,True,False
Philippines,1979-08-01,1979,8,0.216,0.216,True,False,True,False
Philippines,1979-09-01,1979,9,0.291,0.291,True,False,True,False
Philippines,1979-10-01,1979,10,-0.114,-0.114,True,False,True,False
Philippines,1979-11-01,1979,11,0.356,0.356,True,False,True,False
Philippines,1979-12-01,1979,12,-0.112,-0.112,True,False,True,False
Philippines,1980-01-01,1980,1,0.305,0.305,True,False,True,False
Philippines,1980-02-01,1980,2,0.227,0.227,True,False,True,False
Philippines,1980-03-01,1980,3,0.348,0.348,True,False,True,False
Philippines,1980-04-01,1980,4,0.2,0.2,True,False,True,False
Philippines,1980-05-01,1980,5,0.278,0.278,True,False,True,False
Philippines,1980-06-01,1980,6,-0.018,-0.018,True,False,True,False
Philippines,1980-07-01,1980,7,-0.121,-0.121,True,False,True,False
Philippines,1980-08-01,1980,8,0.179,0.179,True,False,True,False
Philippines,1980-09-01,1980,9,0.048,0.048,True,False,True,False
Philippines,1980-10-01,1980,10,0.118,0.118,True,False,True,False
Philippines,1980-11-01,1980,11,0.327,0.327,True,False,True,False
Philippines,1980-12-01,1980,12,0.244,0.244,True,False,True,False
Philippines,1981-01-01,1981,1,-0.638,-0.638,True,False,True,False
Philippines,1981-02-01,1981,2,0.105,0.105,True,False,True,False
Philippines,1981-03-01,1981,3,0.439,0.439,True,False,True,False
Philippines,1981-04-01,1981,4,0.617,0.617,True,False,True,False
Philippines,1981-05-01,1981,5,0.394,0.394,True,False,True,False
Philippines,1981-06-01,1981,6,0.015,0.015,True,False,True,False
Philippines,1981-07-01,1981,7,0.087,0.087,True,False,True,False
Philippines,1981-08-01,1981,8,0.644,0.644,True,False,True,False
Philippines,1981-09-01,1981,9,0.55,0.55,True,False,True,False
Philippines,1981-10-01,1981,10,0.165,0.165,True,False,True,False
Philippines,1981-11-01,1981,11,0.312,0.312,True,False,True,False
Philippines,1981-12-01,1981,12,-0.094,-0.094,True,False,True,False
Philippines,1982-01-01,1982,1,-0.168,-0.168,True,False,True,False
Philippines,1982-02-01,1982,2,0.073,0.073,True,False,True,False
Philippines,1982-03-01,1982,3,0.351,0.351,True,False,True,False
Philippines,1982-04-01,1982,4,0.076,0.076,True,False,True,False
Philippines,1982-05-01,1982,5,0.172,0.172,True,False,True,False
Philippines,1982-06-01,1982,6,0.402,0.402,True,False,True,False
Philippines,1982-07-01,1982,7,0.067,0.067,True,False,True,False
Philippines,1982-08-01,1982,8,0.164,0.164,True,False,True,False
Philippines,1982-09-01,1982,9,0.194,0.194,True,False,True,False
Philippines,1982-10-01,1982,10,0.113,0.113,True,False,True,False
Philippines,1982-11-01,1982,11,0.558,0.558,True,False,True,False
Philippines,1982-12-01,1982,12,0.622,0.622,True,False,True,False
Philippines,1983-01-01,1983,1,0.657,0.657,True,False,True,False
Philippines,1983-02-01,1983,2,0.467,0.467,True,False,True,False
Philippines,1983-03-01,1983,3,0.81,0.81,True,False,True,False
Philippines,1983-04-01,1983,4,0.664,0.664,True,False,True,False
Philippines,1983-05-01,1983,5,0.898,0.898,True,False,True,False
Philippines,1983-06-01,1983,6,1.12,1.12,True,False,True,False
Philippines,1983-07-01,1983,7,0.56,0.56,True,False,True,False
Philippines,1983-08-01,1983,8,0.587,0.587,True,False,True,False
Philippines,1983-09-01,1983,9,0.516,0.516,True,False,True,False
Philippines,1983-10-01,1983,10,0.352,0.352,True,False,True,False
Philippines,1983-11-01,1983,11,0.169,0.169,True,False,True,False
Philippines,1983-12-01,1983,12,-0.247,-0.247,True,False,True,False
Philippines,1984-01-01,1984,1,0.247,0.247,True,False,True,False
Philippines,1984-02-01,1984,2,0.185,0.185,True,False,True,False
Philippines,1984-03-01,1984,3,0.61,0.61,True,False,True,False
Philippines,1984-04-01,1984,4,0.52,0.52,True,False,True,False
Philippines,1984-05-01,1984,5,-0.058,-0.058,True,False,True,False
Philippines,1984-06-01,1984,6,-0.065,-0.065,True,False,True,False
Philippines,1984-07-01,1984,7,0.27,0.27,True,False,True,False
Philippines,1984-08-01,1984,8,0.218,0.218,True,False,True,False
Philippines,1984-09-01,1984,9,0.024,0.024,True,False,True,False
Philippines,1984-10-01,1984,10,0.017,0.017,True,False,True,False
Philippines,1984-11-01,1984,11,0.401,0.401,True,False,True,False
Philippines,1984-12-01,1984,12,0.215,0.215,True,False,True,False
Philippines,1985-01-01,1985,1,-0.065,-0.065,True,False,True,False
Philippines,1985-02-01,1985,2,1.298,1.298,True,False,True,False
Philippines,1985-03-01,1985,3,0.944,0.944,True,False,True,False
Philippines,1985-04-01,1985,4,0.356,0.356,True,False,True,False
Philippines,1985-05-01,1985,5,0.251,0.251,True,False,True,False
Philippines,1985-06-01,1985,6,0.292,0.292,True,False,True,False
Philippines,1985-07-01,1985,7,-0.047,-0.047,True,False,True,False
Philippines,1985-08-01,1985,8,0.457,0.457,True,False,True,False
Philippines,1985-09-01,1985,9,-0.109,-0.109,True,False,True,False
Philippines,1985-10-01,1985,10,0.039,0.039,True,False,True,False
Philippines,1985-11-01,1985,11,0.562,0.562,True,False,True,False
Philippines,1985-12-01,1985,12,0.272,0.272,True,False,True,False
Philippines,1986-01-01,1986,1,0.03,0.03,True,False,True,False
Philippines,1986-02-01,1986,2,0.012,0.012,True,False,True,False
Philippines,1986-03-01,1986,3,0.234,0.234,True,False,True,False
Philippines,1986-04-01,1986,4,0.421,0.421,True,False,True,False
Philippines,1986-05-01,1986,5,0.541,0.541,True,False,True,False
Philippines,1986-06-01,1986,6,0.399,0.399,True,False,True,False
Philippines,1986-07-01,1986,7,0.273,0.273,True,False,True,False
Philippines,1986-08-01,1986,8,0.212,0.212,True,False,True,False
Philippines,1986-09-01,1986,9,0.212,0.212,True,False,True,False
Philippines,1986-10-01,1986,10,0.154,0.154,True,False,True,False
Philippines,1986-11-01,1986,11,0.526,0.526,True,False,True,False
Philippines,1986-12-01,1986,12,0.092,0.092,True,False,True,False
Philippines,1987-01-01,1987,1,0.082,0.082,True,False,True,False
Philippines,1987-02-01,1987,2,-0.243,-0.243,True,False,True,False
Philippines,1987-03-01,1987,3,0.417,0.417,True,False,True,False
Philippines,1987-04-01,1987,4,0.728,0.728,True,False,True,False
Philippines,1987-05-01,1987,5,1.004,1.004,True,False,True,False
Philippines,1987-06-01,1987,6,0.99,0.99,True,False,True,False
Philippines,1987-07-01,1987,7,0.371,0.371,True,False,True,False
Philippines,1987-08-01,1987,8,0.778,0.778,True,False,True,False
Philippines,1987-09-01,1987,9,0.657,0.657,True,False,True,False
Philippines,1987-10-01,1987,10,0.901,0.901,True,False,True,False
Philippines,1987-11-01,1987,11,0.942,0.942,True,False,True,False
Philippines,1987-12-01,1987,12,0.95,0.95,True,False,True,False
Philippines,1988-01-01,1988,1,1.62,1.62,True,False,True,False
Philippines,1988-02-01,1988,2,1.254,1.254,True,False,True,False
Philippines,1988-03-01,1988,3,1.222,1.222,True,False,True,False
Philippines,1988-04-01,1988,4,0.793,0.793,True,False,True,False
Philippines,1988-05-01,1988,5,0.931,0.931,True,False,True,False
Philippines,1988-06-01,1988,6,0.278,0.278,True,False,True,False
Philippines,1988-07-01,1988,7,0.531,0.531,True,False,True,False
Philippines,1988-08-01,1988,8,0.701,0.701,True,False,True,False
Philippines,1988-09-01,1988,9,0.689,0.689,True,False,True,False
Philippines,1988-10-01,1988,10,0.182,0.182,True,False,True,False
Philippines,1988-11-01,1988,11,0.17,0.17,True,False,True,False
Philippines,1988-12-01,1988,12,-0.168,-0.168,True,False,True,False
Philippines,1989-01-01,1989,1,0.939,0.939,True,False,True,False
Philippines,1989-02-01,1989,2,0.255,0.255,True,False,True,False
Philippines,1989-03-01,1989,3,0.032,0.032,True,False,True,False
Philippines,1989-04-01,1989,4,0.233,0.233,True,False,True,False
Philippines,1989-05-01,1989,5,0.054,0.054,True,False,True,False
Philippines,1989-06-01,1989,6,0.135,0.135,True,False,True,False
Philippines,1989-07-01,1989,7,0.303,0.303,True,False,True,False
Philippines,1989-08-01,1989,8,0.338,0.338,True,False,True,False
Philippines,1989-09-01,1989,9,0.498,0.498,True,False,True,False
Philippines,1989-10-01,1989,10,0.369,0.369,True,False,True,False
Philippines,1989-11-01,1989,11,0.29,0.29,True,False,True,False
Philippines,1989-12-01,1989,12,-0.218,-0.218,True,False,True,False
Philippines,1990-01-01,1990,1,0.762,0.762,True,False,True,False
Philippines,1990-02-01,1990,2,1.055,1.055,True,False,True,False
Philippines,1990-03-01,1990,3,0.469,0.469,True,False,True,False
Philippines,1990-04-01,1990,4,0.843,0.843,True,False,True,False
Philippines,1990-05-01,1990,5,0.368,0.368,True,False,True,False
Philippines,1990-06-01,1990,6,0.049,0.049,True,False,True,False
Philippines,1990-07-01,1990,7,0.395,0.395,True,False,True,False
Philippines,1990-08-01,1990,8,0.462,0.462,True,False,True,False
Philippines,1990-09-01,1990,9,0.208,0.208,True,False,True,False
Philippines,1990-10-01,1990,10,0.197,0.197,True,False,True,False
Philippines,1990-11-01,1990,11,0.263,0.263,True,False,True,False
Philippines,1990-12-01,1990,12,0.359,0.359,True,False,True,False
Philippines,1991-01-01,1991,1,0.551,0.551,True,False,True,False
Philippines,1991-02-01,1991,2,0.327,0.327,True,False,True,False
Philippines,1991-03-01,1991,3,0.307,0.307,True,False,True,False
Philippines,1991-04-01,1991,4,0.361,0.361,True,False,True,False
Philippines,1991-05-01,1991,5,0.342,0.342,True,False,True,False
Philippines,1991-06-01,1991,6,0.517,0.517,True,False,True,False
Philippines,1991-07-01,1991,7,0.314,0.314,True,False,True,False
Philippines,1991-08-01,1991,8,0.337,0.337,True,False,True,False
Philippines,1991-09-01,1991,9,0.536,0.536,True,False,True,False
Philippines,1991-10-01,1991,10,0.136,0.136,True,False,True,False
Philippines,1991-11-01,1991,11,-0.081,-0.081,True,False,True,False
Philippines,1991-12-01,1991,12,0.073,0.073,True,False,True,False
Philippines,1992-01-01,1992,1,0.228,0.228,True,False,True,False
Philippines,1992-02-01,1992,2,0.499,0.499,True,False,True,False
Philippines,1992-03-01,1992,3,0.729,0.729,True,False,True,False
Philippines,1992-04-01,1992,4,0.712,0.712,True,False,True,False
Philippines,1992-05-01,1992,5,0.677,0.677,True,False,True,False
Philippines,1992-06-01,1992,6,0.62,0.62,True,False,True,False
Philippines,1992-07-01,1992,7,0.175,0.175,True,False,True,False
Philippines,1992-08-01,1992,8,0.574,0.574,True,False,True,False
Philippines,1992-09-01,1992,9,0.517,0.517,True,False,True,False
Philippines,1992-10-01,1992,10,0.2,0.2,True,False,True,False
Philippines,1992-11-01,1992,11,-0.127,-0.127,True,False,True,False
Philippines,1992-12-01,1992,12,0.187,0.187,True,False,True,False
Philippines,1993-01-01,1993,1,0.326,0.326,True,False,True,False
Philippines,1993-02-01,1993,2,0.149,0.149,True,False,True,False
Philippines,1993-03-01,1993,3,0.07,0.07,True,False,True,False
Philippines,1993-04-01,1993,4,0.297,0.297,True,False,True,False
Philippines,1993-05-01,1993,5,0.808,0.808,True,False,True,False
Philippines,1993-06-01,1993,6,1.044,1.044,True,False,True,False
Philippines,1993-07-01,1993,7,0.654,0.654,True,False,True,False
Philippines,1993-08-01,1993,8,0.267,0.267,True,False,True,False
Philippines,1993-09-01,1993,9,0.209,0.209,True,False,True,False
Philippines,1993-10-01,1993,10,0.13,0.13,True,False,True,False
Philippines,1993-11-01,1993,11,0.708,0.708,True,False,True,False
Philippines,1993-12-01,1993,12,0.487,0.487,True,False,True,False
Philippines,1994-01-01,1994,1,0.71,0.71,True,False,True,False
Philippines,1994-02-01,1994,2,0.74,0.74,True,False,True,False
Philippines,1994-03-01,1994,3,0.717,0.717,True,False,True,False
Philippines,1994-04-01,1994,4,0.551,0.551,True,False,True,False
Philippines,1994-05-01,1994,5,0.508,0.508,True,False,True,False
Philippines,1994-06-01,1994,6,0.286,0.286,True,False,True,False
Philippines,1994-07-01,1994,7,0.19,0.19,True,False,True,False
Philippines,1994-08-01,1994,8,0.526,0.526,True,False,True,False
Philippines,1994-09-01,1994,9,0.221,0.221,True,False,True,False
Philippines,1994-10-01,1994,10,0.357,0.357,True,False,True,False
Philippines,1994-11-01,1994,11,0.472,0.472,True,False,True,False
Philippines,1994-12-01,1994,12,0.522,0.522,True,False,True,False
Philippines,1995-01-01,1995,1,0.64,0.64,True,False,True,False
Philippines,1995-02-01,1995,2,0.604,0.604,True,False,True,False
Philippines,1995-03-01,1995,3,0.339,0.339,True,False,True,False
Philippines,1995-04-01,1995,4,0.591,0.591,True,False,True,False
Philippines,1995-05-01,1995,5,0.651,0.651,True,False,True,False
Philippines,1995-06-01,1995,6,0.955,0.955,True,False,True,False
Philippines,1995-07-01,1995,7,0.289,0.289,True,False,True,False
Philippines,1995-08-01,1995,8,0.451,0.451,True,False,True,False
Philippines,1995-09-01,1995,9,0.261,0.261,True,False,True,False
Philippines,1995-10-01,1995,10,0.471,0.471,True,False,True,False
Philippines,1995-11-01,1995,11,0.56,0.56,True,False,True,False
Philippines,1995-12-01,1995,12,0.024,0.024,True,False,True,False
Philippines,1996-01-01,1996,1,-0.04,-0.04,True,False,True,False
Philippines,1996-02-01,1996,2,0.047,0.047,True,False,True,False
Philippines,1996-03-01,1996,3,0.796,0.796,True,False,True,False
Philippines,1996-04-01,1996,4,0.157,0.157,True,False,True,False
Philippines,1996-05-01,1996,5,0.307,0.307,True,False,True,False
Philippines,1996-06-01,1996,6,0.549,0.549,True,False,True,False
Philippines,1996-07-01,1996,7,0.698,0.698,True,False,True,False
Philippines,1996-08-01,1996,8,0.676,0.676,True,False,True,False
Philippines,1996-09-01,1996,9,0.706,0.706,True,False,True,False
Philippines,1996-10-01,1996,10,0.806,0.806,True,False,True,False
Philippines,1996-11-01,1996,11,0.461,0.461,True,False,True,False
Philippines,1996-12-01,1996,12,0.072,0.072,True,False,True,False
Philippines,1997-01-01,1997,1,0.123,0.123,True,False,True,False
Philippines,1997-02-01,1997,2,0.334,0.334,True,False,True,False
Philippines,1997-03-01,1997,3,-0.08,-0.08,True,False,True,False
Philippines,1997-04-01,1997,4,0.556,0.556,True,False,True,False
Philippines,1997-05-01,1997,5,0.542,0.542,True,False,True,False
Philippines,1997-06-01,1997,6,0.528,0.528,True,False,True,False
Philippines,1997-07-01,1997,7,0.44,0.44,True,False,True,False
Philippines,1997-08-01,1997,8,0.927,0.927,True,False,True,False
Philippines,1997-09-01,1997,9,0.562,0.562,True,False,True,False
Philippines,1997-10-01,1997,10,0.909,0.909,True,False,True,False
Philippines,1997-11-01,1997,11,1.147,1.147,True,False,True,False
Philippines,1997-12-01,1997,12,1.015,1.015,True,False,True,False
Philippines,1998-01-01,1998,1,1.355,1.355,True,False,True,False
Philippines,1998-02-01,1998,2,1.556,1.556,True,False,True,False
Philippines,1998-03-01,1998,3,1.422,1.422,True,False,True,False
Philippines,1998-04-01,1998,4,1.617,1.617,True,False,True,False
Philippines,1998-05-01,1998,5,1.376,1.376,True,False,True,False
Philippines,1998-06-01,1998,6,1.357,1.357,True,False,True,False
Philippines,1998-07-01,1998,7,1.603,1.603,True,False,True,False
Philippines,1998-08-01,1998,8,1.416,1.416,True,False,True,False
Philippines,1998-09-01,1998,9,1.199,1.199,True,False,True,False
Philippines,1998-10-01,1998,10,0.923,0.923,True,False,True,False
Philippines,1998-11-01,1998,11,1.126,1.126,True,False,True,False
Philippines,1998-12-01,1998,12,1.145,1.145,True,False,True,False
Philippines,1999-01-01,1999,1,1.067,1.067,True,False,True,False
Philippines,1999-02-01,1999,2,0.701,0.701,True,False,True,False
Philippines,1999-03-01,1999,3,0.828,0.828,True,False,True,False
Philippines,1999-04-01,1999,4,0.426,0.426,True,False,True,False
Philippines,1999-05-01,1999,5,0.313,0.313,True,False,True,False
Philippines,1999-06-01,1999,6,0.093,0.093,True,False,True,False
Philippines,1999-07-01,1999,7,0.393,0.393,True,False,True,False
Philippines,1999-08-01,1999,8,0.13,0.13,True,False,True,False
Philippines,1999-09-01,1999,9,0.472,0.472,True,False,True,False
Philippines,1999-10-01,1999,10,0.617,0.617,True,False,True,False
Philippines,1999-11-01,1999,11,0.512,0.512,True,False,True,False
Philippines,1999-12-01,1999,12,0.794,0.794,True,False,True,False
Philippines,2000-01-01,2000,1,1.087,1.087,True,False,True,False
Philippines,2000-02-01,2000,2,0.871,0.871,True,False,True,False
Philippines,2000-03-01,2000,3,0.778,0.778,True,False,True,False
Philippines,2000-04-01,2000,4,0.903,0.903,True,False,True,False
Philippines,2000-05-01,2000,5,0.304,0.304,True,False,True,False
Philippines,2000-06-01,2000,6,0.476,0.476,True,False,True,False
Philippines,2000-07-01,2000,7,0.299,0.299,True,False,True,False
Philippines,2000-08-01,2000,8,0.594,0.594,True,False,True,False
Philippines,2000-09-01,2000,9,0.671,0.671,True,False,True,False
Philippines,2000-10-01,2000,10,0.445,0.445,True,False,True,False
Philippines,2000-11-01,2000,11,0.813,0.813,True,False,True,False
Philippines,2000-12-01,2000,12,0.925,0.925,True,False,True,False
Philippines,2001-01-01,2001,1,1.077,1.077,True,False,True,False
Philippines,2001-02-01,2001,2,1.22,1.22,True,False,True,False
Philippines,2001-03-01,2001,3,0.826,0.826,True,False,True,False
Philippines,2001-04-01,2001,4,1.179,1.179,True,False,True,False
Philippines,2001-05-01,2001,5,0.51,0.51,True,False,True,False
Philippines,2001-06-01,2001,6,0.637,0.637,True,False,True,False
Philippines,2001-07-01,2001,7,0.559,0.559,True,False,True,False
Philippines,2001-08-01,2001,8,0.587,0.587,True,False,True,False
Philippines,2001-09-01,2001,9,1.106,1.106,True,False,True,False
Philippines,2001-10-01,2001,10,0.817,0.817,True,False,True,False
Philippines,2001-11-01,2001,11,0.391,0.391,True,False,True,False
Philippines,2001-12-01,2001,12,0.354,0.354,True,False,True,False
Philippines,2002-01-01,2002,1,0.848,0.848,True,False,True,False
Philippines,2002-02-01,2002,2,0.506,0.506,True,False,True,False
Philippines,2002-03-01,2002,3,0.728,0.728,True,False,True,False
Philippines,2002-04-01,2002,4,0.779,0.779,True,False,True,False
Philippines,2002-05-01,2002,5,0.828,0.828,True,False,True,False
Philippines,2002-06-01,2002,6,0.932,0.932,True,False,True,False
Philippines,2002-07-01,2002,7,0.877,0.877,True,False,True,False
Philippines,2002-08-01,2002,8,0.505,0.505,True,False,True,False
Philippines,2002-09-01,2002,9,0.444,0.444,True,False,True,False
Philippines,2002-10-01,2002,10,0.899,0.899,True,False,True,False
Philippines,2002-11-01,2002,11,0.886,0.886,True,False,True,False
Philippines,2002-12-01,2002,12,1.278,1.278,True,False,True,False
Philippines,2003-01-01,2003,1,0.781,0.781,True,False,True,False
Philippines,2003-02-01,2003,2,0.705,0.705,True,False,True,False
Philippines,2003-03-01,2003,3,0.917,0.917,True,False,True,False
Philippines,2003-04-01,2003,4,1.334,1.334,True,False,True,False
Philippines,2003-05-01,2003,5,0.786,0.786,True,False,True,False
Philippines,2003-06-01,2003,6,0.356,0.356,True,False,True,False
Philippines,2003-07-01,2003,7,0.632,0.632,True,False,True,False
Philippines,2003-08-01,2003,8,0.733,0.733,True,False,True,False
Philippines,2003-09-01,2003,9,0.348,0.348,True,False,True,False
Philippines,2003-10-01,2003,10,0.488,0.488,True,False,True,False
Philippines,2003-11-01,2003,11,1.051,1.051,True,False,True,False
Philippines,2003-12-01,2003,12,0.023,0.023,True,False,True,False
Philippines,2004-01-01,2004,1,0.794,0.794,True,False,True,False
Philippines,2004-02-01,2004,2,0.904,0.904,True,False,True,False
Philippines,2004-03-01,2004,3,1.133,1.133,True,False,True,False
Philippines,2004-04-01,2004,4,1.159,1.159,True,False,True,False
Philippines,2004-05-01,2004,5,0.561,0.561,True,False,True,False
Philippines,2004-06-01,2004,6,0.273,0.273,True,False,True,False
Philippines,2004-07-01,2004,7,0.576,0.576,True,False,True,False
Philippines,2004-08-01,2004,8,0.8,0.8,True,False,True,False
Philippines,2004-09-01,2004,9,0.795,0.795,True,False,True,False
Philippines,2004-10-01,2004,10,0.283,0.283,True,False,True,False
Philippines,2004-11-01,2004,11,0.918,0.918,True,False,True,False
Philippines,2004-12-01,2004,12,0.67,0.67,True,False,True,False
Philippines,2005-01-01,2005,1,0.433,0.433,True,False,True,False
Philippines,2005-02-01,2005,2,1.074,1.074,True,False,True,False
Philippines,2005-03-01,2005,3,0.823,0.823,True,False,True,False
Philippines,2005-04-01,2005,4,0.763,0.763,True,False,True,False
Philippines,2005-05-01,2005,5,0.941,0.941,True,False,True,False
Philippines,2005-06-01,2005,6,0.671,0.671,True,False,True,False
Philippines,2005-07-01,2005,7,0.834,0.834,True,False,True,False
Philippines,2005-08-01,2005,8,0.782,0.782,True,False,True,False
Philippines,2005-09-01,2005,9,0.601,0.601,True,False,True,False
Philippines,2005-10-01,2005,10,0.826,0.826,True,False,True,False
Philippines,2005-11-01,2005,11,0.949,0.949,True,False,True,False
Philippines,2005-12-01,2005,12,0.537,0.537,True,False,True,False
Philippines,2006-01-01,2006,1,1.152,1.152,True,False,True,False
Philippines,2006-02-01,2006,2,1.059,1.059,True,False,True,False
Philippines,2006-03-01,2006,3,0.861,0.861,True,False,True,False
Philippines,2006-04-01,2006,4,1.028,1.028,True,False,True,False
Philippines,2006-05-01,2006,5,0.572,0.572,True,False,True,False
Philippines,2006-06-01,2006,6,0.783,0.783,True,False,True,False
Philippines,2006-07-01,2006,7,0.817,0.817,True,False,True,False
Philippines,2006-08-01,2006,8,0.642,0.642,True,False,True,False
Philippines,2006-09-01,2006,9,0.63,0.63,True,False,True,False
Philippines,2006-10-01,2006,10,0.539,0.539,True,False,True,False
Philippines,2006-11-01,2006,11,1.3,1.3,True,False,True,False
Philippines,2006-12-01,2006,12,1.38,1.38,True,False,True,False
Philippines,2007-01-01,2007,1,0.986,0.986,True,False,True,False
Philippines,2007-02-01,2007,2,1.133,1.133,True,False,True,False
Philippines,2007-03-01,2007,3,1.07,1.07,True,False,True,False
Philippines,2007-04-01,2007,4,1.08,1.08,True,False,True,False
Philippines,2007-05-01,2007,5,0.845,0.845,True,False,True,False
Philippines,2007-06-01,2007,6,1.075,1.075,True,False,True,False
Philippines,2007-07-01,2007,7,0.959,0.959,True,False,True,False
Philippines,2007-08-01,2007,8,0.568,0.568,True,False,True,False
Philippines,2007-09-01,2007,9,0.616,0.616,True,False,True,False
Philippines,2007-10-01,2007,10,0.517,0.517,True,False,True,False
Philippines,2007-11-01,2007,11,0.277,0.277,True,False,True,False
Philippines,2007-12-01,2007,12,0.966,0.966,True,False,True,False
Philippines,2008-01-01,2008,1,0.92,0.92,True,False,True,False
Philippines,2008-02-01,2008,2,0.258,0.258,True,False,True,False
Philippines,2008-03-01,2008,3,0.573,0.573,True,False,True,False
Philippines,2008-04-01,2008,4,0.609,0.609,True,False,True,False
Philippines,2008-05-01,2008,5,-0.264,-0.264,True,False,True,False
Philippines,2008-06-01,2008,6,0.477,0.477,True,False,True,False
Philippines,2008-07-01,2008,7,0.54,0.54,True,False,True,False
Philippines,2008-08-01,2008,8,0.505,0.505,True,False,True,False
Philippines,2008-09-01,2008,9,0.631,0.631,True,False,True,False
Philippines,2008-10-01,2008,10,0.825,0.825,True,False,True,False
Philippines,2008-11-01,2008,11,0.704,0.704,True,False,True,False
Philippines,2008-12-01,2008,12,0.624,0.624,True,False,True,False
Philippines,2009-01-01,2009,1,0.583,0.583,True,False,True,False
Philippines,2009-02-01,2009,2,1.102,1.102,True,False,True,False
Philippines,2009-03-01,2009,3,1.145,1.145,True,False,True,False
Philippines,2009-04-01,2009,4,0.511,0.511,True,False,True,False
Philippines,2009-05-01,2009,5,-0.027,-0.027,True,False,True,False
Philippines,2009-06-01,2009,6,0.445,0.445,True,False,True,False
Philippines,2009-07-01,2009,7,0.582,0.582,True,False,True,False
Philippines,2009-08-01,2009,8,1.256,1.256,True,False,True,False
Philippines,2009-09-01,2009,9,0.935,0.935,True,False,True,False
Philippines,2009-10-01,2009,10,0.662,0.662,True,False,True,False
Philippines,2009-11-01,2009,11,0.894,0.894,True,False,True,False
Philippines,2009-12-01,2009,12,0.626,0.626,True,False,True,False
Philippines,2010-01-01,2010,1,0.728,0.728,True,False,True,False
Philippines,2010-02-01,2010,2,1.366,1.366,True,False,True,False
Philippines,2010-03-01,2010,3,1.451,1.451,True,False,True,False
Philippines,2010-04-01,2010,4,1.047,1.047,True,False,True,False
Philippines,2010-05-01,2010,5,1.415,1.415,True,False,True,False
Philippines,2010-06-01,2010,6,1.448,1.448,True,False,True,False
Philippines,2010-07-01,2010,7,0.904,0.904,True,False,True,False
Philippines,2010-08-01,2010,8,0.891,0.891,True,False,True,False
Philippines,2010-09-01,2010,9,0.985,0.985,True,False,True,False
Philippines,2010-10-01,2010,10,1.049,1.049,True,False,True,False
Philippines,2010-11-01,2010,11,0.875,0.875,True,False,True,False
Philippines,2010-12-01,2010,12,0.886,0.886,True,False,True,False
Philippines,2011-01-01,2011,1,0.556,0.556,True,False,True,False
Philippines,2011-02-01,2011,2,0.667,0.667,True,False,True,False
Philippines,2011-03-01,2011,3,0.266,0.266,True,False,True,False
Philippines,2011-04-01,2011,4,-0.053,-0.053,True,False,True,False
Philippines,2011-05-01,2011,5,0.34,0.34,True,False,True,False
Philippines,2011-06-01,2011,6,0.514,0.514,True,False,True,False
Philippines,2011-07-01,2011,7,0.641,0.641,True,False,True,False
Philippines,2011-08-01,2011,8,0.739,0.739,True,False,True,False
Philippines,2011-09-01,2011,9,0.899,0.899,True,False,True,False
Philippines,2011-10-01,2011,10,0.824,0.824,True,False,True,False
Philippines,2011-11-01,2011,11,1.181,1.181,True,False,True,False
Philippines,2011-12-01,2011,12,0.952,0.952,True,False,True,False
Philippines,2012-01-01,2012,1,1.315,1.315,True,False,True,False
Philippines,2012-02-01,2012,2,1.173,1.173,True,False,True,False
Philippines,2012-03-01,2012,3,1.038,1.038,True,False,True,False
Philippines,2012-04-01,2012,4,0.884,0.884,True,False,True,False
Philippines,2012-05-01,2012,5,0.68,0.68,True,False,True,False
Philippines,2012-06-01,2012,6,0.8,0.8,True,False,True,False
Philippines,2012-07-01,2012,7,0.517,0.517,True,False,True,False
Philippines,2012-08-01,2012,8,0.935,0.935,True,False,True,False
Philippines,2012-09-01,2012,9,0.533,0.533,True,False,True,False
Philippines,2012-10-01,2012,10,0.633,0.633,True,False,True,False
Philippines,2012-11-01,2012,11,1.112,1.112,True,False,True,False
Philippines,2012-12-01,2012,12,1.373,1.373,True,False,True,False
Philippines,2013-01-01,2013,1,0.873,0.873,True,False,True,False
Philippines,2013-02-01,2013,2,1.241,1.241,True,False,True,False
Philippines,2013-03-01,2013,3,1.307,1.307,True,False,True,False
Philippines,2013-04-01,2013,4,1.297,1.297,True,False,True,False
Philippines,2013-05-01,2013,5,1.141,1.141,True,False,True,False
Philippines,2013-06-01,2013,6,1.001,1.001,True,False,True,False
Philippines,2013-07-01,2013,7,0.677,0.677,True,False,True,False
Philippines,2013-08-01,2013,8,0.732,0.732,True,False,True,False
Philippines,2013-09-01,2013,9,1.024,1.024,True,False,True,False
Philippines,2013-10-01,2013,10,0.715,0.715,True,False,True,False
Philippines,2013-11-01,2013,11,0.911,0.911,True,False,True,False
Philippines,2013-12-01,2013,12,1.224,1.224,True,False,True,False
Philippines,2014-01-01,2014,1,-0.096,-0.096,True,False,False,True
Philippines,2014-02-01,2014,2,0.546,0.546,True,False,False,True
Philippines,2014-03-01,2014,3,0.779,0.779,True,False,False,True
Philippines,2014-04-01,2014,4,0.976,0.976,True,False,False,True
Philippines,2014-05-01,2014,5,1.625,1.625,True,False,False,True
Philippines,2014-06-01,2014,6,1.291,1.291,True,False,False,True
Philippines,2014-07-01,2014,7,0.939,0.939,True,False,False,True
Philippines,2014-08-01,2014,8,0.928,0.928,True,False,False,True
Philippines,2014-09-01,2014,9,0.661,0.661,True,False,False,True
Philippines,2014-10-01,2014,10,0.833,0.833,True,False,False,True
Philippines,2014-11-01,2014,11,1.149,1.149,True,False,False,True
Philippines,2014-12-01,2014,12,0.994,0.994,True,False,False,True
Philippines,2015-01-01,2015,1,0.538,0.538,True,False,False,True
Philippines,2015-02-01,2015,2,0.57,0.57,True,False,False,True
Philippines,2015-03-01,2015,3,0.756,0.756,True,False,False,True
Philippines,2015-04-01,2015,4,0.954,0.954,True,False,False,True
Philippines,2015-05-01,2015,5,1.282,1.282,True,False,False,True
Philippines,2015-06-01,2015,6,1.447,1.447,True,False,False,True
Philippines,2015-07-01,2015,7,1.146,1.146,True,False,False,True
Philippines,2015-08-01,2015,8,1.291,1.291,True,False,False,True
Philippines,2015-09-01,2015,9,1.369,1.369,True,False,False,True
Philippines,2015-10-01,2015,10,1.264,1.264,True,False,False,True
Philippines,2015-11-01,2015,11,1.647,1.647,True,False,False,True
Philippines,2015-12-01,2015,12,1.608,1.608,True,False,False,True
Philippines,2016-01-01,2016,1,1.859,1.859,True,False,False,True
Philippines,2016-02-01,2016,2,1.408,1.408,True,False,False,True
Philippines,2016-03-01,2016,3,1.583,1.583,True,False,False,True
Philippines,2016-04-01,2016,4,2.027,2.027,True,False,False,True
Philippines,2016-05-01,2016,5,1.78,1.78,True,False,False,True
Philippines,2016-06-01,2016,6,1.487,1.487,True,False,False,True
Philippines,2016-07-01,2016,7,1.46,1.46,True,False,False,True
Philippines,2016-08-01,2016,8,1.667,1.667,True,False,False,True
Philippines,2016-09-01,2016,9,1.41,1.41,True,False,False,True
Philippines,2016-10-01,2016,10,1.245,1.245,True,False,False,True
Philippines,2016-11-01,2016,11,1.227,1.227,True,False,False,True
Philippines,2016-12-01,2016,12,1.685,1.685,True,False,False,True
Philippines,2017-01-01,2017,1,1.309,1.309,True,False,False,True
Philippines,2017-02-01,2017,2,0.872,0.872,True,False,False,True
Philippines,2017-03-01,2017,3,0.874,0.874,True,False,False,True
Philippines,2017-04-01,2017,4,0.863,0.863,True,False,False,True
Philippines,2017-05-01,2017,5,1.232,1.232,True,False,False,True
Philippines,2017-06-01,2017,6,1.209,1.209,True,False,False,True
Philippines,2017-07-01,2017,7,0.828,0.828,True,False,False,True
Philippines,2017-08-01,2017,8,1.527,1.527,True,False,False,True
Philippines,2017-09-01,2017,9,1.383,1.383,True,False,False,True
Philippines,2017-10-01,2017,10,1.116,1.116,True,False,False,True
Philippines,2017-11-01,2017,11,1.593,1.593,True,False,False,True
Philippines,2017-12-01,2017,12,1.307,1.307,True,False,False,True
Philippines,2018-01-01,2018,1,1.405,1.405,True,False,False,True
Philippines,2018-02-01,2018,2,1.41,1.41,True,False,False,True
Philippines,2018-03-01,2018,3,1.113,1.113,True,False,False,True
Philippines,2018-04-01,2018,4,1.057,1.057,True,False,False,True
Philippines,2018-05-01,2018,5,1.345,1.345,True,False,False,True
Philippines,2018-06-01,2018,6,1.112,1.112,True,False,False,True
Philippines,2018-07-01,2018,7,1.21,1.21,True,False,False,True
Philippines,2018-08-01,2018,8,1.287,1.287,True,False,False,True
Philippines,2018-09-01,2018,9,1.07,1.07,True,False,False,True
Philippines,2018-10-01,2018,10,1.219,1.219,True,False,False,True
Philippines,2018-11-01,2018,11,1.366,1.366,True,False,False,True
Philippines,2018-12-01,2018,12,1.529,1.529,True,False,False,True
Philippines,2019-01-01,2019,1,1.186,1.186,True,False,False,True
Philippines,2019-02-01,2019,2,0.825,0.825,True,False,False,True
Philippines,2019-03-01,2019,3,1.04,1.04,True,False,False,True
Philippines,2019-04-01,2019,4,1.411,1.411,True,False,False,True
Philippines,2019-05-01,2019,5,1.458,1.458,True,False,False,True
Philippines,2019-06-01,2019,6,1.95,1.95,True,False,False,True
Philippines,2019-07-01,2019,7,1.105,1.105,True,False,False,True
Philippines,2019-08-01,2019,8,1.319,1.319,True,False,False,True
Philippines,2019-09-01,2019,9,1.215,1.215,True,False,False,True
Philippines,2019-10-01,2019,10,1.294,1.294,True,False,False,True
Philippines,2019-11-01,2019,11,1.483,1.483,True,False,False,True
Philippines,2019-12-01,2019,12,1.561,1.561,True,False,False,True
Philippines,2020-01-01,2020,1,1.708,1.708,True,False,False,True
Philippines,2020-02-01,2020,2,1.223,1.223,True,False,False,True
Philippines,2020-03-01,2020,3,1.597,1.597,True,False,False,True
Philippines,2020-04-01,2020,4,1.433,1.433,True,False,False,True
Philippines,2020-05-01,2020,5,1.713,1.713,True,False,False,True
Philippines,2020-06-01,2020,6,1.52,1.52,True,False,False,True
Philippines,2020-07-01,2020,7,1.577,1.577,True,False,False,True
Philippines,2020-08-01,2020,8,1.377,1.377,True,False,False,True
Philippines,2020-09-01,2020,9,1.637,1.637,True,False,False,True
Philippines,2020-10-01,2020,10,0.801,0.801,True,False,False,True
Philippines,2020-11-01,2020,11,1.492,1.492,True,False,False,True
Philippines,2020-12-01,2020,12,1.665,1.665,True,False,False,True
Philippines,2021-01-01,2021,1,1.036,1.036,True,False,False,True
Philippines,2021-02-01,2021,2,1.206,1.206,True,False,False,True
Philippines,2021-03-01,2021,3,1.47,1.47,True,False,False,True
Philippines,2021-04-01,2021,4,0.729,0.729,True,False,False,True
Philippines,2021-05-01,2021,5,1.454,1.454,True,False,False,True
Philippines,2021-06-01,2021,6,1.234,1.234,True,False,False,True
Philippines,2021-07-01,2021,7,1.519,1.519,True,False,False,True
Philippines,2021-08-01,2021,8,1.455,1.455,True,False,False,True
Philippines,2021-09-01,2021,9,1.274,1.274,True,False,False,True
Philippines,2021-10-01,2021,10,1.266,1.266,True,False,False,True
Philippines,2021-11-01,2021,11,1.696,1.696,True,False,False,True
Philippines,2021-12-01,2021,12,1.172,1.172,True,False,False,True
Philippines,2022-01-01,2022,1,1.192,1.192,True,False,False,True
Philippines,2022-02-01,2022,2,1.63,1.63,True,False,False,True
Philippines,2022-03-01,2022,3,1.706,1.706,True,False,False,True
Philippines,2022-04-01,2022,4,0.73,0.73,True,False,False,True
Philippines,2022-05-01,2022,5,0.947,0.947,True,False,False,True
Philippines,2022-06-01,2022,6,1.233,1.233,True,False,False,True
Philippines,2022-07-01,2022,7,1.4,1.4,True,False,False,True
Philippines,2022-08-01,2022,8,1.08,1.08,True,False,False,True
Philippines,2022-09-01,2022,9,1.552,1.552,True,False,False,True
Philippines,2022-10-01,2022,10,1.371,1.371,True,False,False,True
Philippines,2022-11-01,2022,11,1.695,1.695,True,False,False,True
Philippines,2022-12-01,2022,12,1.184,1.184,True,False,False,True
Philippines,2023-01-01,2023,1,1.098,1.098,True,False,False,True
Philippines,2023-02-01,2023,2,1.369,1.369,True,False,False,True
Philippines,2023-03-01,2023,3,1.152,1.152,True,False,False,True
Philippines,2023-04-01,2023,4,1.32,1.32,True,False,False,True
Philippines,2023-05-01,2023,5,1.551,1.551,True,False,False,True
Philippines,2023-06-01,2023,6,1.476,1.476,True,False,False,True
Philippines,2023-07-01,2023,7,1.587,1.587,True,False,False,True
Philippines,2023-08-01,2023,8,1.976,1.976,True,False,False,True
Philippines,2023-09-01,2023,9,1.668,1.668,True,False,False,True
Philippines,2023-10-01,2023,10,1.781,1.781,True,False,False,True
Philippines,2023-11-01,2023,11,1.937,1.937,True,False,False,True
Philippines,2023-12-01,2023,12,2.287,2.287,True,False,False,True
Singapore,1961-01-01,1961,1,,-0.38797470943109696,False,True,True,False
Singapore,1961-02-01,1961,2,,-0.005077432233276363,False,True,True,False
Singapore,1961-03-01,1961,3,,0.045095314434024286,False,True,True,False
Singapore,1961-04-01,1961,4,,-0.23877680486780822,False,True,True,False
Singapore,1961-05-01,1961,5,,-0.03808581819860571,False,True,True,False
Singapore,1961-06-01,1961,6,,-0.4936015445201509,False,True,True,False
Singapore,1961-07-01,1961,7,,-0.22293277960445015,False,True,True,False
Singapore,1961-08-01,1961,8,,-0.38401370311525745,False,True,True,False
Singapore,1961-09-01,1961,9,,-0.5833843543458468,False,True,True,False
Singapore,1961-10-01,1961,10,,-0.6797688413646086,False,True,True,False
Singapore,1961-11-01,1961,11,,-0.14635332416488603,False,True,True,False
Singapore,1961-12-01,1961,12,,-0.1846430518846681,False,True,True,False
Singapore,1962-01-01,1962,1,,-0.36816967785189936,False,True,True,False
Singapore,1962-02-01,1962,2,,-0.6916518603121271,False,True,True,False
Singapore,1962-03-01,1962,3,,-0.5899860315389127,False,True,True,False
Singapore,1962-04-01,1962,4,,-0.3892950448697101,False,True,True,False
Singapore,1962-05-01,1962,5,,-0.02092145749663446,False,True,True,False
Singapore,1962-06-01,1962,6,,-0.3602476652202203,False,True,True,False
Singapore,1962-07-01,1962,7,,0.0332122954865057,False,True,True,False
Singapore,1962-08-01,1962,8,,-0.5411336203102253,False,True,True,False
Singapore,1962-09-01,1962,9,,-0.28366820978065616,False,True,True,False
Singapore,1962-10-01,1962,10,,-0.09486024205897223,False,True,True,False
Singapore,1962-11-01,1962,11,,-0.22161244416583697,False,True,True,False
Singapore,1962-12-01,1962,12,,-0.4157017536419736,False,True,True,False
Singapore,1963-01-01,1963,1,,-1.302967168390027,False,True,True,False
Singapore,1963-02-01,1963,2,,-1.115479536106956,False,True,True,False
Singapore,1963-03-01,1963,3,,-0.6375181073289868,False,True,True,False
Singapore,1963-04-01,1963,4,,-0.27970720346481664,False,True,True,False
Singapore,1963-05-01,1963,5,,-0.2546208301311663,False,True,True,False
Singapore,1963-06-01,1963,6,,0.2563489846121322,False,True,True,False
Singapore,1963-07-01,1963,7,,0.03585296636373206,False,True,True,False
Singapore,1963-08-01,1963,8,,-0.274425861710364,False,True,True,False
Singapore,1963-09-01,1963,9,,0.08866638390825904,False,True,True,False
Singapore,1963-10-01,1963,10,,-0.10542292556787762,False,True,True,False
Singapore,1963-11-01,1963,11,,0.13751879513694648,False,True,True,False
Singapore,1963-12-01,1963,12,,-0.03940615363721889,False,True,True,False
Singapore,1964-01-01,1964,1,,0.9059540204098139,False,True,True,False
Singapore,1964-02-01,1964,2,,0.391023199350676,False,True,True,False
Singapore,1964-03-01,1964,3,,-0.1846430518846681,False,True,True,False
Singapore,1964-04-01,1964,4,,-0.09486024205897223,False,True,True,False
Singapore,1964-05-01,1964,5,,-0.07241453960254826,False,True,True,False
Singapore,1964-06-01,1964,6,,-0.38797470943109696,False,True,True,False
Singapore,1964-07-01,1964,7,,-0.6097910631181103,False,True,True,False
Singapore,1964-08-01,1964,8,,-0.2783868680262035,False,True,True,False
Singapore,1964-09-01,1964,9,,-0.2044480834638657,False,True,True,False
Singapore,1964-10-01,1964,10,,-0.37081034872912566,False,True,True,False
Singapore,1964-11-01,1964,11,,-0.5503759683805174,False,True,True,False
Singapore,1964-12-01,1964,12,,-0.8738581508407453,False,True,True,False
Singapore,1965-01-01,1965,1,,-1.240911402775208,False,True,True,False
Singapore,1965-02-01,1965,2,,-0.4183424245192,False,True,True,False
Singapore,1965-03-01,1965,3,,-0.6229944175042421,False,True,True,False
Singapore,1965-04-01,1965,4,,-0.6705264932943164,False,True,True,False
Singapore,1965-05-01,1965,5,,-0.5081252343448959,False,True,True,False
Singapore,1965-06-01,1965,6,,-0.1846430518846681,False,True,True,False
Singapore,1965-07-01,1965,7,,-0.2704648553945244,False,True,True,False
Singapore,1965-08-01,1965,8,,-0.5728216708369414,False,True,True,False
Singapore,1965-09-01,1965,9,,-0.2585818364470059,False,True,True,False
Singapore,1965-10-01,1965,10,,-0.09353990662035905,False,True,True,False
Singapore,1965-11-01,1965,11,,0.1903322126814735,False,True,True,False
Singapore,1965-12-01,1965,12,,0.07942403583796681,False,True,True,False
Singapore,1966-01-01,1966,1,,0.38574185759622326,False,True,True,False
Singapore,1966-02-01,1966,2,,0.3540538070695072,False,True,True,False
Singapore,1966-03-01,1966,3,,0.25502864917351903,False,True,True,False
Singapore,1966-04-01,1966,4,,0.19825422531315257,False,True,True,False
Singapore,1966-05-01,1966,5,,0.15072214952307822,False,True,True,False
Singapore,1966-06-01,1966,6,,-0.4685151711865006,False,True,True,False
Singapore,1966-07-01,1966,7,,-0.2876292160964957,False,True,True,False
Singapore,1966-08-01,1966,8,,-0.25330049469255317,False,True,True,False
Singapore,1966-09-01,1966,9,,0.08866638390825904,False,True,True,False
Singapore,1966-10-01,1966,10,,-0.2770665325875903,False,True,True,False
Singapore,1966-11-01,1966,11,,0.0041649158370158645,False,True,True,False
Singapore,1966-12-01,1966,12,,0.13223745338249382,False,True,True,False
Singapore,1967-01-01,1967,1,,-0.3496849817113149,False,True,True,False
Singapore,1967-02-01,1967,2,,-0.5252895950468671,False,True,True,False
Singapore,1967-03-01,1967,3,,-0.5767826771527809,False,True,True,False
Singapore,1967-04-01,1967,4,,-0.5213285887310276,False,True,True,False
Singapore,1967-05-01,1967,5,,-0.3391222982024095,False,True,True,False
Singapore,1967-06-01,1967,6,,-0.2625428427628454,False,True,True,False
Singapore,1967-07-01,1967,7,,-0.13975164697182016,False,True,True,False
Singapore,1967-08-01,1967,8,,-0.09882124837481175,False,True,True,False
Singapore,1967-09-01,1967,9,,-0.35892732978160713,False,True,True,False
Singapore,1967-10-01,1967,10,,-0.48171852557263234,False,True,True,False
Singapore,1967-11-01,1967,11,,-0.46191349399343473,False,True,True,False
Singapore,1967-12-01,1967,12,,-0.5054845634676695,False,True,True,False
Singapore,1968-01-01,1968,1,,-0.6124317339953367,False,True,True,False
Singapore,1968-02-01,1968,2,,-0.6612841452240241,False,True,True,False
Singapore,1968-03-01,1968,3,,-0.15955667855101777,False,True,True,False
Singapore,1968-04-01,1968,4,,-0.39985772837861555,False,True,True,False
Singapore,1968-05-01,1968,5,,-0.46323382943204794,False,True,True,False
Singapore,1968-06-01,1968,6,,-0.15955667855101777,False,True,True,False
Singapore,1968-07-01,1968,7,,-0.12918896346291475,False,True,True,False
Singapore,1968-08-01,1968,8,,0.09394772566271176,False,True,True,False
Singapore,1968-09-01,1968,9,,0.013407263907308092,False,True,True,False
Singapore,1968-10-01,1968,10,,-0.29687156416678795,False,True,True,False
Singapore,1968-11-01,1968,11,,-0.051289172584737475,False,True,True,False
Singapore,1968-12-01,1968,12,,-0.0011164259174368252,False,True,True,False
Singapore,1969-01-01,1969,1,,0.5613464709317756,False,True,True,False
Singapore,1969-02-01,1969,2,,0.29727938320914055,False,True,True,False
Singapore,1969-03-01,1969,3,,0.3619758197011862,False,True,True,False
Singapore,1969-04-01,1969,4,,0.5032517116327958,False,True,True,False
Singapore,1969-05-01,1969,5,,0.5164550660189275,False,True,True,False
Singapore,1969-06-01,1969,6,,0.23258294671709506,False,True,True,False
Singapore,1969-07-01,1969,7,,-0.0024367613560500045,False,True,True,False
Singapore,1969-08-01,1969,8,,-0.37213068416773887,False,True,True,False
Singapore,1969-09-01,1969,9,,0.23654395303293457,False,True,True,False
Singapore,1969-10-01,1969,10,,-0.015640115742181743,False,True,True,False
Singapore,1969-11-01,1969,11,,-0.3298799501321173,False,True,True,False
Singapore,1969-12-01,1969,12,,-0.22689378592028966,False,True,True,False
Singapore,1970-01-01,1970,1,,0.29859971864775375,False,True,True,False
Singapore,1970-02-01,1970,2,,0.111112086364683,False,True,True,False
Singapore,1970-03-01,1970,3,,0.48872802180805086,False,True,True,False
Singapore,1970-04-01,1970,4,,0.0688613523290614,False,True,True,False
Singapore,1970-05-01,1970,5,,0.10054940285577757,False,True,True,False
Singapore,1970-06-01,1970,6,,0.08074437127657996,False,True,True,False
Singapore,1970-07-01,1970,7,,-0.21237009609554475,False,True,True,False
Singapore,1970-08-01,1970,8,,-0.09221957118174588,False,True,True,False
Singapore,1970-09-01,1970,9,,-0.290269886973722,False,True,True,False
Singapore,1970-10-01,1970,10,,-0.06317219153225603,False,True,True,False
Singapore,1970-11-01,1970,11,,-0.11598560907678301,False,True,True,False
Singapore,1970-12-01,1970,12,,-0.06185185609364287,False,True,True,False
Singapore,1971-01-01,1971,1,,-0.6731671641715427,False,True,True,False
Singapore,1971-02-01,1971,2,,-0.8012397017170205,False,True,True,False
Singapore,1971-03-01,1971,3,,-0.6705264932943164,False,True,True,False
Singapore,1971-04-01,1971,4,,-0.312715589430146,False,True,True,False
Singapore,1971-05-01,1971,5,,-0.27970720346481664,False,True,True,False
Singapore,1971-06-01,1971,6,,-0.47247617750234017,False,True,True,False
Singapore,1971-07-01,1971,7,,-0.2559411655697795,False,True,True,False
Singapore,1971-08-01,1971,8,,-0.9979696820703836,False,True,True,False
Singapore,1971-09-01,1971,9,,-0.15559567223517826,False,True,True,False
Singapore,1971-10-01,1971,10,,-0.26518351364007176,False,True,True,False
Singapore,1971-11-01,1971,11,,-0.6256350883814683,False,True,True,False
Singapore,1971-12-01,1971,12,,-0.5411336203102253,False,True,True,False
Singapore,1972-01-01,1972,1,,-0.8527327838229344,False,True,True,False
Singapore,1972-02-01,1972,2,,0.05697833338154282,False,True,True,False
Singapore,1972-03-01,1972,3,,-0.6494011262765055,False,True,True,False
Singapore,1972-04-01,1972,4,,-0.4434287978528503,False,True,True,False
Singapore,1972-05-01,1972,5,,-0.06185185609364287,False,True,True,False
Singapore,1972-06-01,1972,6,,-0.10146191925203811,False,True,True,False
Singapore,1972-07-01,1972,7,,0.8716252990058716,False,True,True,False
Singapore,1972-08-01,1972,8,,0.08338504215380632,False,True,True,False
Singapore,1972-09-01,1972,9,,0.017368270223147575,False,True,True,False
Singapore,1972-10-01,1972,10,,0.20353556706760517,False,True,True,False
Singapore,1972-11-01,1972,11,,0.35537414250812027,False,True,True,False
Singapore,1972-12-01,1972,12,,0.6154802239149156,False,True,True,False
Singapore,1973-01-01,1973,1,,0.5917141860198785,False,True,True,False
Singapore,1973-02-01,1973,2,,0.8782269761989375,False,True,True,False
Singapore,1973-03-01,1973,3,,0.4002655474209682,False,True,True,False
Singapore,1973-04-01,1973,4,,0.4345942688249108,False,True,True,False
Singapore,1973-05-01,1973,5,,-0.13579064065598065,False,True,True,False
Singapore,1973-06-01,1973,6,,0.19297288355869985,False,True,True,False
Singapore,1973-07-01,1973,7,,0.21937959233096327,False,True,True,False
Singapore,1973-08-01,1973,8,,-0.10542292556787762,False,True,True,False
Singapore,1973-09-01,1973,9,,-0.43154577890533175,False,True,True,False
Singapore,1973-10-01,1973,10,,0.013407263907308092,False,True,True,False
Singapore,1973-11-01,1973,11,,-0.2665038490786849,False,True,True,False
Singapore,1973-12-01,1973,12,,-0.7154178982071642,False,True,True,False
Singapore,1974-01-01,1974,1,,-0.9676019669822805,False,True,True,False
Singapore,1974-02-01,1974,2,,-0.615072404872563,False,True,True,False
Singapore,1974-03-01,1974,3,,-0.7154178982071642,False,True,True,False
Singapore,1974-04-01,1974,4,,-0.4592728231162084,False,True,True,False
Singapore,1974-05-01,1974,5,,-0.48699986732708506,False,True,True,False
Singapore,1974-06-01,1974,6,,-0.36684934241328615,False,True,True,False
Singapore,1974-07-01,1974,7,,-0.4117407473261341,False,True,True,False
Singapore,1974-08-01,1974,8,,0.1956135544359262,False,True,True,False
Singapore,1974-09-01,1974,9,,-0.5160472469765749,False,True,True,False
Singapore,1974-10-01,1974,10,,0.010766593030081734,False,True,True,False
Singapore,1974-11-01,1974,11,,0.020008941100373934,False,True,True,False
Singapore,1974-12-01,1974,12,,-0.08429755855006683,False,True,True,False
Singapore,1975-01-01,1975,1,,0.26427099724381126,False,True,True,False
Singapore,1975-02-01,1975,2,,-0.11862627995400937,False,True,True,False
Singapore,1975-03-01,1975,3,,-0.31667659574598556,False,True,True,False
Singapore,1975-04-01,1975,4,,0.10847141548745665,False,True,True,False
Singapore,1975-05-01,1975,5,,-0.24801915293810045,False,True,True,False
Singapore,1975-06-01,1975,6,,-0.34308330451824903,False,True,True,False
Singapore,1975-07-01,1975,7,,-0.509445569783509,False,True,True,False
Singapore,1975-08-01,1975,8,,0.27483368075271664,False,True,True,False
Singapore,1975-09-01,1975,9,,-0.36816967785189936,False,True,True,False
Singapore,1975-10-01,1975,10,,0.050376656188476976,False,True,True,False
Singapore,1975-11-01,1975,11,,-0.4117407473261341,False,True,True,False
Singapore,1975-12-01,1975,12,,-0.47115584206372696,False,True,True,False
Singapore,1976-01-01,1976,1,,-1.3544602504959409,False,True,True,False
Singapore,1976-02-01,1976,2,,-0.864615802770453,False,True,True,False
Singapore,1976-03-01,1976,3,,-0.2427378111836478,False,True,True,False
Singapore,1976-04-01,1976,4,,-0.5965877087319785,False,True,True,False
Singapore,1976-05-01,1976,5,,-0.4473898041686898,False,True,True,False
Singapore,1976-06-01,1976,6,,-0.46191349399343473,False,True,True,False
Singapore,1976-07-01,1976,7,,-0.18860405820050763,False,True,True,False
Singapore,1976-08-01,1976,8,,-0.3179969311845987,False,True,True,False
Singapore,1976-09-01,1976,9,,0.194293218997313,False,True,True,False
Singapore,1976-10-01,1976,10,,-0.6361977718903737,False,True,True,False
Singapore,1976-11-01,1976,11,,-0.2876292160964957,False,True,True,False
Singapore,1976-12-01,1976,12,,-0.1793617101302154,False,True,True,False
Singapore,1977-01-01,1977,1,,-0.04732816626889795,False,True,True,False
Singapore,1977-02-01,1977,2,,-0.6612841452240241,False,True,True,False
Singapore,1977-03-01,1977,3,,-0.33648162732518316,False,True,True,False
Singapore,1977-04-01,1977,4,,0.3131234084724987,False,True,True,False
Singapore,1977-05-01,1977,5,,-0.09486024205897223,False,True,True,False
Singapore,1977-06-01,1977,6,,0.016047934784534423,False,True,True,False
Singapore,1977-07-01,1977,7,,0.062259675135995535,False,True,True,False
Singapore,1977-08-01,1977,8,,-0.10014158381342493,False,True,True,False
Singapore,1977-09-01,1977,9,,0.7858034954960151,False,True,True,False
Singapore,1977-10-01,1977,10,,-0.09221957118174588,False,True,True,False
Singapore,1977-11-01,1977,11,,-0.0803365522342273,False,True,True,False
Singapore,1977-12-01,1977,12,,0.17976952917256805,False,True,True,False
Singapore,1978-01-01,1978,1,,0.23390328215570821,False,True,True,False
Singapore,1978-02-01,1978,2,,0.44251628145658983,False,True,True,False
Singapore,1978-03-01,1978,3,,0.4979703698783431,False,True,True,False
Singapore,1978-04-01,1978,4,,0.045095314434024286,False,True,True,False
Singapore,1978-05-01,1978,5,-0.05,-0.05,True,False,True,False
Singapore,1978-06-01,1978,6,,0.013407263907308092,False,True,True,False
Singapore,1978-07-01,1978,7,0.147,0.147,True,False,True,False
Singapore,1978-08-01,1978,8,0.23,0.23,True,False,True,False
Singapore,1978-09-01,1978,9,-0.227,-0.227,True,False,True,False
Singapore,1978-10-01,1978,10,-0.33,-0.33,True,False,True,False
Singapore,1978-11-01,1978,11,-0.413,-0.413,True,False,True,False
Singapore,1978-12-01,1978,12,-0.435,-0.435,True,False,True,False
Singapore,1979-01-01,1979,1,-0.23,-0.23,True,False,True,False
Singapore,1979-02-01,1979,2,-0.38,-0.38,True,False,True,False
Singapore,1979-03-01,1979,3,-0.175,-0.175,True,False,True,False
Singapore,1979-04-01,1979,4,,0.2563489846121322,False,True,True,False
Singapore,1979-05-01,1979,5,-0.19,-0.19,True,False,True,False
Singapore,1979-06-01,1979,6,,0.08998671934687219,False,True,True,False
Singapore,1979-07-01,1979,7,-0.333,-0.333,True,False,True,False
Singapore,1979-08-01,1979,8,0.39,0.39,True,False,True,False
Singapore,1979-09-01,1979,9,0.043,0.043,True,False,True,False
Singapore,1979-10-01,1979,10,0.25,0.25,True,False,True,False
Singapore,1979-11-01,1979,11,0.617,0.617,True,False,True,False
Singapore,1979-12-01,1979,12,0.435,0.435,True,False,True,False
Singapore,1980-01-01,1980,1,0.23,0.23,True,False,True,False
Singapore,1980-02-01,1980,2,0.38,0.38,True,False,True,False
Singapore,1980-03-01,1980,3,0.175,0.175,True,False,True,False
Singapore,1980-04-01,1980,4,0.0,0.0,True,False,True,False
Singapore,1980-05-01,1980,5,0.24,0.24,True,False,True,False
Singapore,1980-06-01,1980,6,0.0,0.0,True,False,True,False
Singapore,1980-07-01,1980,7,0.187,0.187,True,False,True,False
Singapore,1980-08-01,1980,8,-0.62,-0.62,True,False,True,False
Singapore,1980-09-01,1980,9,0.183,0.183,True,False,True,False
Singapore,1980-10-01,1980,10,0.08,0.08,True,False,True,False
Singapore,1980-11-01,1980,11,-0.203,-0.203,True,False,True,False
Singapore,1980-12-01,1980,12,,-0.04204682451444525,False,True,True,False
Singapore,1981-01-01,1981,1,,-0.7774736638219835,False,True,True,False
Singapore,1981-02-01,1981,2,0.53,0.53,True,False,True,False
Singapore,1981-03-01,1981,3,0.765,0.765,True,False,True,False
Singapore,1981-04-01,1981,4,,-0.08429755855006683,False,True,True,False
Singapore,1981-05-01,1981,5,,-0.02092145749663446,False,True,True,False
Singapore,1981-06-01,1981,6,,0.5679481481248414,False,True,True,False
Singapore,1981-07-01,1981,7,,0.25898965548935854,False,True,True,False
Singapore,1981-08-01,1981,8,,0.7673187993554307,False,True,True,False
Singapore,1981-09-01,1981,9,,-0.17804137469160222,False,True,True,False
Singapore,1981-10-01,1981,10,,0.03189196004789252,False,True,True,False
Singapore,1981-11-01,1981,11,,-0.14635332416488603,False,True,True,False
Singapore,1981-12-01,1981,12,,-0.2308547922361292,False,True,True,False
Singapore,1982-01-01,1982,1,,-0.06317219153225603,False,True,True,False
Singapore,1982-02-01,1982,2,,0.1269561116280411,False,True,True,False
Singapore,1982-03-01,1982,3,,0.2299422758398687,False,True,True,False
Singapore,1982-04-01,1982,4,,-0.13050929890152793,False,True,True,False
Singapore,1982-05-01,1982,5,,-0.0011164259174368252,False,True,True,False
Singapore,1982-06-01,1982,6,,0.1626051684705968,False,True,True,False
Singapore,1982-07-01,1982,7,,0.11375275724190936,False,True,True,False
Singapore,1982-08-01,1982,8,,-0.016960451180794922,False,True,True,False
Singapore,1982-09-01,1982,9,,0.27615401619132984,False,True,True,False
Singapore,1982-10-01,1982,10,,-0.07769588135700095,False,True,True,False
Singapore,1982-11-01,1982,11,,0.4979703698783431,False,True,True,False
Singapore,1982-12-01,1982,12,,0.573229489879294,False,True,True,False
Singapore,1983-01-01,1983,1,,0.8254135586544104,False,True,True,False
Singapore,1983-02-01,1983,2,,1.184544797957194,False,True,True,False
Singapore,1983-03-01,1983,3,,1.5291523474352324,False,True,True,False
Singapore,1983-04-01,1983,4,,1.331102031643256,False,True,True,False
Singapore,1983-05-01,1983,5,,0.6168005593535287,False,True,True,False
Singapore,1983-06-01,1983,6,,0.5521041228614834,False,True,True,False
Singapore,1983-07-01,1983,7,,0.3712181677714783,False,True,True,False
Singapore,1983-08-01,1983,8,,0.3672571614556388,False,True,True,False
Singapore,1983-09-01,1983,9,,-0.07505521047977462,False,True,True,False
Singapore,1983-10-01,1983,10,,0.2088169088220579,False,True,True,False
Singapore,1983-11-01,1983,11,0.057,0.057,True,False,True,False
Singapore,1983-12-01,1983,12,-0.315,-0.315,True,False,True,False
Singapore,1984-01-01,1984,1,,-0.29951223504401425,False,True,True,False
Singapore,1984-02-01,1984,2,,-0.5160472469765749,False,True,True,False
Singapore,1984-03-01,1984,3,-0.955,-0.955,True,False,True,False
Singapore,1984-04-01,1984,4,,-0.22161244416583697,False,True,True,False
Singapore,1984-05-01,1984,5,,-0.5979080441705917,False,True,True,False
Singapore,1984-06-01,1984,6,,-0.09750091293619857,False,True,True,False
Singapore,1984-07-01,1984,7,,-0.5450946266260647,False,True,True,False
Singapore,1984-08-01,1984,8,,0.2880370351388483,False,True,True,False
Singapore,1984-09-01,1984,9,,-0.5213285887310276,False,True,True,False
Singapore,1984-10-01,1984,10,,-0.14107198241043334,False,True,True,False
Singapore,1984-11-01,1984,11,,-0.051289172584737475,False,True,True,False
Singapore,1984-12-01,1984,12,,-0.07769588135700095,False,True,True,False
Singapore,1985-01-01,1985,1,,0.0688613523290614,False,True,True,False
Singapore,1985-02-01,1985,2,,0.8214525523385708,False,True,True,False
Singapore,1985-03-01,1985,3,,0.045095314434024286,False,True,True,False
Singapore,1985-04-01,1985,4,,-0.08429755855006683,False,True,True,False
Singapore,1985-05-01,1985,5,-0.5,-0.5,True,False,True,False
Singapore,1985-06-01,1985,6,,0.3672571614556388,False,True,True,False
Singapore,1985-07-01,1985,7,-0.813,-0.813,True,False,True,False
Singapore,1985-08-01,1985,8,0.11,0.11,True,False,True,False
Singapore,1985-09-01,1985,9,-0.407,-0.407,True,False,True,False
Singapore,1985-10-01,1985,10,-0.21,-0.21,True,False,True,False
Singapore,1985-11-01,1985,11,-0.213,-0.213,True,False,True,False
Singapore,1985-12-01,1985,12,-0.245,-0.245,True,False,True,False
Singapore,1986-01-01,1986,1,-0.82,-0.82,True,False,True,False
Singapore,1986-02-01,1986,2,-0.23,-0.23,True,False,True,False
Singapore,1986-03-01,1986,3,,-0.2427378111836478,False,True,True,False
Singapore,1986-04-01,1986,4,-0.3,-0.3,True,False,True,False
Singapore,1986-05-01,1986,5,-0.12,-0.12,True,False,True,False
Singapore,1986-06-01,1986,6,0.29,0.29,True,False,True,False
Singapore,1986-07-01,1986,7,-0.163,-0.163,True,False,True,False
Singapore,1986-08-01,1986,8,0.01,0.01,True,False,True,False
Singapore,1986-09-01,1986,9,-0.357,-0.357,True,False,True,False
Singapore,1986-10-01,1986,10,-0.32,-0.32,True,False,True,False
Singapore,1986-11-01,1986,11,-0.393,-0.393,True,False,True,False
Singapore,1986-12-01,1986,12,-0.305,-0.305,True,False,True,False
Singapore,1987-01-01,1987,1,,-0.030163805566926688,False,True,True,False
Singapore,1987-02-01,1987,2,-0.2,-0.2,True,False,True,False
Singapore,1987-03-01,1987,3,0.535,0.535,True,False,True,False
Singapore,1987-04-01,1987,4,0.46,0.46,True,False,True,False
Singapore,1987-05-01,1987,5,,0.09526806110132491,False,True,True,False
Singapore,1987-06-01,1987,6,1.21,1.21,True,False,True,False
Singapore,1987-07-01,1987,7,,0.6366055909327264,False,True,True,False
Singapore,1987-08-01,1987,8,,0.1388391305755597,False,True,True,False
Singapore,1987-09-01,1987,9,0.883,0.883,True,False,True,False
Singapore,1987-10-01,1987,10,0.93,0.93,True,False,True,False
Singapore,1987-11-01,1987,11,0.147,0.147,True,False,True,False
Singapore,1987-12-01,1987,12,0.285,0.285,True,False,True,False
Singapore,1988-01-01,1988,1,,0.9759317986563122,False,True,True,False
Singapore,1988-02-01,1988,2,,0.7026223628633852,False,True,True,False
Singapore,1988-03-01,1988,3,-0.235,-0.235,True,False,True,False
Singapore,1988-04-01,1988,4,-0.02,-0.02,True,False,True,False
Singapore,1988-05-01,1988,5,-0.29,-0.29,True,False,True,False
Singapore,1988-06-01,1988,6,0.78,0.78,True,False,True,False
Singapore,1988-07-01,1988,7,0.657,0.657,True,False,True,False
Singapore,1988-08-01,1988,8,-0.69,-0.69,True,False,True,False
Singapore,1988-09-01,1988,9,-0.537,-0.537,True,False,True,False
Singapore,1988-10-01,1988,10,0.0,0.0,True,False,True,False
Singapore,1988-11-01,1988,11,0.307,0.307,True,False,True,False
Singapore,1988-12-01,1988,12,-0.115,-0.115,True,False,True,False
Singapore,1989-01-01,1989,1,-0.25,-0.25,True,False,True,False
Singapore,1989-02-01,1989,2,,-0.33516129188656996,False,True,True,False
Singapore,1989-03-01,1989,3,,-0.3404426336410227,False,True,True,False
Singapore,1989-04-01,1989,4,,-0.3549663234657676,False,True,True,False
Singapore,1989-05-01,1989,5,,-0.08957890030451954,False,True,True,False
Singapore,1989-06-01,1989,6,-0.24,-0.24,True,False,True,False
Singapore,1989-07-01,1989,7,,0.17316785197950219,False,True,True,False
Singapore,1989-08-01,1989,8,,0.13487812425972012,False,True,True,False
Singapore,1989-09-01,1989,9,,-0.10938393188371714,False,True,True,False
Singapore,1989-10-01,1989,10,,-0.052609508023350654,False,True,True,False
Singapore,1989-11-01,1989,11,,0.10186973829439078,False,True,True,False
Singapore,1989-12-01,1989,12,,0.0741426940835141,False,True,True,False
Singapore,1990-01-01,1990,1,,0.08206470671519317,False,True,True,False
Singapore,1990-02-01,1990,2,,0.8240932232157973,False,True,True,False
Singapore,1990-03-01,1990,3,,0.398945211982355,False,True,True,False
Singapore,1990-04-01,1990,4,,0.6550902870733109,False,True,True,False
Singapore,1990-05-01,1990,5,,0.4002655474209682,False,True,True,False
Singapore,1990-06-01,1990,6,,0.6577309579505373,False,True,True,False
Singapore,1990-07-01,1990,7,,0.21805925689235012,False,True,True,False
Singapore,1990-08-01,1990,8,,0.5785108316337467,False,True,True,False
Singapore,1990-09-01,1990,9,,0.13751879513694648,False,True,True,False
Singapore,1990-10-01,1990,10,,0.4319535979476844,False,True,True,False
Singapore,1990-11-01,1990,11,,0.18108986461118126,False,True,True,False
Singapore,1990-12-01,1990,12,,0.2893573705774615,False,True,True,False
Singapore,1991-01-01,1991,1,,0.360655484262573,False,True,True,False
Singapore,1991-02-01,1991,2,,0.29331837689330104,False,True,True,False
Singapore,1991-03-01,1991,3,,0.4702433256674664,False,True,True,False
Singapore,1991-04-01,1991,4,,0.3408504526833753,False,True,True,False
Singapore,1991-05-01,1991,5,,0.03057162460927934,False,True,True,False
Singapore,1991-06-01,1991,6,,0.989135153042444,False,True,True,False
Singapore,1991-07-01,1991,7,,0.6841376667228007,False,True,True,False
Singapore,1991-08-01,1991,8,,0.4676026547902401,False,True,True,False
Singapore,1991-09-01,1991,9,,0.26030999092797175,False,True,True,False
Singapore,1991-10-01,1991,10,,-0.16483802030547048,False,True,True,False
Singapore,1991-11-01,1991,11,,-0.26914451995591127,False,True,True,False
Singapore,1991-12-01,1991,12,,-0.0961805774975854,False,True,True,False
Singapore,1992-01-01,1992,1,,0.06358001057460869,False,True,True,False
Singapore,1992-02-01,1992,2,,0.6075582112832365,False,True,True,False
Singapore,1992-03-01,1992,3,,0.8782269761989375,False,True,True,False
Singapore,1992-04-01,1992,4,,0.8769066407603242,False,True,True,False
Singapore,1992-05-01,1992,5,,0.1626051684705968,False,True,True,False
Singapore,1992-06-01,1992,6,,0.4583603067199479,False,True,True,False
Singapore,1992-07-01,1992,7,,0.07810370039935363,False,True,True,False
Singapore,1992-08-01,1992,8,,0.6748953186525085,False,True,True,False
Singapore,1992-09-01,1992,9,,0.2299422758398687,False,True,True,False
Singapore,1992-10-01,1992,10,-0.15,-0.15,True,False,True,False
Singapore,1992-11-01,1992,11,-0.713,-0.713,True,False,True,False
Singapore,1992-12-01,1992,12,,-0.39985772837861555,False,True,True,False
Singapore,1993-01-01,1993,1,,0.08206470671519317,False,True,True,False
Singapore,1993-02-01,1993,2,-0.067,-0.067,True,False,True,False
Singapore,1993-03-01,1993,3,-0.91,-0.91,True,False,True,False
Singapore,1993-04-01,1993,4,-0.02,-0.02,True,False,True,False
Singapore,1993-05-01,1993,5,-0.286,-0.286,True,False,True,False
Singapore,1993-06-01,1993,6,0.83,0.83,True,False,True,False
Singapore,1993-07-01,1993,7,0.357,0.357,True,False,True,False
Singapore,1993-08-01,1993,8,0.81,0.81,True,False,True,False
Singapore,1993-09-01,1993,9,0.263,0.263,True,False,True,False
Singapore,1993-10-01,1993,10,0.34,0.34,True,False,True,False
Singapore,1993-11-01,1993,11,0.347,0.347,True,False,True,False
Singapore,1993-12-01,1993,12,0.285,0.285,True,False,True,False
Singapore,1994-01-01,1994,1,0.4,0.4,True,False,True,False
Singapore,1994-02-01,1994,2,0.179,0.179,True,False,True,False
Singapore,1994-03-01,1994,3,-0.902,-0.902,True,False,True,False
Singapore,1994-04-01,1994,4,0.07,0.07,True,False,True,False
Singapore,1994-05-01,1994,5,-0.132,-0.132,True,False,True,False
Singapore,1994-06-01,1994,6,,0.17580852285672854,False,True,True,False
Singapore,1994-07-01,1994,7,1.377,1.377,True,False,True,False
Singapore,1994-08-01,1994,8,1.13,1.13,True,False,True,False
Singapore,1994-09-01,1994,9,1.463,1.463,True,False,True,False
Singapore,1994-10-01,1994,10,1.02,1.02,True,False,True,False
Singapore,1994-11-01,1994,11,0.557,0.557,True,False,True,False
Singapore,1994-12-01,1994,12,1.005,1.005,True,False,True,False
Singapore,1995-01-01,1995,1,-0.27,-0.27,True,False,True,False
Singapore,1995-02-01,1995,2,-0.36,-0.36,True,False,True,False
Singapore,1995-03-01,1995,3,,0.40950789549126043,False,True,True,False
Singapore,1995-04-01,1995,4,0.69,0.69,True,False,True,False
Singapore,1995-05-01,1995,5,0.38,0.38,True,False,True,False
Singapore,1995-06-01,1995,6,1.37,1.37,True,False,True,False
Singapore,1995-07-01,1995,7,0.677,0.677,True,False,True,False
Singapore,1995-08-01,1995,8,-0.6,-0.6,True,False,True,False
Singapore,1995-09-01,1995,9,0.803,0.803,True,False,True,False
Singapore,1995-10-01,1995,10,0.46,0.46,True,False,True,False
Singapore,1995-11-01,1995,11,0.577,0.577,True,False,True,False
Singapore,1995-12-01,1995,12,0.665,0.665,True,False,True,False
Singapore,1996-01-01,1996,1,0.26,0.26,True,False,True,False
Singapore,1996-02-01,1996,2,0.5,0.5,True,False,True,False
Singapore,1996-03-01,1996,3,0.555,0.555,True,False,True,False
Singapore,1996-04-01,1996,4,0.16,0.16,True,False,True,False
Singapore,1996-05-01,1996,5,-0.66,-0.66,True,False,True,False
Singapore,1996-06-01,1996,6,,0.45175862952688195,False,True,True,False
Singapore,1996-07-01,1996,7,0.737,0.737,True,False,True,False
Singapore,1996-08-01,1996,8,0.27,0.27,True,False,True,False
Singapore,1996-09-01,1996,9,-0.257,-0.257,True,False,True,False
Singapore,1996-10-01,1996,10,-0.21,-0.21,True,False,True,False
Singapore,1996-11-01,1996,11,-0.113,-0.113,True,False,True,False
Singapore,1996-12-01,1996,12,0.565,0.565,True,False,True,False
Singapore,1997-01-01,1997,1,0.26,0.26,True,False,True,False
Singapore,1997-02-01,1997,2,0.78,0.78,True,False,True,False
Singapore,1997-03-01,1997,3,-0.365,-0.365,True,False,True,False
Singapore,1997-04-01,1997,4,0.34,0.34,True,False,True,False
Singapore,1997-05-01,1997,5,0.568,0.568,True,False,True,False
Singapore,1997-06-01,1997,6,1.9,1.9,True,False,True,False
Singapore,1997-07-01,1997,7,1.597,1.597,True,False,True,False
Singapore,1997-08-01,1997,8,0.09,0.09,True,False,True,False
Singapore,1997-09-01,1997,9,1.283,1.283,True,False,True,False
Singapore,1997-10-01,1997,10,-0.29,-0.29,True,False,True,False
Singapore,1997-11-01,1997,11,1.127,1.127,True,False,True,False
Singapore,1997-12-01,1997,12,1.055,1.055,True,False,True,False
Singapore,1998-01-01,1998,1,1.16,1.16,True,False,True,False
Singapore,1998-02-01,1998,2,2.092,2.092,True,False,True,False
Singapore,1998-03-01,1998,3,1.99,1.99,True,False,True,False
Singapore,1998-04-01,1998,4,1.77,1.77,True,False,True,False
Singapore,1998-05-01,1998,5,0.953,0.953,True,False,True,False
Singapore,1998-06-01,1998,6,1.07,1.07,True,False,True,False
Singapore,1998-07-01,1998,7,0.627,0.627,True,False,True,False
Singapore,1998-08-01,1998,8,-0.21,-0.21,True,False,True,False
Singapore,1998-09-01,1998,9,0.843,0.843,True,False,True,False
Singapore,1998-10-01,1998,10,-0.87,-0.87,True,False,True,False
Singapore,1998-11-01,1998,11,,0.6458479390030186,False,True,True,False
Singapore,1998-12-01,1998,12,0.345,0.345,True,False,True,False
Singapore,1999-01-01,1999,1,,0.5560651291773229,False,True,True,False
Singapore,1999-02-01,1999,2,0.657,0.657,True,False,True,False
Singapore,1999-03-01,1999,3,-0.083,-0.083,True,False,True,False
Singapore,1999-04-01,1999,4,0.58,0.58,True,False,True,False
Singapore,1999-05-01,1999,5,-0.245,-0.245,True,False,True,False
Singapore,1999-06-01,1999,6,0.53,0.53,True,False,True,False
Singapore,1999-07-01,1999,7,0.557,0.557,True,False,True,False
Singapore,1999-08-01,1999,8,0.19,0.19,True,False,True,False
Singapore,1999-09-01,1999,9,,0.307842066718046,False,True,True,False
Singapore,1999-10-01,1999,10,-0.09,-0.09,True,False,True,False
Singapore,1999-11-01,1999,11,0.047,0.047,True,False,True,False
Singapore,1999-12-01,1999,12,,0.014727599345921272,False,True,True,False
Singapore,2000-01-01,2000,1,,0.20089489619037887,False,True,True,False
Singapore,2000-02-01,2000,2,-0.173,-0.173,True,False,True,False
Singapore,2000-03-01,2000,3,0.021,0.021,True,False,True,False
Singapore,2000-04-01,2000,4,,-0.20576841890247888,False,True,True,False
Singapore,2000-05-01,2000,5,0.373,0.373,True,False,True,False
Singapore,2000-06-01,2000,6,,-0.20708875434109206,False,True,True,False
Singapore,2000-07-01,2000,7,,0.9798928049721517,False,True,True,False
Singapore,2000-08-01,2000,8,,0.3131234084724987,False,True,True,False
Singapore,2000-09-01,2000,9,,0.315764079349725,False,True,True,False
Singapore,2000-10-01,2000,10,,0.30256072496359326,False,True,True,False
Singapore,2000-11-01,2000,11,,0.3012403895249801,False,True,True,False
Singapore,2000-12-01,2000,12,-0.035,-0.035,True,False,True,False
Singapore,2001-01-01,2001,1,,0.4689229902288533,False,True,True,False
Singapore,2001-02-01,2001,2,0.319,0.319,True,False,True,False
Singapore,2001-03-01,2001,3,-0.082,-0.082,True,False,True,False
Singapore,2001-04-01,2001,4,0.35,0.35,True,False,True,False
Singapore,2001-05-01,2001,5,0.204,0.204,True,False,True,False
Singapore,2001-06-01,2001,6,,0.20089489619037887,False,True,True,False
Singapore,2001-07-01,2001,7,0.967,0.967,True,False,True,False
Singapore,2001-08-01,2001,8,0.32,0.32,True,False,True,False
Singapore,2001-09-01,2001,9,,0.22202026320818963,False,True,True,False
Singapore,2001-10-01,2001,10,,0.21145757969928425,False,True,True,False
Singapore,2001-11-01,2001,11,,0.009446257591468582,False,True,True,False
Singapore,2001-12-01,2001,12,,0.33953011724476223,False,True,True,False
Singapore,2002-01-01,2002,1,,0.8557812737425133,False,True,True,False
Singapore,2002-02-01,2002,2,-0.084,-0.084,True,False,True,False
Singapore,2002-03-01,2002,3,0.245,0.245,True,False,True,False
Singapore,2002-04-01,2002,4,0.68,0.68,True,False,True,False
Singapore,2002-05-01,2002,5,0.359,0.359,True,False,True,False
Singapore,2002-06-01,2002,6,1.04,1.04,True,False,True,False
Singapore,2002-07-01,2002,7,1.307,1.307,True,False,True,False
Singapore,2002-08-01,2002,8,1.03,1.03,True,False,True,False
Singapore,2002-09-01,2002,9,,0.44383661689520304,False,True,True,False
Singapore,2002-10-01,2002,10,,0.814850875145505,False,True,True,False
Singapore,2002-11-01,2002,11,0.537,0.537,True,False,True,False
Singapore,2002-12-01,2002,12,0.505,0.505,True,False,True,False
Singapore,2003-01-01,2003,1,,0.9244387165503983,False,True,True,False
Singapore,2003-02-01,2003,2,0.387,0.387,True,False,True,False
Singapore,2003-03-01,2003,3,0.795,0.795,True,False,True,False
Singapore,2003-04-01,2003,4,,0.5903938505812653,False,True,True,False
Singapore,2003-05-01,2003,5,0.609,0.609,True,False,True,False
Singapore,2003-06-01,2003,6,,0.7673187993554307,False,True,True,False
Singapore,2003-07-01,2003,7,,0.44251628145658983,False,True,True,False
Singapore,2003-08-01,2003,8,0.6,0.6,True,False,True,False
Singapore,2003-09-01,2003,9,,0.4742043319833059,False,True,True,False
Singapore,2003-10-01,2003,10,,0.15600349127753094,False,True,True,False
Singapore,2003-11-01,2003,11,,0.3316081046130831,False,True,True,False
Singapore,2003-12-01,2003,12,0.125,0.125,True,False,True,False
Singapore,2004-01-01,2004,1,,0.7263884007584224,False,True,True,False
Singapore,2004-02-01,2004,2,0.949,0.949,True,False,True,False
Singapore,2004-03-01,2004,3,-0.172,-0.172,True,False,True,False
Singapore,2004-04-01,2004,4,1.18,1.18,True,False,True,False
Singapore,2004-05-01,2004,5,0.267,0.267,True,False,True,False
Singapore,2004-06-01,2004,6,1.05,1.05,True,False,True,False
Singapore,2004-07-01,2004,7,,0.141479801452786,False,True,True,False
Singapore,2004-08-01,2004,8,1.19,1.19,True,False,True,False
Singapore,2004-09-01,2004,9,1.263,1.263,True,False,True,False
Singapore,2004-10-01,2004,10,0.81,0.81,True,False,True,False
Singapore,2004-11-01,2004,11,-0.143,-0.143,True,False,True,False
Singapore,2004-12-01,2004,12,0.505,0.505,True,False,True,False
Singapore,2005-01-01,2005,1,0.07,0.07,True,False,True,False
Singapore,2005-02-01,2005,2,1.997,1.997,True,False,True,False
Singapore,2005-03-01,2005,3,1.34,1.34,True,False,True,False
Singapore,2005-04-01,2005,4,0.62,0.62,True,False,True,False
Singapore,2005-05-01,2005,5,-0.137,-0.137,True,False,True,False
Singapore,2005-06-01,2005,6,0.93,0.93,True,False,True,False
Singapore,2005-07-01,2005,7,0.857,0.857,True,False,True,False
Singapore,2005-08-01,2005,8,0.65,0.65,True,False,True,False
Singapore,2005-09-01,2005,9,1.473,1.473,True,False,True,False
Singapore,2005-10-01,2005,10,-0.92,-0.92,True,False,True,False
Singapore,2005-11-01,2005,11,0.407,0.407,True,False,True,False
Singapore,2005-12-01,2005,12,-0.845,-0.845,True,False,True,False
Singapore,2006-01-01,2006,1,-0.07,-0.07,True,False,True,False
Singapore,2006-02-01,2006,2,0.388,0.388,True,False,True,False
Singapore,2006-03-01,2006,3,1.116,1.116,True,False,True,False
Singapore,2006-04-01,2006,4,-0.47,-0.47,True,False,True,False
Singapore,2006-05-01,2006,5,0.058,0.058,True,False,True,False
Singapore,2006-06-01,2006,6,0.9,0.9,True,False,True,False
Singapore,2006-07-01,2006,7,1.597,1.597,True,False,True,False
Singapore,2006-08-01,2006,8,0.91,0.91,True,False,True,False
Singapore,2006-09-01,2006,9,0.713,0.713,True,False,True,False
Singapore,2006-10-01,2006,10,1.49,1.49,True,False,True,False
Singapore,2006-11-01,2006,11,1.057,1.057,True,False,True,False
Singapore,2006-12-01,2006,12,,1.1119263488334692,False,True,True,False
Singapore,2007-01-01,2007,1,0.41,0.41,True,False,True,False
Singapore,2007-02-01,2007,2,0.653,0.653,True,False,True,False
Singapore,2007-03-01,2007,3,0.057,0.057,True,False,True,False
Singapore,2007-04-01,2007,4,0.67,0.67,True,False,True,False
Singapore,2007-05-01,2007,5,-0.101,-0.101,True,False,True,False
Singapore,2007-06-01,2007,6,,0.41478923724571315,False,True,True,False
Singapore,2007-07-01,2007,7,,0.5613464709317756,False,True,True,False
Singapore,2007-08-01,2007,8,,0.7831628246187887,False,True,True,False
Singapore,2007-09-01,2007,9,,0.37914018040315733,False,True,True,False
Singapore,2007-10-01,2007,10,,0.48476701549221135,False,True,True,False
Singapore,2007-11-01,2007,11,,0.04113430811818475,False,True,True,False
Singapore,2007-12-01,2007,12,,0.3408504526833753,False,True,True,False
Singapore,2008-01-01,2008,1,,0.7488341032148462,False,True,True,False
Singapore,2008-02-01,2008,2,0.239,0.239,True,False,True,False
Singapore,2008-03-01,2008,3,-0.862,-0.862,True,False,True,False
Singapore,2008-04-01,2008,4,,0.09394772566271176,False,True,True,False
Singapore,2008-05-01,2008,5,0.523,0.523,True,False,True,False
Singapore,2008-06-01,2008,6,,0.26295066180519805,False,True,True,False
Singapore,2008-07-01,2008,7,,0.1309171179438806,False,True,True,False
Singapore,2008-08-01,2008,8,,0.5217364077733803,False,True,True,False
Singapore,2008-09-01,2008,9,-0.157,-0.157,True,False,True,False
Singapore,2008-10-01,2008,10,0.08,0.08,True,False,True,False
Singapore,2008-11-01,2008,11,0.697,0.697,True,False,True,False
Singapore,2008-12-01,2008,12,-0.005,-0.005,True,False,True,False
Singapore,2009-01-01,2009,1,0.7,0.7,True,False,True,False
Singapore,2009-02-01,2009,2,0.336,0.336,True,False,True,False
Singapore,2009-03-01,2009,3,-0.114,-0.114,True,False,True,False
Singapore,2009-04-01,2009,4,0.87,0.87,True,False,True,False
Singapore,2009-05-01,2009,5,0.241,0.241,True,False,True,False
Singapore,2009-06-01,2009,6,1.26,1.26,True,False,True,False
Singapore,2009-07-01,2009,7,1.117,1.117,True,False,True,False
Singapore,2009-08-01,2009,8,0.96,0.96,True,False,True,False
Singapore,2009-09-01,2009,9,0.603,0.603,True,False,True,False
Singapore,2009-10-01,2009,10,0.44,0.44,True,False,True,False
Singapore,2009-11-01,2009,11,0.467,0.467,True,False,True,False
Singapore,2009-12-01,2009,12,0.695,0.695,True,False,True,False
Singapore,2010-01-01,2010,1,-0.35,-0.35,True,False,True,False
Singapore,2010-02-01,2010,2,1.869,1.869,True,False,True,False
Singapore,2010-03-01,2010,3,1.171,1.171,True,False,True,False
Singapore,2010-04-01,2010,4,0.52,0.52,True,False,True,False
Singapore,2010-05-01,2010,5,0.5,0.5,True,False,True,False
Singapore,2010-06-01,2010,6,1.16,1.16,True,False,True,False
Singapore,2010-07-01,2010,7,-0.023,-0.023,True,False,True,False
Singapore,2010-08-01,2010,8,0.61,0.61,True,False,True,False
Singapore,2010-09-01,2010,9,-0.067,-0.067,True,False,True,False
Singapore,2010-10-01,2010,10,0.12,0.12,True,False,True,False
Singapore,2010-11-01,2010,11,0.937,0.937,True,False,True,False
Singapore,2010-12-01,2010,12,0.865,0.865,True,False,True,False
Singapore,2011-01-01,2011,1,-0.65,-0.65,True,False,True,False
Singapore,2011-02-01,2011,2,0.52,0.52,True,False,True,False
Singapore,2011-03-01,2011,3,0.395,0.395,True,False,True,False
Singapore,2011-04-01,2011,4,0.23,0.23,True,False,True,False
Singapore,2011-05-01,2011,5,0.62,0.62,True,False,True,False
Singapore,2011-06-01,2011,6,1.46,1.46,True,False,True,False
Singapore,2011-07-01,2011,7,0.897,0.897,True,False,True,False
Singapore,2011-08-01,2011,8,0.91,0.91,True,False,True,False
Singapore,2011-09-01,2011,9,1.763,1.763,True,False,True,False
Singapore,2011-10-01,2011,10,0.18,0.18,True,False,True,False
Singapore,2011-11-01,2011,11,1.037,1.037,True,False,True,False
Singapore,2011-12-01,2011,12,0.845,0.845,True,False,True,False
Singapore,2012-01-01,2012,1,1.18,1.18,True,False,True,False
Singapore,2012-02-01,2012,2,0.78,0.78,True,False,True,False
Singapore,2012-03-01,2012,3,2.695,2.695,True,False,True,False
Singapore,2012-04-01,2012,4,0.83,0.83,True,False,True,False
Singapore,2012-05-01,2012,5,0.49,0.49,True,False,True,False
Singapore,2012-06-01,2012,6,1.66,1.66,True,False,True,False
Singapore,2012-07-01,2012,7,0.877,0.877,True,False,True,False
Singapore,2012-08-01,2012,8,1.71,1.71,True,False,True,False
Singapore,2012-09-01,2012,9,1.293,1.293,True,False,True,False
Singapore,2012-10-01,2012,10,1.08,1.08,True,False,True,False
Singapore,2012-11-01,2012,11,1.237,1.237,True,False,True,False
Singapore,2012-12-01,2012,12,0.465,0.465,True,False,True,False
Singapore,2013-01-01,2013,1,1.55,1.55,True,False,True,False
Singapore,2013-02-01,2013,2,0.43,0.43,True,False,True,False
Singapore,2013-03-01,2013,3,1.595,1.595,True,False,True,False
Singapore,2013-04-01,2013,4,1.23,1.23,True,False,True,False
Singapore,2013-05-01,2013,5,1.55,1.55,True,False,True,False
Singapore,2013-06-01,2013,6,1.6,1.6,True,False,True,False
Singapore,2013-07-01,2013,7,0.597,0.597,True,False,True,False
Singapore,2013-08-01,2013,8,0.46,0.46,True,False,True,False
Singapore,2013-09-01,2013,9,0.493,0.493,True,False,True,False
Singapore,2013-10-01,2013,10,1.06,1.06,True,False,True,False
Singapore,2013-11-01,2013,11,0.967,0.967,True,False,True,False
Singapore,2013-12-01,2013,12,1.075,1.075,True,False,True,False
Singapore,2014-01-01,2014,1,0.4,0.4,True,False,False,True
Singapore,2014-02-01,2014,2,1.251,1.251,True,False,False,True
Singapore,2014-03-01,2014,3,1.31,1.31,True,False,False,True
Singapore,2014-04-01,2014,4,1.74,1.74,True,False,False,True
Singapore,2014-05-01,2014,5,0.696,0.696,True,False,False,True
Singapore,2014-06-01,2014,6,1.86,1.86,True,False,False,True
Singapore,2014-07-01,2014,7,2.197,2.197,True,False,False,True
Singapore,2014-08-01,2014,8,0.51,0.51,True,False,False,True
Singapore,2014-09-01,2014,9,1.673,1.673,True,False,False,True
Singapore,2014-10-01,2014,10,1.88,1.88,True,False,False,True
Singapore,2014-11-01,2014,11,1.337,1.337,True,False,False,True
Singapore,2014-12-01,2014,12,0.665,0.665,True,False,False,True
Singapore,2015-01-01,2015,1,1.25,1.25,True,False,False,True
Singapore,2015-02-01,2015,2,0.55,0.55,True,False,False,True
Singapore,2015-03-01,2015,3,1.257,1.257,True,False,False,True
Singapore,2015-04-01,2015,4,,1.185865133395807,False,True,False,True
Singapore,2015-05-01,2015,5,1.002,1.002,True,False,False,True
Singapore,2015-06-01,2015,6,1.66,1.66,True,False,False,True
Singapore,2015-07-01,2015,7,2.697,2.697,True,False,False,True
Singapore,2015-08-01,2015,8,1.71,1.71,True,False,False,True
Singapore,2015-09-01,2015,9,2.463,2.463,True,False,False,True
Singapore,2015-10-01,2015,10,2.53,2.53,True,False,False,True
Singapore,2015-11-01,2015,11,2.237,2.237,True,False,False,True
Singapore,2015-12-01,2015,12,1.995,1.995,True,False,False,True
Singapore,2016-01-01,2016,1,1.88,1.88,True,False,False,True
Singapore,2016-02-01,2016,2,1.465,1.465,True,False,False,True
Singapore,2016-03-01,2016,3,1.945,1.945,True,False,False,True
Singapore,2016-04-01,2016,4,2.36,2.36,True,False,False,True
Singapore,2016-05-01,2016,5,1.515,1.515,True,False,False,True
Singapore,2016-06-01,2016,6,1.44,1.44,True,False,False,True
Singapore,2016-07-01,2016,7,2.177,2.177,True,False,False,True
Singapore,2016-08-01,2016,8,1.49,1.49,True,False,False,True
Singapore,2016-09-01,2016,9,1.693,1.693,True,False,False,True
Singapore,2016-10-01,2016,10,1.66,1.66,True,False,False,True
Singapore,2016-11-01,2016,11,1.767,1.767,True,False,False,True
Singapore,2016-12-01,2016,12,1.945,1.945,True,False,False,True
Singapore,2017-01-01,2017,1,1.43,1.43,True,False,False,True
Singapore,2017-02-01,2017,2,1.095,1.095,True,False,False,True
Singapore,2017-03-01,2017,3,0.564,0.564,True,False,False,True
Singapore,2017-04-01,2017,4,1.26,1.26,True,False,False,True
Singapore,2017-05-01,2017,5,0.484,0.484,True,False,False,True
Singapore,2017-06-01,2017,6,1.34,1.34,True,False,False,True
Singapore,2017-07-01,2017,7,0.797,0.797,True,False,False,True
Singapore,2017-08-01,2017,8,0.79,0.79,True,False,False,True
Singapore,2017-09-01,2017,9,1.543,1.543,True,False,False,True
Singapore,2017-10-01,2017,10,1.13,1.13,True,False,False,True
Singapore,2017-11-01,2017,11,1.517,1.517,True,False,False,True
Singapore,2017-12-01,2017,12,1.635,1.635,True,False,False,True
Singapore,2018-01-01,2018,1,0.38,0.38,True,False,False,True
Singapore,2018-02-01,2018,2,0.907,0.907,True,False,False,True
Singapore,2018-03-01,2018,3,0.175,0.175,True,False,False,True
Singapore,2018-04-01,2018,4,1.04,1.04,True,False,False,True
Singapore,2018-05-01,2018,5,0.45,0.45,True,False,False,True
Singapore,2018-06-01,2018,6,1.13,1.13,True,False,False,True
Singapore,2018-07-01,2018,7,1.067,1.067,True,False,False,True
Singapore,2018-08-01,2018,8,1.0,1.0,True,False,False,True
Singapore,2018-09-01,2018,9,0.943,0.943,True,False,False,True
Singapore,2018-10-01,2018,10,1.71,1.71,True,False,False,True
Singapore,2018-11-01,2018,11,1.467,1.467,True,False,False,True
Singapore,2018-12-01,2018,12,1.315,1.315,True,False,False,True
Singapore,2019-01-01,2019,1,1.58,1.58,True,False,False,True
Singapore,2019-02-01,2019,2,1.81,1.81,True,False,False,True
Singapore,2019-03-01,2019,3,1.975,1.975,True,False,False,True
Singapore,2019-04-01,2019,4,1.71,1.71,True,False,False,True
Singapore,2019-05-01,2019,5,0.8,0.8,True,False,False,True
Singapore,2019-06-01,2019,6,1.44,1.44,True,False,False,True
Singapore,2019-07-01,2019,7,2.077,2.077,True,False,False,True
Singapore,2019-08-01,2019,8,1.74,1.74,True,False,False,True
Singapore,2019-09-01,2019,9,1.743,1.743,True,False,False,True
Singapore,2019-10-01,2019,10,1.71,1.71,True,False,False,True
Singapore,2019-11-01,2019,11,1.617,1.617,True,False,False,True
Singapore,2019-12-01,2019,12,1.195,1.195,True,False,False,True
Singapore,2020-01-01,2020,1,1.37,1.37,True,False,False,True
Singapore,2020-02-01,2020,2,1.666,1.666,True,False,False,True
Singapore,2020-03-01,2020,3,1.763,1.763,True,False,False,True
Singapore,2020-04-01,2020,4,1.81,1.81,True,False,False,True
Singapore,2020-05-01,2020,5,0.803,0.803,True,False,False,True
Singapore,2020-06-01,2020,6,1.19,1.19,True,False,False,True
Singapore,2020-07-01,2020,7,1.627,1.627,True,False,False,True
Singapore,2020-08-01,2020,8,1.49,1.49,True,False,False,True
Singapore,2020-09-01,2020,9,0.993,0.993,True,False,False,True
Singapore,2020-10-01,2020,10,1.46,1.46,True,False,False,True
Singapore,2020-11-01,2020,11,1.517,1.517,True,False,False,True
Singapore,2020-12-01,2020,12,1.745,1.745,True,False,False,True
Singapore,2021-01-01,2021,1,0.98,0.98,True,False,False,True
Singapore,2021-02-01,2021,2,1.491,1.491,True,False,False,True
Singapore,2021-03-01,2021,3,1.417,1.417,True,False,False,True
Singapore,2021-04-01,2021,4,1.76,1.76,True,False,False,True
Singapore,2021-05-01,2021,5,1.086,1.086,True,False,False,True
Singapore,2021-06-01,2021,6,1.99,1.99,True,False,False,True
Singapore,2021-07-01,2021,7,1.727,1.727,True,False,False,True
Singapore,2021-08-01,2021,8,0.99,0.99,True,False,False,True
Singapore,2021-09-01,2021,9,1.293,1.293,True,False,False,True
Singapore,2021-10-01,2021,10,1.86,1.86,True,False,False,True
Singapore,2021-11-01,2021,11,1.767,1.767,True,False,False,True
Singapore,2021-12-01,2021,12,1.745,1.745,True,False,False,True
Singapore,2022-01-01,2022,1,1.48,1.48,True,False,False,True
Singapore,2022-02-01,2022,2,1.144,1.144,True,False,False,True
Singapore,2022-03-01,2022,3,1.352,1.352,True,False,False,True
Singapore,2022-04-01,2022,4,1.56,1.56,True,False,False,True
Singapore,2022-05-01,2022,5,1.378,1.378,True,False,False,True
Singapore,2022-06-01,2022,6,0.84,0.84,True,False,False,True
Singapore,2022-07-01,2022,7,1.627,1.627,True,False,False,True
Singapore,2022-08-01,2022,8,1.29,1.29,True,False,False,True
Singapore,2022-09-01,2022,9,1.093,1.093,True,False,False,True
Singapore,2022-10-01,2022,10,1.26,1.26,True,False,False,True
Singapore,2022-11-01,2022,11,1.367,1.367,True,False,False,True
Singapore,2022-12-01,2022,12,1.195,1.195,True,False,False,True
Singapore,2023-01-01,2023,1,,1.238678550940334,False,True,False,True
Singapore,2023-02-01,2023,2,0.989,0.989,True,False,False,True
Singapore,2023-03-01,2023,3,0.35,0.35,True,False,False,True
Singapore,2023-04-01,2023,4,1.46,1.46,True,False,False,True
Singapore,2023-05-01,2023,5,1.408,1.408,True,False,False,True
Singapore,2023-06-01,2023,6,2.29,2.29,True,False,False,True
Singapore,2023-07-01,2023,7,1.877,1.877,True,False,False,True
Singapore,2023-08-01,2023,8,2.74,2.74,True,False,False,True
Singapore,2023-09-01,2023,9,2.743,2.743,True,False,False,True
Singapore,2023-10-01,2023,10,2.91,2.91,True,False,False,True
Singapore,2023-11-01,2023,11,2.467,2.467,True,False,False,True
Singapore,2023-12-01,2023,12,1.695,1.695,True,False,False,True
Thailand,1961-01-01,1961,1,-0.501,-0.501,True,False,True,False
Thailand,1961-02-01,1961,2,0.535,0.535,True,False,True,False
Thailand,1961-03-01,1961,3,0.12,0.12,True,False,True,False
Thailand,1961-04-01,1961,4,-0.076,-0.076,True,False,True,False
Thailand,1961-05-01,1961,5,-0.478,-0.478,True,False,True,False
Thailand,1961-06-01,1961,6,-0.6,-0.6,True,False,True,False
Thailand,1961-07-01,1961,7,-0.295,-0.295,True,False,True,False
Thailand,1961-08-01,1961,8,-0.231,-0.231,True,False,True,False
Thailand,1961-09-01,1961,9,-0.387,-0.387,True,False,True,False
Thailand,1961-10-01,1961,10,-0.217,-0.217,True,False,True,False
Thailand,1961-11-01,1961,11,0.397,0.397,True,False,True,False
Thailand,1961-12-01,1961,12,0.567,0.567,True,False,True,False
Thailand,1962-01-01,1962,1,-0.813,-0.813,True,False,True,False
Thailand,1962-02-01,1962,2,-1.256,-1.256,True,False,True,False
Thailand,1962-03-01,1962,3,-0.379,-0.379,True,False,True,False
Thailand,1962-04-01,1962,4,0.018,0.018,True,False,True,False
Thailand,1962-05-01,1962,5,0.213,0.213,True,False,True,False
Thailand,1962-06-01,1962,6,-0.09,-0.09,True,False,True,False
Thailand,1962-07-01,1962,7,-0.041,-0.041,True,False,True,False
Thailand,1962-08-01,1962,8,-0.083,-0.083,True,False,True,False
Thailand,1962-09-01,1962,9,-0.162,-0.162,True,False,True,False
Thailand,1962-10-01,1962,10,-0.067,-0.067,True,False,True,False
Thailand,1962-11-01,1962,11,0.197,0.197,True,False,True,False
Thailand,1962-12-01,1962,12,-0.858,-0.858,True,False,True,False
Thailand,1963-01-01,1963,1,-2.415,-2.415,True,False,True,False
Thailand,1963-02-01,1963,2,-1.033,-1.033,True,False,True,False
Thailand,1963-03-01,1963,3,-0.764,-0.764,True,False,True,False
Thailand,1963-04-01,1963,4,-0.21,-0.21,True,False,True,False
Thailand,1963-05-01,1963,5,0.902,0.902,True,False,True,False
Thailand,1963-06-01,1963,6,-0.045,-0.045,True,False,True,False
Thailand,1963-07-01,1963,7,-0.437,-0.437,True,False,True,False
Thailand,1963-08-01,1963,8,-0.013,-0.013,True,False,True,False
Thailand,1963-09-01,1963,9,0.149,0.149,True,False,True,False
Thailand,1963-10-01,1963,10,-0.098,-0.098,True,False,True,False
Thailand,1963-11-01,1963,11,0.883,0.883,True,False,True,False
Thailand,1963-12-01,1963,12,-0.038,-0.038,True,False,True,False
Thailand,1964-01-01,1964,1,1.155,1.155,True,False,True,False
Thailand,1964-02-01,1964,2,0.095,0.095,True,False,True,False
Thailand,1964-03-01,1964,3,-0.138,-0.138,True,False,True,False
Thailand,1964-04-01,1964,4,0.142,0.142,True,False,True,False
Thailand,1964-05-01,1964,5,-0.682,-0.682,True,False,True,False
Thailand,1964-06-01,1964,6,-0.036,-0.036,True,False,True,False
Thailand,1964-07-01,1964,7,0.051,0.051,True,False,True,False
Thailand,1964-08-01,1964,8,-0.07,-0.07,True,False,True,False
Thailand,1964-09-01,1964,9,-0.06,-0.06,True,False,True,False
Thailand,1964-10-01,1964,10,0.152,0.152,True,False,True,False
Thailand,1964-11-01,1964,11,-1.034,-1.034,True,False,True,False
Thailand,1964-12-01,1964,12,-0.921,-0.921,True,False,True,False
Thailand,1965-01-01,1965,1,-1.167,-1.167,True,False,True,False
Thailand,1965-02-01,1965,2,0.424,0.424,True,False,True,False
Thailand,1965-03-01,1965,3,-0.574,-0.574,True,False,True,False
Thailand,1965-04-01,1965,4,-0.288,-0.288,True,False,True,False
Thailand,1965-05-01,1965,5,-0.221,-0.221,True,False,True,False
Thailand,1965-06-01,1965,6,-0.606,-0.606,True,False,True,False
Thailand,1965-07-01,1965,7,-0.013,-0.013,True,False,True,False
Thailand,1965-08-01,1965,8,0.01,0.01,True,False,True,False
Thailand,1965-09-01,1965,9,-0.185,-0.185,True,False,True,False
Thailand,1965-10-01,1965,10,0.164,0.164,True,False,True,False
Thailand,1965-11-01,1965,11,0.523,0.523,True,False,True,False
Thailand,1965-12-01,1965,12,1.221,1.221,True,False,True,False
Thailand,1966-01-01,1966,1,1.353,1.353,True,False,True,False
Thailand,1966-02-01,1966,2,1.041,1.041,True,False,True,False
Thailand,1966-03-01,1966,3,0.579,0.579,True,False,True,False
Thailand,1966-04-01,1966,4,0.469,0.469,True,False,True,False
Thailand,1966-05-01,1966,5,-0.469,-0.469,True,False,True,False
Thailand,1966-06-01,1966,6,-0.015,-0.015,True,False,True,False
Thailand,1966-07-01,1966,7,0.075,0.075,True,False,True,False
Thailand,1966-08-01,1966,8,-0.104,-0.104,True,False,True,False
Thailand,1966-09-01,1966,9,-0.208,-0.208,True,False,True,False
Thailand,1966-10-01,1966,10,0.325,0.325,True,False,True,False
Thailand,1966-11-01,1966,11,0.515,0.515,True,False,True,False
Thailand,1966-12-01,1966,12,1.401,1.401,True,False,True,False
Thailand,1967-01-01,1967,1,-0.433,-0.433,True,False,True,False
Thailand,1967-02-01,1967,2,-0.599,-0.599,True,False,True,False
Thailand,1967-03-01,1967,3,-0.442,-0.442,True,False,True,False
Thailand,1967-04-01,1967,4,-0.417,-0.417,True,False,True,False
Thailand,1967-05-01,1967,5,-0.218,-0.218,True,False,True,False
Thailand,1967-06-01,1967,6,0.281,0.281,True,False,True,False
Thailand,1967-07-01,1967,7,0.185,0.185,True,False,True,False
Thailand,1967-08-01,1967,8,0.01,0.01,True,False,True,False
Thailand,1967-09-01,1967,9,-0.163,-0.163,True,False,True,False
Thailand,1967-10-01,1967,10,-0.581,-0.581,True,False,True,False
Thailand,1967-11-01,1967,11,0.3,0.3,True,False,True,False
Thailand,1967-12-01,1967,12,-0.651,-0.651,True,False,True,False
Thailand,1968-01-01,1968,1,-0.082,-0.082,True,False,True,False
Thailand,1968-02-01,1968,2,-0.849,-0.849,True,False,True,False
Thailand,1968-03-01,1968,3,0.052,0.052,True,False,True,False
Thailand,1968-04-01,1968,4,-1.028,-1.028,True,False,True,False
Thailand,1968-05-01,1968,5,-0.507,-0.507,True,False,True,False
Thailand,1968-06-01,1968,6,-0.182,-0.182,True,False,True,False
Thailand,1968-07-01,1968,7,0.287,0.287,True,False,True,False
Thailand,1968-08-01,1968,8,0.207,0.207,True,False,True,False
Thailand,1968-09-01,1968,9,0.207,0.207,True,False,True,False
Thailand,1968-10-01,1968,10,-0.04,-0.04,True,False,True,False
Thailand,1968-11-01,1968,11,1.011,1.011,True,False,True,False
Thailand,1968-12-01,1968,12,1.482,1.482,True,False,True,False
Thailand,1969-01-01,1969,1,1.654,1.654,True,False,True,False
Thailand,1969-02-01,1969,2,0.483,0.483,True,False,True,False
Thailand,1969-03-01,1969,3,0.737,0.737,True,False,True,False
Thailand,1969-04-01,1969,4,0.468,0.468,True,False,True,False
Thailand,1969-05-01,1969,5,0.658,0.658,True,False,True,False
Thailand,1969-06-01,1969,6,0.226,0.226,True,False,True,False
Thailand,1969-07-01,1969,7,-0.164,-0.164,True,False,True,False
Thailand,1969-08-01,1969,8,-0.006,-0.006,True,False,True,False
Thailand,1969-09-01,1969,9,0.059,0.059,True,False,True,False
Thailand,1969-10-01,1969,10,0.417,0.417,True,False,True,False
Thailand,1969-11-01,1969,11,-0.566,-0.566,True,False,True,False
Thailand,1969-12-01,1969,12,-0.712,-0.712,True,False,True,False
Thailand,1970-01-01,1970,1,0.633,0.633,True,False,True,False
Thailand,1970-02-01,1970,2,0.165,0.165,True,False,True,False
Thailand,1970-03-01,1970,3,0.61,0.61,True,False,True,False
Thailand,1970-04-01,1970,4,-0.359,-0.359,True,False,True,False
Thailand,1970-05-01,1970,5,0.1,0.1,True,False,True,False
Thailand,1970-06-01,1970,6,-0.059,-0.059,True,False,True,False
Thailand,1970-07-01,1970,7,-0.135,-0.135,True,False,True,False
Thailand,1970-08-01,1970,8,-0.205,-0.205,True,False,True,False
Thailand,1970-09-01,1970,9,0.075,0.075,True,False,True,False
Thailand,1970-10-01,1970,10,-0.116,-0.116,True,False,True,False
Thailand,1970-11-01,1970,11,-0.055,-0.055,True,False,True,False
Thailand,1970-12-01,1970,12,0.914,0.914,True,False,True,False
Thailand,1971-01-01,1971,1,-1.066,-1.066,True,False,True,False
Thailand,1971-02-01,1971,2,-0.749,-0.749,True,False,True,False
Thailand,1971-03-01,1971,3,-0.603,-0.603,True,False,True,False
Thailand,1971-04-01,1971,4,-0.219,-0.219,True,False,True,False
Thailand,1971-05-01,1971,5,-0.392,-0.392,True,False,True,False
Thailand,1971-06-01,1971,6,-0.565,-0.565,True,False,True,False
Thailand,1971-07-01,1971,7,-0.506,-0.506,True,False,True,False
Thailand,1971-08-01,1971,8,-0.42,-0.42,True,False,True,False
Thailand,1971-09-01,1971,9,0.146,0.146,True,False,True,False
Thailand,1971-10-01,1971,10,-0.836,-0.836,True,False,True,False
Thailand,1971-11-01,1971,11,-1.592,-1.592,True,False,True,False
Thailand,1971-12-01,1971,12,-0.058,-0.058,True,False,True,False
Thailand,1972-01-01,1972,1,-1.05,-1.05,True,False,True,False
Thailand,1972-02-01,1972,2,0.203,0.203,True,False,True,False
Thailand,1972-03-01,1972,3,-0.992,-0.992,True,False,True,False
Thailand,1972-04-01,1972,4,-1.106,-1.106,True,False,True,False
Thailand,1972-05-01,1972,5,0.983,0.983,True,False,True,False
Thailand,1972-06-01,1972,6,0.087,0.087,True,False,True,False
Thailand,1972-07-01,1972,7,0.254,0.254,True,False,True,False
Thailand,1972-08-01,1972,8,0.05,0.05,True,False,True,False
Thailand,1972-09-01,1972,9,0.275,0.275,True,False,True,False
Thailand,1972-10-01,1972,10,0.687,0.687,True,False,True,False
Thailand,1972-11-01,1972,11,1.006,1.006,True,False,True,False
Thailand,1972-12-01,1972,12,0.915,0.915,True,False,True,False
Thailand,1973-01-01,1973,1,0.49,0.49,True,False,True,False
Thailand,1973-02-01,1973,2,1.227,1.227,True,False,True,False
Thailand,1973-03-01,1973,3,0.583,0.583,True,False,True,False
Thailand,1973-04-01,1973,4,1.085,1.085,True,False,True,False
Thailand,1973-05-01,1973,5,0.031,0.031,True,False,True,False
Thailand,1973-06-01,1973,6,0.34,0.34,True,False,True,False
Thailand,1973-07-01,1973,7,0.195,0.195,True,False,True,False
Thailand,1973-08-01,1973,8,0.068,0.068,True,False,True,False
Thailand,1973-09-01,1973,9,0.046,0.046,True,False,True,False
Thailand,1973-10-01,1973,10,-0.06,-0.06,True,False,True,False
Thailand,1973-11-01,1973,11,-0.686,-0.686,True,False,True,False
Thailand,1973-12-01,1973,12,-1.43,-1.43,True,False,True,False
Thailand,1974-01-01,1974,1,-0.863,-0.863,True,False,True,False
Thailand,1974-02-01,1974,2,-0.967,-0.967,True,False,True,False
Thailand,1974-03-01,1974,3,-0.824,-0.824,True,False,True,False
Thailand,1974-04-01,1974,4,-0.875,-0.875,True,False,True,False
Thailand,1974-05-01,1974,5,-0.693,-0.693,True,False,True,False
Thailand,1974-06-01,1974,6,-0.17,-0.17,True,False,True,False
Thailand,1974-07-01,1974,7,0.043,0.043,True,False,True,False
Thailand,1974-08-01,1974,8,0.015,0.015,True,False,True,False
Thailand,1974-09-01,1974,9,0.069,0.069,True,False,True,False
Thailand,1974-10-01,1974,10,0.153,0.153,True,False,True,False
Thailand,1974-11-01,1974,11,-0.062,-0.062,True,False,True,False
Thailand,1974-12-01,1974,12,0.727,0.727,True,False,True,False
Thailand,1975-01-01,1975,1,0.589,0.589,True,False,True,False
Thailand,1975-02-01,1975,2,0.23,0.23,True,False,True,False
Thailand,1975-03-01,1975,3,0.365,0.365,True,False,True,False
Thailand,1975-04-01,1975,4,0.56,0.56,True,False,True,False
Thailand,1975-05-01,1975,5,-0.407,-0.407,True,False,True,False
Thailand,1975-06-01,1975,6,-0.4,-0.4,True,False,True,False
Thailand,1975-07-01,1975,7,-0.112,-0.112,True,False,True,False
Thailand,1975-08-01,1975,8,-0.014,-0.014,True,False,True,False
Thailand,1975-09-01,1975,9,-0.035,-0.035,True,False,True,False
Thailand,1975-10-01,1975,10,0.038,0.038,True,False,True,False
Thailand,1975-11-01,1975,11,-0.402,-0.402,True,False,True,False
Thailand,1975-12-01,1975,12,-2.028,-2.028,True,False,True,False
Thailand,1976-01-01,1976,1,-1.82,-1.82,True,False,True,False
Thailand,1976-02-01,1976,2,-0.32,-0.32,True,False,True,False
Thailand,1976-03-01,1976,3,-0.447,-0.447,True,False,True,False
Thailand,1976-04-01,1976,4,-0.194,-0.194,True,False,True,False
Thailand,1976-05-01,1976,5,-0.911,-0.911,True,False,True,False
Thailand,1976-06-01,1976,6,0.026,0.026,True,False,True,False
Thailand,1976-07-01,1976,7,-0.029,-0.029,True,False,True,False
Thailand,1976-08-01,1976,8,-0.332,-0.332,True,False,True,False
Thailand,1976-09-01,1976,9,0.089,0.089,True,False,True,False
Thailand,1976-10-01,1976,10,0.396,0.396,True,False,True,False
Thailand,1976-11-01,1976,11,-0.62,-0.62,True,False,True,False
Thailand,1976-12-01,1976,12,0.262,0.262,True,False,True,False
Thailand,1977-01-01,1977,1,0.427,0.427,True,False,True,False
Thailand,1977-02-01,1977,2,-1.064,-1.064,True,False,True,False
Thailand,1977-03-01,1977,3,-0.609,-0.609,True,False,True,False
Thailand,1977-04-01,1977,4,-0.303,-0.303,True,False,True,False
Thailand,1977-05-01,1977,5,-0.029,-0.029,True,False,True,False
Thailand,1977-06-01,1977,6,1.222,1.222,True,False,True,False
Thailand,1977-07-01,1977,7,0.437,0.437,True,False,True,False
Thailand,1977-08-01,1977,8,0.44,0.44,True,False,True,False
Thailand,1977-09-01,1977,9,0.015,0.015,True,False,True,False
Thailand,1977-10-01,1977,10,0.564,0.564,True,False,True,False
Thailand,1977-11-01,1977,11,-0.303,-0.303,True,False,True,False
Thailand,1977-12-01,1977,12,0.683,0.683,True,False,True,False
Thailand,1978-01-01,1978,1,1.063,1.063,True,False,True,False
Thailand,1978-02-01,1978,2,0.219,0.219,True,False,True,False
Thailand,1978-03-01,1978,3,0.747,0.747,True,False,True,False
Thailand,1978-04-01,1978,4,0.243,0.243,True,False,True,False
Thailand,1978-05-01,1978,5,0.013,0.013,True,False,True,False
Thailand,1978-06-01,1978,6,0.304,0.304,True,False,True,False
Thailand,1978-07-01,1978,7,-0.14,-0.14,True,False,True,False
Thailand,1978-08-01,1978,8,0.171,0.171,True,False,True,False
Thailand,1978-09-01,1978,9,-0.084,-0.084,True,False,True,False
Thailand,1978-10-01,1978,10,-0.019,-0.019,True,False,True,False
Thailand,1978-11-01,1978,11,0.148,0.148,True,False,True,False
Thailand,1978-12-01,1978,12,0.368,0.368,True,False,True,False
Thailand,1979-01-01,1979,1,1.765,1.765,True,False,True,False
Thailand,1979-02-01,1979,2,1.28,1.28,True,False,True,False
Thailand,1979-03-01,1979,3,1.306,1.306,True,False,True,False
Thailand,1979-04-01,1979,4,0.615,0.615,True,False,True,False
Thailand,1979-05-01,1979,5,0.417,0.417,True,False,True,False
Thailand,1979-06-01,1979,6,0.21,0.21,True,False,True,False
Thailand,1979-07-01,1979,7,0.708,0.708,True,False,True,False
Thailand,1979-08-01,1979,8,0.387,0.387,True,False,True,False
Thailand,1979-09-01,1979,9,0.426,0.426,True,False,True,False
Thailand,1979-10-01,1979,10,-0.147,-0.147,True,False,True,False
Thailand,1979-11-01,1979,11,-0.257,-0.257,True,False,True,False
Thailand,1979-12-01,1979,12,0.173,0.173,True,False,True,False
Thailand,1980-01-01,1980,1,0.476,0.476,True,False,True,False
Thailand,1980-02-01,1980,2,0.517,0.517,True,False,True,False
Thailand,1980-03-01,1980,3,1.067,1.067,True,False,True,False
Thailand,1980-04-01,1980,4,1.034,1.034,True,False,True,False
Thailand,1980-05-01,1980,5,0.879,0.879,True,False,True,False
Thailand,1980-06-01,1980,6,-0.002,-0.002,True,False,True,False
Thailand,1980-07-01,1980,7,0.4,0.4,True,False,True,False
Thailand,1980-08-01,1980,8,0.344,0.344,True,False,True,False
Thailand,1980-09-01,1980,9,0.113,0.113,True,False,True,False
Thailand,1980-10-01,1980,10,0.369,0.369,True,False,True,False
Thailand,1980-11-01,1980,11,0.592,0.592,True,False,True,False
Thailand,1980-12-01,1980,12,0.83,0.83,True,False,True,False
Thailand,1981-01-01,1981,1,-0.189,-0.189,True,False,True,False
Thailand,1981-02-01,1981,2,0.724,0.724,True,False,True,False
Thailand,1981-03-01,1981,3,0.647,0.647,True,False,True,False
Thailand,1981-04-01,1981,4,-0.018,-0.018,True,False,True,False
Thailand,1981-05-01,1981,5,-0.114,-0.114,True,False,True,False
Thailand,1981-06-01,1981,6,-0.093,-0.093,True,False,True,False
Thailand,1981-07-01,1981,7,-0.01,-0.01,True,False,True,False
Thailand,1981-08-01,1981,8,0.418,0.418,True,False,True,False
Thailand,1981-09-01,1981,9,0.589,0.589,True,False,True,False
Thailand,1981-10-01,1981,10,0.444,0.444,True,False,True,False
Thailand,1981-11-01,1981,11,0.428,0.428,True,False,True,False
Thailand,1981-12-01,1981,12,-1.037,-1.037,True,False,True,False
Thailand,1982-01-01,1982,1,-0.267,-0.267,True,False,True,False
Thailand,1982-02-01,1982,2,0.573,0.573,True,False,True,False
Thailand,1982-03-01,1982,3,0.812,0.812,True,False,True,False
Thailand,1982-04-01,1982,4,-0.68,-0.68,True,False,True,False
Thailand,1982-05-01,1982,5,0.451,0.451,True,False,True,False
Thailand,1982-06-01,1982,6,0.165,0.165,True,False,True,False
Thailand,1982-07-01,1982,7,0.134,0.134,True,False,True,False
Thailand,1982-08-01,1982,8,-0.104,-0.104,True,False,True,False
Thailand,1982-09-01,1982,9,-0.06,-0.06,True,False,True,False
Thailand,1982-10-01,1982,10,0.413,0.413,True,False,True,False
Thailand,1982-11-01,1982,11,1.283,1.283,True,False,True,False
Thailand,1982-12-01,1982,12,-1.02,-1.02,True,False,True,False
Thailand,1983-01-01,1983,1,-0.27,-0.27,True,False,True,False
Thailand,1983-02-01,1983,2,0.931,0.931,True,False,True,False
Thailand,1983-03-01,1983,3,0.724,0.724,True,False,True,False
Thailand,1983-04-01,1983,4,1.769,1.769,True,False,True,False
Thailand,1983-05-01,1983,5,1.14,1.14,True,False,True,False
Thailand,1983-06-01,1983,6,0.706,0.706,True,False,True,False
Thailand,1983-07-01,1983,7,0.93,0.93,True,False,True,False
Thailand,1983-08-01,1983,8,0.477,0.477,True,False,True,False
Thailand,1983-09-01,1983,9,0.439,0.439,True,False,True,False
Thailand,1983-10-01,1983,10,0.274,0.274,True,False,True,False
Thailand,1983-11-01,1983,11,-0.77,-0.77,True,False,True,False
Thailand,1983-12-01,1983,12,-0.623,-0.623,True,False,True,False
Thailand,1984-01-01,1984,1,-0.275,-0.275,True,False,True,False
Thailand,1984-02-01,1984,2,0.924,0.924,True,False,True,False
Thailand,1984-03-01,1984,3,0.223,0.223,True,False,True,False
Thailand,1984-04-01,1984,4,0.517,0.517,True,False,True,False
Thailand,1984-05-01,1984,5,-0.006,-0.006,True,False,True,False
Thailand,1984-06-01,1984,6,-0.099,-0.099,True,False,True,False
Thailand,1984-07-01,1984,7,0.03,0.03,True,False,True,False
Thailand,1984-08-01,1984,8,0.357,0.357,True,False,True,False
Thailand,1984-09-01,1984,9,0.07,0.07,True,False,True,False
Thailand,1984-10-01,1984,10,-0.277,-0.277,True,False,True,False
Thailand,1984-11-01,1984,11,0.408,0.408,True,False,True,False
Thailand,1984-12-01,1984,12,0.422,0.422,True,False,True,False
Thailand,1985-01-01,1985,1,0.892,0.892,True,False,True,False
Thailand,1985-02-01,1985,2,1.234,1.234,True,False,True,False
Thailand,1985-03-01,1985,3,0.355,0.355,True,False,True,False
Thailand,1985-04-01,1985,4,0.186,0.186,True,False,True,False
Thailand,1985-05-01,1985,5,-0.216,-0.216,True,False,True,False
Thailand,1985-06-01,1985,6,-0.209,-0.209,True,False,True,False
Thailand,1985-07-01,1985,7,-0.191,-0.191,True,False,True,False
Thailand,1985-08-01,1985,8,0.214,0.214,True,False,True,False
Thailand,1985-09-01,1985,9,0.09,0.09,True,False,True,False
Thailand,1985-10-01,1985,10,0.038,0.038,True,False,True,False
Thailand,1985-11-01,1985,11,0.787,0.787,True,False,True,False
Thailand,1985-12-01,1985,12,-0.004,-0.004,True,False,True,False
Thailand,1986-01-01,1986,1,-0.529,-0.529,True,False,True,False
Thailand,1986-02-01,1986,2,0.334,0.334,True,False,True,False
Thailand,1986-03-01,1986,3,-0.314,-0.314,True,False,True,False
Thailand,1986-04-01,1986,4,0.195,0.195,True,False,True,False
Thailand,1986-05-01,1986,5,-0.479,-0.479,True,False,True,False
Thailand,1986-06-01,1986,6,0.384,0.384,True,False,True,False
Thailand,1986-07-01,1986,7,0.127,0.127,True,False,True,False
Thailand,1986-08-01,1986,8,0.527,0.527,True,False,True,False
Thailand,1986-09-01,1986,9,0.234,0.234,True,False,True,False
Thailand,1986-10-01,1986,10,0.311,0.311,True,False,True,False
Thailand,1986-11-01,1986,11,0.273,0.273,True,False,True,False
Thailand,1986-12-01,1986,12,0.475,0.475,True,False,True,False
Thailand,1987-01-01,1987,1,0.841,0.841,True,False,True,False
Thailand,1987-02-01,1987,2,0.515,0.515,True,False,True,False
Thailand,1987-03-01,1987,3,0.51,0.51,True,False,True,False
Thailand,1987-04-01,1987,4,0.567,0.567,True,False,True,False
Thailand,1987-05-01,1987,5,0.867,0.867,True,False,True,False
Thailand,1987-06-01,1987,6,0.694,0.694,True,False,True,False
Thailand,1987-07-01,1987,7,0.98,0.98,True,False,True,False
Thailand,1987-08-01,1987,8,0.669,0.669,True,False,True,False
Thailand,1987-09-01,1987,9,0.546,0.546,True,False,True,False
Thailand,1987-10-01,1987,10,0.961,0.961,True,False,True,False
Thailand,1987-11-01,1987,11,1.535,1.535,True,False,True,False
Thailand,1987-12-01,1987,12,-1.356,-1.356,True,False,True,False
Thailand,1988-01-01,1988,1,1.305,1.305,True,False,True,False
Thailand,1988-02-01,1988,2,1.462,1.462,True,False,True,False
Thailand,1988-03-01,1988,3,1.167,1.167,True,False,True,False
Thailand,1988-04-01,1988,4,0.264,0.264,True,False,True,False
Thailand,1988-05-01,1988,5,-0.108,-0.108,True,False,True,False
Thailand,1988-06-01,1988,6,0.095,0.095,True,False,True,False
Thailand,1988-07-01,1988,7,0.383,0.383,True,False,True,False
Thailand,1988-08-01,1988,8,0.424,0.424,True,False,True,False
Thailand,1988-09-01,1988,9,0.572,0.572,True,False,True,False
Thailand,1988-10-01,1988,10,-0.053,-0.053,True,False,True,False
Thailand,1988-11-01,1988,11,-0.904,-0.904,True,False,True,False
Thailand,1988-12-01,1988,12,-0.393,-0.393,True,False,True,False
Thailand,1989-01-01,1989,1,1.495,1.495,True,False,True,False
Thailand,1989-02-01,1989,2,0.285,0.285,True,False,True,False
Thailand,1989-03-01,1989,3,-0.264,-0.264,True,False,True,False
Thailand,1989-04-01,1989,4,0.724,0.724,True,False,True,False
Thailand,1989-05-01,1989,5,0.093,0.093,True,False,True,False
Thailand,1989-06-01,1989,6,-0.058,-0.058,True,False,True,False
Thailand,1989-07-01,1989,7,0.428,0.428,True,False,True,False
Thailand,1989-08-01,1989,8,0.38,0.38,True,False,True,False
Thailand,1989-09-01,1989,9,0.347,0.347,True,False,True,False
Thailand,1989-10-01,1989,10,0.15,0.15,True,False,True,False
Thailand,1989-11-01,1989,11,0.402,0.402,True,False,True,False
Thailand,1989-12-01,1989,12,-0.21,-0.21,True,False,True,False
Thailand,1990-01-01,1990,1,1.567,1.567,True,False,True,False
Thailand,1990-02-01,1990,2,1.14,1.14,True,False,True,False
Thailand,1990-03-01,1990,3,0.135,0.135,True,False,True,False
Thailand,1990-04-01,1990,4,0.697,0.697,True,False,True,False
Thailand,1990-05-01,1990,5,-0.138,-0.138,True,False,True,False
Thailand,1990-06-01,1990,6,0.455,0.455,True,False,True,False
Thailand,1990-07-01,1990,7,0.205,0.205,True,False,True,False
Thailand,1990-08-01,1990,8,0.838,0.838,True,False,True,False
Thailand,1990-09-01,1990,9,0.475,0.475,True,False,True,False
Thailand,1990-10-01,1990,10,0.366,0.366,True,False,True,False
Thailand,1990-11-01,1990,11,0.633,0.633,True,False,True,False
Thailand,1990-12-01,1990,12,0.525,0.525,True,False,True,False
Thailand,1991-01-01,1991,1,1.896,1.896,True,False,True,False
Thailand,1991-02-01,1991,2,0.744,0.744,True,False,True,False
Thailand,1991-03-01,1991,3,1.457,1.457,True,False,True,False
Thailand,1991-04-01,1991,4,0.85,0.85,True,False,True,False
Thailand,1991-05-01,1991,5,0.773,0.773,True,False,True,False
Thailand,1991-06-01,1991,6,0.289,0.289,True,False,True,False
Thailand,1991-07-01,1991,7,0.399,0.399,True,False,True,False
Thailand,1991-08-01,1991,8,0.114,0.114,True,False,True,False
Thailand,1991-09-01,1991,9,0.521,0.521,True,False,True,False
Thailand,1991-10-01,1991,10,0.091,0.091,True,False,True,False
Thailand,1991-11-01,1991,11,0.032,0.032,True,False,True,False
Thailand,1991-12-01,1991,12,0.575,0.575,True,False,True,False
Thailand,1992-01-01,1992,1,-0.246,-0.246,True,False,True,False
Thailand,1992-02-01,1992,2,0.031,0.031,True,False,True,False
Thailand,1992-03-01,1992,3,0.827,0.827,True,False,True,False
Thailand,1992-04-01,1992,4,1.699,1.699,True,False,True,False
Thailand,1992-05-01,1992,5,1.427,1.427,True,False,True,False
Thailand,1992-06-01,1992,6,0.593,0.593,True,False,True,False
Thailand,1992-07-01,1992,7,0.233,0.233,True,False,True,False
Thailand,1992-08-01,1992,8,0.302,0.302,True,False,True,False
Thailand,1992-09-01,1992,9,0.477,0.477,True,False,True,False
Thailand,1992-10-01,1992,10,-0.777,-0.777,True,False,True,False
Thailand,1992-11-01,1992,11,-0.849,-0.849,True,False,True,False
Thailand,1992-12-01,1992,12,0.274,0.274,True,False,True,False
Thailand,1993-01-01,1993,1,0.239,0.239,True,False,True,False
Thailand,1993-02-01,1993,2,-0.376,-0.376,True,False,True,False
Thailand,1993-03-01,1993,3,0.21,0.21,True,False,True,False
Thailand,1993-04-01,1993,4,0.047,0.047,True,False,True,False
Thailand,1993-05-01,1993,5,0.315,0.315,True,False,True,False
Thailand,1993-06-01,1993,6,0.824,0.824,True,False,True,False
Thailand,1993-07-01,1993,7,0.861,0.861,True,False,True,False
Thailand,1993-08-01,1993,8,0.229,0.229,True,False,True,False
Thailand,1993-09-01,1993,9,0.206,0.206,True,False,True,False
Thailand,1993-10-01,1993,10,0.037,0.037,True,False,True,False
Thailand,1993-11-01,1993,11,0.665,0.665,True,False,True,False
Thailand,1993-12-01,1993,12,-0.048,-0.048,True,False,True,False
Thailand,1994-01-01,1994,1,1.404,1.404,True,False,True,False
Thailand,1994-02-01,1994,2,1.938,1.938,True,False,True,False
Thailand,1994-03-01,1994,3,-0.271,-0.271,True,False,True,False
Thailand,1994-04-01,1994,4,0.551,0.551,True,False,True,False
Thailand,1994-05-01,1994,5,0.13,0.13,True,False,True,False
Thailand,1994-06-01,1994,6,-0.154,-0.154,True,False,True,False
Thailand,1994-07-01,1994,7,0.146,0.146,True,False,True,False
Thailand,1994-08-01,1994,8,-0.074,-0.074,True,False,True,False
Thailand,1994-09-01,1994,9,0.343,0.343,True,False,True,False
Thailand,1994-10-01,1994,10,-0.265,-0.265,True,False,True,False
Thailand,1994-11-01,1994,11,0.53,0.53,True,False,True,False
Thailand,1994-12-01,1994,12,1.414,1.414,True,False,True,False
Thailand,1995-01-01,1995,1,1.205,1.205,True,False,True,False
Thailand,1995-02-01,1995,2,0.192,0.192,True,False,True,False
Thailand,1995-03-01,1995,3,1.066,1.066,True,False,True,False
Thailand,1995-04-01,1995,4,1.219,1.219,True,False,True,False
Thailand,1995-05-01,1995,5,0.468,0.468,True,False,True,False
Thailand,1995-06-01,1995,6,0.872,0.872,True,False,True,False
Thailand,1995-07-01,1995,7,0.205,0.205,True,False,True,False
Thailand,1995-08-01,1995,8,0.351,0.351,True,False,True,False
Thailand,1995-09-01,1995,9,0.383,0.383,True,False,True,False
Thailand,1995-10-01,1995,10,0.542,0.542,True,False,True,False
Thailand,1995-11-01,1995,11,0.258,0.258,True,False,True,False
Thailand,1995-12-01,1995,12,-0.2,-0.2,True,False,True,False
Thailand,1996-01-01,1996,1,0.644,0.644,True,False,True,False
Thailand,1996-02-01,1996,2,-0.641,-0.641,True,False,True,False
Thailand,1996-03-01,1996,3,0.705,0.705,True,False,True,False
Thailand,1996-04-01,1996,4,-0.291,-0.291,True,False,True,False
Thailand,1996-05-01,1996,5,-0.064,-0.064,True,False,True,False
Thailand,1996-06-01,1996,6,0.374,0.374,True,False,True,False
Thailand,1996-07-01,1996,7,0.376,0.376,True,False,True,False
Thailand,1996-08-01,1996,8,0.391,0.391,True,False,True,False
Thailand,1996-09-01,1996,9,0.203,0.203,True,False,True,False
Thailand,1996-10-01,1996,10,0.37,0.37,True,False,True,False
Thailand,1996-11-01,1996,11,0.877,0.877,True,False,True,False
Thailand,1996-12-01,1996,12,-0.114,-0.114,True,False,True,False
Thailand,1997-01-01,1997,1,0.202,0.202,True,False,True,False
Thailand,1997-02-01,1997,2,0.224,0.224,True,False,True,False
Thailand,1997-03-01,1997,3,0.239,0.239,True,False,True,False
Thailand,1997-04-01,1997,4,-0.821,-0.821,True,False,True,False
Thailand,1997-05-01,1997,5,0.794,0.794,True,False,True,False
Thailand,1997-06-01,1997,6,1.095,1.095,True,False,True,False
Thailand,1997-07-01,1997,7,0.264,0.264,True,False,True,False
Thailand,1997-08-01,1997,8,0.398,0.398,True,False,True,False
Thailand,1997-09-01,1997,9,0.2,0.2,True,False,True,False
Thailand,1997-10-01,1997,10,0.867,0.867,True,False,True,False
Thailand,1997-11-01,1997,11,1.305,1.305,True,False,True,False
Thailand,1997-12-01,1997,12,2.135,2.135,True,False,True,False
Thailand,1998-01-01,1998,1,2.448,2.448,True,False,True,False
Thailand,1998-02-01,1998,2,2.097,2.097,True,False,True,False
Thailand,1998-03-01,1998,3,1.886,1.886,True,False,True,False
Thailand,1998-04-01,1998,4,1.512,1.512,True,False,True,False
Thailand,1998-05-01,1998,5,1.546,1.546,True,False,True,False
Thailand,1998-06-01,1998,6,1.313,1.313,True,False,True,False
Thailand,1998-07-01,1998,7,1.022,1.022,True,False,True,False
Thailand,1998-08-01,1998,8,0.923,0.923,True,False,True,False
Thailand,1998-09-01,1998,9,0.601,0.601,True,False,True,False
Thailand,1998-10-01,1998,10,0.804,0.804,True,False,True,False
Thailand,1998-11-01,1998,11,0.797,0.797,True,False,True,False
Thailand,1998-12-01,1998,12,1.084,1.084,True,False,True,False
Thailand,1999-01-01,1999,1,1.368,1.368,True,False,True,False
Thailand,1999-02-01,1999,2,1.013,1.013,True,False,True,False
Thailand,1999-03-01,1999,3,1.002,1.002,True,False,True,False
Thailand,1999-04-01,1999,4,-0.574,-0.574,True,False,True,False
Thailand,1999-05-01,1999,5,-1.039,-1.039,True,False,True,False
Thailand,1999-06-01,1999,6,0.047,0.047,True,False,True,False
Thailand,1999-07-01,1999,7,0.59,0.59,True,False,True,False
Thailand,1999-08-01,1999,8,0.352,0.352,True,False,True,False
Thailand,1999-09-01,1999,9,0.272,0.272,True,False,True,False
Thailand,1999-10-01,1999,10,0.197,0.197,True,False,True,False
Thailand,1999-11-01,1999,11,0.591,0.591,True,False,True,False
Thailand,1999-12-01,1999,12,-1.495,-1.495,True,False,True,False
Thailand,2000-01-01,2000,1,1.39,1.39,True,False,True,False
Thailand,2000-02-01,2000,2,0.033,0.033,True,False,True,False
Thailand,2000-03-01,2000,3,0.141,0.141,True,False,True,False
Thailand,2000-04-01,2000,4,-0.617,-0.617,True,False,True,False
Thailand,2000-05-01,2000,5,-0.502,-0.502,True,False,True,False
Thailand,2000-06-01,2000,6,-0.061,-0.061,True,False,True,False
Thailand,2000-07-01,2000,7,0.209,0.209,True,False,True,False
Thailand,2000-08-01,2000,8,0.562,0.562,True,False,True,False
Thailand,2000-09-01,2000,9,0.124,0.124,True,False,True,False
Thailand,2000-10-01,2000,10,0.636,0.636,True,False,True,False
Thailand,2000-11-01,2000,11,0.09,0.09,True,False,True,False
Thailand,2000-12-01,2000,12,1.513,1.513,True,False,True,False
Thailand,2001-01-01,2001,1,2.119,2.119,True,False,True,False
Thailand,2001-02-01,2001,2,1.1,1.1,True,False,True,False
Thailand,2001-03-01,2001,3,-0.17,-0.17,True,False,True,False
Thailand,2001-04-01,2001,4,1.397,1.397,True,False,True,False
Thailand,2001-05-01,2001,5,-0.41,-0.41,True,False,True,False
Thailand,2001-06-01,2001,6,0.148,0.148,True,False,True,False
Thailand,2001-07-01,2001,7,0.519,0.519,True,False,True,False
Thailand,2001-08-01,2001,8,0.622,0.622,True,False,True,False
Thailand,2001-09-01,2001,9,0.64,0.64,True,False,True,False
Thailand,2001-10-01,2001,10,0.719,0.719,True,False,True,False
Thailand,2001-11-01,2001,11,-0.657,-0.657,True,False,True,False
Thailand,2001-12-01,2001,12,0.97,0.97,True,False,True,False
Thailand,2002-01-01,2002,1,0.814,0.814,True,False,True,False
Thailand,2002-02-01,2002,2,1.12,1.12,True,False,True,False
Thailand,2002-03-01,2002,3,0.61,0.61,True,False,True,False
Thailand,2002-04-01,2002,4,0.578,0.578,True,False,True,False
Thailand,2002-05-01,2002,5,-0.079,-0.079,True,False,True,False
Thailand,2002-06-01,2002,6,0.607,0.607,True,False,True,False
Thailand,2002-07-01,2002,7,0.787,0.787,True,False,True,False
Thailand,2002-08-01,2002,8,0.298,0.298,True,False,True,False
Thailand,2002-09-01,2002,9,0.189,0.189,True,False,True,False
Thailand,2002-10-01,2002,10,0.685,0.685,True,False,True,False
Thailand,2002-11-01,2002,11,0.99,0.99,True,False,True,False
Thailand,2002-12-01,2002,12,2.274,2.274,True,False,True,False
Thailand,2003-01-01,2003,1,0.61,0.61,True,False,True,False
Thailand,2003-02-01,2003,2,1.006,1.006,True,False,True,False
Thailand,2003-03-01,2003,3,-0.119,-0.119,True,False,True,False
Thailand,2003-04-01,2003,4,0.751,0.751,True,False,True,False
Thailand,2003-05-01,2003,5,0.688,0.688,True,False,True,False
Thailand,2003-06-01,2003,6,0.432,0.432,True,False,True,False
Thailand,2003-07-01,2003,7,0.454,0.454,True,False,True,False
Thailand,2003-08-01,2003,8,0.74,0.74,True,False,True,False
Thailand,2003-09-01,2003,9,0.458,0.458,True,False,True,False
Thailand,2003-10-01,2003,10,0.695,0.695,True,False,True,False
Thailand,2003-11-01,2003,11,1.264,1.264,True,False,True,False
Thailand,2003-12-01,2003,12,0.25,0.25,True,False,True,False
Thailand,2004-01-01,2004,1,1.23,1.23,True,False,True,False
Thailand,2004-02-01,2004,2,0.001,0.001,True,False,True,False
Thailand,2004-03-01,2004,3,0.944,0.944,True,False,True,False
Thailand,2004-04-01,2004,4,0.832,0.832,True,False,True,False
Thailand,2004-05-01,2004,5,0.0,0.0,True,False,True,False
Thailand,2004-06-01,2004,6,0.125,0.125,True,False,True,False
Thailand,2004-07-01,2004,7,0.273,0.273,True,False,True,False
Thailand,2004-08-01,2004,8,0.615,0.615,True,False,True,False
Thailand,2004-09-01,2004,9,0.256,0.256,True,False,True,False
Thailand,2004-10-01,2004,10,0.372,0.372,True,False,True,False
Thailand,2004-11-01,2004,11,1.283,1.283,True,False,True,False
Thailand,2004-12-01,2004,12,0.237,0.237,True,False,True,False
Thailand,2005-01-01,2005,1,1.033,1.033,True,False,True,False
Thailand,2005-02-01,2005,2,2.175,2.175,True,False,True,False
Thailand,2005-03-01,2005,3,0.374,0.374,True,False,True,False
Thailand,2005-04-01,2005,4,0.702,0.702,True,False,True,False
Thailand,2005-05-01,2005,5,1.046,1.046,True,False,True,False
Thailand,2005-06-01,2005,6,0.738,0.738,True,False,True,False
Thailand,2005-07-01,2005,7,0.783,0.783,True,False,True,False
Thailand,2005-08-01,2005,8,0.639,0.639,True,False,True,False
Thailand,2005-09-01,2005,9,0.569,0.569,True,False,True,False
Thailand,2005-10-01,2005,10,0.798,0.798,True,False,True,False
Thailand,2005-11-01,2005,11,1.209,1.209,True,False,True,False
Thailand,2005-12-01,2005,12,0.473,0.473,True,False,True,False
Thailand,2006-01-01,2006,1,1.108,1.108,True,False,True,False
Thailand,2006-02-01,2006,2,1.298,1.298,True,False,True,False
Thailand,2006-03-01,2006,3,0.927,0.927,True,False,True,False
Thailand,2006-04-01,2006,4,0.086,0.086,True,False,True,False
Thailand,2006-05-01,2006,5,-0.476,-0.476,True,False,True,False
Thailand,2006-06-01,2006,6,0.624,0.624,True,False,True,False
Thailand,2006-07-01,2006,7,0.356,0.356,True,False,True,False
Thailand,2006-08-01,2006,8,0.429,0.429,True,False,True,False
Thailand,2006-09-01,2006,9,0.472,0.472,True,False,True,False
Thailand,2006-10-01,2006,10,0.791,0.791,True,False,True,False
Thailand,2006-11-01,2006,11,1.736,1.736,True,False,True,False
Thailand,2006-12-01,2006,12,0.924,0.924,True,False,True,False
Thailand,2007-01-01,2007,1,0.863,0.863,True,False,True,False
Thailand,2007-02-01,2007,2,0.869,0.869,True,False,True,False
Thailand,2007-03-01,2007,3,1.103,1.103,True,False,True,False
Thailand,2007-04-01,2007,4,0.367,0.367,True,False,True,False
Thailand,2007-05-01,2007,5,-0.38,-0.38,True,False,True,False
Thailand,2007-06-01,2007,6,0.954,0.954,True,False,True,False
Thailand,2007-07-01,2007,7,0.592,0.592,True,False,True,False
Thailand,2007-08-01,2007,8,0.641,0.641,True,False,True,False
Thailand,2007-09-01,2007,9,0.589,0.589,True,False,True,False
Thailand,2007-10-01,2007,10,0.12,0.12,True,False,True,False
Thailand,2007-11-01,2007,11,-0.358,-0.358,True,False,True,False
Thailand,2007-12-01,2007,12,1.679,1.679,True,False,True,False
Thailand,2008-01-01,2008,1,1.082,1.082,True,False,True,False
Thailand,2008-02-01,2008,2,-0.474,-0.474,True,False,True,False
Thailand,2008-03-01,2008,3,0.158,0.158,True,False,True,False
Thailand,2008-04-01,2008,4,0.052,0.052,True,False,True,False
Thailand,2008-05-01,2008,5,-0.636,-0.636,True,False,True,False
Thailand,2008-06-01,2008,6,0.212,0.212,True,False,True,False
Thailand,2008-07-01,2008,7,0.307,0.307,True,False,True,False
Thailand,2008-08-01,2008,8,0.536,0.536,True,False,True,False
Thailand,2008-09-01,2008,9,0.414,0.414,True,False,True,False
Thailand,2008-10-01,2008,10,0.993,0.993,True,False,True,False
Thailand,2008-11-01,2008,11,0.215,0.215,True,False,True,False
Thailand,2008-12-01,2008,12,-0.107,-0.107,True,False,True,False
Thailand,2009-01-01,2009,1,-0.565,-0.565,True,False,True,False
Thailand,2009-02-01,2009,2,1.664,1.664,True,False,True,False
Thailand,2009-03-01,2009,3,0.399,0.399,True,False,True,False
Thailand,2009-04-01,2009,4,0.092,0.092,True,False,True,False
Thailand,2009-05-01,2009,5,-0.172,-0.172,True,False,True,False
Thailand,2009-06-01,2009,6,0.496,0.496,True,False,True,False
Thailand,2009-07-01,2009,7,0.374,0.374,True,False,True,False
Thailand,2009-08-01,2009,8,1.013,1.013,True,False,True,False
Thailand,2009-09-01,2009,9,0.836,0.836,True,False,True,False
Thailand,2009-10-01,2009,10,1.065,1.065,True,False,True,False
Thailand,2009-11-01,2009,11,0.82,0.82,True,False,True,False
Thailand,2009-12-01,2009,12,1.46,1.46,True,False,True,False
Thailand,2010-01-01,2010,1,2.08,2.08,True,False,True,False
Thailand,2010-02-01,2010,2,2.136,2.136,True,False,True,False
Thailand,2010-03-01,2010,3,1.138,1.138,True,False,True,False
Thailand,2010-04-01,2010,4,1.731,1.731,True,False,True,False
Thailand,2010-05-01,2010,5,1.996,1.996,True,False,True,False
Thailand,2010-06-01,2010,6,1.576,1.576,True,False,True,False
Thailand,2010-07-01,2010,7,1.001,1.001,True,False,True,False
Thailand,2010-08-01,2010,8,0.446,0.446,True,False,True,False
Thailand,2010-09-01,2010,9,0.845,0.845,True,False,True,False
Thailand,2010-10-01,2010,10,0.391,0.391,True,False,True,False
Thailand,2010-11-01,2010,11,0.714,0.714,True,False,True,False
Thailand,2010-12-01,2010,12,1.263,1.263,True,False,True,False
Thailand,2011-01-01,2011,1,0.248,0.248,True,False,True,False
Thailand,2011-02-01,2011,2,0.85,0.85,True,False,True,False
Thailand,2011-03-01,2011,3,-1.698,-1.698,True,False,True,False
Thailand,2011-04-01,2011,4,-0.755,-0.755,True,False,True,False
Thailand,2011-05-01,2011,5,-0.092,-0.092,True,False,True,False
Thailand,2011-06-01,2011,6,0.344,0.344,True,False,True,False
Thailand,2011-07-01,2011,7,0.419,0.419,True,False,True,False
Thailand,2011-08-01,2011,8,0.358,0.358,True,False,True,False
Thailand,2011-09-01,2011,9,0.394,0.394,True,False,True,False
Thailand,2011-10-01,2011,10,0.407,0.407,True,False,True,False
Thailand,2011-11-01,2011,11,1.222,1.222,True,False,True,False
Thailand,2011-12-01,2011,12,0.47,0.47,True,False,True,False
Thailand,2012-01-01,2012,1,1.591,1.591,True,False,True,False
Thailand,2012-02-01,2012,2,1.409,1.409,True,False,True,False
Thailand,2012-03-01,2012,3,0.696,0.696,True,False,True,False
Thailand,2012-04-01,2012,4,0.386,0.386,True,False,True,False
Thailand,2012-05-01,2012,5,0.316,0.316,True,False,True,False
Thailand,2012-06-01,2012,6,0.644,0.644,True,False,True,False
Thailand,2012-07-01,2012,7,0.401,0.401,True,False,True,False
Thailand,2012-08-01,2012,8,0.721,0.721,True,False,True,False
Thailand,2012-09-01,2012,9,0.62,0.62,True,False,True,False
Thailand,2012-10-01,2012,10,1.146,1.146,True,False,True,False
Thailand,2012-11-01,2012,11,2.491,2.491,True,False,True,False
Thailand,2012-12-01,2012,12,2.651,2.651,True,False,True,False
Thailand,2013-01-01,2013,1,1.509,1.509,True,False,True,False
Thailand,2013-02-01,2013,2,2.083,2.083,True,False,True,False
Thailand,2013-03-01,2013,3,1.152,1.152,True,False,True,False
Thailand,2013-04-01,2013,4,0.971,0.971,True,False,True,False
Thailand,2013-05-01,2013,5,1.091,1.091,True,False,True,False
Thailand,2013-06-01,2013,6,0.624,0.624,True,False,True,False
Thailand,2013-07-01,2013,7,0.326,0.326,True,False,True,False
Thailand,2013-08-01,2013,8,0.596,0.596,True,False,True,False
Thailand,2013-09-01,2013,9,0.442,0.442,True,False,True,False
Thailand,2013-10-01,2013,10,0.36,0.36,True,False,True,False
Thailand,2013-11-01,2013,11,1.498,1.498,True,False,True,False
Thailand,2013-12-01,2013,12,-0.88,-0.88,True,False,True,False
Thailand,2014-01-01,2014,1,-0.545,-0.545,True,False,False,True
Thailand,2014-02-01,2014,2,0.575,0.575,True,False,False,True
Thailand,2014-03-01,2014,3,1.177,1.177,True,False,False,True
Thailand,2014-04-01,2014,4,0.763,0.763,True,False,False,True
Thailand,2014-05-01,2014,5,1.255,1.255,True,False,False,True
Thailand,2014-06-01,2014,6,1.063,1.063,True,False,False,True
Thailand,2014-07-01,2014,7,0.789,0.789,True,False,False,True
Thailand,2014-08-01,2014,8,0.615,0.615,True,False,False,True
Thailand,2014-09-01,2014,9,0.8,0.8,True,False,False,True
Thailand,2014-10-01,2014,10,0.857,0.857,True,False,False,True
Thailand,2014-11-01,2014,11,1.833,1.833,True,False,False,True
Thailand,2014-12-01,2014,12,1.229,1.229,True,False,False,True
Thailand,2015-01-01,2015,1,0.305,0.305,True,False,False,True
Thailand,2015-02-01,2015,2,0.691,0.691,True,False,False,True
Thailand,2015-03-01,2015,3,1.263,1.263,True,False,False,True
Thailand,2015-04-01,2015,4,0.544,0.544,True,False,False,True
Thailand,2015-05-01,2015,5,1.647,1.647,True,False,False,True
Thailand,2015-06-01,2015,6,1.65,1.65,True,False,False,True
Thailand,2015-07-01,2015,7,1.13,1.13,True,False,False,True
Thailand,2015-08-01,2015,8,1.173,1.173,True,False,False,True
Thailand,2015-09-01,2015,9,1.131,1.131,True,False,False,True
Thailand,2015-10-01,2015,10,1.053,1.053,True,False,False,True
Thailand,2015-11-01,2015,11,2.611,2.611,True,False,False,True
Thailand,2015-12-01,2015,12,2.491,2.491,True,False,False,True
Thailand,2016-01-01,2016,1,1.72,1.72,True,False,False,True
Thailand,2016-02-01,2016,2,0.097,0.097,True,False,False,True
Thailand,2016-03-01,2016,3,1.597,1.597,True,False,False,True
Thailand,2016-04-01,2016,4,2.757,2.757,True,False,False,True
Thailand,2016-05-01,2016,5,1.983,1.983,True,False,False,True
Thailand,2016-06-01,2016,6,0.875,0.875,True,False,False,True
Thailand,2016-07-01,2016,7,0.726,0.726,True,False,False,True
Thailand,2016-08-01,2016,8,1.149,1.149,True,False,False,True
Thailand,2016-09-01,2016,9,0.859,0.859,True,False,False,True
Thailand,2016-10-01,2016,10,1.415,1.415,True,False,False,True
Thailand,2016-11-01,2016,11,1.872,1.872,True,False,False,True
Thailand,2016-12-01,2016,12,1.709,1.709,True,False,False,True
Thailand,2017-01-01,2017,1,1.944,1.944,True,False,False,True
Thailand,2017-02-01,2017,2,0.786,0.786,True,False,False,True
Thailand,2017-03-01,2017,3,1.0,1.0,True,False,False,True
Thailand,2017-04-01,2017,4,0.438,0.438,True,False,False,True
Thailand,2017-05-01,2017,5,0.48,0.48,True,False,False,True
Thailand,2017-06-01,2017,6,0.854,0.854,True,False,False,True
Thailand,2017-07-01,2017,7,0.23,0.23,True,False,False,True
Thailand,2017-08-01,2017,8,1.092,1.092,True,False,False,True
Thailand,2017-09-01,2017,9,1.297,1.297,True,False,False,True
Thailand,2017-10-01,2017,10,1.161,1.161,True,False,False,True
Thailand,2017-11-01,2017,11,1.543,1.543,True,False,False,True
Thailand,2017-12-01,2017,12,0.931,0.931,True,False,False,True
Thailand,2018-01-01,2018,1,1.758,1.758,True,False,False,True
Thailand,2018-02-01,2018,2,0.403,0.403,True,False,False,True
Thailand,2018-03-01,2018,3,0.659,0.659,True,False,False,True
Thailand,2018-04-01,2018,4,-0.2,-0.2,True,False,False,True
Thailand,2018-05-01,2018,5,0.227,0.227,True,False,False,True
Thailand,2018-06-01,2018,6,0.598,0.598,True,False,False,True
Thailand,2018-07-01,2018,7,0.489,0.489,True,False,False,True
Thailand,2018-08-01,2018,8,0.497,0.497,True,False,False,True
Thailand,2018-09-01,2018,9,1.007,1.007,True,False,False,True
Thailand,2018-10-01,2018,10,1.383,1.383,True,False,False,True
Thailand,2018-11-01,2018,11,2.004,2.004,True,False,False,True
Thailand,2018-12-01,2018,12,2.728,2.728,True,False,False,True
Thailand,2019-01-01,2019,1,2.153,2.153,True,False,False,True
Thailand,2019-02-01,2019,2,2.315,2.315,True,False,False,True
Thailand,2019-03-01,2019,3,1.61,1.61,True,False,False,True
Thailand,2019-04-01,2019,4,2.137,2.137,True,False,False,True
Thailand,2019-05-01,2019,5,1.688,1.688,True,False,False,True
Thailand,2019-06-01,2019,6,1.607,1.607,True,False,False,True
Thailand,2019-07-01,2019,7,1.358,1.358,True,False,False,True
Thailand,2019-08-01,2019,8,0.777,0.777,True,False,False,True
Thailand,2019-09-01,2019,9,0.83,0.83,True,False,False,True
Thailand,2019-10-01,2019,10,1.634,1.634,True,False,False,True
Thailand,2019-11-01,2019,11,1.725,1.725,True,False,False,True
Thailand,2019-12-01,2019,12,1.251,1.251,True,False,False,True
Thailand,2020-01-01,2020,1,2.775,2.775,True,False,False,True
Thailand,2020-02-01,2020,2,1.584,1.584,True,False,False,True
Thailand,2020-03-01,2020,3,1.918,1.918,True,False,False,True
Thailand,2020-04-01,2020,4,1.108,1.108,True,False,False,True
Thailand,2020-05-01,2020,5,2.205,2.205,True,False,False,True
Thailand,2020-06-01,2020,6,1.298,1.298,True,False,False,True
Thailand,2020-07-01,2020,7,1.583,1.583,True,False,False,True
Thailand,2020-08-01,2020,8,1.009,1.009,True,False,False,True
Thailand,2020-09-01,2020,9,1.285,1.285,True,False,False,True
Thailand,2020-10-01,2020,10,0.077,0.077,True,False,False,True
Thailand,2020-11-01,2020,11,1.611,1.611,True,False,False,True
Thailand,2020-12-01,2020,12,1.243,1.243,True,False,False,True
Thailand,2021-01-01,2021,1,0.435,0.435,True,False,False,True
Thailand,2021-02-01,2021,2,0.913,0.913,True,False,False,True
Thailand,2021-03-01,2021,3,1.604,1.604,True,False,False,True
Thailand,2021-04-01,2021,4,-0.104,-0.104,True,False,False,True
Thailand,2021-05-01,2021,5,1.196,1.196,True,False,False,True
Thailand,2021-06-01,2021,6,1.226,1.226,True,False,False,True
Thailand,2021-07-01,2021,7,1.041,1.041,True,False,False,True
Thailand,2021-08-01,2021,8,1.36,1.36,True,False,False,True
Thailand,2021-09-01,2021,9,0.685,0.685,True,False,False,True
Thailand,2021-10-01,2021,10,0.931,0.931,True,False,False,True
Thailand,2021-11-01,2021,11,1.617,1.617,True,False,False,True
Thailand,2021-12-01,2021,12,0.977,0.977,True,False,False,True
Thailand,2022-01-01,2022,1,2.104,2.104,True,False,False,True
Thailand,2022-02-01,2022,2,0.669,0.669,True,False,False,True
Thailand,2022-03-01,2022,3,1.34,1.34,True,False,False,True
Thailand,2022-04-01,2022,4,-0.051,-0.051,True,False,False,True
Thailand,2022-05-01,2022,5,-0.278,-0.278,True,False,False,True
Thailand,2022-06-01,2022,6,1.267,1.267,True,False,False,True
Thailand,2022-07-01,2022,7,1.184,1.184,True,False,False,True
Thailand,2022-08-01,2022,8,0.948,0.948,True,False,False,True
Thailand,2022-09-01,2022,9,0.765,0.765,True,False,False,True
Thailand,2022-10-01,2022,10,0.426,0.426,True,False,False,True
Thailand,2022-11-01,2022,11,1.889,1.889,True,False,False,True
Thailand,2022-12-01,2022,12,1.158,1.158,True,False,False,True
Thailand,2023-01-01,2023,1,0.668,0.668,True,False,False,True
Thailand,2023-02-01,2023,2,1.247,1.247,True,False,False,True
Thailand,2023-03-01,2023,3,0.908,0.908,True,False,False,True
Thailand,2023-04-01,2023,4,2.094,2.094,True,False,False,True
Thailand,2023-05-01,2023,5,2.051,2.051,True,False,False,True
Thailand,2023-06-01,2023,6,1.587,1.587,True,False,False,True
Thailand,2023-07-01,2023,7,1.668,1.668,True,False,False,True
Thailand,2023-08-01,2023,8,1.555,1.555,True,False,False,True
Thailand,2023-09-01,2023,9,1.034,1.034,True,False,False,True
Thailand,2023-10-01,2023,10,1.5,1.5,True,False,False,True
Thailand,2023-11-01,2023,11,1.898,1.898,True,False,False,True
Thailand,2023-12-01,2023,12,2.701,2.701,True,False,False,True
Viet Nam,1961-01-01,1961,1,-0.408,-0.408,True,False,True,False
Viet Nam,1961-02-01,1961,2,-0.179,-0.179,True,False,True,False
Viet Nam,1961-03-01,1961,3,0.303,0.303,True,False,True,False
Viet Nam,1961-04-01,1961,4,0.08,0.08,True,False,True,False
Viet Nam,1961-05-01,1961,5,-0.195,-0.195,True,False,True,False
Viet Nam,1961-06-01,1961,6,-0.318,-0.318,True,False,True,False
Viet Nam,1961-07-01,1961,7,0.163,0.163,True,False,True,False
Viet Nam,1961-08-01,1961,8,-0.003,-0.003,True,False,True,False
Viet Nam,1961-09-01,1961,9,0.268,0.268,True,False,True,False
Viet Nam,1961-10-01,1961,10,0.195,0.195,True,False,True,False
Viet Nam,1961-11-01,1961,11,0.574,0.574,True,False,True,False
Viet Nam,1961-12-01,1961,12,0.589,0.589,True,False,True,False
Viet Nam,1962-01-01,1962,1,-1.413,-1.413,True,False,True,False
Viet Nam,1962-02-01,1962,2,-0.534,-0.534,True,False,True,False
Viet Nam,1962-03-01,1962,3,-0.714,-0.714,True,False,True,False
Viet Nam,1962-04-01,1962,4,-0.486,-0.486,True,False,True,False
Viet Nam,1962-05-01,1962,5,0.308,0.308,True,False,True,False
Viet Nam,1962-06-01,1962,6,-0.134,-0.134,True,False,True,False
Viet Nam,1962-07-01,1962,7,-0.072,-0.072,True,False,True,False
Viet Nam,1962-08-01,1962,8,-0.257,-0.257,True,False,True,False
Viet Nam,1962-09-01,1962,9,-0.176,-0.176,True,False,True,False
Viet Nam,1962-10-01,1962,10,0.073,0.073,True,False,True,False
Viet Nam,1962-11-01,1962,11,0.032,0.032,True,False,True,False
Viet Nam,1962-12-01,1962,12,-0.541,-0.541,True,False,True,False
Viet Nam,1963-01-01,1963,1,-1.996,-1.996,True,False,True,False
Viet Nam,1963-02-01,1963,2,-1.017,-1.017,True,False,True,False
Viet Nam,1963-03-01,1963,3,-0.997,-0.997,True,False,True,False
Viet Nam,1963-04-01,1963,4,-0.505,-0.505,True,False,True,False
Viet Nam,1963-05-01,1963,5,0.141,0.141,True,False,True,False
Viet Nam,1963-06-01,1963,6,0.134,0.134,True,False,True,False
Viet Nam,1963-07-01,1963,7,-0.183,-0.183,True,False,True,False
Viet Nam,1963-08-01,1963,8,-0.164,-0.164,True,False,True,False
Viet Nam,1963-09-01,1963,9,0.571,0.571,True,False,True,False
Viet Nam,1963-10-01,1963,10,-0.313,-0.313,True,False,True,False
Viet Nam,1963-11-01,1963,11,1.287,1.287,True,False,True,False
Viet Nam,1963-12-01,1963,12,0.037,0.037,True,False,True,False
Viet Nam,1964-01-01,1964,1,1.153,1.153,True,False,True,False
Viet Nam,1964-02-01,1964,2,-0.652,-0.652,True,False,True,False
Viet Nam,1964-03-01,1964,3,0.071,0.071,True,False,True,False
Viet Nam,1964-04-01,1964,4,0.79,0.79,True,False,True,False
Viet Nam,1964-05-01,1964,5,-0.347,-0.347,True,False,True,False
Viet Nam,1964-06-01,1964,6,-0.096,-0.096,True,False,True,False
Viet Nam,1964-07-01,1964,7,0.053,0.053,True,False,True,False
Viet Nam,1964-08-01,1964,8,0.11,0.11,True,False,True,False
Viet Nam,1964-09-01,1964,9,0.164,0.164,True,False,True,False
Viet Nam,1964-10-01,1964,10,0.484,0.484,True,False,True,False
Viet Nam,1964-11-01,1964,11,-0.971,-0.971,True,False,True,False
Viet Nam,1964-12-01,1964,12,-1.082,-1.082,True,False,True,False
Viet Nam,1965-01-01,1965,1,-0.304,-0.304,True,False,True,False
Viet Nam,1965-02-01,1965,2,1.314,1.314,True,False,True,False
Viet Nam,1965-03-01,1965,3,-0.521,-0.521,True,False,True,False
Viet Nam,1965-04-01,1965,4,0.201,0.201,True,False,True,False
Viet Nam,1965-05-01,1965,5,-0.257,-0.257,True,False,True,False
Viet Nam,1965-06-01,1965,6,-0.366,-0.366,True,False,True,False
Viet Nam,1965-07-01,1965,7,0.079,0.079,True,False,True,False
Viet Nam,1965-08-01,1965,8,-0.198,-0.198,True,False,True,False
Viet Nam,1965-09-01,1965,9,-0.288,-0.288,True,False,True,False
Viet Nam,1965-10-01,1965,10,0.611,0.611,True,False,True,False
Viet Nam,1965-11-01,1965,11,0.78,0.78,True,False,True,False
Viet Nam,1965-12-01,1965,12,0.808,0.808,True,False,True,False
Viet Nam,1966-01-01,1966,1,1.693,1.693,True,False,True,False
Viet Nam,1966-02-01,1966,2,1.604,1.604,True,False,True,False
Viet Nam,1966-03-01,1966,3,1.153,1.153,True,False,True,False
Viet Nam,1966-04-01,1966,4,0.794,0.794,True,False,True,False
Viet Nam,1966-05-01,1966,5,-0.665,-0.665,True,False,True,False
Viet Nam,1966-06-01,1966,6,-0.043,-0.043,True,False,True,False
Viet Nam,1966-07-01,1966,7,-0.023,-0.023,True,False,True,False
Viet Nam,1966-08-01,1966,8,0.034,0.034,True,False,True,False
Viet Nam,1966-09-01,1966,9,-0.468,-0.468,True,False,True,False
Viet Nam,1966-10-01,1966,10,0.365,0.365,True,False,True,False
Viet Nam,1966-11-01,1966,11,0.555,0.555,True,False,True,False
Viet Nam,1966-12-01,1966,12,1.034,1.034,True,False,True,False
Viet Nam,1967-01-01,1967,1,-1.068,-1.068,True,False,True,False
Viet Nam,1967-02-01,1967,2,-1.116,-1.116,True,False,True,False
Viet Nam,1967-03-01,1967,3,-0.413,-0.413,True,False,True,False
Viet Nam,1967-04-01,1967,4,-0.586,-0.586,True,False,True,False
Viet Nam,1967-05-01,1967,5,0.345,0.345,True,False,True,False
Viet Nam,1967-06-01,1967,6,0.217,0.217,True,False,True,False
Viet Nam,1967-07-01,1967,7,0.176,0.176,True,False,True,False
Viet Nam,1967-08-01,1967,8,0.162,0.162,True,False,True,False
Viet Nam,1967-09-01,1967,9,-0.089,-0.089,True,False,True,False
Viet Nam,1967-10-01,1967,10,-0.529,-0.529,True,False,True,False
Viet Nam,1967-11-01,1967,11,0.366,0.366,True,False,True,False
Viet Nam,1967-12-01,1967,12,-1.304,-1.304,True,False,True,False
Viet Nam,1968-01-01,1968,1,0.057,0.057,True,False,True,False
Viet Nam,1968-02-01,1968,2,-2.351,-2.351,True,False,True,False
Viet Nam,1968-03-01,1968,3,-0.301,-0.301,True,False,True,False
Viet Nam,1968-04-01,1968,4,-1.254,-1.254,True,False,True,False
Viet Nam,1968-05-01,1968,5,-0.218,-0.218,True,False,True,False
Viet Nam,1968-06-01,1968,6,-0.168,-0.168,True,False,True,False
Viet Nam,1968-07-01,1968,7,0.418,0.418,True,False,True,False
Viet Nam,1968-08-01,1968,8,0.345,0.345,True,False,True,False
Viet Nam,1968-09-01,1968,9,0.174,0.174,True,False,True,False
Viet Nam,1968-10-01,1968,10,-0.073,-0.073,True,False,True,False
Viet Nam,1968-11-01,1968,11,1.008,1.008,True,False,True,False
Viet Nam,1968-12-01,1968,12,2.103,2.103,True,False,True,False
Viet Nam,1969-01-01,1969,1,1.66,1.66,True,False,True,False
Viet Nam,1969-02-01,1969,2,0.091,0.091,True,False,True,False
Viet Nam,1969-03-01,1969,3,0.233,0.233,True,False,True,False
Viet Nam,1969-04-01,1969,4,0.134,0.134,True,False,True,False
Viet Nam,1969-05-01,1969,5,1.08,1.08,True,False,True,False
Viet Nam,1969-06-01,1969,6,0.492,0.492,True,False,True,False
Viet Nam,1969-07-01,1969,7,0.011,0.011,True,False,True,False
Viet Nam,1969-08-01,1969,8,0.175,0.175,True,False,True,False
Viet Nam,1969-09-01,1969,9,0.123,0.123,True,False,True,False
Viet Nam,1969-10-01,1969,10,0.725,0.725,True,False,True,False
Viet Nam,1969-11-01,1969,11,-0.449,-0.449,True,False,True,False
Viet Nam,1969-12-01,1969,12,-0.557,-0.557,True,False,True,False
Viet Nam,1970-01-01,1970,1,-0.09,-0.09,True,False,True,False
Viet Nam,1970-02-01,1970,2,0.75,0.75,True,False,True,False
Viet Nam,1970-03-01,1970,3,-0.296,-0.296,True,False,True,False
Viet Nam,1970-04-01,1970,4,-0.338,-0.338,True,False,True,False
Viet Nam,1970-05-01,1970,5,0.138,0.138,True,False,True,False
Viet Nam,1970-06-01,1970,6,-0.137,-0.137,True,False,True,False
Viet Nam,1970-07-01,1970,7,-0.026,-0.026,True,False,True,False
Viet Nam,1970-08-01,1970,8,0.026,0.026,True,False,True,False
Viet Nam,1970-09-01,1970,9,0.314,0.314,True,False,True,False
Viet Nam,1970-10-01,1970,10,-0.298,-0.298,True,False,True,False
Viet Nam,1970-11-01,1970,11,-0.202,-0.202,True,False,True,False
Viet Nam,1970-12-01,1970,12,0.649,0.649,True,False,True,False
Viet Nam,1971-01-01,1971,1,-1.144,-1.144,True,False,True,False
Viet Nam,1971-02-01,1971,2,-0.781,-0.781,True,False,True,False
Viet Nam,1971-03-01,1971,3,-0.662,-0.662,True,False,True,False
Viet Nam,1971-04-01,1971,4,0.0,0.0,True,False,True,False
Viet Nam,1971-05-01,1971,5,-0.56,-0.56,True,False,True,False
Viet Nam,1971-06-01,1971,6,-0.237,-0.237,True,False,True,False
Viet Nam,1971-07-01,1971,7,-0.394,-0.394,True,False,True,False
Viet Nam,1971-08-01,1971,8,-0.511,-0.511,True,False,True,False
Viet Nam,1971-09-01,1971,9,0.196,0.196,True,False,True,False
Viet Nam,1971-10-01,1971,10,-0.843,-0.843,True,False,True,False
Viet Nam,1971-11-01,1971,11,-1.381,-1.381,True,False,True,False
Viet Nam,1971-12-01,1971,12,-0.32,-0.32,True,False,True,False
Viet Nam,1972-01-01,1972,1,-0.622,-0.622,True,False,True,False
Viet Nam,1972-02-01,1972,2,-0.009,-0.009,True,False,True,False
Viet Nam,1972-03-01,1972,3,-0.702,-0.702,True,False,True,False
Viet Nam,1972-04-01,1972,4,-0.986,-0.986,True,False,True,False
Viet Nam,1972-05-01,1972,5,0.648,0.648,True,False,True,False
Viet Nam,1972-06-01,1972,6,0.181,0.181,True,False,True,False
Viet Nam,1972-07-01,1972,7,0.109,0.109,True,False,True,False
Viet Nam,1972-08-01,1972,8,-0.046,-0.046,True,False,True,False
Viet Nam,1972-09-01,1972,9,0.143,0.143,True,False,True,False
Viet Nam,1972-10-01,1972,10,0.886,0.886,True,False,True,False
Viet Nam,1972-11-01,1972,11,0.839,0.839,True,False,True,False
Viet Nam,1972-12-01,1972,12,0.495,0.495,True,False,True,False
Viet Nam,1973-01-01,1973,1,0.78,0.78,True,False,True,False
Viet Nam,1973-02-01,1973,2,2.105,2.105,True,False,True,False
Viet Nam,1973-03-01,1973,3,1.238,1.238,True,False,True,False
Viet Nam,1973-04-01,1973,4,1.052,1.052,True,False,True,False
Viet Nam,1973-05-01,1973,5,0.327,0.327,True,False,True,False
Viet Nam,1973-06-01,1973,6,0.413,0.413,True,False,True,False
Viet Nam,1973-07-01,1973,7,-0.036,-0.036,True,False,True,False
Viet Nam,1973-08-01,1973,8,-0.004,-0.004,True,False,True,False
Viet Nam,1973-09-01,1973,9,0.067,0.067,True,False,True,False
Viet Nam,1973-10-01,1973,10,-0.288,-0.288,True,False,True,False
Viet Nam,1973-11-01,1973,11,-0.637,-0.637,True,False,True,False
Viet Nam,1973-12-01,1973,12,-1.181,-1.181,True,False,True,False
Viet Nam,1974-01-01,1974,1,-0.497,-0.497,True,False,True,False
Viet Nam,1974-02-01,1974,2,-1.034,-1.034,True,False,True,False
Viet Nam,1974-03-01,1974,3,-1.37,-1.37,True,False,True,False
Viet Nam,1974-04-01,1974,4,-0.507,-0.507,True,False,True,False
Viet Nam,1974-05-01,1974,5,-0.099,-0.099,True,False,True,False
Viet Nam,1974-06-01,1974,6,-0.04,-0.04,True,False,True,False
Viet Nam,1974-07-01,1974,7,-0.008,-0.008,True,False,True,False
Viet Nam,1974-08-01,1974,8,-0.104,-0.104,True,False,True,False
Viet Nam,1974-09-01,1974,9,0.287,0.287,True,False,True,False
Viet Nam,1974-10-01,1974,10,-0.134,-0.134,True,False,True,False
Viet Nam,1974-11-01,1974,11,0.201,0.201,True,False,True,False
Viet Nam,1974-12-01,1974,12,0.253,0.253,True,False,True,False
Viet Nam,1975-01-01,1975,1,0.705,0.705,True,False,True,False
Viet Nam,1975-02-01,1975,2,0.747,0.747,True,False,True,False
Viet Nam,1975-03-01,1975,3,0.609,0.609,True,False,True,False
Viet Nam,1975-04-01,1975,4,0.704,0.704,True,False,True,False
Viet Nam,1975-05-01,1975,5,0.166,0.166,True,False,True,False
Viet Nam,1975-06-01,1975,6,-0.367,-0.367,True,False,True,False
Viet Nam,1975-07-01,1975,7,-0.036,-0.036,True,False,True,False
Viet Nam,1975-08-01,1975,8,-0.054,-0.054,True,False,True,False
Viet Nam,1975-09-01,1975,9,0.076,0.076,True,False,True,False
Viet Nam,1975-10-01,1975,10,-0.029,-0.029,True,False,True,False
Viet Nam,1975-11-01,1975,11,-0.681,-0.681,True,False,True,False
Viet Nam,1975-12-01,1975,12,-2.358,-2.358,True,False,True,False
Viet Nam,1976-01-01,1976,1,-0.858,-0.858,True,False,True,False
Viet Nam,1976-02-01,1976,2,0.238,0.238,True,False,True,False
Viet Nam,1976-03-01,1976,3,-0.768,-0.768,True,False,True,False
Viet Nam,1976-04-01,1976,4,-0.643,-0.643,True,False,True,False
Viet Nam,1976-05-01,1976,5,-0.758,-0.758,True,False,True,False
Viet Nam,1976-06-01,1976,6,-0.32,-0.32,True,False,True,False
Viet Nam,1976-07-01,1976,7,-0.197,-0.197,True,False,True,False
Viet Nam,1976-08-01,1976,8,-0.337,-0.337,True,False,True,False
Viet Nam,1976-09-01,1976,9,0.211,0.211,True,False,True,False
Viet Nam,1976-10-01,1976,10,0.357,0.357,True,False,True,False
Viet Nam,1976-11-01,1976,11,-1.278,-1.278,True,False,True,False
Viet Nam,1976-12-01,1976,12,0.18,0.18,True,False,True,False
Viet Nam,1977-01-01,1977,1,-1.099,-1.099,True,False,True,False
Viet Nam,1977-02-01,1977,2,-1.934,-1.934,True,False,True,False
Viet Nam,1977-03-01,1977,3,-0.669,-0.669,True,False,True,False
Viet Nam,1977-04-01,1977,4,-0.217,-0.217,True,False,True,False
Viet Nam,1977-05-01,1977,5,0.781,0.781,True,False,True,False
Viet Nam,1977-06-01,1977,6,1.111,1.111,True,False,True,False
Viet Nam,1977-07-01,1977,7,0.185,0.185,True,False,True,False
Viet Nam,1977-08-01,1977,8,0.49,0.49,True,False,True,False
Viet Nam,1977-09-01,1977,9,-0.163,-0.163,True,False,True,False
Viet Nam,1977-10-01,1977,10,0.551,0.551,True,False,True,False
Viet Nam,1977-11-01,1977,11,-0.423,-0.423,True,False,True,False
Viet Nam,1977-12-01,1977,12,1.037,1.037,True,False,True,False
Viet Nam,1978-01-01,1978,1,0.483,0.483,True,False,True,False
Viet Nam,1978-02-01,1978,2,-0.049,-0.049,True,False,True,False
Viet Nam,1978-03-01,1978,3,0.562,0.562,True,False,True,False
Viet Nam,1978-04-01,1978,4,0.115,0.115,True,False,True,False
Viet Nam,1978-05-01,1978,5,-0.284,-0.284,True,False,True,False
Viet Nam,1978-06-01,1978,6,0.02,0.02,True,False,True,False
Viet Nam,1978-07-01,1978,7,-0.139,-0.139,True,False,True,False
Viet Nam,1978-08-01,1978,8,0.067,0.067,True,False,True,False
Viet Nam,1978-09-01,1978,9,-0.585,-0.585,True,False,True,False
Viet Nam,1978-10-01,1978,10,-0.424,-0.424,True,False,True,False
Viet Nam,1978-11-01,1978,11,-0.284,-0.284,True,False,True,False
Viet Nam,1978-12-01,1978,12,0.63,0.63,True,False,True,False
Viet Nam,1979-01-01,1979,1,1.281,1.281,True,False,True,False
Viet Nam,1979-02-01,1979,2,1.566,1.566,True,False,True,False
Viet Nam,1979-03-01,1979,3,0.739,0.739,True,False,True,False
Viet Nam,1979-04-01,1979,4,0.309,0.309,True,False,True,False
Viet Nam,1979-05-01,1979,5,-0.066,-0.066,True,False,True,False
Viet Nam,1979-06-01,1979,6,-0.262,-0.262,True,False,True,False
Viet Nam,1979-07-01,1979,7,0.44,0.44,True,False,True,False
Viet Nam,1979-08-01,1979,8,0.111,0.111,True,False,True,False
Viet Nam,1979-09-01,1979,9,0.148,0.148,True,False,True,False
Viet Nam,1979-10-01,1979,10,-0.482,-0.482,True,False,True,False
Viet Nam,1979-11-01,1979,11,-0.535,-0.535,True,False,True,False
Viet Nam,1979-12-01,1979,12,0.304,0.304,True,False,True,False
Viet Nam,1980-01-01,1980,1,0.828,0.828,True,False,True,False
Viet Nam,1980-02-01,1980,2,-0.544,-0.544,True,False,True,False
Viet Nam,1980-03-01,1980,3,1.428,1.428,True,False,True,False
Viet Nam,1980-04-01,1980,4,0.506,0.506,True,False,True,False
Viet Nam,1980-05-01,1980,5,0.049,0.049,True,False,True,False
Viet Nam,1980-06-01,1980,6,-0.366,-0.366,True,False,True,False
Viet Nam,1980-07-01,1980,7,0.062,0.062,True,False,True,False
Viet Nam,1980-08-01,1980,8,0.136,0.136,True,False,True,False
Viet Nam,1980-09-01,1980,9,-0.324,-0.324,True,False,True,False
Viet Nam,1980-10-01,1980,10,0.239,0.239,True,False,True,False
Viet Nam,1980-11-01,1980,11,0.927,0.927,True,False,True,False
Viet Nam,1980-12-01,1980,12,0.132,0.132,True,False,True,False
Viet Nam,1981-01-01,1981,1,0.23,0.23,True,False,True,False
Viet Nam,1981-02-01,1981,2,1.008,1.008,True,False,True,False
Viet Nam,1981-03-01,1981,3,1.095,1.095,True,False,True,False
Viet Nam,1981-04-01,1981,4,1.013,1.013,True,False,True,False
Viet Nam,1981-05-01,1981,5,-0.259,-0.259,True,False,True,False
Viet Nam,1981-06-01,1981,6,-0.189,-0.189,True,False,True,False
Viet Nam,1981-07-01,1981,7,0.005,0.005,True,False,True,False
Viet Nam,1981-08-01,1981,8,0.767,0.767,True,False,True,False
Viet Nam,1981-09-01,1981,9,0.845,0.845,True,False,True,False
Viet Nam,1981-10-01,1981,10,0.223,0.223,True,False,True,False
Viet Nam,1981-11-01,1981,11,-0.026,-0.026,True,False,True,False
Viet Nam,1981-12-01,1981,12,-1.331,-1.331,True,False,True,False
Viet Nam,1982-01-01,1982,1,0.984,0.984,True,False,True,False
Viet Nam,1982-02-01,1982,2,0.208,0.208,True,False,True,False
Viet Nam,1982-03-01,1982,3,0.481,0.481,True,False,True,False
Viet Nam,1982-04-01,1982,4,-0.911,-0.911,True,False,True,False
Viet Nam,1982-05-01,1982,5,-0.167,-0.167,True,False,True,False
Viet Nam,1982-06-01,1982,6,-0.026,-0.026,True,False,True,False
Viet Nam,1982-07-01,1982,7,0.375,0.375,True,False,True,False
Viet Nam,1982-08-01,1982,8,0.333,0.333,True,False,True,False
Viet Nam,1982-09-01,1982,9,-0.178,-0.178,True,False,True,False
Viet Nam,1982-10-01,1982,10,0.851,0.851,True,False,True,False
Viet Nam,1982-11-01,1982,11,1.066,1.066,True,False,True,False
Viet Nam,1982-12-01,1982,12,-1.511,-1.511,True,False,True,False
Viet Nam,1983-01-01,1983,1,-0.734,-0.734,True,False,True,False
Viet Nam,1983-02-01,1983,2,-0.157,-0.157,True,False,True,False
Viet Nam,1983-03-01,1983,3,-0.865,-0.865,True,False,True,False
Viet Nam,1983-04-01,1983,4,0.524,0.524,True,False,True,False
Viet Nam,1983-05-01,1983,5,0.553,0.553,True,False,True,False
Viet Nam,1983-06-01,1983,6,0.996,0.996,True,False,True,False
Viet Nam,1983-07-01,1983,7,0.925,0.925,True,False,True,False
Viet Nam,1983-08-01,1983,8,0.174,0.174,True,False,True,False
Viet Nam,1983-09-01,1983,9,0.604,0.604,True,False,True,False
Viet Nam,1983-10-01,1983,10,0.393,0.393,True,False,True,False
Viet Nam,1983-11-01,1983,11,-0.699,-0.699,True,False,True,False
Viet Nam,1983-12-01,1983,12,-1.068,-1.068,True,False,True,False
Viet Nam,1984-01-01,1984,1,-1.294,-1.294,True,False,True,False
Viet Nam,1984-02-01,1984,2,-0.554,-0.554,True,False,True,False
Viet Nam,1984-03-01,1984,3,-0.12,-0.12,True,False,True,False
Viet Nam,1984-04-01,1984,4,0.715,0.715,True,False,True,False
Viet Nam,1984-05-01,1984,5,-0.606,-0.606,True,False,True,False
Viet Nam,1984-06-01,1984,6,0.045,0.045,True,False,True,False
Viet Nam,1984-07-01,1984,7,0.124,0.124,True,False,True,False
Viet Nam,1984-08-01,1984,8,0.114,0.114,True,False,True,False
Viet Nam,1984-09-01,1984,9,-0.075,-0.075,True,False,True,False
Viet Nam,1984-10-01,1984,10,-0.501,-0.501,True,False,True,False
Viet Nam,1984-11-01,1984,11,1.024,1.024,True,False,True,False
Viet Nam,1984-12-01,1984,12,-0.448,-0.448,True,False,True,False
Viet Nam,1985-01-01,1985,1,-0.501,-0.501,True,False,True,False
Viet Nam,1985-02-01,1985,2,0.944,0.944,True,False,True,False
Viet Nam,1985-03-01,1985,3,-1.582,-1.582,True,False,True,False
Viet Nam,1985-04-01,1985,4,-1.052,-1.052,True,False,True,False
Viet Nam,1985-05-01,1985,5,0.229,0.229,True,False,True,False
Viet Nam,1985-06-01,1985,6,0.171,0.171,True,False,True,False
Viet Nam,1985-07-01,1985,7,-0.094,-0.094,True,False,True,False
Viet Nam,1985-08-01,1985,8,0.308,0.308,True,False,True,False
Viet Nam,1985-09-01,1985,9,-0.115,-0.115,True,False,True,False
Viet Nam,1985-10-01,1985,10,0.43,0.43,True,False,True,False
Viet Nam,1985-11-01,1985,11,0.802,0.802,True,False,True,False
Viet Nam,1985-12-01,1985,12,0.109,0.109,True,False,True,False
Viet Nam,1986-01-01,1986,1,-0.096,-0.096,True,False,True,False
Viet Nam,1986-02-01,1986,2,-0.232,-0.232,True,False,True,False
Viet Nam,1986-03-01,1986,3,-0.399,-0.399,True,False,True,False
Viet Nam,1986-04-01,1986,4,0.487,0.487,True,False,True,False
Viet Nam,1986-05-01,1986,5,-0.463,-0.463,True,False,True,False
Viet Nam,1986-06-01,1986,6,0.608,0.608,True,False,True,False
Viet Nam,1986-07-01,1986,7,0.13,0.13,True,False,True,False
Viet Nam,1986-08-01,1986,8,0.266,0.266,True,False,True,False
Viet Nam,1986-09-01,1986,9,0.091,0.091,True,False,True,False
Viet Nam,1986-10-01,1986,10,-0.065,-0.065,True,False,True,False
Viet Nam,1986-11-01,1986,11,-0.02,-0.02,True,False,True,False
Viet Nam,1986-12-01,1986,12,0.525,0.525,True,False,True,False
Viet Nam,1987-01-01,1987,1,1.793,1.793,True,False,True,False
Viet Nam,1987-02-01,1987,2,1.639,1.639,True,False,True,False
Viet Nam,1987-03-01,1987,3,2.012,2.012,True,False,True,False
Viet Nam,1987-04-01,1987,4,0.461,0.461,True,False,True,False
Viet Nam,1987-05-01,1987,5,1.29,1.29,True,False,True,False
Viet Nam,1987-06-01,1987,6,0.898,0.898,True,False,True,False
Viet Nam,1987-07-01,1987,7,0.695,0.695,True,False,True,False
Viet Nam,1987-08-01,1987,8,0.352,0.352,True,False,True,False
Viet Nam,1987-09-01,1987,9,0.227,0.227,True,False,True,False
Viet Nam,1987-10-01,1987,10,1.235,1.235,True,False,True,False
Viet Nam,1987-11-01,1987,11,0.889,0.889,True,False,True,False
Viet Nam,1987-12-01,1987,12,-0.978,-0.978,True,False,True,False
Viet Nam,1988-01-01,1988,1,1.738,1.738,True,False,True,False
Viet Nam,1988-02-01,1988,2,0.882,0.882,True,False,True,False
Viet Nam,1988-03-01,1988,3,-0.722,-0.722,True,False,True,False
Viet Nam,1988-04-01,1988,4,-0.623,-0.623,True,False,True,False
Viet Nam,1988-05-01,1988,5,0.667,0.667,True,False,True,False
Viet Nam,1988-06-01,1988,6,0.487,0.487,True,False,True,False
Viet Nam,1988-07-01,1988,7,0.438,0.438,True,False,True,False
Viet Nam,1988-08-01,1988,8,0.386,0.386,True,False,True,False
Viet Nam,1988-09-01,1988,9,0.385,0.385,True,False,True,False
Viet Nam,1988-10-01,1988,10,-0.451,-0.451,True,False,True,False
Viet Nam,1988-11-01,1988,11,-0.647,-0.647,True,False,True,False
Viet Nam,1988-12-01,1988,12,0.074,0.074,True,False,True,False
Viet Nam,1989-01-01,1989,1,0.058,0.058,True,False,True,False
Viet Nam,1989-02-01,1989,2,-0.373,-0.373,True,False,True,False
Viet Nam,1989-03-01,1989,3,-0.836,-0.836,True,False,True,False
Viet Nam,1989-04-01,1989,4,0.128,0.128,True,False,True,False
Viet Nam,1989-05-01,1989,5,-0.728,-0.728,True,False,True,False
Viet Nam,1989-06-01,1989,6,0.074,0.074,True,False,True,False
Viet Nam,1989-07-01,1989,7,-0.034,-0.034,True,False,True,False
Viet Nam,1989-08-01,1989,8,0.132,0.132,True,False,True,False
Viet Nam,1989-09-01,1989,9,0.729,0.729,True,False,True,False
Viet Nam,1989-10-01,1989,10,0.063,0.063,True,False,True,False
Viet Nam,1989-11-01,1989,11,0.327,0.327,True,False,True,False
Viet Nam,1989-12-01,1989,12,-0.002,-0.002,True,False,True,False
Viet Nam,1990-01-01,1990,1,0.94,0.94,True,False,True,False
Viet Nam,1990-02-01,1990,2,0.779,0.779,True,False,True,False
Viet Nam,1990-03-01,1990,3,-0.069,-0.069,True,False,True,False
Viet Nam,1990-04-01,1990,4,0.63,0.63,True,False,True,False
Viet Nam,1990-05-01,1990,5,-0.851,-0.851,True,False,True,False
Viet Nam,1990-06-01,1990,6,0.019,0.019,True,False,True,False
Viet Nam,1990-07-01,1990,7,-0.005,-0.005,True,False,True,False
Viet Nam,1990-08-01,1990,8,0.782,0.782,True,False,True,False
Viet Nam,1990-09-01,1990,9,0.705,0.705,True,False,True,False
Viet Nam,1990-10-01,1990,10,0.286,0.286,True,False,True,False
Viet Nam,1990-11-01,1990,11,0.794,0.794,True,False,True,False
Viet Nam,1990-12-01,1990,12,0.875,0.875,True,False,True,False
Viet Nam,1991-01-01,1991,1,1.496,1.496,True,False,True,False
Viet Nam,1991-02-01,1991,2,0.975,0.975,True,False,True,False
Viet Nam,1991-03-01,1991,3,1.14,1.14,True,False,True,False
Viet Nam,1991-04-01,1991,4,0.119,0.119,True,False,True,False
Viet Nam,1991-05-01,1991,5,0.309,0.309,True,False,True,False
Viet Nam,1991-06-01,1991,6,0.315,0.315,True,False,True,False
Viet Nam,1991-07-01,1991,7,0.031,0.031,True,False,True,False
Viet Nam,1991-08-01,1991,8,0.28,0.28,True,False,True,False
Viet Nam,1991-09-01,1991,9,0.695,0.695,True,False,True,False
Viet Nam,1991-10-01,1991,10,0.243,0.243,True,False,True,False
Viet Nam,1991-11-01,1991,11,0.098,0.098,True,False,True,False
Viet Nam,1991-12-01,1991,12,0.791,0.791,True,False,True,False
Viet Nam,1992-01-01,1992,1,-0.757,-0.757,True,False,True,False
Viet Nam,1992-02-01,1992,2,-0.355,-0.355,True,False,True,False
Viet Nam,1992-03-01,1992,3,0.025,0.025,True,False,True,False
Viet Nam,1992-04-01,1992,4,0.73,0.73,True,False,True,False
Viet Nam,1992-05-01,1992,5,0.431,0.431,True,False,True,False
Viet Nam,1992-06-01,1992,6,0.332,0.332,True,False,True,False
Viet Nam,1992-07-01,1992,7,-0.339,-0.339,True,False,True,False
Viet Nam,1992-08-01,1992,8,0.513,0.513,True,False,True,False
Viet Nam,1992-09-01,1992,9,0.837,0.837,True,False,True,False
Viet Nam,1992-10-01,1992,10,-0.802,-0.802,True,False,True,False
Viet Nam,1992-11-01,1992,11,-0.842,-0.842,True,False,True,False
Viet Nam,1992-12-01,1992,12,0.748,0.748,True,False,True,False
Viet Nam,1993-01-01,1993,1,-0.348,-0.348,True,False,True,False
Viet Nam,1993-02-01,1993,2,0.468,0.468,True,False,True,False
Viet Nam,1993-03-01,1993,3,0.17,0.17,True,False,True,False
Viet Nam,1993-04-01,1993,4,0.231,0.231,True,False,True,False
Viet Nam,1993-05-01,1993,5,-0.008,-0.008,True,False,True,False
Viet Nam,1993-06-01,1993,6,0.896,0.896,True,False,True,False
Viet Nam,1993-07-01,1993,7,0.544,0.544,True,False,True,False
Viet Nam,1993-08-01,1993,8,0.496,0.496,True,False,True,False
Viet Nam,1993-09-01,1993,9,0.233,0.233,True,False,True,False
Viet Nam,1993-10-01,1993,10,-0.48,-0.48,True,False,True,False
Viet Nam,1993-11-01,1993,11,0.555,0.555,True,False,True,False
Viet Nam,1993-12-01,1993,12,-0.549,-0.549,True,False,True,False
Viet Nam,1994-01-01,1994,1,1.194,1.194,True,False,True,False
Viet Nam,1994-02-01,1994,2,1.639,1.639,True,False,True,False
Viet Nam,1994-03-01,1994,3,-1.019,-1.019,True,False,True,False
Viet Nam,1994-04-01,1994,4,1.225,1.225,True,False,True,False
Viet Nam,1994-05-01,1994,5,0.601,0.601,True,False,True,False
Viet Nam,1994-06-01,1994,6,0.079,0.079,True,False,True,False
Viet Nam,1994-07-01,1994,7,-0.198,-0.198,True,False,True,False
Viet Nam,1994-08-01,1994,8,0.265,0.265,True,False,True,False
Viet Nam,1994-09-01,1994,9,0.186,0.186,True,False,True,False
Viet Nam,1994-10-01,1994,10,-0.296,-0.296,True,False,True,False
Viet Nam,1994-11-01,1994,11,1.167,1.167,True,False,True,False
Viet Nam,1994-12-01,1994,12,1.229,1.229,True,False,True,False
Viet Nam,1995-01-01,1995,1,0.193,0.193,True,False,True,False
Viet Nam,1995-02-01,1995,2,-0.354,-0.354,True,False,True,False
Viet Nam,1995-03-01,1995,3,-0.148,-0.148,True,False,True,False
Viet Nam,1995-04-01,1995,4,0.865,0.865,True,False,True,False
Viet Nam,1995-05-01,1995,5,0.141,0.141,True,False,True,False
Viet Nam,1995-06-01,1995,6,1.013,1.013,True,False,True,False
Viet Nam,1995-07-01,1995,7,0.147,0.147,True,False,True,False
Viet Nam,1995-08-01,1995,8,0.369,0.369,True,False,True,False
Viet Nam,1995-09-01,1995,9,0.225,0.225,True,False,True,False
Viet Nam,1995-10-01,1995,10,0.981,0.981,True,False,True,False
Viet Nam,1995-11-01,1995,11,-0.228,-0.228,True,False,True,False
Viet Nam,1995-12-01,1995,12,-0.488,-0.488,True,False,True,False
Viet Nam,1996-01-01,1996,1,0.215,0.215,True,False,True,False
Viet Nam,1996-02-01,1996,2,-0.94,-0.94,True,False,True,False
Viet Nam,1996-03-01,1996,3,0.317,0.317,True,False,True,False
Viet Nam,1996-04-01,1996,4,-1.369,-1.369,True,False,True,False
Viet Nam,1996-05-01,1996,5,-0.153,-0.153,True,False,True,False
Viet Nam,1996-06-01,1996,6,0.222,0.222,True,False,True,False
Viet Nam,1996-07-01,1996,7,0.243,0.243,True,False,True,False
Viet Nam,1996-08-01,1996,8,0.35,0.35,True,False,True,False
Viet Nam,1996-09-01,1996,9,0.153,0.153,True,False,True,False
Viet Nam,1996-10-01,1996,10,0.647,0.647,True,False,True,False
Viet Nam,1996-11-01,1996,11,0.967,0.967,True,False,True,False
Viet Nam,1996-12-01,1996,12,-0.249,-0.249,True,False,True,False
Viet Nam,1997-01-01,1997,1,0.61,0.61,True,False,True,False
Viet Nam,1997-02-01,1997,2,-0.143,-0.143,True,False,True,False
Viet Nam,1997-03-01,1997,3,0.298,0.298,True,False,True,False
Viet Nam,1997-04-01,1997,4,-0.08,-0.08,True,False,True,False
Viet Nam,1997-05-01,1997,5,0.298,0.298,True,False,True,False
Viet Nam,1997-06-01,1997,6,0.573,0.573,True,False,True,False
Viet Nam,1997-07-01,1997,7,-0.202,-0.202,True,False,True,False
Viet Nam,1997-08-01,1997,8,0.565,0.565,True,False,True,False
Viet Nam,1997-09-01,1997,9,-0.479,-0.479,True,False,True,False
Viet Nam,1997-10-01,1997,10,1.027,1.027,True,False,True,False
Viet Nam,1997-11-01,1997,11,1.59,1.59,True,False,True,False
Viet Nam,1997-12-01,1997,12,1.425,1.425,True,False,True,False
Viet Nam,1998-01-01,1998,1,1.991,1.991,True,False,True,False
Viet Nam,1998-02-01,1998,2,1.703,1.703,True,False,True,False
Viet Nam,1998-03-01,1998,3,1.317,1.317,True,False,True,False
Viet Nam,1998-04-01,1998,4,1.588,1.588,True,False,True,False
Viet Nam,1998-05-01,1998,5,1.312,1.312,True,False,True,False
Viet Nam,1998-06-01,1998,6,1.516,1.516,True,False,True,False
Viet Nam,1998-07-01,1998,7,1.168,1.168,True,False,True,False
Viet Nam,1998-08-01,1998,8,1.052,1.052,True,False,True,False
Viet Nam,1998-09-01,1998,9,0.68,0.68,True,False,True,False
Viet Nam,1998-10-01,1998,10,0.835,0.835,True,False,True,False
Viet Nam,1998-11-01,1998,11,1.1,1.1,True,False,True,False
Viet Nam,1998-12-01,1998,12,0.982,0.982,True,False,True,False
Viet Nam,1999-01-01,1999,1,1.125,1.125,True,False,True,False
Viet Nam,1999-02-01,1999,2,1.403,1.403,True,False,True,False
Viet Nam,1999-03-01,1999,3,1.424,1.424,True,False,True,False
Viet Nam,1999-04-01,1999,4,0.84,0.84,True,False,True,False
Viet Nam,1999-05-01,1999,5,-0.843,-0.843,True,False,True,False
Viet Nam,1999-06-01,1999,6,0.612,0.612,True,False,True,False
Viet Nam,1999-07-01,1999,7,0.746,0.746,True,False,True,False
Viet Nam,1999-08-01,1999,8,0.495,0.495,True,False,True,False
Viet Nam,1999-09-01,1999,9,0.714,0.714,True,False,True,False
Viet Nam,1999-10-01,1999,10,0.608,0.608,True,False,True,False
Viet Nam,1999-11-01,1999,11,0.733,0.733,True,False,True,False
Viet Nam,1999-12-01,1999,12,-1.676,-1.676,True,False,True,False
Viet Nam,2000-01-01,2000,1,1.352,1.352,True,False,True,False
Viet Nam,2000-02-01,2000,2,-0.189,-0.189,True,False,True,False
Viet Nam,2000-03-01,2000,3,-0.023,-0.023,True,False,True,False
Viet Nam,2000-04-01,2000,4,0.246,0.246,True,False,True,False
Viet Nam,2000-05-01,2000,5,-0.044,-0.044,True,False,True,False
Viet Nam,2000-06-01,2000,6,-0.083,-0.083,True,False,True,False
Viet Nam,2000-07-01,2000,7,0.276,0.276,True,False,True,False
Viet Nam,2000-08-01,2000,8,0.545,0.545,True,False,True,False
Viet Nam,2000-09-01,2000,9,0.319,0.319,True,False,True,False
Viet Nam,2000-10-01,2000,10,0.551,0.551,True,False,True,False
Viet Nam,2000-11-01,2000,11,0.194,0.194,True,False,True,False
Viet Nam,2000-12-01,2000,12,1.227,1.227,True,False,True,False
Viet Nam,2001-01-01,2001,1,1.748,1.748,True,False,True,False
Viet Nam,2001-02-01,2001,2,0.428,0.428,True,False,True,False
Viet Nam,2001-03-01,2001,3,0.694,0.694,True,False,True,False
Viet Nam,2001-04-01,2001,4,1.009,1.009,True,False,True,False
Viet Nam,2001-05-01,2001,5,-0.001,-0.001,True,False,True,False
Viet Nam,2001-06-01,2001,6,0.392,0.392,True,False,True,False
Viet Nam,2001-07-01,2001,7,0.711,0.711,True,False,True,False
Viet Nam,2001-08-01,2001,8,0.405,0.405,True,False,True,False
Viet Nam,2001-09-01,2001,9,0.941,0.941,True,False,True,False
Viet Nam,2001-10-01,2001,10,0.886,0.886,True,False,True,False
Viet Nam,2001-11-01,2001,11,-0.288,-0.288,True,False,True,False
Viet Nam,2001-12-01,2001,12,0.193,0.193,True,False,True,False
Viet Nam,2002-01-01,2002,1,0.766,0.766,True,False,True,False
Viet Nam,2002-02-01,2002,2,1.23,1.23,True,False,True,False
Viet Nam,2002-03-01,2002,3,1.034,1.034,True,False,True,False
Viet Nam,2002-04-01,2002,4,1.47,1.47,True,False,True,False
Viet Nam,2002-05-01,2002,5,0.537,0.537,True,False,True,False
Viet Nam,2002-06-01,2002,6,0.505,0.505,True,False,True,False
Viet Nam,2002-07-01,2002,7,0.838,0.838,True,False,True,False
Viet Nam,2002-08-01,2002,8,0.13,0.13,True,False,True,False
Viet Nam,2002-09-01,2002,9,0.376,0.376,True,False,True,False
Viet Nam,2002-10-01,2002,10,0.745,0.745,True,False,True,False
Viet Nam,2002-11-01,2002,11,0.754,0.754,True,False,True,False
Viet Nam,2002-12-01,2002,12,1.583,1.583,True,False,True,False
Viet Nam,2003-01-01,2003,1,0.12,0.12,True,False,True,False
Viet Nam,2003-02-01,2003,2,2.249,2.249,True,False,True,False
Viet Nam,2003-03-01,2003,3,0.912,0.912,True,False,True,False
Viet Nam,2003-04-01,2003,4,1.641,1.641,True,False,True,False
Viet Nam,2003-05-01,2003,5,1.129,1.129,True,False,True,False
Viet Nam,2003-06-01,2003,6,1.067,1.067,True,False,True,False
Viet Nam,2003-07-01,2003,7,0.768,0.768,True,False,True,False
Viet Nam,2003-08-01,2003,8,0.749,0.749,True,False,True,False
Viet Nam,2003-09-01,2003,9,0.742,0.742,True,False,True,False
Viet Nam,2003-10-01,2003,10,0.729,0.729,True,False,True,False
Viet Nam,2003-11-01,2003,11,1.206,1.206,True,False,True,False
Viet Nam,2003-12-01,2003,12,0.076,0.076,True,False,True,False
Viet Nam,2004-01-01,2004,1,0.855,0.855,True,False,True,False
Viet Nam,2004-02-01,2004,2,0.302,0.302,True,False,True,False
Viet Nam,2004-03-01,2004,3,0.295,0.295,True,False,True,False
Viet Nam,2004-04-01,2004,4,0.802,0.802,True,False,True,False
Viet Nam,2004-05-01,2004,5,-0.245,-0.245,True,False,True,False
Viet Nam,2004-06-01,2004,6,0.15,0.15,True,False,True,False
Viet Nam,2004-07-01,2004,7,-0.147,-0.147,True,False,True,False
Viet Nam,2004-08-01,2004,8,0.461,0.461,True,False,True,False
Viet Nam,2004-09-01,2004,9,0.368,0.368,True,False,True,False
Viet Nam,2004-10-01,2004,10,0.292,0.292,True,False,True,False
Viet Nam,2004-11-01,2004,11,1.242,1.242,True,False,True,False
Viet Nam,2004-12-01,2004,12,0.339,0.339,True,False,True,False
Viet Nam,2005-01-01,2005,1,0.474,0.474,True,False,True,False
Viet Nam,2005-02-01,2005,2,1.774,1.774,True,False,True,False
Viet Nam,2005-03-01,2005,3,-0.616,-0.616,True,False,True,False
Viet Nam,2005-04-01,2005,4,0.61,0.61,True,False,True,False
Viet Nam,2005-05-01,2005,5,1.638,1.638,True,False,True,False
Viet Nam,2005-06-01,2005,6,1.434,1.434,True,False,True,False
Viet Nam,2005-07-01,2005,7,0.532,0.532,True,False,True,False
Viet Nam,2005-08-01,2005,8,0.936,0.936,True,False,True,False
Viet Nam,2005-09-01,2005,9,0.694,0.694,True,False,True,False
Viet Nam,2005-10-01,2005,10,0.707,0.707,True,False,True,False
Viet Nam,2005-11-01,2005,11,1.287,1.287,True,False,True,False
Viet Nam,2005-12-01,2005,12,-0.432,-0.432,True,False,True,False
Viet Nam,2006-01-01,2006,1,0.973,0.973,True,False,True,False
Viet Nam,2006-02-01,2006,2,1.474,1.474,True,False,True,False
Viet Nam,2006-03-01,2006,3,0.521,0.521,True,False,True,False
Viet Nam,2006-04-01,2006,4,1.522,1.522,True,False,True,False
Viet Nam,2006-05-01,2006,5,0.304,0.304,True,False,True,False
Viet Nam,2006-06-01,2006,6,1.069,1.069,True,False,True,False
Viet Nam,2006-07-01,2006,7,0.502,0.502,True,False,True,False
Viet Nam,2006-08-01,2006,8,0.456,0.456,True,False,True,False
Viet Nam,2006-09-01,2006,9,0.268,0.268,True,False,True,False
Viet Nam,2006-10-01,2006,10,1.64,1.64,True,False,True,False
Viet Nam,2006-11-01,2006,11,2.324,2.324,True,False,True,False
Viet Nam,2006-12-01,2006,12,0.677,0.677,True,False,True,False
Viet Nam,2007-01-01,2007,1,0.25,0.25,True,False,True,False
Viet Nam,2007-02-01,2007,2,2.171,2.171,True,False,True,False
Viet Nam,2007-03-01,2007,3,1.092,1.092,True,False,True,False
Viet Nam,2007-04-01,2007,4,-0.084,-0.084,True,False,True,False
Viet Nam,2007-05-01,2007,5,-0.299,-0.299,True,False,True,False
Viet Nam,2007-06-01,2007,6,1.016,1.016,True,False,True,False
Viet Nam,2007-07-01,2007,7,0.474,0.474,True,False,True,False
Viet Nam,2007-08-01,2007,8,0.378,0.378,True,False,True,False
Viet Nam,2007-09-01,2007,9,0.508,0.508,True,False,True,False
Viet Nam,2007-10-01,2007,10,0.407,0.407,True,False,True,False
Viet Nam,2007-11-01,2007,11,-0.373,-0.373,True,False,True,False
Viet Nam,2007-12-01,2007,12,1.62,1.62,True,False,True,False
Viet Nam,2008-01-01,2008,1,0.078,0.078,True,False,True,False
Viet Nam,2008-02-01,2008,2,-2.392,-2.392,True,False,True,False
Viet Nam,2008-03-01,2008,3,-0.091,-0.091,True,False,True,False
Viet Nam,2008-04-01,2008,4,0.774,0.774,True,False,True,False
Viet Nam,2008-05-01,2008,5,-0.346,-0.346,True,False,True,False
Viet Nam,2008-06-01,2008,6,0.16,0.16,True,False,True,False
Viet Nam,2008-07-01,2008,7,0.17,0.17,True,False,True,False
Viet Nam,2008-08-01,2008,8,0.388,0.388,True,False,True,False
Viet Nam,2008-09-01,2008,9,0.652,0.652,True,False,True,False
Viet Nam,2008-10-01,2008,10,1.056,1.056,True,False,True,False
Viet Nam,2008-11-01,2008,11,0.53,0.53,True,False,True,False
Viet Nam,2008-12-01,2008,12,-0.088,-0.088,True,False,True,False
Viet Nam,2009-01-01,2009,1,-0.55,-0.55,True,False,True,False
Viet Nam,2009-02-01,2009,2,2.934,2.934,True,False,True,False
Viet Nam,2009-03-01,2009,3,1.069,1.069,True,False,True,False
Viet Nam,2009-04-01,2009,4,0.42,0.42,True,False,True,False
Viet Nam,2009-05-01,2009,5,-0.537,-0.537,True,False,True,False
Viet Nam,2009-06-01,2009,6,1.076,1.076,True,False,True,False
Viet Nam,2009-07-01,2009,7,0.528,0.528,True,False,True,False
Viet Nam,2009-08-01,2009,8,0.931,0.931,True,False,True,False
Viet Nam,2009-09-01,2009,9,0.803,0.803,True,False,True,False
Viet Nam,2009-10-01,2009,10,1.144,1.144,True,False,True,False
Viet Nam,2009-11-01,2009,11,0.558,0.558,True,False,True,False
Viet Nam,2009-12-01,2009,12,1.383,1.383,True,False,True,False
Viet Nam,2010-01-01,2010,1,2.036,2.036,True,False,True,False
Viet Nam,2010-02-01,2010,2,2.726,2.726,True,False,True,False
Viet Nam,2010-03-01,2010,3,1.12,1.12,True,False,True,False
Viet Nam,2010-04-01,2010,4,0.61,0.61,True,False,True,False
Viet Nam,2010-05-01,2010,5,1.513,1.513,True,False,True,False
Viet Nam,2010-06-01,2010,6,1.24,1.24,True,False,True,False
Viet Nam,2010-07-01,2010,7,0.826,0.826,True,False,True,False
Viet Nam,2010-08-01,2010,8,0.317,0.317,True,False,True,False
Viet Nam,2010-09-01,2010,9,1.14,1.14,True,False,True,False
Viet Nam,2010-10-01,2010,10,0.21,0.21,True,False,True,False
Viet Nam,2010-11-01,2010,11,0.239,0.239,True,False,True,False
Viet Nam,2010-12-01,2010,12,1.007,1.007,True,False,True,False
Viet Nam,2011-01-01,2011,1,-1.53,-1.53,True,False,True,False
Viet Nam,2011-02-01,2011,2,0.222,0.222,True,False,True,False
Viet Nam,2011-03-01,2011,3,-2.291,-2.291,True,False,True,False
Viet Nam,2011-04-01,2011,4,-0.73,-0.73,True,False,True,False
Viet Nam,2011-05-01,2011,5,-0.099,-0.099,True,False,True,False
Viet Nam,2011-06-01,2011,6,0.74,0.74,True,False,True,False
Viet Nam,2011-07-01,2011,7,0.928,0.928,True,False,True,False
Viet Nam,2011-08-01,2011,8,0.681,0.681,True,False,True,False
Viet Nam,2011-09-01,2011,9,0.554,0.554,True,False,True,False
Viet Nam,2011-10-01,2011,10,0.486,0.486,True,False,True,False
Viet Nam,2011-11-01,2011,11,1.565,1.565,True,False,True,False
Viet Nam,2011-12-01,2011,12,-0.319,-0.319,True,False,True,False
Viet Nam,2012-01-01,2012,1,0.267,0.267,True,False,True,False
Viet Nam,2012-02-01,2012,2,0.362,0.362,True,False,True,False
Viet Nam,2012-03-01,2012,3,0.579,0.579,True,False,True,False
Viet Nam,2012-04-01,2012,4,1.268,1.268,True,False,True,False
Viet Nam,2012-05-01,2012,5,1.237,1.237,True,False,True,False
Viet Nam,2012-06-01,2012,6,1.322,1.322,True,False,True,False
Viet Nam,2012-07-01,2012,7,0.359,0.359,True,False,True,False
Viet Nam,2012-08-01,2012,8,0.893,0.893,True,False,True,False
Viet Nam,2012-09-01,2012,9,0.088,0.088,True,False,True,False
Viet Nam,2012-10-01,2012,10,1.079,1.079,True,False,True,False
Viet Nam,2012-11-01,2012,11,2.031,2.031,True,False,True,False
Viet Nam,2012-12-01,2012,12,1.663,1.663,True,False,True,False
Viet Nam,2013-01-01,2013,1,0.635,0.635,True,False,True,False
Viet Nam,2013-02-01,2013,2,2.321,2.321,True,False,True,False
Viet Nam,2013-03-01,2013,3,2.034,2.034,True,False,True,False
Viet Nam,2013-04-01,2013,4,0.917,0.917,True,False,True,False
Viet Nam,2013-05-01,2013,5,0.941,0.941,True,False,True,False
Viet Nam,2013-06-01,2013,6,0.655,0.655,True,False,True,False
Viet Nam,2013-07-01,2013,7,0.166,0.166,True,False,True,False
Viet Nam,2013-08-01,2013,8,0.428,0.428,True,False,True,False
Viet Nam,2013-09-01,2013,9,0.155,0.155,True,False,True,False
Viet Nam,2013-10-01,2013,10,0.078,0.078,True,False,True,False
Viet Nam,2013-11-01,2013,11,1.141,1.141,True,False,True,False
Viet Nam,2013-12-01,2013,12,-1.408,-1.408,True,False,True,False
Viet Nam,2014-01-01,2014,1,-0.274,-0.274,True,False,False,True
Viet Nam,2014-02-01,2014,2,-0.192,-0.192,True,False,False,True
Viet Nam,2014-03-01,2014,3,0.357,0.357,True,False,False,True
Viet Nam,2014-04-01,2014,4,1.151,1.151,True,False,False,True
Viet Nam,2014-05-01,2014,5,1.333,1.333,True,False,False,True
Viet Nam,2014-06-01,2014,6,1.09,1.09,True,False,False,True
Viet Nam,2014-07-01,2014,7,0.43,0.43,True,False,False,True
Viet Nam,2014-08-01,2014,8,0.591,0.591,True,False,False,True
Viet Nam,2014-09-01,2014,9,1.072,1.072,True,False,False,True
Viet Nam,2014-10-01,2014,10,0.857,0.857,True,False,False,True
Viet Nam,2014-11-01,2014,11,1.61,1.61,True,False,False,True
Viet Nam,2014-12-01,2014,12,-0.176,-0.176,True,False,False,True
Viet Nam,2015-01-01,2015,1,0.357,0.357,True,False,False,True
Viet Nam,2015-02-01,2015,2,0.939,0.939,True,False,False,True
Viet Nam,2015-03-01,2015,3,1.402,1.402,True,False,False,True
Viet Nam,2015-04-01,2015,4,0.834,0.834,True,False,False,True
Viet Nam,2015-05-01,2015,5,2.174,2.174,True,False,False,True
Viet Nam,2015-06-01,2015,6,1.526,1.526,True,False,False,True
Viet Nam,2015-07-01,2015,7,0.626,0.626,True,False,False,True
Viet Nam,2015-08-01,2015,8,1.127,1.127,True,False,False,True
Viet Nam,2015-09-01,2015,9,1.312,1.312,True,False,False,True
Viet Nam,2015-10-01,2015,10,1.359,1.359,True,False,False,True
Viet Nam,2015-11-01,2015,11,2.687,2.687,True,False,False,True
Viet Nam,2015-12-01,2015,12,1.33,1.33,True,False,False,True
Viet Nam,2016-01-01,2016,1,1.468,1.468,True,False,False,True
Viet Nam,2016-02-01,2016,2,-0.633,-0.633,True,False,False,True
Viet Nam,2016-03-01,2016,3,0.14,0.14,True,False,False,True
Viet Nam,2016-04-01,2016,4,1.693,1.693,True,False,False,True
Viet Nam,2016-05-01,2016,5,1.11,1.11,True,False,False,True
Viet Nam,2016-06-01,2016,6,1.372,1.372,True,False,False,True
Viet Nam,2016-07-01,2016,7,1.045,1.045,True,False,False,True
Viet Nam,2016-08-01,2016,8,1.359,1.359,True,False,False,True
Viet Nam,2016-09-01,2016,9,1.216,1.216,True,False,False,True
Viet Nam,2016-10-01,2016,10,1.84,1.84,True,False,False,True
Viet Nam,2016-11-01,2016,11,1.724,1.724,True,False,False,True
Viet Nam,2016-12-01,2016,12,1.741,1.741,True,False,False,True
Viet Nam,2017-01-01,2017,1,2.389,2.389,True,False,False,True
Viet Nam,2017-02-01,2017,2,1.23,1.23,True,False,False,True
Viet Nam,2017-03-01,2017,3,0.764,0.764,True,False,False,True
Viet Nam,2017-04-01,2017,4,0.652,0.652,True,False,False,True
Viet Nam,2017-05-01,2017,5,0.299,0.299,True,False,False,True
Viet Nam,2017-06-01,2017,6,1.297,1.297,True,False,False,True
Viet Nam,2017-07-01,2017,7,0.291,0.291,True,False,False,True
Viet Nam,2017-08-01,2017,8,0.941,0.941,True,False,False,True
Viet Nam,2017-09-01,2017,9,1.773,1.773,True,False,False,True
Viet Nam,2017-10-01,2017,10,0.858,0.858,True,False,False,True
Viet Nam,2017-11-01,2017,11,0.998,0.998,True,False,False,True
Viet Nam,2017-12-01,2017,12,0.118,0.118,True,False,False,True
Viet Nam,2018-01-01,2018,1,0.938,0.938,True,False,False,True
Viet Nam,2018-02-01,2018,2,-0.414,-0.414,True,False,False,True
Viet Nam,2018-03-01,2018,3,1.023,1.023,True,False,False,True
Viet Nam,2018-04-01,2018,4,0.205,0.205,True,False,False,True
Viet Nam,2018-05-01,2018,5,1.028,1.028,True,False,False,True
Viet Nam,2018-06-01,2018,6,0.876,0.876,True,False,False,True
Viet Nam,2018-07-01,2018,7,0.646,0.646,True,False,False,True
Viet Nam,2018-08-01,2018,8,0.825,0.825,True,False,False,True
Viet Nam,2018-09-01,2018,9,1.078,1.078,True,False,False,True
Viet Nam,2018-10-01,2018,10,1.08,1.08,True,False,False,True
Viet Nam,2018-11-01,2018,11,1.955,1.955,True,False,False,True
Viet Nam,2018-12-01,2018,12,1.478,1.478,True,False,False,True
Viet Nam,2019-01-01,2019,1,1.582,1.582,True,False,False,True
Viet Nam,2019-02-01,2019,2,3.195,3.195,True,False,False,True
Viet Nam,2019-03-01,2019,3,1.826,1.826,True,False,False,True
Viet Nam,2019-04-01,2019,4,2.537,2.537,True,False,False,True
Viet Nam,2019-05-01,2019,5,1.329,1.329,True,False,False,True
Viet Nam,2019-06-01,2019,6,2.145,2.145,True,False,False,True
Viet Nam,2019-07-01,2019,7,1.437,1.437,True,False,False,True
Viet Nam,2019-08-01,2019,8,1.37,1.37,True,False,False,True
Viet Nam,2019-09-01,2019,9,0.935,0.935,True,False,False,True
Viet Nam,2019-10-01,2019,10,1.454,1.454,True,False,False,True
Viet Nam,2019-11-01,2019,11,1.519,1.519,True,False,False,True
Viet Nam,2019-12-01,2019,12,1.082,1.082,True,False,False,True
Viet Nam,2020-01-01,2020,1,2.704,2.704,True,False,False,True
Viet Nam,2020-02-01,2020,2,1.837,1.837,True,False,False,True
Viet Nam,2020-03-01,2020,3,2.205,2.205,True,False,False,True
Viet Nam,2020-04-01,2020,4,-0.29,-0.29,True,False,False,True
Viet Nam,2020-05-01,2020,5,1.824,1.824,True,False,False,True
Viet Nam,2020-06-01,2020,6,1.851,1.851,True,False,False,True
Viet Nam,2020-07-01,2020,7,1.49,1.49,True,False,False,True
Viet Nam,2020-08-01,2020,8,1.159,1.159,True,False,False,True
Viet Nam,2020-09-01,2020,9,1.647,1.647,True,False,False,True
Viet Nam,2020-10-01,2020,10,0.024,0.024,True,False,False,True
Viet Nam,2020-11-01,2020,11,1.486,1.486,True,False,False,True
Viet Nam,2020-12-01,2020,12,0.401,0.401,True,False,False,True
Viet Nam,2021-01-01,2021,1,-0.192,-0.192,True,False,False,True
Viet Nam,2021-02-01,2021,2,1.389,1.389,True,False,False,True
Viet Nam,2021-03-01,2021,3,1.804,1.804,True,False,False,True
Viet Nam,2021-04-01,2021,4,1.098,1.098,True,False,False,True
Viet Nam,2021-05-01,2021,5,1.377,1.377,True,False,False,True
Viet Nam,2021-06-01,2021,6,1.251,1.251,True,False,False,True
Viet Nam,2021-07-01,2021,7,1.069,1.069,True,False,False,True
Viet Nam,2021-08-01,2021,8,1.689,1.689,True,False,False,True
Viet Nam,2021-09-01,2021,9,0.984,0.984,True,False,False,True
Viet Nam,2021-10-01,2021,10,0.48,0.48,True,False,False,True
Viet Nam,2021-11-01,2021,11,0.954,0.954,True,False,False,True
Viet Nam,2021-12-01,2021,12,0.533,0.533,True,False,False,True
Viet Nam,2022-01-01,2022,1,2.002,2.002,True,False,False,True
Viet Nam,2022-02-01,2022,2,-0.387,-0.387,True,False,False,True
Viet Nam,2022-03-01,2022,3,1.867,1.867,True,False,False,True
Viet Nam,2022-04-01,2022,4,-0.083,-0.083,True,False,False,True
Viet Nam,2022-05-01,2022,5,0.385,0.385,True,False,False,True
Viet Nam,2022-06-01,2022,6,1.193,1.193,True,False,False,True
Viet Nam,2022-07-01,2022,7,0.903,0.903,True,False,False,True
Viet Nam,2022-08-01,2022,8,0.894,0.894,True,False,False,True
Viet Nam,2022-09-01,2022,9,0.961,0.961,True,False,False,True
Viet Nam,2022-10-01,2022,10,0.513,0.513,True,False,False,True
Viet Nam,2022-11-01,2022,11,2.56,2.56,True,False,False,True
Viet Nam,2022-12-01,2022,12,-0.042,-0.042,True,False,False,True
Viet Nam,2023-01-01,2023,1,0.622,0.622,True,False,False,True
Viet Nam,2023-02-01,2023,2,1.888,1.888,True,False,False,True
Viet Nam,2023-03-01,2023,3,1.014,1.014,True,False,False,True
Viet Nam,2023-04-01,2023,4,1.746,1.746,True,False,False,True
Viet Nam,2023-05-01,2023,5,1.542,1.542,True,False,False,True
Viet Nam,2023-06-01,2023,6,1.409,1.409,True,False,False,True
Viet Nam,2023-07-01,2023,7,1.415,1.415,True,False,False,True
Viet Nam,2023-08-01,2023,8,1.521,1.521,True,False,False,True
Viet Nam,2023-09-01,2023,9,1.365,1.365,True,False,False,True
Viet Nam,2023-10-01,2023,10,1.609,1.609,True,False,False,True
Viet Nam,2023-11-01,2023,11,1.909,1.909,True,False,False,True
Viet Nam,2023-12-01,2023,12,1.821,1.821,True,False,False,True
