Country,Model,Date,Actual_Modeling_Value,Forecast,ActualObservedInSource,UsedInMetrics,Error,Absolute_Error
Brunei Darussalam,Holt-Winters,2014-01-01,-0.056,0.903623319665272,True,True,-0.959623319665272,0.959623319665272
Brunei Darussalam,Holt-Winters,2014-02-01,0.376,0.8314858856643924,True,True,-0.4554858856643924,0.4554858856643924
Brunei Darussalam,Holt-Winters,2014-03-01,0.649,0.8949948056137916,True,True,-0.2459948056137916,0.2459948056137916
Brunei Darussalam,Holt-Winters,2014-04-01,0.712,0.863094713993262,True,True,-0.151094713993262,0.151094713993262
Brunei Darussalam,Holt-Winters,2014-05-01,0.617,0.7498807061938704,True,True,-0.1328807061938703,0.1328807061938703
Brunei Darussalam,Holt-Winters,2014-06-01,1.258,0.9764810195043604,True,True,0.2815189804956395,0.2815189804956395
Brunei Darussalam,Holt-Winters,2014-07-01,1.039,0.975594254602032,True,True,0.0634057453979679,0.0634057453979679
Brunei Darussalam,Holt-Winters,2014-08-01,0.185,0.919619010998451,True,True,-0.734619010998451,0.734619010998451
Brunei Darussalam,Holt-Winters,2014-09-01,0.823,0.8550692450282648,True,True,-0.0320692450282648,0.0320692450282648
Brunei Darussalam,Holt-Winters,2014-10-01,0.771,0.8603166481221126,True,True,-0.0893166481221126,0.0893166481221126
Brunei Darussalam,Holt-Winters,2014-11-01,0.916,0.8773324033253788,True,True,0.0386675966746212,0.0386675966746212
Brunei Darussalam,Holt-Winters,2014-12-01,0.904,0.971029464417909,True,True,-0.067029464417909,0.067029464417909
Brunei Darussalam,Holt-Winters,2015-01-01,0.39,0.919679910655256,True,True,-0.5296799106552559,0.5296799106552559
Brunei Darussalam,Holt-Winters,2015-02-01,0.504,0.8475424766543763,True,True,-0.3435424766543763,0.3435424766543763
Brunei Darussalam,Holt-Winters,2015-03-01,0.537,0.9110513966037757,True,True,-0.3740513966037755,0.3740513966037755
Brunei Darussalam,Holt-Winters,2015-04-01,0.888,0.8791513049832459,True,True,0.0088486950167541,0.0088486950167541
Brunei Darussalam,Holt-Winters,2015-05-01,0.612,0.7659372971838543,True,True,-0.1539372971838543,0.1539372971838543
Brunei Darussalam,Holt-Winters,2015-06-01,1.186,0.9925376104943444,True,True,0.1934623895056555,0.1934623895056555
Brunei Darussalam,Holt-Winters,2015-07-01,1.545,0.9916508455920158,True,True,0.5533491544079842,0.5533491544079842
Brunei Darussalam,Holt-Winters,2015-08-01,0.821,0.9356756019884348,True,True,-0.1146756019884349,0.1146756019884349
Brunei Darussalam,Holt-Winters,2015-09-01,1.179,0.8711258360182487,True,True,0.3078741639817514,0.3078741639817514
Brunei Darussalam,Holt-Winters,2015-10-01,1.452,0.8763732391120964,True,True,0.5756267608879035,0.5756267608879035
Brunei Darussalam,Holt-Winters,2015-11-01,1.167,0.8933889943153627,True,True,0.2736110056846373,0.2736110056846373
Brunei Darussalam,Holt-Winters,2015-12-01,1.656,0.987086055407893,True,True,0.668913944592107,0.668913944592107
Brunei Darussalam,Holt-Winters,2016-01-01,2.043,0.9357365016452396,True,True,1.1072634983547605,1.1072634983547605
Brunei Darussalam,Holt-Winters,2016-02-01,1.785,0.8635990676443602,True,True,0.9214009323556396,0.9214009323556396
Brunei Darussalam,Holt-Winters,2016-03-01,1.645,0.9271079875937596,True,True,0.7178920124062406,0.7178920124062406
Brunei Darussalam,Holt-Winters,2016-04-01,1.72,0.8952078959732298,True,True,0.8247921040267702,0.8247921040267702
Brunei Darussalam,Holt-Winters,2016-05-01,1.308,0.7819938881738382,True,True,0.5260061118261619,0.5260061118261619
Brunei Darussalam,Holt-Winters,2016-06-01,0.87,1.0085942014843283,True,True,-0.1385942014843283,0.1385942014843283
Brunei Darussalam,Holt-Winters,2016-07-01,1.182,1.0077074365819996,True,True,0.1742925634180003,0.1742925634180003
Brunei Darussalam,Holt-Winters,2016-08-01,1.403,0.9517321929784188,True,True,0.4512678070215812,0.4512678070215812
Brunei Darussalam,Holt-Winters,2016-09-01,0.751,0.8871824270082326,True,True,-0.1361824270082325,0.1361824270082325
Brunei Darussalam,Holt-Winters,2016-10-01,1.07,0.8924298301020803,True,True,0.1775701698979197,0.1775701698979197
Brunei Darussalam,Holt-Winters,2016-11-01,1.156,0.9094455853053466,True,True,0.2465544146946533,0.2465544146946533
Brunei Darussalam,Holt-Winters,2016-12-01,1.349,1.0031426463978768,True,True,0.3458573536021232,0.3458573536021232
Brunei Darussalam,Holt-Winters,2017-01-01,1.54,0.9517930926352236,True,True,0.5882069073647764,0.5882069073647764
Brunei Darussalam,Holt-Winters,2017-02-01,0.725,0.8796556586343441,True,True,-0.1546556586343441,0.1546556586343441
Brunei Darussalam,Holt-Winters,2017-03-01,0.399,0.9431645785837434,True,True,-0.5441645785837433,0.5441645785837433
Brunei Darussalam,Holt-Winters,2017-04-01,0.687,0.9112644869632136,True,True,-0.2242644869632136,0.2242644869632136
Brunei Darussalam,Holt-Winters,2017-05-01,0.648,0.7980504791638221,True,True,-0.150050479163822,0.150050479163822
Brunei Darussalam,Holt-Winters,2017-06-01,0.852,1.0246507924743122,True,True,-0.1726507924743122,0.1726507924743122
Brunei Darussalam,Holt-Winters,2017-07-01,1.297,1.0237640275719837,True,True,0.2732359724280164,0.2732359724280164
Brunei Darussalam,Holt-Winters,2017-08-01,0.92,0.9677887839684028,True,True,-0.0477887839684026,0.0477887839684026
Brunei Darussalam,Holt-Winters,2017-09-01,0.916,0.9032390179982164,True,True,0.0127609820017835,0.0127609820017835
Brunei Darussalam,Holt-Winters,2017-10-01,0.826,0.9084864210920642,True,True,-0.0824864210920642,0.0824864210920642
Brunei Darussalam,Holt-Winters,2017-11-01,1.141,0.9255021762953304,True,True,0.2154978237046695,0.2154978237046695
Brunei Darussalam,Holt-Winters,2017-12-01,0.936,1.019199237387861,True,True,-0.0831992373878606,0.0831992373878606
Brunei Darussalam,Holt-Winters,2018-01-01,0.955,0.9678496836252076,True,True,-0.0128496836252075,0.0128496836252075
Brunei Darussalam,Holt-Winters,2018-02-01,0.528,0.895712249624328,True,True,-0.367712249624328,0.367712249624328
Brunei Darussalam,Holt-Winters,2018-03-01,0.734,0.9592211695737272,True,True,-0.2252211695737273,0.2252211695737273
Brunei Darussalam,Holt-Winters,2018-04-01,0.876,0.9273210779531976,True,True,-0.0513210779531976,0.0513210779531976
Brunei Darussalam,Holt-Winters,2018-05-01,0.268,0.814107070153806,True,True,-0.546107070153806,0.546107070153806
Brunei Darussalam,Holt-Winters,2018-06-01,1.041,1.040707383464296,True,True,0.0002926165357037,0.0002926165357037
Brunei Darussalam,Holt-Winters,2018-07-01,1.398,1.0398206185619674,True,True,0.3581793814380325,0.3581793814380325
Brunei Darussalam,Holt-Winters,2018-08-01,1.16,0.9838453749583866,True,True,0.1761546250416132,0.1761546250416132
Brunei Darussalam,Holt-Winters,2018-09-01,0.689,0.9192956089882004,True,True,-0.2302956089882004,0.2302956089882004
Brunei Darussalam,Holt-Winters,2018-10-01,0.999,0.924543012082048,True,True,0.0744569879179518,0.0744569879179518
Brunei Darussalam,Holt-Winters,2018-11-01,1.253,0.9415587672853144,True,True,0.3114412327146855,0.3114412327146855
Brunei Darussalam,Holt-Winters,2018-12-01,1.296,1.0352558283778446,True,True,0.2607441716221554,0.2607441716221554
Brunei Darussalam,Holt-Winters,2019-01-01,1.462,0.9839062746151914,True,True,0.4780937253848085,0.4780937253848085
Brunei Darussalam,Holt-Winters,2019-02-01,1.08,0.911768840614312,True,True,0.1682311593856881,0.1682311593856881
Brunei Darussalam,Holt-Winters,2019-03-01,0.945,0.9752777605637112,True,True,-0.0302777605637112,0.0302777605637112
Brunei Darussalam,Holt-Winters,2019-04-01,1.276,0.9433776689431816,True,True,0.3326223310568185,0.3326223310568185
Brunei Darussalam,Holt-Winters,2019-05-01,1.139,0.8301636611437899,True,True,0.3088363388562101,0.3088363388562101
Brunei Darussalam,Holt-Winters,2019-06-01,1.322,1.05676397445428,True,True,0.26523602554572,0.26523602554572
Brunei Darussalam,Holt-Winters,2019-07-01,1.169,1.0558772095519513,True,True,0.1131227904480487,0.1131227904480487
Brunei Darussalam,Holt-Winters,2019-08-01,1.428,0.9999019659483706,True,True,0.4280980340516294,0.4280980340516294
Brunei Darussalam,Holt-Winters,2019-09-01,1.411,0.9353521999781842,True,True,0.4756478000218158,0.4756478000218158
Brunei Darussalam,Holt-Winters,2019-10-01,0.903,0.940599603072032,True,True,-0.037599603072032,0.037599603072032
Brunei Darussalam,Holt-Winters,2019-11-01,1.219,0.9576153582752984,True,True,0.2613846417247017,0.2613846417247017
Brunei Darussalam,Holt-Winters,2019-12-01,1.205,1.0513124193678285,True,True,0.1536875806321718,0.1536875806321718
Brunei Darussalam,Holt-Winters,2020-01-01,1.572,0.9999628656051752,True,True,0.5720371343948247,0.5720371343948247
Brunei Darussalam,Holt-Winters,2020-02-01,1.474,0.927825431604296,True,True,0.5461745683957041,0.5461745683957041
Brunei Darussalam,Holt-Winters,2020-03-01,1.279,0.991334351553695,True,True,0.2876656484463049,0.2876656484463049
Brunei Darussalam,Holt-Winters,2020-04-01,1.196,0.9594342599331654,True,True,0.2365657400668345,0.2365657400668345
Brunei Darussalam,Holt-Winters,2020-05-01,1.127,0.8462202521337738,True,True,0.2807797478662261,0.2807797478662261
Brunei Darussalam,Holt-Winters,2020-06-01,1.072,1.0728205654442635,True,True,-0.0008205654442636,0.0008205654442636
Brunei Darussalam,Holt-Winters,2020-07-01,1.212,1.0719338005419352,True,True,0.1400661994580647,0.1400661994580647
Brunei Darussalam,Holt-Winters,2020-08-01,1.294,1.0159585569383545,True,True,0.2780414430616456,0.2780414430616456
Brunei Darussalam,Holt-Winters,2020-09-01,1.059,0.951408790968168,True,True,0.1075912090318318,0.1075912090318318
Brunei Darussalam,Holt-Winters,2020-10-01,1.115,0.956656194062016,True,True,0.158343805937984,0.158343805937984
Brunei Darussalam,Holt-Winters,2020-11-01,1.059,0.9736719492652822,True,True,0.0853280507347177,0.0853280507347177
Brunei Darussalam,Holt-Winters,2020-12-01,1.199,1.0673690103578122,True,True,0.1316309896421879,0.1316309896421879
Brunei Darussalam,Holt-Winters,2021-01-01,1.012,1.0160194565951592,True,True,-0.0040194565951592,0.0040194565951592
Brunei Darussalam,Holt-Winters,2021-02-01,0.439,0.9438820225942798,True,True,-0.5048820225942798,0.5048820225942798
Brunei Darussalam,Holt-Winters,2021-03-01,0.642,1.007390942543679,True,True,-0.3653909425436789,0.3653909425436789
Brunei Darussalam,Holt-Winters,2021-04-01,0.572,0.9754908509231494,True,True,-0.4034908509231494,0.4034908509231494
Brunei Darussalam,Holt-Winters,2021-05-01,0.681,0.8622768431237577,True,True,-0.1812768431237577,0.1812768431237577
Brunei Darussalam,Holt-Winters,2021-06-01,1.041,1.0888771564342477,True,True,-0.0478771564342477,0.0478771564342477
Brunei Darussalam,Holt-Winters,2021-07-01,1.377,1.0879903915319191,True,True,0.2890096084680809,0.2890096084680809
Brunei Darussalam,Holt-Winters,2021-08-01,1.007,1.0320151479283382,True,True,-0.0250151479283382,0.0250151479283382
Brunei Darussalam,Holt-Winters,2021-09-01,0.942,0.967465381958152,True,True,-0.0254653819581521,0.0254653819581521
Brunei Darussalam,Holt-Winters,2021-10-01,1.437,0.972712785052,True,True,0.4642872149480002,0.4642872149480002
Brunei Darussalam,Holt-Winters,2021-11-01,1.311,0.989728540255266,True,True,0.3212714597447339,0.3212714597447339
Brunei Darussalam,Holt-Winters,2021-12-01,1.578,1.0834256013477963,True,True,0.4945743986522037,0.4945743986522037
Brunei Darussalam,Holt-Winters,2022-01-01,1.307,1.0320760475851432,True,True,0.2749239524148568,0.2749239524148568
Brunei Darussalam,Holt-Winters,2022-02-01,0.91,0.9599386135842636,True,True,-0.0499386135842634,0.0499386135842634
Brunei Darussalam,Holt-Winters,2022-03-01,0.689,1.0234475335336628,True,True,-0.3344475335336628,0.3344475335336628
Brunei Darussalam,Holt-Winters,2022-04-01,0.838,0.9915474419131332,True,True,-0.1535474419131333,0.1535474419131333
Brunei Darussalam,Holt-Winters,2022-05-01,0.987,0.8783334341137415,True,True,0.1086665658862584,0.1086665658862584
Brunei Darussalam,Holt-Winters,2022-06-01,1.04,1.1049337474242318,True,True,-0.0649337474242317,0.0649337474242317
Brunei Darussalam,Holt-Winters,2022-07-01,1.347,1.104046982521903,True,True,0.2429530174780969,0.2429530174780969
Brunei Darussalam,Holt-Winters,2022-08-01,1.132,1.048071738918322,True,True,0.0839282610816778,0.0839282610816778
Brunei Darussalam,Holt-Winters,2022-09-01,0.64,0.983521972948136,True,True,-0.343521972948136,0.343521972948136
Brunei Darussalam,Holt-Winters,2022-10-01,1.178,0.9887693760419838,True,True,0.1892306239580161,0.1892306239580161
Brunei Darussalam,Holt-Winters,2022-11-01,0.935,1.0057851312452497,True,True,-0.0707851312452496,0.0707851312452496
Brunei Darussalam,Holt-Winters,2022-12-01,0.784,1.09948219233778,True,True,-0.3154821923377799,0.3154821923377799
Brunei Darussalam,Holt-Winters,2023-01-01,1.276,1.048132638575127,True,True,0.2278673614248729,0.2278673614248729
Brunei Darussalam,Holt-Winters,2023-02-01,0.88,0.9759952045742474,True,True,-0.0959952045742473,0.0959952045742473
Brunei Darussalam,Holt-Winters,2023-03-01,0.518,1.0395041245236467,True,True,-0.5215041245236467,0.5215041245236467
Brunei Darussalam,Holt-Winters,2023-04-01,1.026,1.007604032903117,True,True,0.0183959670968829,0.0183959670968829
Brunei Darussalam,Holt-Winters,2023-05-01,1.141,0.8943900251037255,True,True,0.2466099748962745,0.2466099748962745
Brunei Darussalam,Holt-Winters,2023-06-01,1.327,1.1209903384142152,True,True,0.2060096615857847,0.2060096615857847
Brunei Darussalam,Holt-Winters,2023-07-01,1.143,1.120103573511887,True,True,0.022896426488113,0.022896426488113
Brunei Darussalam,Holt-Winters,2023-08-01,1.371,1.064128329908306,True,True,0.306871670091694,0.306871670091694
Brunei Darussalam,Holt-Winters,2023-09-01,1.131,0.99957856393812,True,True,0.13142143606188,0.13142143606188
Brunei Darussalam,Holt-Winters,2023-10-01,1.652,1.0048259670319677,True,True,0.6471740329680322,0.6471740329680322
Brunei Darussalam,Holt-Winters,2023-11-01,1.489,1.0218417222352336,True,True,0.4671582777647665,0.4671582777647665
Brunei Darussalam,Holt-Winters,2023-12-01,2.12,1.115538783327764,True,True,1.0044612166722362,1.0044612166722362
Brunei Darussalam,SARIMA,2014-01-01,-0.056,0.9354836930263568,True,True,-0.9914836930263567,0.9914836930263567
Brunei Darussalam,SARIMA,2014-02-01,0.376,0.7965303737593218,True,True,-0.4205303737593218,0.4205303737593218
Brunei Darussalam,SARIMA,2014-03-01,0.649,0.766641452117089,True,True,-0.1176414521170889,0.1176414521170889
Brunei Darussalam,SARIMA,2014-04-01,0.712,0.7315731676368784,True,True,-0.0195731676368784,0.0195731676368784
Brunei Darussalam,SARIMA,2014-05-01,0.617,0.6506210408604425,True,True,-0.0336210408604424,0.0336210408604424
Brunei Darussalam,SARIMA,2014-06-01,1.258,0.9629309413684112,True,True,0.2950690586315887,0.2950690586315887
Brunei Darussalam,SARIMA,2014-07-01,1.039,0.9839406668293708,True,True,0.0550593331706291,0.0550593331706291
Brunei Darussalam,SARIMA,2014-08-01,0.185,0.938484708451516,True,True,-0.7534847084515159,0.7534847084515159
Brunei Darussalam,SARIMA,2014-09-01,0.823,0.8318352160034674,True,True,-0.0088352160034674,0.0088352160034674
Brunei Darussalam,SARIMA,2014-10-01,0.771,0.862842486733853,True,True,-0.0918424867338529,0.0918424867338529
Brunei Darussalam,SARIMA,2014-11-01,0.916,0.8786367137342999,True,True,0.0373632862657001,0.0373632862657001
Brunei Darussalam,SARIMA,2014-12-01,0.904,1.0264246278982436,True,True,-0.1224246278982436,0.1224246278982436
Brunei Darussalam,SARIMA,2015-01-01,0.39,0.9684919492284552,True,True,-0.5784919492284553,0.5784919492284553
Brunei Darussalam,SARIMA,2015-02-01,0.504,0.8235892247662843,True,True,-0.3195892247662842,0.3195892247662842
Brunei Darussalam,SARIMA,2015-03-01,0.537,0.8119757995525028,True,True,-0.2749757995525027,0.2749757995525027
Brunei Darussalam,SARIMA,2015-04-01,0.888,0.7433180536287918,True,True,0.1446819463712082,0.1446819463712082
Brunei Darussalam,SARIMA,2015-05-01,0.612,0.6894163760901936,True,True,-0.0774163760901935,0.0774163760901935
Brunei Darussalam,SARIMA,2015-06-01,1.186,1.0247437442798828,True,True,0.1612562557201171,0.1612562557201171
Brunei Darussalam,SARIMA,2015-07-01,1.545,0.9950636451705202,True,True,0.5499363548294798,0.5499363548294798
Brunei Darussalam,SARIMA,2015-08-01,0.821,0.950310493297358,True,True,-0.129310493297358,0.129310493297358
Brunei Darussalam,SARIMA,2015-09-01,1.179,0.8335268589890722,True,True,0.3454731410109278,0.3454731410109278
Brunei Darussalam,SARIMA,2015-10-01,1.452,0.8712227669763504,True,True,0.5807772330236496,0.5807772330236496
Brunei Darussalam,SARIMA,2015-11-01,1.167,0.9085863047556126,True,True,0.2584136952443874,0.2584136952443874
Brunei Darussalam,SARIMA,2015-12-01,1.656,1.0770521085417926,True,True,0.5789478914582074,0.5789478914582074
Brunei Darussalam,SARIMA,2016-01-01,2.043,0.999974733772422,True,True,1.0430252662275783,1.0430252662275783
Brunei Darussalam,SARIMA,2016-02-01,1.785,0.8555141940685921,True,True,0.9294858059314078,0.9294858059314078
Brunei Darussalam,SARIMA,2016-03-01,1.645,0.8425424572746235,True,True,0.8024575427253765,0.8024575427253765
Brunei Darussalam,SARIMA,2016-04-01,1.72,0.7763812210697908,True,True,0.9436187789302092,0.9436187789302092
Brunei Darussalam,SARIMA,2016-05-01,1.308,0.7204690406377219,True,True,0.5875309593622782,0.5875309593622782
Brunei Darussalam,SARIMA,2016-06-01,0.87,1.054085654045944,True,True,-0.184085654045944,0.184085654045944
Brunei Darussalam,SARIMA,2016-07-01,1.182,1.028173035397704,True,True,0.153826964602296,0.153826964602296
Brunei Darussalam,SARIMA,2016-08-01,1.403,0.983367647996074,True,True,0.419632352003926,0.419632352003926
Brunei Darussalam,SARIMA,2016-09-01,0.751,0.8673372256346106,True,True,-0.1163372256346105,0.1163372256346105
Brunei Darussalam,SARIMA,2016-10-01,1.07,0.904536006034834,True,True,0.1654639939651661,0.1654639939651661
Brunei Darussalam,SARIMA,2016-11-01,1.156,0.9402964221302492,True,True,0.2157035778697507,0.2157035778697507
Brunei Darussalam,SARIMA,2016-12-01,1.349,1.1072253583934224,True,True,0.2417746416065775,0.2417746416065775
Brunei Darussalam,SARIMA,2017-01-01,1.54,1.0315708977710372,True,True,0.5084291022289629,0.5084291022289629
Brunei Darussalam,SARIMA,2017-02-01,0.725,0.8870774930405204,True,True,-0.1620774930405204,0.1620774930405204
Brunei Darussalam,SARIMA,2017-03-01,0.399,0.8742067116627887,True,True,-0.4752067116627887,0.4752067116627887
Brunei Darussalam,SARIMA,2017-04-01,0.687,0.8078599243800698,True,True,-0.1208599243800697,0.1208599243800697
Brunei Darussalam,SARIMA,2017-05-01,0.648,0.7520971729592942,True,True,-0.1040971729592942,0.1040971729592942
Brunei Darussalam,SARIMA,2017-06-01,0.852,1.0858409368413555,True,True,-0.2338409368413557,0.2338409368413557
Brunei Darussalam,SARIMA,2017-07-01,1.297,1.059648303236559,True,True,0.2373516967634412,0.2373516967634412
Brunei Darussalam,SARIMA,2017-08-01,0.92,1.0148467981985894,True,True,-0.0948467981985893,0.0948467981985893
Brunei Darussalam,SARIMA,2017-09-01,0.916,0.8987603939646931,True,True,0.0172396060353069,0.0172396060353069
Brunei Darussalam,SARIMA,2017-10-01,0.826,0.9359961229731784,True,True,-0.1099961229731784,0.1099961229731784
Brunei Darussalam,SARIMA,2017-11-01,1.141,0.9718756897989798,True,True,0.1691243102010202,0.1691243102010202
Brunei Darussalam,SARIMA,2017-12-01,0.936,1.1389188525052971,True,True,-0.202918852505297,0.202918852505297
Brunei Darussalam,SARIMA,2018-01-01,0.955,1.0631586349328324,True,True,-0.1081586349328324,0.1081586349328324
Brunei Darussalam,SARIMA,2018-02-01,0.528,0.9186676728690036,True,True,-0.3906676728690035,0.3906676728690035
Brunei Darussalam,SARIMA,2018-03-01,0.734,0.905789388061119,True,True,-0.1717893880611189,0.1717893880611189
Brunei Darussalam,SARIMA,2018-04-01,0.876,0.8394563917130976,True,True,0.0365436082869023,0.0365436082869023
Brunei Darussalam,SARIMA,2018-05-01,0.268,0.7836825341011854,True,True,-0.5156825341011854,0.5156825341011854
Brunei Darussalam,SARIMA,2018-06-01,1.041,1.1174168476264963,True,True,-0.0764168476264965,0.0764168476264965
Brunei Darussalam,SARIMA,2018-07-01,1.398,1.091245025908239,True,True,0.3067549740917612,0.3067549740917612
Brunei Darussalam,SARIMA,2018-08-01,1.16,1.0464432323167114,True,True,0.1135567676832884,0.1135567676832884
Brunei Darussalam,SARIMA,2018-09-01,0.689,0.9303609888904792,True,True,-0.2413609888904792,0.2413609888904792
Brunei Darussalam,SARIMA,2018-10-01,0.999,0.9675939717233588,True,True,0.0314060282766412,0.0314060282766412
Brunei Darussalam,SARIMA,2018-11-01,1.253,1.0034646827669105,True,True,0.2495353172330894,0.2495353172330894
Brunei Darussalam,SARIMA,2018-12-01,1.296,1.170499355684669,True,True,0.125500644315331,0.125500644315331
Brunei Darussalam,SARIMA,2019-01-01,1.462,1.0947469984124998,True,True,0.3672530015875002,0.3672530015875002
Brunei Darussalam,SARIMA,2019-02-01,1.08,0.9502558547994332,True,True,0.1297441452005669,0.1297441452005669
Brunei Darussalam,SARIMA,2019-03-01,0.945,0.9373781276779628,True,True,0.0076218723220372,0.0076218723220372
Brunei Darussalam,SARIMA,2019-04-01,1.276,0.8710441063298066,True,True,0.4049558936701934,0.4049558936701934
Brunei Darussalam,SARIMA,2019-05-01,1.139,0.815271074176622,True,True,0.323728925823378,0.323728925823378
Brunei Darussalam,SARIMA,2019-06-01,1.322,1.1490060900921013,True,True,0.1729939099078987,0.1729939099078987
Brunei Darussalam,SARIMA,2019-07-01,1.169,1.1228327215471074,True,True,0.0461672784528925,0.0461672784528925
Brunei Darussalam,SARIMA,2019-08-01,1.428,1.0780309494020912,True,True,0.3499690505979087,0.3499690505979087
Brunei Darussalam,SARIMA,2019-09-01,1.411,0.9619483967271744,True,True,0.4490516032728257,0.4490516032728257
Brunei Darussalam,SARIMA,2019-10-01,0.903,0.999181583667348,True,True,-0.096181583667348,0.096181583667348
Brunei Darussalam,SARIMA,2019-11-01,1.219,1.0350529529097967,True,True,0.1839470470902033,0.1839470470902033
Brunei Darussalam,SARIMA,2019-12-01,1.205,1.2020882568242646,True,True,0.0029117431757355,0.0029117431757355
Brunei Darussalam,SARIMA,2020-01-01,1.572,1.126335315341595,True,True,0.4456646846584051,0.4456646846584051
Brunei Darussalam,SARIMA,2020-02-01,1.474,0.9818441852220294,True,True,0.4921558147779705,0.4921558147779705
Brunei Darussalam,SARIMA,2020-03-01,1.279,0.9689664166509646,True,True,0.3100335833490353,0.3100335833490353
Brunei Darussalam,SARIMA,2020-04-01,1.196,0.9026324714851196,True,True,0.2933675285148804,0.2933675285148804
Brunei Darussalam,SARIMA,2020-05-01,1.127,0.8468593779803786,True,True,0.2801406220196214,0.2801406220196214
Brunei Darussalam,SARIMA,2020-06-01,1.072,1.1805943416912732,True,True,-0.1085943416912731,0.1085943416912731
Brunei Darussalam,SARIMA,2020-07-01,1.212,1.154421088112933,True,True,0.0575789118870666,0.0575789118870666
Brunei Darussalam,SARIMA,2020-08-01,1.294,1.109619314373922,True,True,0.1843806856260779,0.1843806856260779
Brunei Darussalam,SARIMA,2020-09-01,1.059,0.9935367846836652,True,True,0.0654632153163347,0.0654632153163347
Brunei Darussalam,SARIMA,2020-10-01,1.115,1.0307699564537285,True,True,0.0842300435462715,0.0842300435462715
Brunei Darussalam,SARIMA,2020-11-01,1.059,1.0666412767760731,True,True,-0.0076412767760731,0.0076412767760731
Brunei Darussalam,SARIMA,2020-12-01,1.199,1.2336765337922178,True,True,-0.0346765337922176,0.0346765337922176
Brunei Darussalam,SARIMA,2021-01-01,1.012,1.157923635730524,True,True,-0.145923635730524,0.145923635730524
Brunei Darussalam,SARIMA,2021-02-01,0.439,1.013432504608065,True,True,-0.5744325046080649,0.5744325046080649
Brunei Darussalam,SARIMA,2021-03-01,0.642,1.0005547391177076,True,True,-0.3585547391177076,0.3585547391177076
Brunei Darussalam,SARIMA,2021-04-01,0.572,0.9342207882896736,True,True,-0.3622207882896735,0.3622207882896735
Brunei Darussalam,SARIMA,2021-05-01,0.681,0.8784476993448378,True,True,-0.1974476993448377,0.1974476993448377
Brunei Darussalam,SARIMA,2021-06-01,1.041,1.2121826669357962,True,True,-0.1711826669357963,0.1711826669357963
Brunei Darussalam,SARIMA,2021-07-01,1.377,1.1860094048126515,True,True,0.1909905951873483,0.1909905951873483
Brunei Darussalam,SARIMA,2021-08-01,1.007,1.141207631192113,True,True,-0.1342076311921134,0.1342076311921134
Brunei Darussalam,SARIMA,2021-09-01,0.942,1.0251250997935402,True,True,-0.0831250997935402,0.0831250997935402
Brunei Darussalam,SARIMA,2021-10-01,1.437,1.0623582726911096,True,True,0.3746417273088904,0.3746417273088904
Brunei Darussalam,SARIMA,2021-11-01,1.311,1.0982295966494016,True,True,0.2127704033505983,0.2127704033505983
Brunei Darussalam,SARIMA,2021-12-01,1.578,1.2652648571512266,True,True,0.3127351428487734,0.3127351428487734
Brunei Darussalam,SARIMA,2022-01-01,1.307,1.1895119558623035,True,True,0.1174880441376964,0.1174880441376964
Brunei Darussalam,SARIMA,2022-02-01,0.91,1.0450208248143835,True,True,-0.1350208248143835,0.1350208248143835
Brunei Darussalam,SARIMA,2022-03-01,0.689,1.032143059095055,True,True,-0.3431430590950554,0.3431430590950554
Brunei Darussalam,SARIMA,2022-04-01,0.838,0.9658091086878589,True,True,-0.1278091086878588,0.1278091086878588
Brunei Darussalam,SARIMA,2022-05-01,0.987,0.910036019404112,True,True,0.076963980595888,0.076963980595888
Brunei Darussalam,SARIMA,2022-06-01,1.04,1.2437709867066875,True,True,-0.2037709867066874,0.2037709867066874
Brunei Darussalam,SARIMA,2022-07-01,1.347,1.2175977252186292,True,True,0.1294022747813707,0.1294022747813707
Brunei Darussalam,SARIMA,2022-08-01,1.132,1.1727959515892852,True,True,-0.0407959515892852,0.0407959515892852
Brunei Darussalam,SARIMA,2022-09-01,0.64,1.0567134203176811,True,True,-0.4167134203176811,0.4167134203176811
Brunei Darussalam,SARIMA,2022-10-01,1.178,1.0939465931314496,True,True,0.0840534068685503,0.0840534068685503
Brunei Darussalam,SARIMA,2022-11-01,0.935,1.1298179168195026,True,True,-0.1948179168195025,0.1948179168195025
Brunei Darussalam,SARIMA,2022-12-01,0.784,1.2968531770622576,True,True,-0.5128531770622575,0.5128531770622575
Brunei Darussalam,SARIMA,2023-01-01,1.276,1.2211002760131957,True,True,0.0548997239868045,0.0548997239868045
Brunei Darussalam,SARIMA,2023-02-01,0.88,1.0766091449597357,True,True,-0.1966091449597354,0.1966091449597354
Brunei Darussalam,SARIMA,2023-03-01,0.518,1.0637313792574254,True,True,-0.5457313792574254,0.5457313792574254
Brunei Darussalam,SARIMA,2023-04-01,1.026,0.9973974288189504,True,True,0.0286025711810494,0.0286025711810494
Brunei Darussalam,SARIMA,2023-05-01,1.141,0.9416243395603928,True,True,0.1993756604396072,0.1993756604396072
Brunei Darussalam,SARIMA,2023-06-01,1.327,1.2753593068844025,True,True,0.0516406931155974,0.0516406931155974
Brunei Darussalam,SARIMA,2023-07-01,1.143,1.2491860453491417,True,True,-0.1061860453491414,0.1061860453491414
Brunei Darussalam,SARIMA,2023-08-01,1.371,1.204384271720452,True,True,0.1666157282795479,0.1666157282795479
Brunei Darussalam,SARIMA,2023-09-01,1.131,1.088301740439411,True,True,0.0426982595605889,0.0426982595605889
Brunei Darussalam,SARIMA,2023-10-01,1.652,1.125534913259408,True,True,0.526465086740592,0.526465086740592
Brunei Darussalam,SARIMA,2023-11-01,1.489,1.1614062369675464,True,True,0.3275937630324537,0.3275937630324537
Brunei Darussalam,SARIMA,2023-12-01,2.12,1.3284414972295562,True,True,0.7915585027704439,0.7915585027704439
Brunei Darussalam,XGBoost,2014-01-01,-0.056,0.901831865310669,True,True,-0.957831865310669,0.957831865310669
Brunei Darussalam,XGBoost,2014-02-01,0.376,0.7265496253967285,True,True,-0.3505496253967285,0.3505496253967285
Brunei Darussalam,XGBoost,2014-03-01,0.649,0.6926291584968567,True,True,-0.0436291584968566,0.0436291584968566
Brunei Darussalam,XGBoost,2014-04-01,0.712,0.7653992176055908,True,True,-0.0533992176055908,0.0533992176055908
Brunei Darussalam,XGBoost,2014-05-01,0.617,0.7664399147033691,True,True,-0.1494399147033691,0.1494399147033691
Brunei Darussalam,XGBoost,2014-06-01,1.258,0.9383804202079772,True,True,0.3196195797920227,0.3196195797920227
Brunei Darussalam,XGBoost,2014-07-01,1.039,0.7581513524055481,True,True,0.2808486475944518,0.2808486475944518
Brunei Darussalam,XGBoost,2014-08-01,0.185,0.6762574315071106,True,True,-0.4912574315071106,0.4912574315071106
Brunei Darussalam,XGBoost,2014-09-01,0.823,0.6443408727645874,True,True,0.1786591272354125,0.1786591272354125
Brunei Darussalam,XGBoost,2014-10-01,0.771,0.6821103096008301,True,True,0.0888896903991699,0.0888896903991699
Brunei Darussalam,XGBoost,2014-11-01,0.916,0.7195245027542114,True,True,0.1964754972457886,0.1964754972457886
Brunei Darussalam,XGBoost,2014-12-01,0.904,0.8224940896034241,True,True,0.0815059103965759,0.0815059103965759
Brunei Darussalam,XGBoost,2015-01-01,0.39,0.6512007713317871,True,True,-0.2612007713317871,0.2612007713317871
Brunei Darussalam,XGBoost,2015-02-01,0.504,0.6572080850601196,True,True,-0.1532080850601196,0.1532080850601196
Brunei Darussalam,XGBoost,2015-03-01,0.537,0.6416507363319397,True,True,-0.1046507363319396,0.1046507363319396
Brunei Darussalam,XGBoost,2015-04-01,0.888,0.640872597694397,True,True,0.247127402305603,0.247127402305603
Brunei Darussalam,XGBoost,2015-05-01,0.612,0.627206563949585,True,True,-0.0152065639495849,0.0152065639495849
Brunei Darussalam,XGBoost,2015-06-01,1.186,0.6653537154197693,True,True,0.5206462845802307,0.5206462845802307
Brunei Darussalam,XGBoost,2015-07-01,1.545,0.6796695590019226,True,True,0.8653304409980773,0.8653304409980773
Brunei Darussalam,XGBoost,2015-08-01,0.821,0.6425485610961914,True,True,0.1784514389038085,0.1784514389038085
Brunei Darussalam,XGBoost,2015-09-01,1.179,0.6139777302742004,True,True,0.5650222697257996,0.5650222697257996
Brunei Darussalam,XGBoost,2015-10-01,1.452,0.6147890090942383,True,True,0.8372109909057617,0.8372109909057617
Brunei Darussalam,XGBoost,2015-11-01,1.167,0.6817992329597473,True,True,0.4852007670402527,0.4852007670402527
Brunei Darussalam,XGBoost,2015-12-01,1.656,0.6915242075920105,True,True,0.9644757924079894,0.9644757924079894
Brunei Darussalam,XGBoost,2016-01-01,2.043,0.6211948394775391,True,True,1.421805160522461,1.421805160522461
Brunei Darussalam,XGBoost,2016-02-01,1.785,0.6025827527046204,True,True,1.1824172472953796,1.1824172472953796
Brunei Darussalam,XGBoost,2016-03-01,1.645,0.6326612830162048,True,True,1.0123387169837952,1.0123387169837952
Brunei Darussalam,XGBoost,2016-04-01,1.72,0.6384311318397522,True,True,1.0815688681602478,1.0815688681602478
Brunei Darussalam,XGBoost,2016-05-01,1.308,0.6378079056739807,True,True,0.6701920943260193,0.6701920943260193
Brunei Darussalam,XGBoost,2016-06-01,0.87,0.7573451399803162,True,True,0.1126548600196838,0.1126548600196838
Brunei Darussalam,XGBoost,2016-07-01,1.182,0.6511840224266052,True,True,0.5308159775733947,0.5308159775733947
Brunei Darussalam,XGBoost,2016-08-01,1.403,0.6278393268585205,True,True,0.7751606731414795,0.7751606731414795
Brunei Darussalam,XGBoost,2016-09-01,0.751,0.5888397693634033,True,True,0.1621602306365966,0.1621602306365966
Brunei Darussalam,XGBoost,2016-10-01,1.07,0.6247647404670715,True,True,0.4452352595329285,0.4452352595329285
Brunei Darussalam,XGBoost,2016-11-01,1.156,0.665916383266449,True,True,0.4900836167335509,0.4900836167335509
Brunei Darussalam,XGBoost,2016-12-01,1.349,0.7050206065177917,True,True,0.6439793934822082,0.6439793934822082
Brunei Darussalam,XGBoost,2017-01-01,1.54,0.638985812664032,True,True,0.901014187335968,0.901014187335968
Brunei Darussalam,XGBoost,2017-02-01,0.725,0.609417736530304,True,True,0.115582263469696,0.115582263469696
Brunei Darussalam,XGBoost,2017-03-01,0.399,0.6155604720115662,True,True,-0.2165604720115661,0.2165604720115661
Brunei Darussalam,XGBoost,2017-04-01,0.687,0.639421284198761,True,True,0.047578715801239,0.047578715801239
Brunei Darussalam,XGBoost,2017-05-01,0.648,0.6426206231117249,True,True,0.0053793768882751,0.0053793768882751
Brunei Darussalam,XGBoost,2017-06-01,0.852,0.7571995854377747,True,True,0.0948004145622253,0.0948004145622253
Brunei Darussalam,XGBoost,2017-07-01,1.297,0.635168731212616,True,True,0.661831268787384,0.661831268787384
Brunei Darussalam,XGBoost,2017-08-01,0.92,0.6072302460670471,True,True,0.3127697539329529,0.3127697539329529
Brunei Darussalam,XGBoost,2017-09-01,0.916,0.5859741568565369,True,True,0.3300258431434631,0.3300258431434631
Brunei Darussalam,XGBoost,2017-10-01,0.826,0.6247647404670715,True,True,0.2012352595329284,0.2012352595329284
Brunei Darussalam,XGBoost,2017-11-01,1.141,0.6866119503974915,True,True,0.4543880496025085,0.4543880496025085
Brunei Darussalam,XGBoost,2017-12-01,0.936,0.7208638787269592,True,True,0.2151361212730408,0.2151361212730408
Brunei Darussalam,XGBoost,2018-01-01,0.955,0.6356251835823059,True,True,0.319374816417694,0.319374816417694
Brunei Darussalam,XGBoost,2018-02-01,0.528,0.6324169635772705,True,True,-0.1044169635772704,0.1044169635772704
Brunei Darussalam,XGBoost,2018-03-01,0.734,0.634367048740387,True,True,0.099632951259613,0.099632951259613
Brunei Darussalam,XGBoost,2018-04-01,0.876,0.6432438492774963,True,True,0.2327561507225036,0.2327561507225036
Brunei Darussalam,XGBoost,2018-05-01,0.268,0.6426206231117249,True,True,-0.3746206231117248,0.3746206231117248
Brunei Darussalam,XGBoost,2018-06-01,1.041,0.7369728088378906,True,True,0.3040271911621093,0.3040271911621093
Brunei Darussalam,XGBoost,2018-07-01,1.398,0.635168731212616,True,True,0.7628312687873839,0.7628312687873839
Brunei Darussalam,XGBoost,2018-08-01,1.16,0.6105257868766785,True,True,0.5494742131233215,0.5494742131233215
Brunei Darussalam,XGBoost,2018-09-01,0.689,0.6039330363273621,True,True,0.0850669636726378,0.0850669636726378
Brunei Darussalam,XGBoost,2018-10-01,0.999,0.6454601883888245,True,True,0.3535398116111755,0.3535398116111755
Brunei Darussalam,XGBoost,2018-11-01,1.253,0.6697389483451843,True,True,0.5832610516548156,0.5832610516548156
Brunei Darussalam,XGBoost,2018-12-01,1.296,0.7159363031387329,True,True,0.5800636968612671,0.5800636968612671
Brunei Darussalam,XGBoost,2019-01-01,1.462,0.6231347322463989,True,True,0.838865267753601,0.838865267753601
Brunei Darussalam,XGBoost,2019-02-01,1.08,0.6079853177070618,True,True,0.4720146822929383,0.4720146822929383
Brunei Darussalam,XGBoost,2019-03-01,0.945,0.6155604720115662,True,True,0.3294395279884338,0.3294395279884338
Brunei Darussalam,XGBoost,2019-04-01,1.276,0.6538124680519104,True,True,0.6221875319480896,0.6221875319480896
Brunei Darussalam,XGBoost,2019-05-01,1.139,0.6313536763191223,True,True,0.5076463236808777,0.5076463236808777
Brunei Darussalam,XGBoost,2019-06-01,1.322,0.7369728088378906,True,True,0.5850271911621094,0.5850271911621094
Brunei Darussalam,XGBoost,2019-07-01,1.169,0.648892343044281,True,True,0.520107656955719,0.520107656955719
Brunei Darussalam,XGBoost,2019-08-01,1.428,0.6072302460670471,True,True,0.8207697539329528,0.8207697539329528
Brunei Darussalam,XGBoost,2019-09-01,1.411,0.5702394247055054,True,True,0.8407605752944947,0.8407605752944947
Brunei Darussalam,XGBoost,2019-10-01,0.903,0.5490558743476868,True,True,0.3539441256523132,0.3539441256523132
Brunei Darussalam,XGBoost,2019-11-01,1.219,0.5842728018760681,True,True,0.634727198123932,0.634727198123932
Brunei Darussalam,XGBoost,2019-12-01,1.205,0.6903917193412781,True,True,0.514608280658722,0.514608280658722
Brunei Darussalam,XGBoost,2020-01-01,1.572,0.6383040547370911,True,True,0.933695945262909,0.933695945262909
Brunei Darussalam,XGBoost,2020-02-01,1.474,0.6015256643295288,True,True,0.8724743356704712,0.8724743356704712
Brunei Darussalam,XGBoost,2020-03-01,1.279,0.5981330275535583,True,True,0.6808669724464416,0.6808669724464416
Brunei Darussalam,XGBoost,2020-04-01,1.196,0.5905275940895081,True,True,0.6054724059104919,0.6054724059104919
Brunei Darussalam,XGBoost,2020-05-01,1.127,0.5919954180717468,True,True,0.5350045819282532,0.5350045819282532
Brunei Darussalam,XGBoost,2020-06-01,1.072,0.7185528874397278,True,True,0.3534471125602723,0.3534471125602723
Brunei Darussalam,XGBoost,2020-07-01,1.212,0.6426598429679871,True,True,0.5693401570320129,0.5693401570320129
Brunei Darussalam,XGBoost,2020-08-01,1.294,0.5922029614448547,True,True,0.7017970385551453,0.7017970385551453
Brunei Darussalam,XGBoost,2020-09-01,1.059,0.555212140083313,True,True,0.503787859916687,0.503787859916687
Brunei Darussalam,XGBoost,2020-10-01,1.115,0.5337769389152527,True,True,0.5812230610847473,0.5812230610847473
Brunei Darussalam,XGBoost,2020-11-01,1.059,0.5842728018760681,True,True,0.4747271981239318,0.4747271981239318
Brunei Darussalam,XGBoost,2020-12-01,1.199,0.6696961522102356,True,True,0.5293038477897645,0.5293038477897645
Brunei Darussalam,XGBoost,2021-01-01,1.012,0.6105676293373108,True,True,0.4014323706626892,0.4014323706626892
Brunei Darussalam,XGBoost,2021-02-01,0.439,0.585879385471344,True,True,-0.146879385471344,0.146879385471344
Brunei Darussalam,XGBoost,2021-03-01,0.642,0.6023560166358948,True,True,0.0396439833641052,0.0396439833641052
Brunei Darussalam,XGBoost,2021-04-01,0.572,0.5955536961555481,True,True,-0.0235536961555481,0.0235536961555481
Brunei Darussalam,XGBoost,2021-05-01,0.681,0.5919954180717468,True,True,0.0890045819282532,0.0890045819282532
Brunei Darussalam,XGBoost,2021-06-01,1.041,0.7185528874397278,True,True,0.3224471125602721,0.3224471125602721
Brunei Darussalam,XGBoost,2021-07-01,1.377,0.6393643021583557,True,True,0.7376356978416443,0.7376356978416443
Brunei Darussalam,XGBoost,2021-08-01,1.007,0.5922029614448547,True,True,0.4147970385551451,0.4147970385551451
Brunei Darussalam,XGBoost,2021-09-01,0.942,0.5706261992454529,True,True,0.371373800754547,0.371373800754547
Brunei Darussalam,XGBoost,2021-10-01,1.437,0.5498927235603333,True,True,0.8871072764396668,0.8871072764396668
Brunei Darussalam,XGBoost,2021-11-01,1.311,0.5842728018760681,True,True,0.7267271981239318,0.7267271981239318
Brunei Darussalam,XGBoost,2021-12-01,1.578,0.6903917193412781,True,True,0.887608280658722,0.887608280658722
Brunei Darussalam,XGBoost,2022-01-01,1.307,0.6239128708839417,True,True,0.6830871291160583,0.6830871291160583
Brunei Darussalam,XGBoost,2022-02-01,0.91,0.5977030992507935,True,True,0.3122969007492066,0.3122969007492066
Brunei Darussalam,XGBoost,2022-03-01,0.689,0.5981330275535583,True,True,0.0908669724464416,0.0908669724464416
Brunei Darussalam,XGBoost,2022-04-01,0.838,0.601794421672821,True,True,0.2362055783271789,0.2362055783271789
Brunei Darussalam,XGBoost,2022-05-01,0.987,0.5919954180717468,True,True,0.3950045819282531,0.3950045819282531
Brunei Darussalam,XGBoost,2022-06-01,1.04,0.7233656048774719,True,True,0.3166343951225281,0.3166343951225281
Brunei Darussalam,XGBoost,2022-07-01,1.347,0.640969455242157,True,True,0.706030544757843,0.706030544757843
Brunei Darussalam,XGBoost,2022-08-01,1.132,0.5922029614448547,True,True,0.5397970385551452,0.5397970385551452
Brunei Darussalam,XGBoost,2022-09-01,0.64,0.5635951161384583,True,True,0.0764048838615417,0.0764048838615417
Brunei Darussalam,XGBoost,2022-10-01,1.178,0.5311294198036194,True,True,0.6468705801963806,0.6468705801963806
Brunei Darussalam,XGBoost,2022-11-01,0.935,0.5842728018760681,True,True,0.3507271981239319,0.3507271981239319
Brunei Darussalam,XGBoost,2022-12-01,0.784,0.6696961522102356,True,True,0.1143038477897644,0.1143038477897644
Brunei Darussalam,XGBoost,2023-01-01,1.276,0.6176720261573792,True,True,0.6583279738426209,0.6583279738426209
Brunei Darussalam,XGBoost,2023-02-01,0.88,0.585879385471344,True,True,0.294120614528656,0.294120614528656
Brunei Darussalam,XGBoost,2023-03-01,0.518,0.5863093733787537,True,True,-0.0683093733787536,0.0683093733787536
Brunei Darussalam,XGBoost,2023-04-01,1.026,0.5955536961555481,True,True,0.4304463038444519,0.4304463038444519
Brunei Darussalam,XGBoost,2023-05-01,1.141,0.5919954180717468,True,True,0.5490045819282532,0.5490045819282532
Brunei Darussalam,XGBoost,2023-06-01,1.327,0.7233656048774719,True,True,0.603634395122528,0.603634395122528
Brunei Darussalam,XGBoost,2023-07-01,1.143,0.640969455242157,True,True,0.502030544757843,0.502030544757843
Brunei Darussalam,XGBoost,2023-08-01,1.371,0.5922029614448547,True,True,0.7787970385551453,0.7787970385551453
Brunei Darussalam,XGBoost,2023-09-01,1.131,0.555212140083313,True,True,0.575787859916687,0.575787859916687
Brunei Darussalam,XGBoost,2023-10-01,1.652,0.563421905040741,True,True,1.088578094959259,1.088578094959259
Brunei Darussalam,XGBoost,2023-11-01,1.489,0.604968249797821,True,True,0.8840317502021791,0.8840317502021791
Brunei Darussalam,XGBoost,2023-12-01,2.12,0.6975163817405701,True,True,1.42248361825943,1.42248361825943
Brunei Darussalam,Prophet,2014-01-01,-0.056,0.6521937410799539,True,True,-0.7081937410799539,0.7081937410799539
Brunei Darussalam,Prophet,2014-02-01,0.376,0.5808415849706168,True,True,-0.2048415849706167,0.2048415849706167
Brunei Darussalam,Prophet,2014-03-01,0.649,0.6423009614228332,True,True,0.0066990385771668,0.0066990385771668
Brunei Darussalam,Prophet,2014-04-01,0.712,0.610598047010837,True,True,0.1014019529891629,0.1014019529891629
Brunei Darussalam,Prophet,2014-05-01,0.617,0.4977759012908332,True,True,0.1192240987091667,0.1192240987091667
Brunei Darussalam,Prophet,2014-06-01,1.258,0.7251809602280042,True,True,0.5328190397719959,0.5328190397719959
Brunei Darussalam,Prophet,2014-07-01,1.039,0.722635033292629,True,True,0.3163649667073709,0.3163649667073709
Brunei Darussalam,Prophet,2014-08-01,0.185,0.6661054827590607,True,True,-0.4811054827590607,0.4811054827590607
Brunei Darussalam,Prophet,2014-09-01,0.823,0.6003227532179551,True,True,0.2226772467820448,0.2226772467820448
Brunei Darussalam,Prophet,2014-10-01,0.771,0.6091553778124507,True,True,0.1618446221875493,0.1618446221875493
Brunei Darussalam,Prophet,2014-11-01,0.916,0.6258379084640878,True,True,0.2901620915359122,0.2901620915359122
Brunei Darussalam,Prophet,2014-12-01,0.904,0.719458894032573,True,True,0.184541105967427,0.184541105967427
Brunei Darussalam,Prophet,2015-01-01,0.39,0.6662030810887889,True,True,-0.2762030810887889,0.2762030810887889
Brunei Darussalam,Prophet,2015-02-01,0.504,0.5908811643277084,True,True,-0.0868811643277084,0.0868811643277084
Brunei Darussalam,Prophet,2015-03-01,0.537,0.6589249201920157,True,True,-0.1219249201920156,0.1219249201920156
Brunei Darussalam,Prophet,2015-04-01,0.888,0.6255379423854264,True,True,0.2624620576145736,0.2624620576145736
Brunei Darussalam,Prophet,2015-05-01,0.612,0.5129651067000657,True,True,0.0990348932999343,0.0990348932999343
Brunei Darussalam,Prophet,2015-06-01,1.186,0.7420079384431558,True,True,0.4439920615568441,0.4439920615568441
Brunei Darussalam,Prophet,2015-07-01,1.545,0.7357978870144021,True,True,0.8092021129855979,0.8092021129855979
Brunei Darussalam,Prophet,2015-08-01,0.821,0.6784048400096402,True,True,0.1425951599903597,0.1425951599903597
Brunei Darussalam,Prophet,2015-09-01,1.179,0.6118099789245282,True,True,0.5671900210754719,0.5671900210754719
Brunei Darussalam,Prophet,2015-10-01,1.452,0.6272509161907129,True,True,0.824749083809287,0.824749083809287
Brunei Darussalam,Prophet,2015-11-01,1.167,0.6417092871333903,True,True,0.5252907128666098,0.5252907128666098
Brunei Darussalam,Prophet,2015-12-01,1.656,0.735430537327751,True,True,0.9205694626722488,0.9205694626722488
Brunei Darussalam,Prophet,2016-01-01,2.043,0.6801083068840429,True,True,1.3628916931159574,1.3628916931159574
Brunei Darussalam,Prophet,2016-02-01,1.785,0.6009626218199682,True,True,1.1840373781800315,1.1840373781800315
Brunei Darussalam,Prophet,2016-03-01,1.645,0.667425554546792,True,True,0.977574445453208,0.977574445453208
Brunei Darussalam,Prophet,2016-04-01,1.72,0.6389432505206146,True,True,1.0810567494793857,1.0810567494793857
Brunei Darussalam,Prophet,2016-05-01,1.308,0.5258569890653996,True,True,0.7821430109346005,0.7821430109346005
Brunei Darussalam,Prophet,2016-06-01,0.87,0.7494717256086366,True,True,0.1205282743913633,0.1205282743913633
Brunei Darussalam,Prophet,2016-07-01,1.182,0.7542026478892832,True,True,0.4277973521107168,0.4277973521107168
Brunei Darussalam,Prophet,2016-08-01,1.403,0.6996445123396411,True,True,0.7033554876603589,0.7033554876603589
Brunei Darussalam,Prophet,2016-09-01,0.751,0.6358944481601524,True,True,0.1151055518398476,0.1151055518398476
Brunei Darussalam,Prophet,2016-10-01,1.07,0.6314545891180446,True,True,0.4385454108819554,0.4385454108819554
Brunei Darussalam,Prophet,2016-11-01,1.156,0.6523041731127946,True,True,0.5036958268872053,0.5036958268872053
Brunei Darussalam,Prophet,2016-12-01,1.349,0.7454290926836764,True,True,0.6035709073163236,0.6035709073163236
Brunei Darussalam,Prophet,2017-01-01,1.54,0.6962899457035177,True,True,0.8437100542964824,0.8437100542964824
Brunei Darussalam,Prophet,2017-02-01,0.725,0.6290503764309798,True,True,0.0959496235690201,0.0959496235690201
Brunei Darussalam,Prophet,2017-03-01,0.399,0.6839419183345657,True,True,-0.2849419183345657,0.2849419183345657
Brunei Darussalam,Prophet,2017-04-01,0.687,0.6538743202480504,True,True,0.0331256797519496,0.0331256797519496
Brunei Darussalam,Prophet,2017-05-01,0.648,0.5408803511466191,True,True,0.1071196488533808,0.1071196488533808
Brunei Darussalam,Prophet,2017-06-01,0.852,0.766475459256241,True,True,0.0855245407437589,0.0855245407437589
Brunei Darussalam,Prophet,2017-07-01,1.297,0.7675786252866864,True,True,0.5294213747133135,0.5294213747133135
Brunei Darussalam,Prophet,2017-08-01,0.92,0.7119949501204411,True,True,0.2080050498795589,0.2080050498795589
Brunei Darussalam,Prophet,2017-09-01,0.916,0.6471602551598797,True,True,0.2688397448401203,0.2688397448401203
Brunei Darussalam,Prophet,2017-10-01,0.826,0.6493632403921514,True,True,0.1766367596078485,0.1766367596078485
Brunei Darussalam,Prophet,2017-11-01,1.141,0.6681761925140906,True,True,0.4728238074859094,0.4728238074859094
Brunei Darussalam,Prophet,2017-12-01,0.936,0.7615989479579822,True,True,0.1744010520420178,0.1744010520420178
Brunei Darussalam,Prophet,2018-01-01,0.955,0.7104056939205134,True,True,0.2445943060794865,0.2445943060794865
Brunei Darussalam,Prophet,2018-02-01,0.528,0.639053537811186,True,True,-0.1110535378111859,0.1110535378111859
Brunei Darussalam,Prophet,2018-03-01,0.734,0.7005129142633962,True,True,0.0334870857366037,0.0334870857366037
Brunei Darussalam,Prophet,2018-04-01,0.876,0.6688099998513966,True,True,0.2071900001486034,0.2071900001486034
Brunei Darussalam,Prophet,2018-05-01,0.268,0.5559878541314051,True,True,-0.287987854131405,0.287987854131405
Brunei Darussalam,Prophet,2018-06-01,1.041,0.7833929130685785,True,True,0.2576070869314214,0.2576070869314214
Brunei Darussalam,Prophet,2018-07-01,1.398,0.7808469861331807,True,True,0.6171530138668192,0.6171530138668192
Brunei Darussalam,Prophet,2018-08-01,1.16,0.7243174355996285,True,True,0.4356825644003714,0.4356825644003714
Brunei Darussalam,Prophet,2018-09-01,0.689,0.6585347060584943,True,True,0.0304652939415056,0.0304652939415056
Brunei Darussalam,Prophet,2018-10-01,0.999,0.6673673306530112,True,True,0.3316326693469887,0.3316326693469887
Brunei Darussalam,Prophet,2018-11-01,1.253,0.6840498613046244,True,True,0.5689501386953755,0.5689501386953755
Brunei Darussalam,Prophet,2018-12-01,1.296,0.7776708468731255,True,True,0.5183291531268746,0.5183291531268746
Brunei Darussalam,Prophet,2019-01-01,1.462,0.724415033929326,True,True,0.7375849660706739,0.7375849660706739
Brunei Darussalam,Prophet,2019-02-01,1.08,0.6490931171682714,True,True,0.4309068828317286,0.4309068828317286
Brunei Darussalam,Prophet,2019-03-01,0.945,0.7171368730325449,True,True,0.227863126967455,0.227863126967455
Brunei Darussalam,Prophet,2019-04-01,1.276,0.6837498952259621,True,True,0.5922501047740379,0.5922501047740379
Brunei Darussalam,Prophet,2019-05-01,1.139,0.5711770595406296,True,True,0.5678229404593704,0.5678229404593704
Brunei Darussalam,Prophet,2019-06-01,1.322,0.8002198912837027,True,True,0.5217801087162973,0.5217801087162973
Brunei Darussalam,Prophet,2019-07-01,1.169,0.7940098398549612,True,True,0.3749901601450388,0.3749901601450388
Brunei Darussalam,Prophet,2019-08-01,1.428,0.7366167928501851,True,True,0.6913832071498148,0.6913832071498148
Brunei Darussalam,Prophet,2019-09-01,1.411,0.6700219317650864,True,True,0.7409780682349136,0.7409780682349136
Brunei Darussalam,Prophet,2019-10-01,0.903,0.6854628690312728,True,True,0.2175371309687271,0.2175371309687271
Brunei Darussalam,Prophet,2019-11-01,1.219,0.6999212399739771,True,True,0.5190787600260229,0.5190787600260229
Brunei Darussalam,Prophet,2019-12-01,1.205,0.7936424901683214,True,True,0.4113575098316786,0.4113575098316786
Brunei Darussalam,Prophet,2020-01-01,1.572,0.7383202597245891,True,True,0.8336797402754109,0.8336797402754109
Brunei Darussalam,Prophet,2020-02-01,1.474,0.6591745746605352,True,True,0.8148254253394648,0.8148254253394648
Brunei Darussalam,Prophet,2020-03-01,1.279,0.7256375073873657,True,True,0.5533624926126343,0.5533624926126343
Brunei Darussalam,Prophet,2020-04-01,1.196,0.6971552033611766,True,True,0.4988447966388233,0.4988447966388233
Brunei Darussalam,Prophet,2020-05-01,1.127,0.5840689419059711,True,True,0.5429310580940289,0.5429310580940289
Brunei Darussalam,Prophet,2020-06-01,1.072,0.8076836784492116,True,True,0.2643163215507884,0.2643163215507884
Brunei Darussalam,Prophet,2020-07-01,1.212,0.8124146007298372,True,True,0.3995853992701628,0.3995853992701628
Brunei Darussalam,Prophet,2020-08-01,1.294,0.757856465180248,True,True,0.5361435348197521,0.5361435348197521
Brunei Darussalam,Prophet,2020-09-01,1.059,0.6941064010006972,True,True,0.3648935989993027,0.3648935989993027
Brunei Darussalam,Prophet,2020-10-01,1.115,0.6896665419586244,True,True,0.4253334580413755,0.4253334580413755
Brunei Darussalam,Prophet,2020-11-01,1.059,0.7105161259533604,True,True,0.3484838740466395,0.3484838740466395
Brunei Darussalam,Prophet,2020-12-01,1.199,0.8036410455242344,True,True,0.3953589544757656,0.3953589544757656
Brunei Darussalam,Prophet,2021-01-01,1.012,0.7545018985440701,True,True,0.2574981014559299,0.2574981014559299
Brunei Darussalam,Prophet,2021-02-01,0.439,0.6872623292714988,True,True,-0.2482623292714987,0.2482623292714987
Brunei Darussalam,Prophet,2021-03-01,0.642,0.7421538711751104,True,True,-0.1001538711751104,0.1001538711751104
Brunei Darussalam,Prophet,2021-04-01,0.572,0.7120862730885844,True,True,-0.1400862730885844,0.1400862730885844
Brunei Darussalam,Prophet,2021-05-01,0.681,0.5990923039871974,True,True,0.0819076960128026,0.0819076960128026
Brunei Darussalam,Prophet,2021-06-01,1.041,0.8246874120968242,True,True,0.2163125879031757,0.2163125879031757
Brunei Darussalam,Prophet,2021-07-01,1.377,0.8257905781272432,True,True,0.5512094218727568,0.5512094218727568
Brunei Darussalam,Prophet,2021-08-01,1.007,0.7702069029609702,True,True,0.2367930970390297,0.2367930970390297
Brunei Darussalam,Prophet,2021-09-01,0.942,0.7053722080004119,True,True,0.236627791999588,0.236627791999588
Brunei Darussalam,Prophet,2021-10-01,1.437,0.7075751932327017,True,True,0.7294248067672984,0.7294248067672984
Brunei Darussalam,Prophet,2021-11-01,1.311,0.726388145354668,True,True,0.5846118546453319,0.5846118546453319
Brunei Darussalam,Prophet,2021-12-01,1.578,0.8198109007985331,True,True,0.7581890992014669,0.7581890992014669
Brunei Darussalam,Prophet,2022-01-01,1.307,0.7686176467610586,True,True,0.5383823532389413,0.5383823532389413
Brunei Darussalam,Prophet,2022-02-01,0.91,0.6972654906517435,True,True,0.2127345093482565,0.2127345093482565
Brunei Darussalam,Prophet,2022-03-01,0.689,0.7587248671039404,True,True,-0.0697248671039404,0.0697248671039404
Brunei Darussalam,Prophet,2022-04-01,0.838,0.7270219526919259,True,True,0.110978047308074,0.110978047308074
Brunei Darussalam,Prophet,2022-05-01,0.987,0.6141998069719279,True,True,0.3728001930280721,0.3728001930280721
Brunei Darussalam,Prophet,2022-06-01,1.04,0.8416048659091058,True,True,0.1983951340908942,0.1983951340908942
Brunei Darussalam,Prophet,2022-07-01,1.347,0.8390589389737294,True,True,0.5079410610262706,0.5079410610262706
Brunei Darussalam,Prophet,2022-08-01,1.132,0.7825293884402009,True,True,0.3494706115597989,0.3494706115597989
Brunei Darussalam,Prophet,2022-09-01,0.64,0.7167466588990692,True,True,-0.0767466588990691,0.0767466588990691
Brunei Darussalam,Prophet,2022-10-01,1.178,0.7255792834935622,True,True,0.4524207165064378,0.4524207165064378
Brunei Darussalam,Prophet,2022-11-01,0.935,0.7422618141451731,True,True,0.1927381858548269,0.1927381858548269
Brunei Darussalam,Prophet,2022-12-01,0.784,0.8358827997136736,True,True,-0.0518827997136736,0.0518827997136736
Brunei Darussalam,Prophet,2023-01-01,1.276,0.7826269867698977,True,True,0.4933730132301023,0.4933730132301023
Brunei Darussalam,Prophet,2023-02-01,0.88,0.7073050700088133,True,True,0.1726949299911867,0.1726949299911867
Brunei Darussalam,Prophet,2023-03-01,0.518,0.7753488258731156,True,True,-0.2573488258731156,0.2573488258731156
Brunei Darussalam,Prophet,2023-04-01,1.026,0.7419618480665314,True,True,0.2840381519334686,0.2840381519334686
Brunei Darussalam,Prophet,2023-05-01,1.141,0.6293890123811783,True,True,0.5116109876188217,0.5116109876188217
Brunei Darussalam,Prophet,2023-06-01,1.327,0.8584318441242718,True,True,0.4685681558757282,0.4685681558757282
Brunei Darussalam,Prophet,2023-07-01,1.143,0.8522217926955209,True,True,0.2907782073044791,0.2907782073044791
Brunei Darussalam,Prophet,2023-08-01,1.371,0.7948287456907529,True,True,0.5761712543092471,0.5761712543092471
Brunei Darussalam,Prophet,2023-09-01,1.131,0.728233884605653,True,True,0.402766115394347,0.402766115394347
Brunei Darussalam,Prophet,2023-10-01,1.652,0.7436748218718,True,True,0.9083251781282,0.9083251781282
Brunei Darussalam,Prophet,2023-11-01,1.489,0.7581331928144814,True,True,0.7308668071855187,0.7308668071855187
Brunei Darussalam,Prophet,2023-12-01,2.12,0.8518544430088603,True,True,1.26814555699114,1.26814555699114
Cambodia,Holt-Winters,2014-01-01,-0.712,0.3775856320140945,True,True,-1.0895856320140944,1.0895856320140944
Cambodia,Holt-Winters,2014-02-01,-0.09,0.332171587271187,True,True,-0.4221715872711871,0.4221715872711871
Cambodia,Holt-Winters,2014-03-01,0.889,0.2439008961885315,True,True,0.6450991038114685,0.6450991038114685
Cambodia,Holt-Winters,2014-04-01,0.587,0.1822824988620706,True,True,0.4047175011379293,0.4047175011379293
Cambodia,Holt-Winters,2014-05-01,1.207,0.1382998165773002,True,True,1.0687001834227,1.0687001834227
Cambodia,Holt-Winters,2014-06-01,0.794,0.2070758208815336,True,True,0.5869241791184664,0.5869241791184664
Cambodia,Holt-Winters,2014-07-01,0.456,0.1706436156291538,True,True,0.2853563843708462,0.2853563843708462
Cambodia,Holt-Winters,2014-08-01,0.74,0.2124240839776669,True,True,0.527575916022333,0.527575916022333
Cambodia,Holt-Winters,2014-09-01,0.719,0.2116446051353072,True,True,0.5073553948646927,0.5073553948646927
Cambodia,Holt-Winters,2014-10-01,0.763,0.1945407625484939,True,True,0.5684592374515061,0.5684592374515061
Cambodia,Holt-Winters,2014-11-01,1.784,0.4148550316260339,True,True,1.3691449683739665,1.3691449683739665
Cambodia,Holt-Winters,2014-12-01,1.139,0.3061816749403361,True,True,0.8328183250596639,0.8328183250596639
Cambodia,Holt-Winters,2015-01-01,0.339,0.3845377899452623,True,True,-0.0455377899452623,0.0455377899452623
Cambodia,Holt-Winters,2015-02-01,0.333,0.3391237452023548,True,True,-0.0061237452023547,0.0061237452023547
Cambodia,Holt-Winters,2015-03-01,1.1,0.2508530541196993,True,True,0.8491469458803007,0.8491469458803007
Cambodia,Holt-Winters,2015-04-01,0.655,0.1892346567932383,True,True,0.4657653432067616,0.4657653432067616
Cambodia,Holt-Winters,2015-05-01,1.16,0.145251974508468,True,True,1.014748025491532,1.014748025491532
Cambodia,Holt-Winters,2015-06-01,1.093,0.2140279788127014,True,True,0.8789720211872986,0.8789720211872986
Cambodia,Holt-Winters,2015-07-01,0.849,0.1775957735603216,True,True,0.6714042264396783,0.6714042264396783
Cambodia,Holt-Winters,2015-08-01,1.112,0.2193762419088347,True,True,0.8926237580911653,0.8926237580911653
Cambodia,Holt-Winters,2015-09-01,1.119,0.218596763066475,True,True,0.900403236933525,0.900403236933525
Cambodia,Holt-Winters,2015-10-01,1.176,0.2014929204796617,True,True,0.9745070795203382,0.9745070795203382
Cambodia,Holt-Winters,2015-11-01,2.394,0.4218071895572017,True,True,1.9721928104427984,1.9721928104427984
Cambodia,Holt-Winters,2015-12-01,2.319,0.3131338328715039,True,True,2.005866167128496,2.005866167128496
Cambodia,Holt-Winters,2016-01-01,2.154,0.3914899478764301,True,True,1.7625100521235697,1.7625100521235697
Cambodia,Holt-Winters,2016-02-01,0.094,0.3460759031335226,True,True,-0.2520759031335225,0.2520759031335225
Cambodia,Holt-Winters,2016-03-01,1.245,0.2578052120508671,True,True,0.987194787949133,0.987194787949133
Cambodia,Holt-Winters,2016-04-01,2.053,0.1961868147244061,True,True,1.8568131852755936,1.8568131852755936
Cambodia,Holt-Winters,2016-05-01,1.371,0.1522041324396358,True,True,1.218795867560364,1.218795867560364
Cambodia,Holt-Winters,2016-06-01,0.91,0.2209801367438691,True,True,0.6890198632561308,0.6890198632561308
Cambodia,Holt-Winters,2016-07-01,0.82,0.1845479314914893,True,True,0.6354520685085105,0.6354520685085105
Cambodia,Holt-Winters,2016-08-01,1.369,0.2263283998400025,True,True,1.1426716001599977,1.1426716001599977
Cambodia,Holt-Winters,2016-09-01,0.805,0.2255489209976428,True,True,0.5794510790023573,0.5794510790023573
Cambodia,Holt-Winters,2016-10-01,1.023,0.2084450784108295,True,True,0.8145549215891704,0.8145549215891704
Cambodia,Holt-Winters,2016-11-01,1.813,0.4287593474883694,True,True,1.3842406525116304,1.3842406525116304
Cambodia,Holt-Winters,2016-12-01,1.699,0.3200859908026717,True,True,1.3789140091973284,1.3789140091973284
Cambodia,Holt-Winters,2017-01-01,2.227,0.3984421058075978,True,True,1.828557894192402,1.828557894192402
Cambodia,Holt-Winters,2017-02-01,0.749,0.3530280610646903,True,True,0.3959719389353096,0.3959719389353096
Cambodia,Holt-Winters,2017-03-01,0.735,0.2647573699820348,True,True,0.4702426300179651,0.4702426300179651
Cambodia,Holt-Winters,2017-04-01,0.498,0.2031389726555739,True,True,0.2948610273444261,0.2948610273444261
Cambodia,Holt-Winters,2017-05-01,0.452,0.1591562903708036,True,True,0.2928437096291964,0.2928437096291964
Cambodia,Holt-Winters,2017-06-01,0.711,0.2279322946750369,True,True,0.483067705324963,0.483067705324963
Cambodia,Holt-Winters,2017-07-01,0.086,0.1915000894226571,True,True,-0.1055000894226571,0.1055000894226571
Cambodia,Holt-Winters,2017-08-01,1.077,0.2332805577711703,True,True,0.8437194422288297,0.8437194422288297
Cambodia,Holt-Winters,2017-09-01,1.49,0.2325010789288106,True,True,1.257498921071189,1.257498921071189
Cambodia,Holt-Winters,2017-10-01,1.02,0.2153972363419972,True,True,0.8046027636580028,0.8046027636580028
Cambodia,Holt-Winters,2017-11-01,1.18,0.4357115054195372,True,True,0.7442884945804626,0.7442884945804626
Cambodia,Holt-Winters,2017-12-01,0.874,0.3270381487338395,True,True,0.5469618512661605,0.5469618512661605
Cambodia,Holt-Winters,2018-01-01,1.465,0.4053942637387656,True,True,1.0596057362612346,1.0596057362612346
Cambodia,Holt-Winters,2018-02-01,-0.259,0.3599802189958581,True,True,-0.6189802189958582,0.6189802189958582
Cambodia,Holt-Winters,2018-03-01,0.278,0.2717095279132027,True,True,0.0062904720867973,0.0062904720867973
Cambodia,Holt-Winters,2018-04-01,0.013,0.2100911305867416,True,True,-0.1970911305867416,0.1970911305867416
Cambodia,Holt-Winters,2018-05-01,0.539,0.1661084483019713,True,True,0.3728915516980287,0.3728915516980287
Cambodia,Holt-Winters,2018-06-01,0.459,0.2348844526062047,True,True,0.2241155473937952,0.2241155473937952
Cambodia,Holt-Winters,2018-07-01,0.476,0.1984522473538249,True,True,0.277547752646175,0.277547752646175
Cambodia,Holt-Winters,2018-08-01,0.307,0.2402327157023381,True,True,0.0667672842976619,0.0667672842976619
Cambodia,Holt-Winters,2018-09-01,0.696,0.2394532368599783,True,True,0.4565467631400215,0.4565467631400215
Cambodia,Holt-Winters,2018-10-01,1.243,0.222349394273165,True,True,1.0206506057268352,1.0206506057268352
Cambodia,Holt-Winters,2018-11-01,1.773,0.442663663350705,True,True,1.3303363366492948,1.3303363366492948
Cambodia,Holt-Winters,2018-12-01,2.212,0.3339903066650073,True,True,1.878009693334993,1.878009693334993
Cambodia,Holt-Winters,2019-01-01,1.913,0.4123464216699334,True,True,1.5006535783300667,1.5006535783300667
Cambodia,Holt-Winters,2019-02-01,2.153,0.3669323769270259,True,True,1.7860676230729742,1.7860676230729742
Cambodia,Holt-Winters,2019-03-01,1.353,0.2786616858443704,True,True,1.0743383141556295,1.0743383141556295
Cambodia,Holt-Winters,2019-04-01,1.479,0.2170432885179094,True,True,1.2619567114820909,1.2619567114820909
Cambodia,Holt-Winters,2019-05-01,0.988,0.1730606062331391,True,True,0.8149393937668609,0.8149393937668609
Cambodia,Holt-Winters,2019-06-01,1.255,0.2418366105373725,True,True,1.0131633894626273,1.0131633894626273
Cambodia,Holt-Winters,2019-07-01,0.894,0.2054044052849926,True,True,0.6885955947150073,0.6885955947150073
Cambodia,Holt-Winters,2019-08-01,0.724,0.2471848736335058,True,True,0.4768151263664941,0.4768151263664941
Cambodia,Holt-Winters,2019-09-01,0.64,0.2464053947911461,True,True,0.3935946052088538,0.3935946052088538
Cambodia,Holt-Winters,2019-10-01,1.366,0.2293015522043328,True,True,1.1366984477956672,1.1366984477956672
Cambodia,Holt-Winters,2019-11-01,1.468,0.4496158212818728,True,True,1.0183841787181271,1.0183841787181271
Cambodia,Holt-Winters,2019-12-01,1.524,0.340942464596175,True,True,1.183057535403825,1.183057535403825
Cambodia,Holt-Winters,2020-01-01,2.433,0.4192985796011012,True,True,2.0137014203988985,2.0137014203988985
Cambodia,Holt-Winters,2020-02-01,1.093,0.3738845348581937,True,True,0.7191154651418064,0.7191154651418064
Cambodia,Holt-Winters,2020-03-01,1.786,0.2856138437755382,True,True,1.5003861562244618,1.5003861562244618
Cambodia,Holt-Winters,2020-04-01,0.672,0.2239954464490772,True,True,0.4480045535509228,0.4480045535509228
Cambodia,Holt-Winters,2020-05-01,1.742,0.1800127641643069,True,True,1.561987235835693,1.561987235835693
Cambodia,Holt-Winters,2020-06-01,1.194,0.2487887684685403,True,True,0.9452112315314596,0.9452112315314596
Cambodia,Holt-Winters,2020-07-01,1.251,0.2123565632161604,True,True,1.0386434367838395,1.0386434367838395
Cambodia,Holt-Winters,2020-08-01,1.19,0.2541370315646736,True,True,0.9358629684353263,0.9358629684353263
Cambodia,Holt-Winters,2020-09-01,1.119,0.2533575527223139,True,True,0.865642447277686,0.865642447277686
Cambodia,Holt-Winters,2020-10-01,0.061,0.2362537101355006,True,True,-0.1752537101355006,0.1752537101355006
Cambodia,Holt-Winters,2020-11-01,1.234,0.4565679792130405,True,True,0.7774320207869594,0.7774320207869594
Cambodia,Holt-Winters,2020-12-01,1.317,0.3478946225273428,True,True,0.9691053774726572,0.9691053774726572
Cambodia,Holt-Winters,2021-01-01,0.194,0.426250737532269,True,True,-0.232250737532269,0.232250737532269
Cambodia,Holt-Winters,2021-02-01,0.242,0.3808366927893614,True,True,-0.1388366927893614,0.1388366927893614
Cambodia,Holt-Winters,2021-03-01,1.407,0.292566001706706,True,True,1.114433998293294,1.114433998293294
Cambodia,Holt-Winters,2021-04-01,0.509,0.230947604380245,True,True,0.278052395619755,0.278052395619755
Cambodia,Holt-Winters,2021-05-01,0.762,0.1869649220954746,True,True,0.5750350779045253,0.5750350779045253
Cambodia,Holt-Winters,2021-06-01,0.947,0.2557409263997081,True,True,0.6912590736002919,0.6912590736002919
Cambodia,Holt-Winters,2021-07-01,0.805,0.2193087211473282,True,True,0.5856912788526718,0.5856912788526718
Cambodia,Holt-Winters,2021-08-01,1.115,0.2610891894958414,True,True,0.8539108105041586,0.8539108105041586
Cambodia,Holt-Winters,2021-09-01,0.248,0.2603097106534817,True,True,-0.0123097106534816,0.0123097106534816
Cambodia,Holt-Winters,2021-10-01,0.595,0.2432058680666683,True,True,0.3517941319333316,0.3517941319333316
Cambodia,Holt-Winters,2021-11-01,1.292,0.4635201371442083,True,True,0.8284798628557917,0.8284798628557917
Cambodia,Holt-Winters,2021-12-01,0.953,0.3548467804585106,True,True,0.5981532195414894,0.5981532195414894
Cambodia,Holt-Winters,2022-01-01,1.88,0.4332028954634368,True,True,1.446797104536563,1.446797104536563
Cambodia,Holt-Winters,2022-02-01,1.186,0.3877888507205292,True,True,0.7982111492794708,0.7982111492794708
Cambodia,Holt-Winters,2022-03-01,1.084,0.2995181596378737,True,True,0.7844818403621263,0.7844818403621263
Cambodia,Holt-Winters,2022-04-01,-0.078,0.2378997623114128,True,True,-0.3158997623114128,0.3158997623114128
Cambodia,Holt-Winters,2022-05-01,0.294,0.1939170800266424,True,True,0.1000829199733575,0.1000829199733575
Cambodia,Holt-Winters,2022-06-01,1.572,0.2626930843308758,True,True,1.3093069156691242,1.3093069156691242
Cambodia,Holt-Winters,2022-07-01,0.516,0.226260879078496,True,True,0.289739120921504,0.289739120921504
Cambodia,Holt-Winters,2022-08-01,0.655,0.2680413474270092,True,True,0.3869586525729908,0.3869586525729908
Cambodia,Holt-Winters,2022-09-01,0.664,0.2672618685846494,True,True,0.3967381314153506,0.3967381314153506
Cambodia,Holt-Winters,2022-10-01,0.429,0.2501580259978361,True,True,0.1788419740021638,0.1788419740021638
Cambodia,Holt-Winters,2022-11-01,1.481,0.4704722950753761,True,True,1.010527704924624,1.010527704924624
Cambodia,Holt-Winters,2022-12-01,0.76,0.3617989383896783,True,True,0.3982010616103216,0.3982010616103216
Cambodia,Holt-Winters,2023-01-01,0.607,0.4401550533946046,True,True,0.1668449466053954,0.1668449466053954
Cambodia,Holt-Winters,2023-02-01,1.246,0.394741008651697,True,True,0.851258991348303,0.851258991348303
Cambodia,Holt-Winters,2023-03-01,0.749,0.3064703175690415,True,True,0.4425296824309584,0.4425296824309584
Cambodia,Holt-Winters,2023-04-01,1.644,0.2448519202425805,True,True,1.3991480797574194,1.3991480797574194
Cambodia,Holt-Winters,2023-05-01,1.694,0.2008692379578102,True,True,1.4931307620421896,1.4931307620421896
Cambodia,Holt-Winters,2023-06-01,1.349,0.2696452422620436,True,True,1.0793547577379563,1.0793547577379563
Cambodia,Holt-Winters,2023-07-01,1.22,0.2332130370096638,True,True,0.9867869629903362,0.9867869629903362
Cambodia,Holt-Winters,2023-08-01,1.858,0.274993505358177,True,True,1.5830064946418232,1.5830064946418232
Cambodia,Holt-Winters,2023-09-01,0.925,0.2742140265158172,True,True,0.6507859734841828,0.6507859734841828
Cambodia,Holt-Winters,2023-10-01,1.203,0.2571101839290039,True,True,0.945889816070996,0.945889816070996
Cambodia,Holt-Winters,2023-11-01,1.811,0.4774244530065439,True,True,1.333575546993456,1.333575546993456
Cambodia,Holt-Winters,2023-12-01,2.482,0.3687510963208461,True,True,2.113248903679154,2.113248903679154
Cambodia,SARIMA,2014-01-01,-0.712,0.4030662505014306,True,True,-1.1150662505014306,1.1150662505014306
Cambodia,SARIMA,2014-02-01,-0.09,0.7968195925535652,True,True,-0.8868195925535651,0.8868195925535651
Cambodia,SARIMA,2014-03-01,0.889,0.3831977519379009,True,True,0.5058022480620991,0.5058022480620991
Cambodia,SARIMA,2014-04-01,0.587,0.3103537387878322,True,True,0.2766462612121678,0.2766462612121678
Cambodia,SARIMA,2014-05-01,1.207,0.310455886202243,True,True,0.896544113797757,0.896544113797757
Cambodia,SARIMA,2014-06-01,0.794,0.6036058651940257,True,True,0.1903941348059743,0.1903941348059743
Cambodia,SARIMA,2014-07-01,0.456,0.396895857356657,True,True,0.0591041426433429,0.0591041426433429
Cambodia,SARIMA,2014-08-01,0.74,0.5728890508379738,True,True,0.1671109491620261,0.1671109491620261
Cambodia,SARIMA,2014-09-01,0.719,0.4524080451926199,True,True,0.26659195480738,0.26659195480738
Cambodia,SARIMA,2014-10-01,0.763,0.5551863804322045,True,True,0.2078136195677955,0.2078136195677955
Cambodia,SARIMA,2014-11-01,1.784,1.041633694336701,True,True,0.742366305663299,0.742366305663299
Cambodia,SARIMA,2014-12-01,1.139,0.9764414959400858,True,True,0.1625585040599142,0.1625585040599142
Cambodia,SARIMA,2015-01-01,0.339,0.9536818454287368,True,True,-0.6146818454287368,0.6146818454287368
Cambodia,SARIMA,2015-02-01,0.333,0.8808366627245447,True,True,-0.5478366627245448,0.5478366627245448
Cambodia,SARIMA,2015-03-01,1.1,0.4728298555452698,True,True,0.6271701444547303,0.6271701444547303
Cambodia,SARIMA,2015-04-01,0.655,0.3370362166810693,True,True,0.3179637833189306,0.3179637833189306
Cambodia,SARIMA,2015-05-01,1.16,0.3435587648777943,True,True,0.8164412351222056,0.8164412351222056
Cambodia,SARIMA,2015-06-01,1.093,0.6163550305806909,True,True,0.4766449694193091,0.4766449694193091
Cambodia,SARIMA,2015-07-01,0.849,0.3835481871275031,True,True,0.4654518128724969,0.4654518128724969
Cambodia,SARIMA,2015-08-01,1.112,0.5929484878662584,True,True,0.5190515121337417,0.5190515121337417
Cambodia,SARIMA,2015-09-01,1.119,0.4223513499505801,True,True,0.6966486500494199,0.6966486500494199
Cambodia,SARIMA,2015-10-01,1.176,0.5721821844595678,True,True,0.6038178155404321,0.6038178155404321
Cambodia,SARIMA,2015-11-01,2.394,1.1035369333358205,True,True,1.2904630666641796,1.2904630666641796
Cambodia,SARIMA,2015-12-01,2.319,0.9629331668338728,True,True,1.356066833166127,1.356066833166127
Cambodia,SARIMA,2016-01-01,2.154,0.945548963140076,True,True,1.2084510368599242,1.2084510368599242
Cambodia,SARIMA,2016-02-01,0.094,0.9271624380226126,True,True,-0.8331624380226126,0.8331624380226126
Cambodia,SARIMA,2016-03-01,1.245,0.5156017445181867,True,True,0.7293982554818134,0.7293982554818134
Cambodia,SARIMA,2016-04-01,2.053,0.3564955067039968,True,True,1.6965044932960032,1.6965044932960032
Cambodia,SARIMA,2016-05-01,1.371,0.3852915330733422,True,True,0.9857084669266578,0.9857084669266578
Cambodia,SARIMA,2016-06-01,0.91,0.6179802489547742,True,True,0.2920197510452258,0.2920197510452258
Cambodia,SARIMA,2016-07-01,0.82,0.3757364037100928,True,True,0.4442635962899071,0.4442635962899071
Cambodia,SARIMA,2016-08-01,1.369,0.5877345978672264,True,True,0.7812654021327736,0.7812654021327736
Cambodia,SARIMA,2016-09-01,0.805,0.4143178726101296,True,True,0.3906821273898704,0.3906821273898704
Cambodia,SARIMA,2016-10-01,1.023,0.5650508071798053,True,True,0.4579491928201946,0.4579491928201946
Cambodia,SARIMA,2016-11-01,1.813,1.1047475993450446,True,True,0.7082524006549553,0.7082524006549553
Cambodia,SARIMA,2016-12-01,1.699,0.8759856678449995,True,True,0.8230143321550005,0.8230143321550005
Cambodia,SARIMA,2017-01-01,2.227,0.9144746286368872,True,True,1.3125253713631126,1.3125253713631126
Cambodia,SARIMA,2017-02-01,0.749,0.9166688310212692,True,True,-0.167668831021269,0.167668831021269
Cambodia,SARIMA,2017-03-01,0.735,0.5052109772002588,True,True,0.2297890227997412,0.2297890227997412
Cambodia,SARIMA,2017-04-01,0.498,0.3525888740641389,True,True,0.145411125935861,0.145411125935861
Cambodia,SARIMA,2017-05-01,0.452,0.3783176534614558,True,True,0.0736823465385441,0.0736823465385441
Cambodia,SARIMA,2017-06-01,0.711,0.6170414391143969,True,True,0.093958560885603,0.093958560885603
Cambodia,SARIMA,2017-07-01,0.086,0.3774581753719446,True,True,-0.2914581753719446,0.2914581753719446
Cambodia,SARIMA,2017-08-01,1.077,0.5871971963171725,True,True,0.4898028036828274,0.4898028036828274
Cambodia,SARIMA,2017-09-01,1.49,0.417039281691707,True,True,1.072960718308293,1.072960718308293
Cambodia,SARIMA,2017-10-01,1.02,0.5649236495774802,True,True,0.4550763504225198,0.4550763504225198
Cambodia,SARIMA,2017-11-01,1.18,1.1009970828099542,True,True,0.0790029171900457,0.0790029171900457
Cambodia,SARIMA,2017-12-01,0.874,0.8872863492999727,True,True,-0.0132863492999727,0.0132863492999727
Cambodia,SARIMA,2018-01-01,1.465,0.9187058305865884,True,True,0.5462941694134116,0.5462941694134116
Cambodia,SARIMA,2018-02-01,-0.259,0.9152406113789368,True,True,-1.1742406113789368,1.1742406113789368
Cambodia,SARIMA,2018-03-01,0.278,0.5039772351046957,True,True,-0.2259772351046957,0.2259772351046957
Cambodia,SARIMA,2018-04-01,0.013,0.3519283328855657,True,True,-0.3389283328855657,0.3389283328855657
Cambodia,SARIMA,2018-05-01,0.539,0.3767312206604639,True,True,0.1622687793395361,0.1622687793395361
Cambodia,SARIMA,2018-06-01,0.459,0.6170603424410549,True,True,-0.1580603424410548,0.1580603424410548
Cambodia,SARIMA,2018-07-01,0.476,0.3777047844200994,True,True,0.0982952155799005,0.0982952155799005
Cambodia,SARIMA,2018-08-01,0.307,0.5875657439375285,True,True,-0.2805657439375285,0.2805657439375285
Cambodia,SARIMA,2018-09-01,0.696,0.4171779161173507,True,True,0.2788220838826492,0.2788220838826492
Cambodia,SARIMA,2018-10-01,1.243,0.5653542275771442,True,True,0.677645772422856,0.677645772422856
Cambodia,SARIMA,2018-11-01,1.773,1.1013801302089687,True,True,0.6716198697910312,0.6716198697910312
Cambodia,SARIMA,2018-12-01,2.212,0.8909820411070898,True,True,1.3210179588929103,1.3210179588929103
Cambodia,SARIMA,2019-01-01,1.913,0.9200033712982318,True,True,0.9929966287017682,0.9929966287017682
Cambodia,SARIMA,2019-02-01,2.153,0.9160242763897568,True,True,1.2369757236102432,1.2369757236102432
Cambodia,SARIMA,2019-03-01,1.353,0.5047313952396337,True,True,0.8482686047603663,0.8482686047603663
Cambodia,SARIMA,2019-04-01,1.479,0.3522356604461179,True,True,1.1267643395538822,1.1267643395538822
Cambodia,SARIMA,2019-05-01,0.988,0.3773290930041149,True,True,0.6106709069958851,0.6106709069958851
Cambodia,SARIMA,2019-06-01,1.255,0.6171127157033015,True,True,0.6378872842966984,0.6378872842966984
Cambodia,SARIMA,2019-07-01,0.894,0.377574718423316,True,True,0.516425281576684,0.516425281576684
Cambodia,SARIMA,2019-08-01,0.724,0.5875524654581142,True,True,0.1364475345418857,0.1364475345418857
Cambodia,SARIMA,2019-09-01,0.64,0.4170027063941647,True,True,0.2229972936058353,0.2229972936058353
Cambodia,SARIMA,2019-10-01,1.366,0.5653095628938748,True,True,0.8006904371061253,0.8006904371061253
Cambodia,SARIMA,2019-11-01,1.468,1.1015521715488814,True,True,0.3664478284511185,0.3664478284511185
Cambodia,SARIMA,2019-12-01,1.524,0.8898771907348593,True,True,0.6341228092651408,0.6341228092651408
Cambodia,SARIMA,2020-01-01,2.433,0.9196001170120478,True,True,1.513399882987952,1.513399882987952
Cambodia,SARIMA,2020-02-01,1.093,0.916012664474566,True,True,0.1769873355254341,0.1769873355254341
Cambodia,SARIMA,2020-03-01,1.786,0.5047120284019325,True,True,1.2812879715980676,1.2812879715980676
Cambodia,SARIMA,2020-04-01,0.672,0.3522369544624517,True,True,0.3197630455375483,0.3197630455375483
Cambodia,SARIMA,2020-05-01,1.742,0.377349159679437,True,True,1.364650840320563,1.364650840320563
Cambodia,SARIMA,2020-06-01,1.194,0.6171052818355419,True,True,0.576894718164458,0.576894718164458
Cambodia,SARIMA,2020-07-01,1.251,0.3775760887548274,True,True,0.8734239112451725,0.8734239112451725
Cambodia,SARIMA,2020-08-01,1.19,0.5875326136778545,True,True,0.6024673863221455,0.6024673863221455
Cambodia,SARIMA,2020-09-01,1.119,0.4170158222433003,True,True,0.7019841777566997,0.7019841777566997
Cambodia,SARIMA,2020-10-01,0.061,0.5652898949998816,True,True,-0.5042898949998815,0.5042898949998815
Cambodia,SARIMA,2020-11-01,1.234,1.1015090656039397,True,True,0.1324909343960605,0.1324909343960605
Cambodia,SARIMA,2020-12-01,1.317,0.8897956260461005,True,True,0.4272043739538994,0.4272043739538994
Cambodia,SARIMA,2021-01-01,0.194,0.9195733357837332,True,True,-0.7255733357837331,0.7255733357837331
Cambodia,SARIMA,2021-02-01,0.242,0.915968442297412,True,True,-0.673968442297412,0.673968442297412
Cambodia,SARIMA,2021-03-01,1.407,0.5046704618214769,True,True,0.9023295381785232,0.9023295381785232
Cambodia,SARIMA,2021-04-01,0.509,0.3522189048301243,True,True,0.1567810951698756,0.1567810951698756
Cambodia,SARIMA,2021-05-01,0.762,0.3773119239174434,True,True,0.3846880760825566,0.3846880760825566
Cambodia,SARIMA,2021-06-01,0.947,0.6171031315188935,True,True,0.3298968684811064,0.3298968684811064
Cambodia,SARIMA,2021-07-01,0.805,0.3775834957178697,True,True,0.4274165042821303,0.4274165042821303
Cambodia,SARIMA,2021-08-01,1.115,0.587535787368304,True,True,0.527464212631696,0.527464212631696
Cambodia,SARIMA,2021-09-01,0.248,0.4170244372166225,True,True,-0.1690244372166225,0.1690244372166225
Cambodia,SARIMA,2021-10-01,0.595,0.5652948738138319,True,True,0.029705126186168,0.029705126186168
Cambodia,SARIMA,2021-11-01,1.292,1.1015042616781667,True,True,0.1904957383218333,0.1904957383218333
Cambodia,SARIMA,2021-12-01,0.953,0.8898698156638272,True,True,0.0631301843361727,0.0631301843361727
Cambodia,SARIMA,2022-01-01,1.88,0.9196000525026125,True,True,0.9603999474973876,0.9603999474973876
Cambodia,SARIMA,2022-02-01,1.186,0.9159744659692164,True,True,0.2700255340307836,0.2700255340307836
Cambodia,SARIMA,2022-03-01,1.084,0.5046766158681739,True,True,0.5793233841318262,0.5793233841318262
Cambodia,SARIMA,2022-04-01,-0.078,0.3522210121578638,True,True,-0.4302210121578638,0.4302210121578638
Cambodia,SARIMA,2022-05-01,0.294,0.377315258367479,True,True,-0.083315258367479,0.083315258367479
Cambodia,SARIMA,2022-06-01,1.572,0.6171038243607077,True,True,0.9548961756392924,0.9548961756392924
Cambodia,SARIMA,2022-07-01,0.516,0.3775825202412386,True,True,0.1384174797587614,0.1384174797587614
Cambodia,SARIMA,2022-08-01,0.655,0.5875365593926345,True,True,0.0674634406073655,0.0674634406073655
Cambodia,SARIMA,2022-09-01,0.664,0.4170226318155483,True,True,0.2469773681844517,0.2469773681844517
Cambodia,SARIMA,2022-10-01,0.429,0.5652954168458341,True,True,-0.136295416845834,0.136295416845834
Cambodia,SARIMA,2022-11-01,1.481,1.101507352301205,True,True,0.3794926476987954,0.3794926476987954
Cambodia,SARIMA,2022-12-01,0.76,0.8898655930590494,True,True,-0.1298655930590494,0.1298655930590494
Cambodia,SARIMA,2023-01-01,0.607,0.9195983810102196,True,True,-0.3125983810102197,0.3125983810102197
Cambodia,SARIMA,2023-02-01,1.246,0.9159763122445088,True,True,0.3300236877554912,0.3300236877554912
Cambodia,SARIMA,2023-03-01,0.749,0.5046782917642475,True,True,0.2443217082357525,0.2443217082357525
Cambodia,SARIMA,2023-04-01,1.644,0.352221808208813,True,True,1.2917781917911868,1.2917781917911868
Cambodia,SARIMA,2023-05-01,1.694,0.3773170230778724,True,True,1.3166829769221275,1.3166829769221275
Cambodia,SARIMA,2023-06-01,1.349,0.6171038657734278,True,True,0.7318961342265722,0.7318961342265722
Cambodia,SARIMA,2023-07-01,1.22,0.3775822069551638,True,True,0.8424177930448362,0.8424177930448362
Cambodia,SARIMA,2023-08-01,1.858,0.587536281257062,True,True,1.270463718742938,1.270463718742938
Cambodia,SARIMA,2023-09-01,0.925,0.4170223485563283,True,True,0.5079776514436717,0.5079776514436717
Cambodia,SARIMA,2023-10-01,1.203,0.5652950613038882,True,True,0.6377049386961119,0.6377049386961119
Cambodia,SARIMA,2023-11-01,1.811,1.1015072582579235,True,True,0.7094927417420764,0.7094927417420764
Cambodia,SARIMA,2023-12-01,2.482,0.8898617842309338,True,True,1.5921382157690664,1.5921382157690664
Cambodia,XGBoost,2014-01-01,-0.712,0.8418610095977783,True,True,-1.5538610095977785,1.5538610095977785
Cambodia,XGBoost,2014-02-01,-0.09,0.6845118403434753,True,True,-0.7745118403434753,0.7745118403434753
Cambodia,XGBoost,2014-03-01,0.889,0.1058033257722854,True,True,0.7831966742277146,0.7831966742277146
Cambodia,XGBoost,2014-04-01,0.587,0.5617428421974182,True,True,0.0252571578025817,0.0252571578025817
Cambodia,XGBoost,2014-05-01,1.207,0.206170305609703,True,True,1.000829694390297,1.000829694390297
Cambodia,XGBoost,2014-06-01,0.794,0.5186358094215393,True,True,0.2753641905784607,0.2753641905784607
Cambodia,XGBoost,2014-07-01,0.456,0.2869125008583069,True,True,0.1690874991416931,0.1690874991416931
Cambodia,XGBoost,2014-08-01,0.74,0.6107812523841858,True,True,0.1292187476158142,0.1292187476158142
Cambodia,XGBoost,2014-09-01,0.719,0.3922176361083984,True,True,0.3267823638916015,0.3267823638916015
Cambodia,XGBoost,2014-10-01,0.763,0.7151435613632202,True,True,0.0478564386367798,0.0478564386367798
Cambodia,XGBoost,2014-11-01,1.784,1.438683271408081,True,True,0.345316728591919,0.345316728591919
Cambodia,XGBoost,2014-12-01,1.139,1.4552855491638184,True,True,-0.3162855491638183,0.3162855491638183
Cambodia,XGBoost,2015-01-01,0.339,1.392200231552124,True,True,-1.053200231552124,1.053200231552124
Cambodia,XGBoost,2015-02-01,0.333,1.2271137237548828,True,True,-0.8941137237548828,0.8941137237548828
Cambodia,XGBoost,2015-03-01,1.1,0.8760538101196289,True,True,0.2239461898803711,0.2239461898803711
Cambodia,XGBoost,2015-04-01,0.655,0.4922686815261841,True,True,0.1627313184738159,0.1627313184738159
Cambodia,XGBoost,2015-05-01,1.16,0.5780656337738037,True,True,0.5819343662261962,0.5819343662261962
Cambodia,XGBoost,2015-06-01,1.093,0.3935941457748413,True,True,0.6994058542251587,0.6994058542251587
Cambodia,XGBoost,2015-07-01,0.849,0.4667549729347229,True,True,0.3822450270652771,0.3822450270652771
Cambodia,XGBoost,2015-08-01,1.112,0.5103382468223572,True,True,0.6016617531776429,0.6016617531776429
Cambodia,XGBoost,2015-09-01,1.119,0.4838062226772308,True,True,0.6351937773227692,0.6351937773227692
Cambodia,XGBoost,2015-10-01,1.176,0.613997220993042,True,True,0.5620027790069579,0.5620027790069579
Cambodia,XGBoost,2015-11-01,2.394,1.1147584915161133,True,True,1.2792415084838868,1.2792415084838868
Cambodia,XGBoost,2015-12-01,2.319,0.3979064524173736,True,True,1.9210935475826263,1.9210935475826263
Cambodia,XGBoost,2016-01-01,2.154,0.596626341342926,True,True,1.557373658657074,1.557373658657074
Cambodia,XGBoost,2016-02-01,0.094,0.5073457360267639,True,True,-0.4133457360267639,0.4133457360267639
Cambodia,XGBoost,2016-03-01,1.245,0.3880127668380737,True,True,0.8569872331619264,0.8569872331619264
Cambodia,XGBoost,2016-04-01,2.053,0.3751424849033355,True,True,1.6778575150966644,1.6778575150966644
Cambodia,XGBoost,2016-05-01,1.371,0.6487517952919006,True,True,0.7222482047080994,0.7222482047080994
Cambodia,XGBoost,2016-06-01,0.91,0.510064423084259,True,True,0.399935576915741,0.399935576915741
Cambodia,XGBoost,2016-07-01,0.82,0.5716023445129395,True,True,0.2483976554870605,0.2483976554870605
Cambodia,XGBoost,2016-08-01,1.369,0.5816617608070374,True,True,0.7873382391929626,0.7873382391929626
Cambodia,XGBoost,2016-09-01,0.805,0.5630612373352051,True,True,0.2419387626647949,0.2419387626647949
Cambodia,XGBoost,2016-10-01,1.023,0.7104659676551819,True,True,0.312534032344818,0.312534032344818
Cambodia,XGBoost,2016-11-01,1.813,0.9421774744987488,True,True,0.8708225255012512,0.8708225255012512
Cambodia,XGBoost,2016-12-01,1.699,0.5049967765808105,True,True,1.1940032234191895,1.1940032234191895
Cambodia,XGBoost,2017-01-01,2.227,0.8182055950164795,True,True,1.4087944049835204,1.4087944049835204
Cambodia,XGBoost,2017-02-01,0.749,0.4965884685516357,True,True,0.2524115314483642,0.2524115314483642
Cambodia,XGBoost,2017-03-01,0.735,0.3323034942150116,True,True,0.4026965057849884,0.4026965057849884
Cambodia,XGBoost,2017-04-01,0.498,0.5525745153427124,True,True,-0.0545745153427124,0.0545745153427124
Cambodia,XGBoost,2017-05-01,0.452,0.5649134516716003,True,True,-0.1129134516716003,0.1129134516716003
Cambodia,XGBoost,2017-06-01,0.711,0.5571879148483276,True,True,0.1538120851516723,0.1538120851516723
Cambodia,XGBoost,2017-07-01,0.086,0.6595330238342285,True,True,-0.5735330238342286,0.5735330238342286
Cambodia,XGBoost,2017-08-01,1.077,0.5956984162330627,True,True,0.4813015837669372,0.4813015837669372
Cambodia,XGBoost,2017-09-01,1.49,0.7187692523002625,True,True,0.7712307476997375,0.7712307476997375
Cambodia,XGBoost,2017-10-01,1.02,0.6949224472045898,True,True,0.3250775527954102,0.3250775527954102
Cambodia,XGBoost,2017-11-01,1.18,0.7591848373413086,True,True,0.4208151626586913,0.4208151626586913
Cambodia,XGBoost,2017-12-01,0.874,0.6638965606689453,True,True,0.2101034393310547,0.2101034393310547
Cambodia,XGBoost,2018-01-01,1.465,0.8207762241363525,True,True,0.6442237758636475,0.6442237758636475
Cambodia,XGBoost,2018-02-01,-0.259,0.6809234023094177,True,True,-0.9399234023094176,0.9399234023094176
Cambodia,XGBoost,2018-03-01,0.278,0.4349047541618347,True,True,-0.1569047541618347,0.1569047541618347
Cambodia,XGBoost,2018-04-01,0.013,0.636391282081604,True,True,-0.623391282081604,0.623391282081604
Cambodia,XGBoost,2018-05-01,0.539,0.4141401648521423,True,True,0.1248598351478577,0.1248598351478577
Cambodia,XGBoost,2018-06-01,0.459,0.5601809024810791,True,True,-0.101180902481079,0.101180902481079
Cambodia,XGBoost,2018-07-01,0.476,0.651468813419342,True,True,-0.175468813419342,0.175468813419342
Cambodia,XGBoost,2018-08-01,0.307,0.6098407506942749,True,True,-0.3028407506942749,0.3028407506942749
Cambodia,XGBoost,2018-09-01,0.696,0.5610163807868958,True,True,0.1349836192131042,0.1349836192131042
Cambodia,XGBoost,2018-10-01,1.243,0.692477285861969,True,True,0.5505227141380311,0.5505227141380311
Cambodia,XGBoost,2018-11-01,1.773,1.0258885622024536,True,True,0.7471114377975463,0.7471114377975463
Cambodia,XGBoost,2018-12-01,2.212,0.5637295246124268,True,True,1.6482704753875734,1.6482704753875734
Cambodia,XGBoost,2019-01-01,1.913,0.7294290661811829,True,True,1.1835709338188172,1.1835709338188172
Cambodia,XGBoost,2019-02-01,2.153,0.5237233638763428,True,True,1.6292766361236573,1.6292766361236573
Cambodia,XGBoost,2019-03-01,1.353,0.2974795997142792,True,True,1.0555204002857208,1.0555204002857208
Cambodia,XGBoost,2019-04-01,1.479,0.5063327550888062,True,True,0.972667244911194,0.972667244911194
Cambodia,XGBoost,2019-05-01,0.988,0.4782826602458954,True,True,0.5097173397541046,0.5097173397541046
Cambodia,XGBoost,2019-06-01,1.255,0.5026775598526001,True,True,0.7523224401473998,0.7523224401473998
Cambodia,XGBoost,2019-07-01,0.894,0.5965167284011841,True,True,0.2974832715988159,0.2974832715988159
Cambodia,XGBoost,2019-08-01,0.724,0.5723215937614441,True,True,0.1516784062385558,0.1516784062385558
Cambodia,XGBoost,2019-09-01,0.64,0.6854497790336609,True,True,-0.0454497790336608,0.0454497790336608
Cambodia,XGBoost,2019-10-01,1.366,0.7356052398681641,True,True,0.630394760131836,0.630394760131836
Cambodia,XGBoost,2019-11-01,1.468,0.8916248083114624,True,True,0.5763751916885376,0.5763751916885376
Cambodia,XGBoost,2019-12-01,1.524,0.7433260083198547,True,True,0.7806739916801453,0.7806739916801453
Cambodia,XGBoost,2020-01-01,2.433,0.7807332277297974,True,True,1.6522667722702025,1.6522667722702025
Cambodia,XGBoost,2020-02-01,1.093,0.5055870413780212,True,True,0.5874129586219787,0.5874129586219787
Cambodia,XGBoost,2020-03-01,1.786,0.3215030431747436,True,True,1.4644969568252564,1.4644969568252564
Cambodia,XGBoost,2020-04-01,0.672,0.4950243532657623,True,True,0.1769756467342377,0.1769756467342377
Cambodia,XGBoost,2020-05-01,1.742,0.3831030428409576,True,True,1.3588969571590424,1.3588969571590424
Cambodia,XGBoost,2020-06-01,1.194,0.4437500536441803,True,True,0.7502499463558197,0.7502499463558197
Cambodia,XGBoost,2020-07-01,1.251,0.6140571236610413,True,True,0.6369428763389586,0.6369428763389586
Cambodia,XGBoost,2020-08-01,1.19,0.58526211977005,True,True,0.6047378802299499,0.6047378802299499
Cambodia,XGBoost,2020-09-01,1.119,0.6688911318778992,True,True,0.4501088681221008,0.4501088681221008
Cambodia,XGBoost,2020-10-01,0.061,0.6368191838264465,True,True,-0.5758191838264466,0.5758191838264466
Cambodia,XGBoost,2020-11-01,1.234,1.0063214302062988,True,True,0.2276785697937011,0.2276785697937011
Cambodia,XGBoost,2020-12-01,1.317,0.476298451423645,True,True,0.8407015485763549,0.8407015485763549
Cambodia,XGBoost,2021-01-01,0.194,0.7070165276527405,True,True,-0.5130165276527405,0.5130165276527405
Cambodia,XGBoost,2021-02-01,0.242,0.492536723613739,True,True,-0.250536723613739,0.250536723613739
Cambodia,XGBoost,2021-03-01,1.407,0.3480550348758697,True,True,1.0589449651241305,1.0589449651241305
Cambodia,XGBoost,2021-04-01,0.509,0.5245824456214905,True,True,-0.0155824456214904,0.0155824456214904
Cambodia,XGBoost,2021-05-01,0.762,0.5866765379905701,True,True,0.1753234620094299,0.1753234620094299
Cambodia,XGBoost,2021-06-01,0.947,0.5251559019088745,True,True,0.4218440980911254,0.4218440980911254
Cambodia,XGBoost,2021-07-01,0.805,0.602664589881897,True,True,0.202335410118103,0.202335410118103
Cambodia,XGBoost,2021-08-01,1.115,0.5927689075469971,True,True,0.5222310924530029,0.5222310924530029
Cambodia,XGBoost,2021-09-01,0.248,0.7328431606292725,True,True,-0.4848431606292724,0.4848431606292724
Cambodia,XGBoost,2021-10-01,0.595,0.6437280774116516,True,True,-0.0487280774116516,0.0487280774116516
Cambodia,XGBoost,2021-11-01,1.292,0.7560851573944092,True,True,0.5359148426055909,0.5359148426055909
Cambodia,XGBoost,2021-12-01,0.953,0.8285493850708008,True,True,0.1244506149291991,0.1244506149291991
Cambodia,XGBoost,2022-01-01,1.88,0.7496304512023926,True,True,1.130369548797607,1.130369548797607
Cambodia,XGBoost,2022-02-01,1.186,0.5505664348602295,True,True,0.6354335651397705,0.6354335651397705
Cambodia,XGBoost,2022-03-01,1.084,0.4064903855323791,True,True,0.6775096144676209,0.6775096144676209
Cambodia,XGBoost,2022-04-01,-0.078,0.5183719992637634,True,True,-0.5963719992637634,0.5963719992637634
Cambodia,XGBoost,2022-05-01,0.294,0.6055762767791748,True,True,-0.3115762767791748,0.3115762767791748
Cambodia,XGBoost,2022-06-01,1.572,0.4453514814376831,True,True,1.126648518562317,1.126648518562317
Cambodia,XGBoost,2022-07-01,0.516,0.6112769842147827,True,True,-0.0952769842147827,0.0952769842147827
Cambodia,XGBoost,2022-08-01,0.655,0.5649880170822144,True,True,0.0900119829177856,0.0900119829177856
Cambodia,XGBoost,2022-09-01,0.664,0.5695978403091431,True,True,0.0944021596908569,0.0944021596908569
Cambodia,XGBoost,2022-10-01,0.429,0.7371930480003357,True,True,-0.3081930480003357,0.3081930480003357
Cambodia,XGBoost,2022-11-01,1.481,0.9723516702651978,True,True,0.5086483297348023,0.5086483297348023
Cambodia,XGBoost,2022-12-01,0.76,0.3847499191761017,True,True,0.3752500808238983,0.3752500808238983
Cambodia,XGBoost,2023-01-01,0.607,0.6321887373924255,True,True,-0.0251887373924255,0.0251887373924255
Cambodia,XGBoost,2023-02-01,1.246,0.4105827510356903,True,True,0.8354172489643097,0.8354172489643097
Cambodia,XGBoost,2023-03-01,0.749,0.5672597885131836,True,True,0.1817402114868164,0.1817402114868164
Cambodia,XGBoost,2023-04-01,1.644,0.5339529514312744,True,True,1.1100470485687255,1.1100470485687255
Cambodia,XGBoost,2023-05-01,1.694,0.6553541421890259,True,True,1.038645857810974,1.038645857810974
Cambodia,XGBoost,2023-06-01,1.349,0.5078899264335632,True,True,0.8411100735664367,0.8411100735664367
Cambodia,XGBoost,2023-07-01,1.22,0.6006519794464111,True,True,0.6193480205535888,0.6193480205535888
Cambodia,XGBoost,2023-08-01,1.858,0.5550062656402588,True,True,1.3029937343597413,1.3029937343597413
Cambodia,XGBoost,2023-09-01,0.925,0.6406208276748657,True,True,0.2843791723251343,0.2843791723251343
Cambodia,XGBoost,2023-10-01,1.203,0.697907030582428,True,True,0.5050929694175721,0.5050929694175721
Cambodia,XGBoost,2023-11-01,1.811,0.9274237155914308,True,True,0.8835762844085693,0.8835762844085693
Cambodia,XGBoost,2023-12-01,2.482,0.6453190445899963,True,True,1.836680955410004,1.836680955410004
Cambodia,Prophet,2014-01-01,-0.712,0.8596332208828827,True,True,-1.5716332208828827,1.5716332208828827
Cambodia,Prophet,2014-02-01,-0.09,0.8177418040901918,True,True,-0.9077418040901918,0.9077418040901918
Cambodia,Prophet,2014-03-01,0.889,0.7278003836066987,True,True,0.1611996163933012,0.1611996163933012
Cambodia,Prophet,2014-04-01,0.587,0.6667043125054679,True,True,-0.0797043125054679,0.0797043125054679
Cambodia,Prophet,2014-05-01,1.207,0.6238579932221945,True,True,0.5831420067778056,0.5831420067778056
Cambodia,Prophet,2014-06-01,0.794,0.6917310068646109,True,True,0.1022689931353891,0.1022689931353891
Cambodia,Prophet,2014-07-01,0.456,0.6536315466364796,True,True,-0.1976315466364795,0.1976315466364795
Cambodia,Prophet,2014-08-01,0.74,0.6942520529301928,True,True,0.0457479470698072,0.0457479470698072
Cambodia,Prophet,2014-09-01,0.719,0.6943269271652154,True,True,0.0246730728347845,0.0246730728347845
Cambodia,Prophet,2014-10-01,0.763,0.6782749692472709,True,True,0.084725030752729,0.084725030752729
Cambodia,Prophet,2014-11-01,1.784,0.8990443524577469,True,True,0.8849556475422531,0.8849556475422531
Cambodia,Prophet,2014-12-01,1.139,0.788609770880335,True,True,0.350390229119665,0.350390229119665
Cambodia,Prophet,2015-01-01,0.339,0.8776329857074071,True,True,-0.538632985707407,0.538632985707407
Cambodia,Prophet,2015-02-01,0.333,0.8289305936180629,True,True,-0.4959305936180628,0.4959305936180628
Cambodia,Prophet,2015-03-01,1.1,0.7464107137069094,True,True,0.3535892862930907,0.3535892862930907
Cambodia,Prophet,2015-04-01,0.655,0.6842000637924028,True,True,-0.0292000637924028,0.0292000637924028
Cambodia,Prophet,2015-05-01,1.16,0.6417928203157088,True,True,0.5182071796842911,0.5182071796842911
Cambodia,Prophet,2015-06-01,1.093,0.707741373965616,True,True,0.385258626034384,0.385258626034384
Cambodia,Prophet,2015-07-01,0.849,0.6676449109989192,True,True,0.1813550890010807,0.1813550890010807
Cambodia,Prophet,2015-08-01,1.112,0.7082094521425963,True,True,0.4037905478574037,0.4037905478574037
Cambodia,Prophet,2015-09-01,1.119,0.7097817798313649,True,True,0.409218220168635,0.409218220168635
Cambodia,Prophet,2015-10-01,1.176,0.6953263269657345,True,True,0.4806736730342654,0.4806736730342654
Cambodia,Prophet,2015-11-01,2.394,0.9171937383720608,True,True,1.4768062616279394,1.4768062616279394
Cambodia,Prophet,2015-12-01,2.319,0.8028572625336594,True,True,1.5161427374663403,1.5161427374663403
Cambodia,Prophet,2016-01-01,2.154,0.895549614801578,True,True,1.258450385198422,1.258450385198422
Cambodia,Prophet,2016-02-01,0.094,0.8401060274094212,True,True,-0.7461060274094212,0.7461060274094212
Cambodia,Prophet,2016-03-01,1.245,0.7547499189782934,True,True,0.4902500810217067,0.4902500810217067
Cambodia,Prophet,2016-04-01,2.053,0.6956676647250555,True,True,1.3573323352749445,1.3573323352749445
Cambodia,Prophet,2016-05-01,1.371,0.651818431880562,True,True,0.719181568119438,0.719181568119438
Cambodia,Prophet,2016-06-01,0.91,0.7233026085870813,True,True,0.1866973914129187,0.1866973914129187
Cambodia,Prophet,2016-07-01,0.82,0.6893984737171767,True,True,0.1306015262828233,0.1306015262828233
Cambodia,Prophet,2016-08-01,1.369,0.7302780291494206,True,True,0.6387219708505794,0.6387219708505794
Cambodia,Prophet,2016-09-01,0.805,0.7275002278752789,True,True,0.0774997721247211,0.0774997721247211
Cambodia,Prophet,2016-10-01,1.023,0.7083149086810993,True,True,0.3146850913189006,0.3146850913189006
Cambodia,Prophet,2016-11-01,1.813,0.9263429089048822,True,True,0.8866570910951177,0.8866570910951177
Cambodia,Prophet,2016-12-01,1.699,0.8239705841763614,True,True,0.8750294158236387,0.8750294158236387
Cambodia,Prophet,2017-01-01,2.227,0.9054270289555164,True,True,1.3215729710444837,1.3215729710444837
Cambodia,Prophet,2017-02-01,0.749,0.8704099277282522,True,True,-0.1214099277282522,0.1214099277282522
Cambodia,Prophet,2017-03-01,0.735,0.7731637117244159,True,True,-0.0381637117244159,0.0381637117244159
Cambodia,Prophet,2017-04-01,0.498,0.7131101133258111,True,True,-0.2151101133258111,0.2151101133258111
Cambodia,Prophet,2017-05-01,0.452,0.6697828985459274,True,True,-0.2177828985459274,0.2177828985459274
Cambodia,Prophet,2017-06-01,0.711,0.7395019909099578,True,True,-0.0285019909099578,0.0285019909099578
Cambodia,Prophet,2017-07-01,0.086,0.703467797800859,True,True,-0.617467797800859,0.617467797800859
Cambodia,Prophet,2017-08-01,1.077,0.7441933220087581,True,True,0.3328066779912418,0.3328066779912418
Cambodia,Prophet,2017-09-01,1.49,0.7428175174175164,True,True,0.7471824825824835,0.7471824825824835
Cambodia,Prophet,2017-10-01,1.02,0.7251875270462205,True,True,0.2948124729537795,0.2948124729537795
Cambodia,Prophet,2017-11-01,1.18,0.944676968866042,True,True,0.2353230311339578,0.2353230311339578
Cambodia,Prophet,2017-12-01,0.874,0.8382319540396895,True,True,0.0357680459603104,0.0357680459603104
Cambodia,Prophet,2018-01-01,1.465,0.923509320793974,True,True,0.541490679206026,0.541490679206026
Cambodia,Prophet,2018-02-01,-0.259,0.8816179040013001,True,True,-1.1406179040013005,1.1406179040013005
Cambodia,Prophet,2018-03-01,0.278,0.7916764835177947,True,True,-0.5136764835177947,0.5136764835177947
Cambodia,Prophet,2018-04-01,0.013,0.7305804124165652,True,True,-0.7175804124165652,0.7175804124165652
Cambodia,Prophet,2018-05-01,0.539,0.687734093133299,True,True,-0.148734093133299,0.148734093133299
Cambodia,Prophet,2018-06-01,0.459,0.7556071067757096,True,True,-0.2966071067757096,0.2966071067757096
Cambodia,Prophet,2018-07-01,0.476,0.7175076465475733,True,True,-0.2415076465475732,0.2415076465475732
Cambodia,Prophet,2018-08-01,0.307,0.7581281528412905,True,True,-0.4511281528412905,0.4511281528412905
Cambodia,Prophet,2018-09-01,0.696,0.7582030270762975,True,True,-0.0622030270762975,0.0622030270762975
Cambodia,Prophet,2018-10-01,1.243,0.7421510691583715,True,True,0.5008489308416286,0.5008489308416286
Cambodia,Prophet,2018-11-01,1.773,0.9629204523688446,True,True,0.8100795476311553,0.8100795476311553
Cambodia,Prophet,2018-12-01,2.212,0.8524858707914151,True,True,1.359514129208585,1.359514129208585
Cambodia,Prophet,2019-01-01,1.913,0.941509085618484,True,True,0.971490914381516,0.971490914381516
Cambodia,Prophet,2019-02-01,2.153,0.8928066935291656,True,True,1.2601933064708344,1.2601933064708344
Cambodia,Prophet,2019-03-01,1.353,0.8102868136179735,True,True,0.5427131863820265,0.5427131863820265
Cambodia,Prophet,2019-04-01,1.479,0.7480761637034876,True,True,0.7309238362965125,0.7309238362965125
Cambodia,Prophet,2019-05-01,0.988,0.705668920226806,True,True,0.2823310797731939,0.2823310797731939
Cambodia,Prophet,2019-06-01,1.255,0.7716174738767152,True,True,0.4833825261232847,0.4833825261232847
Cambodia,Prophet,2019-07-01,0.894,0.731521010910012,True,True,0.162478989089988,0.162478989089988
Cambodia,Prophet,2019-08-01,0.724,0.7720855520536702,True,True,-0.0480855520536702,0.0480855520536702
Cambodia,Prophet,2019-09-01,0.64,0.7736578797424529,True,True,-0.1336578797424529,0.1336578797424529
Cambodia,Prophet,2019-10-01,1.366,0.7592024268768248,True,True,0.6067975731231753,0.6067975731231753
Cambodia,Prophet,2019-11-01,1.468,0.9810698382831812,True,True,0.4869301617168189,0.4869301617168189
Cambodia,Prophet,2019-12-01,1.524,0.8667333624447456,True,True,0.6572666375552544,0.6572666375552544
Cambodia,Prophet,2020-01-01,2.433,0.959425714712679,True,True,1.4735742852873208,1.4735742852873208
Cambodia,Prophet,2020-02-01,1.093,0.9039821273205132,True,True,0.1890178726794867,0.1890178726794867
Cambodia,Prophet,2020-03-01,1.786,0.8186260188894053,True,True,0.9673739811105948,0.9673739811105948
Cambodia,Prophet,2020-04-01,0.672,0.7595437646361595,True,True,-0.0875437646361594,0.0875437646361594
Cambodia,Prophet,2020-05-01,1.742,0.7156945317916669,True,True,1.0263054682083332,1.0263054682083332
Cambodia,Prophet,2020-06-01,1.194,0.7871787084981714,True,True,0.4068212915018285,0.4068212915018285
Cambodia,Prophet,2020-07-01,1.251,0.7532745736282704,True,True,0.4977254263717294,0.4977254263717294
Cambodia,Prophet,2020-08-01,1.19,0.794154129060568,True,True,0.3958458709394319,0.3958458709394319
Cambodia,Prophet,2020-09-01,1.119,0.7913763277863781,True,True,0.3276236722136219,0.3276236722136219
Cambodia,Prophet,2020-10-01,0.061,0.772191008592216,True,True,-0.711191008592216,0.711191008592216
Cambodia,Prophet,2020-11-01,1.234,0.9902190088159905,True,True,0.2437809911840095,0.2437809911840095
Cambodia,Prophet,2020-12-01,1.317,0.8878466840874402,True,True,0.4291533159125598,0.4291533159125598
Cambodia,Prophet,2021-01-01,0.194,0.9693031288666054,True,True,-0.7753031288666055,0.7753031288666055
Cambodia,Prophet,2021-02-01,0.242,0.934286027639316,True,True,-0.6922860276393161,0.6922860276393161
Cambodia,Prophet,2021-03-01,1.407,0.8370398116354929,True,True,0.5699601883645071,0.5699601883645071
Cambodia,Prophet,2021-04-01,0.509,0.7769862132368779,True,True,-0.2679862132368779,0.2679862132368779
Cambodia,Prophet,2021-05-01,0.762,0.7336589984570051,True,True,0.0283410015429949,0.0283410015429949
Cambodia,Prophet,2021-06-01,0.947,0.8033780908210596,True,True,0.1436219091789403,0.1436219091789403
Cambodia,Prophet,2021-07-01,0.805,0.7673438977119601,True,True,0.0376561022880399,0.0376561022880399
Cambodia,Prophet,2021-08-01,1.115,0.8080694219198338,True,True,0.3069305780801662,0.3069305780801662
Cambodia,Prophet,2021-09-01,0.248,0.8066936173285941,True,True,-0.5586936173285941,0.5586936173285941
Cambodia,Prophet,2021-10-01,0.595,0.7890636269573102,True,True,-0.1940636269573102,0.1940636269573102
Cambodia,Prophet,2021-11-01,1.292,1.0085530687771485,True,True,0.2834469312228516,0.2834469312228516
Cambodia,Prophet,2021-12-01,0.953,0.9021080539507856,True,True,0.0508919460492144,0.0508919460492144
Cambodia,Prophet,2022-01-01,1.88,0.9873854207050808,True,True,0.8926145792949192,0.8926145792949192
Cambodia,Prophet,2022-02-01,1.186,0.9454940039123824,True,True,0.2405059960876177,0.2405059960876177
Cambodia,Prophet,2022-03-01,1.084,0.8555525834288866,True,True,0.2284474165711134,0.2284474165711134
Cambodia,Prophet,2022-04-01,-0.078,0.7944565123276249,True,True,-0.8724565123276249,0.8724565123276249
Cambodia,Prophet,2022-05-01,0.294,0.7516101930443835,True,True,-0.4576101930443835,0.4576101930443835
Cambodia,Prophet,2022-06-01,1.572,0.8194832066868072,True,True,0.7525167933131929,0.7525167933131929
Cambodia,Prophet,2022-07-01,0.516,0.7813837464586633,True,True,-0.2653837464586632,0.2653837464586632
Cambodia,Prophet,2022-08-01,0.655,0.8220042527524001,True,True,-0.1670042527524,0.1670042527524
Cambodia,Prophet,2022-09-01,0.664,0.8220791269874035,True,True,-0.1580791269874034,0.1580791269874034
Cambodia,Prophet,2022-10-01,0.429,0.8060271690694637,True,True,-0.3770271690694637,0.3770271690694637
Cambodia,Prophet,2022-11-01,1.481,1.0267965522799316,True,True,0.4542034477200685,0.4542034477200685
Cambodia,Prophet,2022-12-01,0.76,0.9163619707025228,True,True,-0.1563619707025226,0.1563619707025226
Cambodia,Prophet,2023-01-01,0.607,1.0053851855296203,True,True,-0.3983851855296205,0.3983851855296205
Cambodia,Prophet,2023-02-01,1.246,0.9566827934402335,True,True,0.2893172065597664,0.2893172065597664
Cambodia,Prophet,2023-03-01,0.749,0.8741629135290792,True,True,-0.1251629135290791,0.1251629135290791
Cambodia,Prophet,2023-04-01,1.644,0.8119522636145928,True,True,0.8320477363854071,0.8320477363854071
Cambodia,Prophet,2023-05-01,1.694,0.7695450201378972,True,True,0.9244549798621028,0.9244549798621028
Cambodia,Prophet,2023-06-01,1.349,0.8354935737878106,True,True,0.5135064262121893,0.5135064262121893
Cambodia,Prophet,2023-07-01,1.22,0.795397110821112,True,True,0.424602889178888,0.424602889178888
Cambodia,Prophet,2023-08-01,1.858,0.8359616519647859,True,True,1.0220383480352142,1.0220383480352142
Cambodia,Prophet,2023-09-01,0.925,0.8375339796535535,True,True,0.0874660203464465,0.0874660203464465
Cambodia,Prophet,2023-10-01,1.203,0.8230785267879023,True,True,0.3799214732120978,0.3799214732120978
Cambodia,Prophet,2023-11-01,1.811,1.0449459381942496,True,True,0.7660540618057503,0.7660540618057503
Cambodia,Prophet,2023-12-01,2.482,0.9306094623558534,True,True,1.5513905376441468,1.5513905376441468
Indonesia,Holt-Winters,2014-01-01,0.511,0.74452460187468,True,True,-0.2335246018746799,0.2335246018746799
Indonesia,Holt-Winters,2014-02-01,0.743,0.809728812572382,True,True,-0.066728812572382,0.066728812572382
Indonesia,Holt-Winters,2014-03-01,1.067,0.826481887121236,True,True,0.2405181128787639,0.2405181128787639
Indonesia,Holt-Winters,2014-04-01,0.926,0.7887634937064867,True,True,0.1372365062935133,0.1372365062935133
Indonesia,Holt-Winters,2014-05-01,1.061,0.8037431971667705,True,True,0.2572568028332295,0.2572568028332295
Indonesia,Holt-Winters,2014-06-01,0.851,0.874745005079271,True,True,-0.023745005079271,0.023745005079271
Indonesia,Holt-Winters,2014-07-01,0.935,0.8616911423074674,True,True,0.0733088576925327,0.0733088576925327
Indonesia,Holt-Winters,2014-08-01,0.381,0.8446905710248439,True,True,-0.4636905710248439,0.4636905710248439
Indonesia,Holt-Winters,2014-09-01,0.341,0.8234240088404411,True,True,-0.482424008840441,0.482424008840441
Indonesia,Holt-Winters,2014-10-01,0.74,0.7956316393085974,True,True,-0.0556316393085973,0.0556316393085973
Indonesia,Holt-Winters,2014-11-01,0.778,0.7734232276326181,True,True,0.0045767723673819,0.0045767723673819
Indonesia,Holt-Winters,2014-12-01,0.697,0.7757077941207676,True,True,-0.0787077941207676,0.0787077941207676
Indonesia,Holt-Winters,2015-01-01,0.472,0.7591641869278756,True,True,-0.2871641869278756,0.2871641869278756
Indonesia,Holt-Winters,2015-02-01,0.29,0.8243683976255777,True,True,-0.5343683976255778,0.5343683976255778
Indonesia,Holt-Winters,2015-03-01,0.544,0.8411214721744317,True,True,-0.2971214721744316,0.2971214721744316
Indonesia,Holt-Winters,2015-04-01,0.412,0.8034030787596822,True,True,-0.3914030787596822,0.3914030787596822
Indonesia,Holt-Winters,2015-05-01,0.623,0.8183827822199661,True,True,-0.195382782219966,0.195382782219966
Indonesia,Holt-Winters,2015-06-01,0.915,0.8893845901324666,True,True,0.0256154098675334,0.0256154098675334
Indonesia,Holt-Winters,2015-07-01,1.076,0.876330727360663,True,True,0.1996692726393371,0.1996692726393371
Indonesia,Holt-Winters,2015-08-01,0.791,0.8593301560780395,True,True,-0.0683301560780395,0.0683301560780395
Indonesia,Holt-Winters,2015-09-01,0.972,0.8380635938936366,True,True,0.1339364061063633,0.1339364061063633
Indonesia,Holt-Winters,2015-10-01,0.981,0.810271224361793,True,True,0.170728775638207,0.170728775638207
Indonesia,Holt-Winters,2015-11-01,1.288,0.7880628126858137,True,True,0.4999371873141863,0.4999371873141863
Indonesia,Holt-Winters,2015-12-01,1.542,0.7903473791739632,True,True,0.7516526208260368,0.7516526208260368
Indonesia,Holt-Winters,2016-01-01,1.643,0.7738037719810712,True,True,0.8691962280189288,0.8691962280189288
Indonesia,Holt-Winters,2016-02-01,1.357,0.8390079826787732,True,True,0.5179920173212268,0.5179920173212268
Indonesia,Holt-Winters,2016-03-01,1.683,0.8557610572276273,True,True,0.8272389427723728,0.8272389427723728
Indonesia,Holt-Winters,2016-04-01,1.43,0.8180426638128778,True,True,0.6119573361871221,0.6119573361871221
Indonesia,Holt-Winters,2016-05-01,1.557,0.8330223672731617,True,True,0.7239776327268382,0.7239776327268382
Indonesia,Holt-Winters,2016-06-01,1.27,0.9040241751856622,True,True,0.3659758248143377,0.3659758248143377
Indonesia,Holt-Winters,2016-07-01,1.443,0.8909703124138586,True,True,0.5520296875861415,0.5520296875861415
Indonesia,Holt-Winters,2016-08-01,1.459,0.8739697411312352,True,True,0.5850302588687649,0.5850302588687649
Indonesia,Holt-Winters,2016-09-01,1.315,0.8527031789468322,True,True,0.4622968210531677,0.4622968210531677
Indonesia,Holt-Winters,2016-10-01,0.967,0.8249108094149886,True,True,0.1420891905850113,0.1420891905850113
Indonesia,Holt-Winters,2016-11-01,0.961,0.8027023977390093,True,True,0.1582976022609906,0.1582976022609906
Indonesia,Holt-Winters,2016-12-01,1.126,0.8049869642271589,True,True,0.321013035772841,0.321013035772841
Indonesia,Holt-Winters,2017-01-01,1.031,0.7884433570342668,True,True,0.2425566429657331,0.2425566429657331
Indonesia,Holt-Winters,2017-02-01,0.759,0.8536475677319688,True,True,-0.0946475677319688,0.0946475677319688
Indonesia,Holt-Winters,2017-03-01,0.837,0.8704006422808229,True,True,-0.0334006422808229,0.0334006422808229
Indonesia,Holt-Winters,2017-04-01,0.731,0.8326822488660734,True,True,-0.1016822488660734,0.1016822488660734
Indonesia,Holt-Winters,2017-05-01,0.978,0.8476619523263573,True,True,0.1303380476736426,0.1303380476736426
Indonesia,Holt-Winters,2017-06-01,0.836,0.918663760238858,True,True,-0.0826637602388579,0.0826637602388579
Indonesia,Holt-Winters,2017-07-01,1.006,0.905609897467054,True,True,0.1003901025329458,0.1003901025329458
Indonesia,Holt-Winters,2017-08-01,0.949,0.8886093261844308,True,True,0.0603906738155691,0.0603906738155691
Indonesia,Holt-Winters,2017-09-01,0.968,0.8673427640000279,True,True,0.1006572359999721,0.1006572359999721
Indonesia,Holt-Winters,2017-10-01,1.067,0.8395503944681842,True,True,0.2274496055318157,0.2274496055318157
Indonesia,Holt-Winters,2017-11-01,0.896,0.8173419827922049,True,True,0.078658017207795,0.078658017207795
Indonesia,Holt-Winters,2017-12-01,0.617,0.8196265492803544,True,True,-0.2026265492803544,0.2026265492803544
Indonesia,Holt-Winters,2018-01-01,0.868,0.8030829420874624,True,True,0.0649170579125375,0.0649170579125375
Indonesia,Holt-Winters,2018-02-01,0.71,0.8682871527851644,True,True,-0.1582871527851644,0.1582871527851644
Indonesia,Holt-Winters,2018-03-01,0.863,0.8850402273340185,True,True,-0.0220402273340185,0.0220402273340185
Indonesia,Holt-Winters,2018-04-01,0.66,0.8473218339192691,True,True,-0.187321833919269,0.187321833919269
Indonesia,Holt-Winters,2018-05-01,0.784,0.8623015373795528,True,True,-0.0783015373795528,0.0783015373795528
Indonesia,Holt-Winters,2018-06-01,0.842,0.9333033452920536,True,True,-0.0913033452920535,0.0913033452920535
Indonesia,Holt-Winters,2018-07-01,0.976,0.9202494825202496,True,True,0.0557505174797502,0.0557505174797502
Indonesia,Holt-Winters,2018-08-01,0.996,0.9032489112376264,True,True,0.0927510887623735,0.0927510887623735
Indonesia,Holt-Winters,2018-09-01,0.834,0.8819823490532235,True,True,-0.0479823490532235,0.0479823490532235
Indonesia,Holt-Winters,2018-10-01,0.919,0.8541899795213799,True,True,0.0648100204786201,0.0648100204786201
Indonesia,Holt-Winters,2018-11-01,1.081,0.8319815678454006,True,True,0.2490184321545994,0.2490184321545994
Indonesia,Holt-Winters,2018-12-01,1.252,0.83426613433355,True,True,0.41773386566645,0.41773386566645
Indonesia,Holt-Winters,2019-01-01,1.112,0.8177225271406581,True,True,0.294277472859342,0.294277472859342
Indonesia,Holt-Winters,2019-02-01,1.089,0.8829267378383601,True,True,0.2060732621616399,0.2060732621616399
Indonesia,Holt-Winters,2019-03-01,1.089,0.8996798123872142,True,True,0.1893201876127858,0.1893201876127858
Indonesia,Holt-Winters,2019-04-01,1.078,0.8619614189724647,True,True,0.2160385810275353,0.2160385810275353
Indonesia,Holt-Winters,2019-05-01,1.111,0.8769411224327485,True,True,0.2340588775672515,0.2340588775672515
Indonesia,Holt-Winters,2019-06-01,0.84,0.9479429303452492,True,True,-0.1079429303452491,0.1079429303452491
Indonesia,Holt-Winters,2019-07-01,0.822,0.9348890675734454,True,True,-0.1128890675734454,0.1128890675734454
Indonesia,Holt-Winters,2019-08-01,0.921,0.917888496290822,True,True,0.003111503709178,0.003111503709178
Indonesia,Holt-Winters,2019-09-01,0.786,0.8966219341064191,True,True,-0.110621934106419,0.110621934106419
Indonesia,Holt-Winters,2019-10-01,0.929,0.8688295645745754,True,True,0.0601704354254246,0.0601704354254246
Indonesia,Holt-Winters,2019-11-01,1.285,0.8466211528985962,True,True,0.4383788471014037,0.4383788471014037
Indonesia,Holt-Winters,2019-12-01,1.447,0.8489057193867456,True,True,0.5980942806132544,0.5980942806132544
Indonesia,Holt-Winters,2020-01-01,1.415,0.8323621121938537,True,True,0.5826378878061463,0.5826378878061463
Indonesia,Holt-Winters,2020-02-01,1.407,0.8975663228915557,True,True,0.5094336771084443,0.5094336771084443
Indonesia,Holt-Winters,2020-03-01,1.274,0.9143193974404096,True,True,0.3596806025595903,0.3596806025595903
Indonesia,Holt-Winters,2020-04-01,1.095,0.8766010040256603,True,True,0.2183989959743396,0.2183989959743396
Indonesia,Holt-Winters,2020-05-01,1.21,0.8915807074859441,True,True,0.3184192925140559,0.3184192925140559
Indonesia,Holt-Winters,2020-06-01,1.044,0.9625825153984447,True,True,0.0814174846015552,0.0814174846015552
Indonesia,Holt-Winters,2020-07-01,1.11,0.949528652626641,True,True,0.1604713473733591,0.1604713473733591
Indonesia,Holt-Winters,2020-08-01,1.25,0.9325280813440175,True,True,0.3174719186559824,0.3174719186559824
Indonesia,Holt-Winters,2020-09-01,1.098,0.9112615191596148,True,True,0.1867384808403853,0.1867384808403853
Indonesia,Holt-Winters,2020-10-01,0.943,0.883469149627771,True,True,0.0595308503722289,0.0595308503722289
Indonesia,Holt-Winters,2020-11-01,1.008,0.8612607379517918,True,True,0.1467392620482082,0.1467392620482082
Indonesia,Holt-Winters,2020-12-01,0.935,0.8635453044399413,True,True,0.0714546955600587,0.0714546955600587
Indonesia,Holt-Winters,2021-01-01,0.827,0.8470016972470492,True,True,-0.0200016972470492,0.0200016972470492
Indonesia,Holt-Winters,2021-02-01,0.872,0.9122059079447512,True,True,-0.0402059079447513,0.0402059079447513
Indonesia,Holt-Winters,2021-03-01,0.863,0.9289589824936052,True,True,-0.0659589824936053,0.0659589824936053
Indonesia,Holt-Winters,2021-04-01,0.74,0.891240589078856,True,True,-0.1512405890788559,0.1512405890788559
Indonesia,Holt-Winters,2021-05-01,0.994,0.9062202925391396,True,True,0.0877797074608602,0.0877797074608602
Indonesia,Holt-Winters,2021-06-01,1.091,0.9772221004516404,True,True,0.1137778995483597,0.1137778995483597
Indonesia,Holt-Winters,2021-07-01,1.289,0.9641682376798366,True,True,0.3248317623201633,0.3248317623201633
Indonesia,Holt-Winters,2021-08-01,1.266,0.9471676663972132,True,True,0.3188323336027868,0.3188323336027868
Indonesia,Holt-Winters,2021-09-01,1.037,0.9259011042128104,True,True,0.1110988957871895,0.1110988957871895
Indonesia,Holt-Winters,2021-10-01,1.203,0.8981087346809666,True,True,0.3048912653190334,0.3048912653190334
Indonesia,Holt-Winters,2021-11-01,0.787,0.8759003230049873,True,True,-0.0889003230049872,0.0889003230049872
Indonesia,Holt-Winters,2021-12-01,1.041,0.8781848894931369,True,True,0.162815110506863,0.162815110506863
Indonesia,Holt-Winters,2022-01-01,0.996,0.8616412823002448,True,True,0.1343587176997551,0.1343587176997551
Indonesia,Holt-Winters,2022-02-01,0.871,0.9268454929979468,True,True,-0.0558454929979469,0.0558454929979469
Indonesia,Holt-Winters,2022-03-01,0.933,0.9435985675468008,True,True,-0.0105985675468008,0.0105985675468008
Indonesia,Holt-Winters,2022-04-01,0.908,0.9058801741320516,True,True,0.0021198258679485,0.0021198258679485
Indonesia,Holt-Winters,2022-05-01,1.132,0.9208598775923352,True,True,0.2111401224076645,0.2111401224076645
Indonesia,Holt-Winters,2022-06-01,0.952,0.991861685504836,True,True,-0.0398616855048359,0.0398616855048359
Indonesia,Holt-Winters,2022-07-01,1.091,0.9788078227330322,True,True,0.1121921772669677,0.1121921772669677
Indonesia,Holt-Winters,2022-08-01,1.079,0.9618072514504088,True,True,0.1171927485495911,0.1171927485495911
Indonesia,Holt-Winters,2022-09-01,1.068,0.940540689266006,True,True,0.1274593107339942,0.1274593107339942
Indonesia,Holt-Winters,2022-10-01,0.645,0.9127483197341624,True,True,-0.2677483197341622,0.2677483197341622
Indonesia,Holt-Winters,2022-11-01,0.771,0.890539908058183,True,True,-0.1195399080581829,0.1195399080581829
Indonesia,Holt-Winters,2022-12-01,0.701,0.8928244745463325,True,True,-0.1918244745463325,0.1918244745463325
Indonesia,Holt-Winters,2023-01-01,0.721,0.8762808673534405,True,True,-0.1552808673534405,0.1552808673534405
Indonesia,Holt-Winters,2023-02-01,0.738,0.9414850780511425,True,True,-0.2034850780511424,0.2034850780511424
Indonesia,Holt-Winters,2023-03-01,0.875,0.9582381525999966,True,True,-0.0832381525999965,0.0832381525999965
Indonesia,Holt-Winters,2023-04-01,1.038,0.9205197591852472,True,True,0.1174802408147529,0.1174802408147529
Indonesia,Holt-Winters,2023-05-01,1.114,0.935499462645531,True,True,0.1785005373544691,0.1785005373544691
Indonesia,Holt-Winters,2023-06-01,1.194,1.0065012705580316,True,True,0.1874987294419683,0.1874987294419683
Indonesia,Holt-Winters,2023-07-01,1.317,0.9934474077862278,True,True,0.3235525922137722,0.3235525922137722
Indonesia,Holt-Winters,2023-08-01,1.251,0.9764468365036044,True,True,0.2745531634963954,0.2745531634963954
Indonesia,Holt-Winters,2023-09-01,1.066,0.9551802743192016,True,True,0.1108197256807985,0.1108197256807985
Indonesia,Holt-Winters,2023-10-01,1.45,0.927387904787358,True,True,0.5226120952126421,0.5226120952126421
Indonesia,Holt-Winters,2023-11-01,1.546,0.9051794931113786,True,True,0.6408205068886215,0.6408205068886215
Indonesia,Holt-Winters,2023-12-01,1.664,0.907464059599528,True,True,0.7565359404004719,0.7565359404004719
Indonesia,SARIMA,2014-01-01,0.511,0.6886255469728225,True,True,-0.1776255469728225,0.1776255469728225
Indonesia,SARIMA,2014-02-01,0.743,0.7624000292655546,True,True,-0.0194000292655546,0.0194000292655546
Indonesia,SARIMA,2014-03-01,1.067,0.7189586639988219,True,True,0.348041336001178,0.348041336001178
Indonesia,SARIMA,2014-04-01,0.926,0.680295483823505,True,True,0.245704516176495,0.245704516176495
Indonesia,SARIMA,2014-05-01,1.061,0.6410587899635429,True,True,0.419941210036457,0.419941210036457
Indonesia,SARIMA,2014-06-01,0.851,0.7100441616157092,True,True,0.1409558383842908,0.1409558383842908
Indonesia,SARIMA,2014-07-01,0.935,0.7145384390420513,True,True,0.2204615609579487,0.2204615609579487
Indonesia,SARIMA,2014-08-01,0.381,0.6923281570667307,True,True,-0.3113281570667306,0.3113281570667306
Indonesia,SARIMA,2014-09-01,0.341,0.6417197476679364,True,True,-0.3007197476679363,0.3007197476679363
Indonesia,SARIMA,2014-10-01,0.74,0.5780534840446823,True,True,0.1619465159553177,0.1619465159553177
Indonesia,SARIMA,2014-11-01,0.778,0.5692019233780119,True,True,0.2087980766219881,0.2087980766219881
Indonesia,SARIMA,2014-12-01,0.697,0.5665823713374847,True,True,0.1304176286625152,0.1304176286625152
Indonesia,SARIMA,2015-01-01,0.472,0.5565948656627647,True,True,-0.0845948656627647,0.0845948656627647
Indonesia,SARIMA,2015-02-01,0.29,0.6424409966212721,True,True,-0.3524409966212721,0.3524409966212721
Indonesia,SARIMA,2015-03-01,0.544,0.6229658828927018,True,True,-0.0789658828927017,0.0789658828927017
Indonesia,SARIMA,2015-04-01,0.412,0.6083771921217939,True,True,-0.1963771921217939,0.1963771921217939
Indonesia,SARIMA,2015-05-01,0.623,0.5944675002818026,True,True,0.0285324997181973,0.0285324997181973
Indonesia,SARIMA,2015-06-01,0.915,0.6612356498502371,True,True,0.2537643501497629,0.2537643501497629
Indonesia,SARIMA,2015-07-01,1.076,0.6769385161063333,True,True,0.3990614838936668,0.3990614838936668
Indonesia,SARIMA,2015-08-01,0.791,0.6655757416731316,True,True,0.1254242583268684,0.1254242583268684
Indonesia,SARIMA,2015-09-01,0.972,0.6330447123604537,True,True,0.3389552876395463,0.3389552876395463
Indonesia,SARIMA,2015-10-01,0.981,0.5869273955028582,True,True,0.3940726044971417,0.3940726044971417
Indonesia,SARIMA,2015-11-01,1.288,0.5765855750915259,True,True,0.7114144249084742,0.7114144249084742
Indonesia,SARIMA,2015-12-01,1.542,0.5727422930743702,True,True,0.9692577069256298,0.9692577069256298
Indonesia,SARIMA,2016-01-01,1.643,0.5724405543703419,True,True,1.070559445629658,1.070559445629658
Indonesia,SARIMA,2016-02-01,1.357,0.6364696834565367,True,True,0.7205303165434633,0.7205303165434633
Indonesia,SARIMA,2016-03-01,1.683,0.6569550638290701,True,True,1.0260449361709298,1.0260449361709298
Indonesia,SARIMA,2016-04-01,1.43,0.6176119572489114,True,True,0.8123880427510886,0.8123880427510886
Indonesia,SARIMA,2016-05-01,1.557,0.6336037031861436,True,True,0.9233962968138564,0.9233962968138564
Indonesia,SARIMA,2016-06-01,1.27,0.7144312585862683,True,True,0.5555687414137317,0.5555687414137317
Indonesia,SARIMA,2016-07-01,1.443,0.6926908971131823,True,True,0.7503091028868177,0.7503091028868177
Indonesia,SARIMA,2016-08-01,1.459,0.6835767059681781,True,True,0.775423294031822,0.775423294031822
Indonesia,SARIMA,2016-09-01,1.315,0.6590194609259046,True,True,0.6559805390740954,0.6559805390740954
Indonesia,SARIMA,2016-10-01,0.967,0.623679476586884,True,True,0.3433205234131159,0.3433205234131159
Indonesia,SARIMA,2016-11-01,0.961,0.5968301668887617,True,True,0.3641698331112383,0.3641698331112383
Indonesia,SARIMA,2016-12-01,1.126,0.6005144090775503,True,True,0.5254855909224496,0.5254855909224496
Indonesia,SARIMA,2017-01-01,1.031,0.5949149436667931,True,True,0.4360850563332068,0.4360850563332068
Indonesia,SARIMA,2017-02-01,0.759,0.65977318737544,True,True,0.09922681262456,0.09922681262456
Indonesia,SARIMA,2017-03-01,0.837,0.6761496975074618,True,True,0.1608503024925381,0.1608503024925381
Indonesia,SARIMA,2017-04-01,0.731,0.6370614082901941,True,True,0.0939385917098059,0.0939385917098059
Indonesia,SARIMA,2017-05-01,0.978,0.6495145734231411,True,True,0.3284854265768588,0.3284854265768588
Indonesia,SARIMA,2017-06-01,0.836,0.7295614965765984,True,True,0.1064385034234015,0.1064385034234015
Indonesia,SARIMA,2017-07-01,1.006,0.7096976736393996,True,True,0.2963023263606004,0.2963023263606004
Indonesia,SARIMA,2017-08-01,0.949,0.699786244937345,True,True,0.2492137550626549,0.2492137550626549
Indonesia,SARIMA,2017-09-01,0.968,0.6735944065390328,True,True,0.2944055934609672,0.2944055934609672
Indonesia,SARIMA,2017-10-01,1.067,0.6364586066071947,True,True,0.4305413933928053,0.4305413933928053
Indonesia,SARIMA,2017-11-01,0.896,0.6108305902845215,True,True,0.2851694097154785,0.2851694097154785
Indonesia,SARIMA,2017-12-01,0.617,0.6140885229062515,True,True,0.0029114770937485,0.0029114770937485
Indonesia,SARIMA,2018-01-01,0.868,0.6082591994806272,True,True,0.2597408005193727,0.2597408005193727
Indonesia,SARIMA,2018-02-01,0.71,0.6744083083681642,True,True,0.0355916916318357,0.0355916916318357
Indonesia,SARIMA,2018-03-01,0.863,0.6886099617784753,True,True,0.1743900382215246,0.1743900382215246
Indonesia,SARIMA,2018-04-01,0.66,0.6510300856963699,True,True,0.0089699143036301,0.0089699143036301
Indonesia,SARIMA,2018-05-01,0.784,0.6618867726377513,True,True,0.1221132273622487,0.1221132273622487
Indonesia,SARIMA,2018-06-01,0.842,0.7411240202556496,True,True,0.1008759797443503,0.1008759797443503
Indonesia,SARIMA,2018-07-01,0.976,0.723437359913221,True,True,0.252562640086779,0.252562640086779
Indonesia,SARIMA,2018-08-01,0.996,0.7134429541736115,True,True,0.2825570458263885,0.2825570458263885
Indonesia,SARIMA,2018-09-01,0.834,0.6868725236057645,True,True,0.1471274763942355,0.1471274763942355
Indonesia,SARIMA,2018-10-01,0.919,0.6491964292680918,True,True,0.2698035707319082,0.2698035707319082
Indonesia,SARIMA,2018-11-01,1.081,0.624501461592602,True,True,0.4564985384073979,0.4564985384073979
Indonesia,SARIMA,2018-12-01,1.252,0.6273258444961991,True,True,0.6246741555038009,0.6246741555038009
Indonesia,SARIMA,2019-01-01,1.112,0.6218382919788227,True,True,0.4901617080211774,0.4901617080211774
Indonesia,SARIMA,2019-02-01,1.089,0.6878492328057643,True,True,0.4011507671942357,0.4011507671942357
Indonesia,SARIMA,2019-03-01,1.089,0.7024512131009598,True,True,0.3865487868990401,0.3865487868990401
Indonesia,SARIMA,2019-04-01,1.078,0.6647536279275221,True,True,0.4132463720724779,0.4132463720724779
Indonesia,SARIMA,2019-05-01,1.111,0.675936280235942,True,True,0.435063719764058,0.435063719764058
Indonesia,SARIMA,2019-06-01,0.84,0.7552765273804677,True,True,0.0847234726195322,0.0847234726195322
Indonesia,SARIMA,2019-07-01,0.822,0.7373270042399213,True,True,0.0846729957600787,0.0846729957600787
Indonesia,SARIMA,2019-08-01,0.921,0.7273873246273274,True,True,0.1936126753726726,0.1936126753726726
Indonesia,SARIMA,2019-09-01,0.786,0.70094313556153,True,True,0.08505686443847,0.08505686443847
Indonesia,SARIMA,2019-10-01,0.929,0.6634141443615064,True,True,0.2655858556384937,0.2655858556384937
Indonesia,SARIMA,2019-11-01,1.285,0.6385808697451621,True,True,0.6464191302548378,0.6464191302548378
Indonesia,SARIMA,2019-12-01,1.447,0.6414608810802654,True,True,0.8055391189197346,0.8055391189197346
Indonesia,SARIMA,2020-01-01,1.415,0.6359643243638717,True,True,0.7790356756361283,0.7790356756361283
Indonesia,SARIMA,2020-02-01,1.407,0.7019052598922307,True,True,0.7050947401077693,0.7050947401077693
Indonesia,SARIMA,2020-03-01,1.274,0.7166138743896108,True,True,0.5573861256103892,0.5573861256103892
Indonesia,SARIMA,2020-04-01,1.095,0.6788315117482545,True,True,0.4161684882517454,0.4161684882517454
Indonesia,SARIMA,2020-05-01,1.21,0.6900902629916739,True,True,0.5199097370083261,0.5199097370083261
Indonesia,SARIMA,2020-06-01,1.044,0.7694733305928794,True,True,0.2745266694071206,0.2745266694071206
Indonesia,SARIMA,2020-07-01,1.11,0.7514077344111119,True,True,0.3585922655888882,0.3585922655888882
Indonesia,SARIMA,2020-08-01,1.25,0.7414694531047354,True,True,0.5085305468952646,0.5085305468952646
Indonesia,SARIMA,2020-09-01,1.098,0.7150399947184395,True,True,0.3829600052815606,0.3829600052815606
Indonesia,SARIMA,2020-10-01,0.943,0.6775342641707803,True,True,0.2654657358292196,0.2654657358292196
Indonesia,SARIMA,2020-11-01,1.008,0.6526529834822967,True,True,0.3553470165177033,0.3553470165177033
Indonesia,SARIMA,2020-12-01,0.935,0.6555558892256507,True,True,0.2794441107743494,0.2794441107743494
Indonesia,SARIMA,2021-01-01,0.827,0.6500389254823962,True,True,0.1769610745176038,0.1769610745176038
Indonesia,SARIMA,2021-02-01,0.872,0.7159931036088132,True,True,0.1560068963911868,0.1560068963911868
Indonesia,SARIMA,2021-03-01,0.863,0.7306698724124737,True,True,0.1323301275875262,0.1323301275875262
Indonesia,SARIMA,2021-04-01,0.74,0.6929004949228509,True,True,0.0470995050771491,0.0470995050771491
Indonesia,SARIMA,2021-05-01,0.994,0.7041340427619563,True,True,0.2898659572380436,0.2898659572380436
Indonesia,SARIMA,2021-06-01,1.091,0.7835078743625795,True,True,0.3074921256374204,0.3074921256374204
Indonesia,SARIMA,2021-07-01,1.289,0.7654663107736613,True,True,0.5235336892263386,0.5235336892263386
Indonesia,SARIMA,2021-08-01,1.266,0.755524569345454,True,True,0.510475430654546,0.510475430654546
Indonesia,SARIMA,2021-09-01,1.037,0.7290863491057074,True,True,0.3079136508942925,0.3079136508942925
Indonesia,SARIMA,2021-10-01,1.203,0.6915699956024326,True,True,0.5114300043975675,0.5114300043975675
Indonesia,SARIMA,2021-11-01,0.787,0.6667004742295317,True,True,0.1202995257704683,0.1202995257704683
Indonesia,SARIMA,2021-12-01,1.041,0.6695984073767031,True,True,0.3714015926232968,0.3714015926232968
Indonesia,SARIMA,2022-01-01,0.996,0.6640833804816684,True,True,0.3319166195183316,0.3319166195183316
Indonesia,SARIMA,2022-02-01,0.871,0.7300409664377565,True,True,0.1409590335622434,0.1409590335622434
Indonesia,SARIMA,2022-03-01,0.933,0.7447133356475882,True,True,0.1882866643524118,0.1882866643524118
Indonesia,SARIMA,2022-04-01,0.908,0.7069482918857516,True,True,0.2010517081142484,0.2010517081142484
Indonesia,SARIMA,2022-05-01,1.132,0.7181788678379015,True,True,0.4138211321620983,0.4138211321620983
Indonesia,SARIMA,2022-06-01,0.952,0.797550691992022,True,True,0.1544493080079779,0.1544493080079779
Indonesia,SARIMA,2022-07-01,1.091,0.7795146380484856,True,True,0.3114853619515143,0.3114853619515143
Indonesia,SARIMA,2022-08-01,1.079,0.7695730451394245,True,True,0.3094269548605755,0.3094269548605755
Indonesia,SARIMA,2022-09-01,1.068,0.7431345127986676,True,True,0.3248654872013324,0.3248654872013324
Indonesia,SARIMA,2022-10-01,0.645,0.7056174487387169,True,True,-0.0606174487387168,0.0606174487387168
Indonesia,SARIMA,2022-11-01,0.771,0.6807500827409164,True,True,0.0902499172590836,0.0902499172590836
Indonesia,SARIMA,2022-12-01,0.701,0.683646944915259,True,True,0.0173530550847409,0.0173530550847409
Indonesia,SARIMA,2023-01-01,0.721,0.6781330417702615,True,True,0.0428669582297385,0.0428669582297385
Indonesia,SARIMA,2023-02-01,0.738,0.7440895823686189,True,True,-0.0060895823686188,0.0060895823686188
Indonesia,SARIMA,2023-03-01,0.875,0.7587642082262293,True,True,0.1162357917737707,0.1162357917737707
Indonesia,SARIMA,2023-04-01,1.038,0.7209980721880483,True,True,0.3170019278119517,0.3170019278119517
Indonesia,SARIMA,2023-05-01,1.114,0.7322303995347542,True,True,0.3817696004652459,0.3817696004652459
Indonesia,SARIMA,2023-06-01,1.194,0.8116029277429603,True,True,0.3823970722570396,0.3823970722570396
Indonesia,SARIMA,2023-07-01,1.317,0.7935650224220222,True,True,0.5234349775779777,0.5234349775779777
Indonesia,SARIMA,2023-08-01,1.251,0.783623632242048,True,True,0.4673763677579519,0.4673763677579519
Indonesia,SARIMA,2023-09-01,1.066,0.7571856598981299,True,True,0.3088143401018701,0.3088143401018701
Indonesia,SARIMA,2023-10-01,1.45,0.7196692972948109,True,True,0.7303307027051891,0.7303307027051891
Indonesia,SARIMA,2023-11-01,1.546,0.6948010620380358,True,True,0.8511989379619642,0.8511989379619642
Indonesia,SARIMA,2023-12-01,1.664,0.6976983026039923,True,True,0.9663016973960076,0.9663016973960076
Indonesia,XGBoost,2014-01-01,0.511,0.7126008868217468,True,True,-0.2016008868217468,0.2016008868217468
Indonesia,XGBoost,2014-02-01,0.743,0.679480791091919,True,True,0.063519208908081,0.063519208908081
Indonesia,XGBoost,2014-03-01,1.067,0.624893844127655,True,True,0.4421061558723449,0.4421061558723449
Indonesia,XGBoost,2014-04-01,0.926,0.6038497686386108,True,True,0.3221502313613892,0.3221502313613892
Indonesia,XGBoost,2014-05-01,1.061,0.5755982398986816,True,True,0.4854017601013183,0.4854017601013183
Indonesia,XGBoost,2014-06-01,0.851,0.5862246751785278,True,True,0.2647753248214721,0.2647753248214721
Indonesia,XGBoost,2014-07-01,0.935,0.5562570095062256,True,True,0.3787429904937744,0.3787429904937744
Indonesia,XGBoost,2014-08-01,0.381,0.5481919050216675,True,True,-0.1671919050216674,0.1671919050216674
Indonesia,XGBoost,2014-09-01,0.341,0.5561465620994568,True,True,-0.2151465620994567,0.2151465620994567
Indonesia,XGBoost,2014-10-01,0.74,0.5550071597099304,True,True,0.1849928402900695,0.1849928402900695
Indonesia,XGBoost,2014-11-01,0.778,0.5310395359992981,True,True,0.2469604640007019,0.2469604640007019
Indonesia,XGBoost,2014-12-01,0.697,0.5158785581588745,True,True,0.1811214418411254,0.1811214418411254
Indonesia,XGBoost,2015-01-01,0.472,0.5395556688308716,True,True,-0.0675556688308716,0.0675556688308716
Indonesia,XGBoost,2015-02-01,0.29,0.5567674040794373,True,True,-0.2667674040794373,0.2667674040794373
Indonesia,XGBoost,2015-03-01,0.544,0.5157201290130615,True,True,0.0282798709869385,0.0282798709869385
Indonesia,XGBoost,2015-04-01,0.412,0.5733175873756409,True,True,-0.1613175873756409,0.1613175873756409
Indonesia,XGBoost,2015-05-01,0.623,0.5426798462867737,True,True,0.0803201537132263,0.0803201537132263
Indonesia,XGBoost,2015-06-01,0.915,0.5412702560424805,True,True,0.3737297439575195,0.3737297439575195
Indonesia,XGBoost,2015-07-01,1.076,0.6017205119132996,True,True,0.4742794880867005,0.4742794880867005
Indonesia,XGBoost,2015-08-01,0.791,0.6190085411071777,True,True,0.1719914588928223,0.1719914588928223
Indonesia,XGBoost,2015-09-01,0.972,0.5944880247116089,True,True,0.3775119752883911,0.3775119752883911
Indonesia,XGBoost,2015-10-01,0.981,0.5352900624275208,True,True,0.4457099375724792,0.4457099375724792
Indonesia,XGBoost,2015-11-01,1.288,0.5636266469955444,True,True,0.7243733530044556,0.7243733530044556
Indonesia,XGBoost,2015-12-01,1.542,0.5387710928916931,True,True,1.003228907108307,1.003228907108307
Indonesia,XGBoost,2016-01-01,1.643,0.5755512118339539,True,True,1.0674487881660462,1.0674487881660462
Indonesia,XGBoost,2016-02-01,1.357,0.5973494052886963,True,True,0.7596505947113037,0.7596505947113037
Indonesia,XGBoost,2016-03-01,1.683,0.6055921316146851,True,True,1.077407868385315,1.077407868385315
Indonesia,XGBoost,2016-04-01,1.43,0.6130931973457336,True,True,0.8169068026542663,0.8169068026542663
Indonesia,XGBoost,2016-05-01,1.557,0.6206943988800049,True,True,0.9363056011199952,0.9363056011199952
Indonesia,XGBoost,2016-06-01,1.27,0.6256151795387268,True,True,0.6443848204612732,0.6443848204612732
Indonesia,XGBoost,2016-07-01,1.443,0.6159015893936157,True,True,0.8270984106063843,0.8270984106063843
Indonesia,XGBoost,2016-08-01,1.459,0.5887208580970764,True,True,0.8702791419029237,0.8702791419029237
Indonesia,XGBoost,2016-09-01,1.315,0.5776854753494263,True,True,0.7373145246505737,0.7373145246505737
Indonesia,XGBoost,2016-10-01,0.967,0.5757907032966614,True,True,0.3912092967033386,0.3912092967033386
Indonesia,XGBoost,2016-11-01,0.961,0.5551963448524475,True,True,0.4058036551475524,0.4058036551475524
Indonesia,XGBoost,2016-12-01,1.126,0.5437934994697571,True,True,0.5822065005302428,0.5822065005302428
Indonesia,XGBoost,2017-01-01,1.031,0.5733252167701721,True,True,0.4576747832298278,0.4576747832298278
Indonesia,XGBoost,2017-02-01,0.759,0.5786209106445312,True,True,0.1803790893554687,0.1803790893554687
Indonesia,XGBoost,2017-03-01,0.837,0.5863035321235657,True,True,0.2506964678764343,0.2506964678764343
Indonesia,XGBoost,2017-04-01,0.731,0.5694729685783386,True,True,0.1615270314216613,0.1615270314216613
Indonesia,XGBoost,2017-05-01,0.978,0.5720155239105225,True,True,0.4059844760894775,0.4059844760894775
Indonesia,XGBoost,2017-06-01,0.836,0.5723262429237366,True,True,0.2636737570762634,0.2636737570762634
Indonesia,XGBoost,2017-07-01,1.006,0.5738440752029419,True,True,0.4321559247970581,0.4321559247970581
Indonesia,XGBoost,2017-08-01,0.949,0.5765235424041748,True,True,0.3724764575958251,0.3724764575958251
Indonesia,XGBoost,2017-09-01,0.968,0.5824782252311707,True,True,0.3855217747688293,0.3855217747688293
Indonesia,XGBoost,2017-10-01,1.067,0.5757907032966614,True,True,0.4912092967033385,0.4912092967033385
Indonesia,XGBoost,2017-11-01,0.896,0.5551963448524475,True,True,0.3408036551475525,0.3408036551475525
Indonesia,XGBoost,2017-12-01,0.617,0.5551963448524475,True,True,0.0618036551475524,0.0618036551475524
Indonesia,XGBoost,2018-01-01,0.868,0.5733252167701721,True,True,0.2946747832298279,0.2946747832298279
Indonesia,XGBoost,2018-02-01,0.71,0.5918012857437134,True,True,0.1181987142562865,0.1181987142562865
Indonesia,XGBoost,2018-03-01,0.863,0.5823984146118164,True,True,0.2806015853881836,0.2806015853881836
Indonesia,XGBoost,2018-04-01,0.66,0.5918012857437134,True,True,0.0681987142562866,0.0681987142562866
Indonesia,XGBoost,2018-05-01,0.784,0.5961723923683167,True,True,0.1878276076316833,0.1878276076316833
Indonesia,XGBoost,2018-06-01,0.842,0.6002622246742249,True,True,0.2417377753257751,0.2417377753257751
Indonesia,XGBoost,2018-07-01,0.976,0.6174643039703369,True,True,0.358535696029663,0.358535696029663
Indonesia,XGBoost,2018-08-01,0.996,0.6104483604431152,True,True,0.3855516395568847,0.3855516395568847
Indonesia,XGBoost,2018-09-01,0.834,0.6022074818611145,True,True,0.2317925181388854,0.2317925181388854
Indonesia,XGBoost,2018-10-01,0.919,0.6016927361488342,True,True,0.3173072638511658,0.3173072638511658
Indonesia,XGBoost,2018-11-01,1.081,0.576488196849823,True,True,0.504511803150177,0.504511803150177
Indonesia,XGBoost,2018-12-01,1.252,0.5551963448524475,True,True,0.6968036551475525,0.6968036551475525
Indonesia,XGBoost,2019-01-01,1.112,0.5733252167701721,True,True,0.538674783229828,0.538674783229828
Indonesia,XGBoost,2019-02-01,1.089,0.5823984146118164,True,True,0.5066015853881836,0.5066015853881836
Indonesia,XGBoost,2019-03-01,1.089,0.5823984146118164,True,True,0.5066015853881836,0.5066015853881836
Indonesia,XGBoost,2019-04-01,1.078,0.5823984146118164,True,True,0.4956015853881836,0.4956015853881836
Indonesia,XGBoost,2019-05-01,1.111,0.5867695212364197,True,True,0.5242304787635803,0.5242304787635803
Indonesia,XGBoost,2019-06-01,0.84,0.5870802402496338,True,True,0.2529197597503662,0.2529197597503662
Indonesia,XGBoost,2019-07-01,0.822,0.5720155239105225,True,True,0.2499844760894775,0.2499844760894775
Indonesia,XGBoost,2019-08-01,0.921,0.5656993389129639,True,True,0.3553006610870362,0.3553006610870362
Indonesia,XGBoost,2019-09-01,0.786,0.5730753540992737,True,True,0.2129246459007263,0.2129246459007263
Indonesia,XGBoost,2019-10-01,0.929,0.5663878917694092,True,True,0.3626121082305908,0.3626121082305908
Indonesia,XGBoost,2019-11-01,1.285,0.5551963448524475,True,True,0.7298036551475524,0.7298036551475524
Indonesia,XGBoost,2019-12-01,1.447,0.5551963448524475,True,True,0.8918036551475526,0.8918036551475526
Indonesia,XGBoost,2020-01-01,1.415,0.5733252167701721,True,True,0.8416747832298279,0.8416747832298279
Indonesia,XGBoost,2020-02-01,1.407,0.5823984146118164,True,True,0.8246015853881836,0.8246015853881836
Indonesia,XGBoost,2020-03-01,1.274,0.5823984146118164,True,True,0.6916015853881836,0.6916015853881836
Indonesia,XGBoost,2020-04-01,1.095,0.5823984146118164,True,True,0.5126015853881836,0.5126015853881836
Indonesia,XGBoost,2020-05-01,1.21,0.5867695212364197,True,True,0.6232304787635803,0.6232304787635803
Indonesia,XGBoost,2020-06-01,1.044,0.5870802402496338,True,True,0.4569197597503662,0.4569197597503662
Indonesia,XGBoost,2020-07-01,1.11,0.5961723923683167,True,True,0.5138276076316834,0.5138276076316834
Indonesia,XGBoost,2020-08-01,1.25,0.5897055864334106,True,True,0.6602944135665894,0.6602944135665894
Indonesia,XGBoost,2020-09-01,1.098,0.5824782252311707,True,True,0.5155217747688294,0.5155217747688294
Indonesia,XGBoost,2020-10-01,0.943,0.5757907032966614,True,True,0.3672092967033386,0.3672092967033386
Indonesia,XGBoost,2020-11-01,1.008,0.5551963448524475,True,True,0.4528036551475525,0.4528036551475525
Indonesia,XGBoost,2020-12-01,0.935,0.5551963448524475,True,True,0.3798036551475525,0.3798036551475525
Indonesia,XGBoost,2021-01-01,0.827,0.5733252167701721,True,True,0.2536747832298278,0.2536747832298278
Indonesia,XGBoost,2021-02-01,0.872,0.5823984146118164,True,True,0.2896015853881836,0.2896015853881836
Indonesia,XGBoost,2021-03-01,0.863,0.5823984146118164,True,True,0.2806015853881836,0.2806015853881836
Indonesia,XGBoost,2021-04-01,0.74,0.5823984146118164,True,True,0.1576015853881835,0.1576015853881835
Indonesia,XGBoost,2021-05-01,0.994,0.5867695212364197,True,True,0.4072304787635803,0.4072304787635803
Indonesia,XGBoost,2021-06-01,1.091,0.5870802402496338,True,True,0.5039197597503662,0.5039197597503662
Indonesia,XGBoost,2021-07-01,1.289,0.5867695212364197,True,True,0.7022304787635802,0.7022304787635802
Indonesia,XGBoost,2021-08-01,1.266,0.5765235424041748,True,True,0.6894764575958252,0.6894764575958252
Indonesia,XGBoost,2021-09-01,1.037,0.5730753540992737,True,True,0.4639246459007262,0.4639246459007262
Indonesia,XGBoost,2021-10-01,1.203,0.5757907032966614,True,True,0.6272092967033387,0.6272092967033387
Indonesia,XGBoost,2021-11-01,0.787,0.5551963448524475,True,True,0.2318036551475525,0.2318036551475525
Indonesia,XGBoost,2021-12-01,1.041,0.5551963448524475,True,True,0.4858036551475524,0.4858036551475524
Indonesia,XGBoost,2022-01-01,0.996,0.5733252167701721,True,True,0.4226747832298279,0.4226747832298279
Indonesia,XGBoost,2022-02-01,0.871,0.5823984146118164,True,True,0.2886015853881836,0.2886015853881836
Indonesia,XGBoost,2022-03-01,0.933,0.5823984146118164,True,True,0.3506015853881836,0.3506015853881836
Indonesia,XGBoost,2022-04-01,0.908,0.5823984146118164,True,True,0.3256015853881836,0.3256015853881836
Indonesia,XGBoost,2022-05-01,1.132,0.5867695212364197,True,True,0.5452304787635802,0.5452304787635802
Indonesia,XGBoost,2022-06-01,0.952,0.5870802402496338,True,True,0.3649197597503661,0.3649197597503661
Indonesia,XGBoost,2022-07-01,1.091,0.5867695212364197,True,True,0.5042304787635803,0.5042304787635803
Indonesia,XGBoost,2022-08-01,1.079,0.5859264135360718,True,True,0.4930735864639282,0.4930735864639282
Indonesia,XGBoost,2022-09-01,1.068,0.5824782252311707,True,True,0.4855217747688294,0.4855217747688294
Indonesia,XGBoost,2022-10-01,0.645,0.5757907032966614,True,True,0.0692092967033386,0.0692092967033386
Indonesia,XGBoost,2022-11-01,0.771,0.5551963448524475,True,True,0.2158036551475525,0.2158036551475525
Indonesia,XGBoost,2022-12-01,0.701,0.5551963448524475,True,True,0.1458036551475524,0.1458036551475524
Indonesia,XGBoost,2023-01-01,0.721,0.5733252167701721,True,True,0.1476747832298278,0.1476747832298278
Indonesia,XGBoost,2023-02-01,0.738,0.5823984146118164,True,True,0.1556015853881835,0.1556015853881835
Indonesia,XGBoost,2023-03-01,0.875,0.5823984146118164,True,True,0.2926015853881836,0.2926015853881836
Indonesia,XGBoost,2023-04-01,1.038,0.5823984146118164,True,True,0.4556015853881836,0.4556015853881836
Indonesia,XGBoost,2023-05-01,1.114,0.5867695212364197,True,True,0.5272304787635804,0.5272304787635804
Indonesia,XGBoost,2023-06-01,1.194,0.5870802402496338,True,True,0.6069197597503662,0.6069197597503662
Indonesia,XGBoost,2023-07-01,1.317,0.5867695212364197,True,True,0.7302304787635803,0.7302304787635803
Indonesia,XGBoost,2023-08-01,1.251,0.5765235424041748,True,True,0.6744764575958251,0.6744764575958251
Indonesia,XGBoost,2023-09-01,1.066,0.5730753540992737,True,True,0.4929246459007264,0.4929246459007264
Indonesia,XGBoost,2023-10-01,1.45,0.5757907032966614,True,True,0.8742092967033386,0.8742092967033386
Indonesia,XGBoost,2023-11-01,1.546,0.5551963448524475,True,True,0.9908036551475524,0.9908036551475524
Indonesia,XGBoost,2023-12-01,1.664,0.5551963448524475,True,True,1.1088036551475524,1.1088036551475524
Indonesia,Prophet,2014-01-01,0.511,0.5614208939598445,True,True,-0.0504208939598445,0.0504208939598445
Indonesia,Prophet,2014-02-01,0.743,0.6265369081617957,True,True,0.1164630918382042,0.1164630918382042
Indonesia,Prophet,2014-03-01,1.067,0.6426585203186033,True,True,0.4243414796813967,0.4243414796813967
Indonesia,Prophet,2014-04-01,0.926,0.6048754892337346,True,True,0.3211245107662654,0.3211245107662654
Indonesia,Prophet,2014-05-01,1.061,0.6203104985664994,True,True,0.4406895014335005,0.4406895014335005
Indonesia,Prophet,2014-06-01,0.851,0.691988494900774,True,True,0.159011505099226,0.159011505099226
Indonesia,Prophet,2014-07-01,0.935,0.6788117506891296,True,True,0.2561882493108705,0.2561882493108705
Indonesia,Prophet,2014-08-01,0.381,0.6615390581499084,True,True,-0.2805390581499084,0.2805390581499084
Indonesia,Prophet,2014-09-01,0.341,0.6396765899513215,True,True,-0.2986765899513214,0.2986765899513214
Indonesia,Prophet,2014-10-01,0.74,0.611882173908258,True,True,0.1281178260917419,0.1281178260917419
Indonesia,Prophet,2014-11-01,0.778,0.590426758394839,True,True,0.1875732416051609,0.1875732416051609
Indonesia,Prophet,2014-12-01,0.697,0.5930188443181701,True,True,0.1039811556818298,0.1039811556818298
Indonesia,Prophet,2015-01-01,0.472,0.57674086630145,True,True,-0.10474086630145,0.10474086630145
Indonesia,Prophet,2015-02-01,0.29,0.6419140009234112,True,True,-0.3519140009234112,0.3519140009234112
Indonesia,Prophet,2015-03-01,0.544,0.6566361246047586,True,True,-0.1126361246047585,0.1126361246047585
Indonesia,Prophet,2015-04-01,0.412,0.6192880983748841,True,True,-0.2072880983748841,0.2072880983748841
Indonesia,Prophet,2015-05-01,0.623,0.6355946542147523,True,True,-0.0125946542147522,0.0125946542147522
Indonesia,Prophet,2015-06-01,0.915,0.7074961982658319,True,True,0.2075038017341681,0.2075038017341681
Indonesia,Prophet,2015-07-01,1.076,0.6938659348074157,True,True,0.3821340651925844,0.3821340651925844
Indonesia,Prophet,2015-08-01,0.791,0.6764360309472798,True,True,0.1145639690527202,0.1145639690527202
Indonesia,Prophet,2015-09-01,0.972,0.6545988176671308,True,True,0.3174011823328692,0.3174011823328692
Indonesia,Prophet,2015-10-01,0.981,0.6268552250291961,True,True,0.3541447749708039,0.3541447749708039
Indonesia,Prophet,2015-11-01,1.288,0.6056922053554887,True,True,0.6823077946445113,0.6823077946445113
Indonesia,Prophet,2015-12-01,1.542,0.6079420505655722,True,True,0.934057949434428,0.934057949434428
Indonesia,Prophet,2016-01-01,1.643,0.5920781559248016,True,True,1.0509218440751984,1.0509218440751984
Indonesia,Prophet,2016-02-01,1.357,0.6572615607949752,True,True,0.6997384392050248,0.6997384392050248
Indonesia,Prophet,2016-03-01,1.683,0.6746154340925956,True,True,1.0083845659074044,1.0083845659074044
Indonesia,Prophet,2016-04-01,1.43,0.6361235083292416,True,True,0.7938764916707584,0.7938764916707584
Indonesia,Prophet,2016-05-01,1.557,0.6498182288556834,True,True,0.9071817711443164,0.9071817711443164
Indonesia,Prophet,2016-06-01,1.27,0.7208989332543729,True,True,0.5491010667456271,0.5491010667456271
Indonesia,Prophet,2016-07-01,1.443,0.7086290728838727,True,True,0.7343709271161274,0.7343709271161274
Indonesia,Prophet,2016-08-01,1.459,0.6916926582018552,True,True,0.7673073417981449,0.7673073417981449
Indonesia,Prophet,2016-09-01,1.315,0.6698033513387266,True,True,0.6451966486612734,0.6451966486612734
Indonesia,Prophet,2016-10-01,0.967,0.6419422069560511,True,True,0.3250577930439489,0.3250577930439489
Indonesia,Prophet,2016-11-01,0.961,0.619905449769824,True,True,0.341094550230176,0.341094550230176
Indonesia,Prophet,2016-12-01,1.126,0.6231621229724913,True,True,0.5028378770275086,0.5028378770275086
Indonesia,Prophet,2017-01-01,1.031,0.6060966150120779,True,True,0.424903384987922,0.424903384987922
Indonesia,Prophet,2017-02-01,0.759,0.6711087220020033,True,True,0.0878912779979966,0.0878912779979966
Indonesia,Prophet,2017-03-01,0.837,0.6886371422595532,True,True,0.1483628577404467,0.1483628577404467
Indonesia,Prophet,2017-04-01,0.731,0.6504726839900431,True,True,0.0805273160099568,0.0805273160099568
Indonesia,Prophet,2017-05-01,0.978,0.6650364228210801,True,True,0.3129635771789198,0.3129635771789198
Indonesia,Prophet,2017-06-01,0.836,0.7364407105767918,True,True,0.0995592894232081,0.0995592894232081
Indonesia,Prophet,2017-07-01,1.006,0.7237178046096536,True,True,0.2822821953903464,0.2822821953903464
Indonesia,Prophet,2017-08-01,0.949,0.7066097532028006,True,True,0.2423902467971993,0.2423902467971993
Indonesia,Prophet,2017-09-01,0.968,0.6847299625352784,True,True,0.2832700374647215,0.2832700374647215
Indonesia,Prophet,2017-10-01,1.067,0.6568963116827959,True,True,0.410103688317204,0.410103688317204
Indonesia,Prophet,2017-11-01,0.896,0.6351494878933912,True,True,0.2608505121066088,0.2608505121066088
Indonesia,Prophet,2017-12-01,0.617,0.638077202113336,True,True,-0.0210772021133359,0.0210772021133359
Indonesia,Prophet,2018-01-01,0.868,0.6213984296646242,True,True,0.2466015703353757,0.2466015703353757
Indonesia,Prophet,2018-02-01,0.71,0.6865144438665727,True,True,0.0234855561334272,0.0234855561334272
Indonesia,Prophet,2018-03-01,0.863,0.7026360560233832,True,True,0.1603639439766168,0.1603639439766168
Indonesia,Prophet,2018-04-01,0.66,0.6648530249385177,True,True,-0.0048530249385176,0.0048530249385176
Indonesia,Prophet,2018-05-01,0.784,0.6802880342712824,True,True,0.1037119657287176,0.1037119657287176
Indonesia,Prophet,2018-06-01,0.842,0.7519660306055629,True,True,0.090033969394437,0.090033969394437
Indonesia,Prophet,2018-07-01,0.976,0.7387892863939134,True,True,0.2372107136060866,0.2372107136060866
Indonesia,Prophet,2018-08-01,0.996,0.7215165938546954,True,True,0.2744834061453046,0.2744834061453046
Indonesia,Prophet,2018-09-01,0.834,0.6996541256561039,True,True,0.1343458743438961,0.1343458743438961
Indonesia,Prophet,2018-10-01,0.919,0.6718597096130464,True,True,0.2471402903869536,0.2471402903869536
Indonesia,Prophet,2018-11-01,1.081,0.6504042940996261,True,True,0.4305957059003739,0.4305957059003739
Indonesia,Prophet,2018-12-01,1.252,0.6529963800229487,True,True,0.5990036199770513,0.5990036199770513
Indonesia,Prophet,2019-01-01,1.112,0.6367184020062374,True,True,0.4752815979937627,0.4752815979937627
Indonesia,Prophet,2019-02-01,1.089,0.7018915366281887,True,True,0.3871084633718112,0.3871084633718112
Indonesia,Prophet,2019-03-01,1.089,0.7166136603095478,True,True,0.3723863396904522,0.3723863396904522
Indonesia,Prophet,2019-04-01,1.078,0.6792656340796657,True,True,0.3987343659203344,0.3987343659203344
Indonesia,Prophet,2019-05-01,1.111,0.6955721899195335,True,True,0.4154278100804665,0.4154278100804665
Indonesia,Prophet,2019-06-01,0.84,0.7674737339706154,True,True,0.0725262660293846,0.0725262660293846
Indonesia,Prophet,2019-07-01,0.822,0.7538434705121981,True,True,0.0681565294878018,0.0681565294878018
Indonesia,Prophet,2019-08-01,0.921,0.7364135666520621,True,True,0.1845864333479379,0.1845864333479379
Indonesia,Prophet,2019-09-01,0.786,0.7145763533719145,True,True,0.0714236466280855,0.0714236466280855
Indonesia,Prophet,2019-10-01,0.929,0.6868327607339837,True,True,0.2421672392660163,0.2421672392660163
Indonesia,Prophet,2019-11-01,1.285,0.6656697410602699,True,True,0.61933025893973,0.61933025893973
Indonesia,Prophet,2019-12-01,1.447,0.6679195862703591,True,True,0.779080413729641,0.779080413729641
Indonesia,Prophet,2020-01-01,1.415,0.652055691629587,True,True,0.762944308370413,0.762944308370413
Indonesia,Prophet,2020-02-01,1.407,0.7172390964997618,True,True,0.6897609035002382,0.6897609035002382
Indonesia,Prophet,2020-03-01,1.274,0.7345929697973699,True,True,0.5394070302026301,0.5394070302026301
Indonesia,Prophet,2020-04-01,1.095,0.6961010440340205,True,True,0.3988989559659794,0.3988989559659794
Indonesia,Prophet,2020-05-01,1.21,0.7097957645604659,True,True,0.5002042354395341,0.5002042354395341
Indonesia,Prophet,2020-06-01,1.044,0.7808764689591611,True,True,0.2631235310408389,0.2631235310408389
Indonesia,Prophet,2020-07-01,1.11,0.7686066085886568,True,True,0.3413933914113433,0.3413933914113433
Indonesia,Prophet,2020-08-01,1.25,0.7516701939066378,True,True,0.4983298060933622,0.4983298060933622
Indonesia,Prophet,2020-09-01,1.098,0.7297808870435122,True,True,0.3682191129564879,0.3682191129564879
Indonesia,Prophet,2020-10-01,0.943,0.7019197426608346,True,True,0.2410802573391653,0.2410802573391653
Indonesia,Prophet,2020-11-01,1.008,0.6798829854746096,True,True,0.3281170145253904,0.3281170145253904
Indonesia,Prophet,2020-12-01,0.935,0.6831396586772709,True,True,0.2518603413227291,0.2518603413227291
Indonesia,Prophet,2021-01-01,0.827,0.6660741507168652,True,True,0.1609258492831348,0.1609258492831348
Indonesia,Prophet,2021-02-01,0.872,0.7310862577067901,True,True,0.1409137422932098,0.1409137422932098
Indonesia,Prophet,2021-03-01,0.863,0.7486146779643368,True,True,0.1143853220356632,0.1143853220356632
Indonesia,Prophet,2021-04-01,0.74,0.7104502196948317,True,True,0.0295497803051683,0.0295497803051683
Indonesia,Prophet,2021-05-01,0.994,0.7250139585258594,True,True,0.2689860414741406,0.2689860414741406
Indonesia,Prophet,2021-06-01,1.091,0.7964182462815846,True,True,0.2945817537184153,0.2945817537184153
Indonesia,Prophet,2021-07-01,1.289,0.7836953403144366,True,True,0.5053046596855634,0.5053046596855634
Indonesia,Prophet,2021-08-01,1.266,0.7665872889075824,True,True,0.4994127110924176,0.4994127110924176
Indonesia,Prophet,2021-09-01,1.037,0.7447074982400614,True,True,0.2922925017599385,0.2922925017599385
Indonesia,Prophet,2021-10-01,1.203,0.7168738473875766,True,True,0.4861261526124234,0.4861261526124234
Indonesia,Prophet,2021-11-01,0.787,0.6951270235981744,True,True,0.0918729764018256,0.0918729764018256
Indonesia,Prophet,2021-12-01,1.041,0.69805473781812,True,True,0.3429452621818799,0.3429452621818799
Indonesia,Prophet,2022-01-01,0.996,0.6813759653694103,True,True,0.3146240346305897,0.3146240346305897
Indonesia,Prophet,2022-02-01,0.871,0.7464919795713592,True,True,0.1245080204286408,0.1245080204286408
Indonesia,Prophet,2022-03-01,0.933,0.7626135917281722,True,True,0.1703864082718278,0.1703864082718278
Indonesia,Prophet,2022-04-01,0.908,0.724830560643303,True,True,0.183169439356697,0.183169439356697
Indonesia,Prophet,2022-05-01,1.132,0.7402655699760672,True,True,0.3917344300239327,0.3917344300239327
Indonesia,Prophet,2022-06-01,0.952,0.8119435663103376,True,True,0.1400564336896623,0.1400564336896623
Indonesia,Prophet,2022-07-01,1.091,0.7987668220986974,True,True,0.2922331779013025,0.2922331779013025
Indonesia,Prophet,2022-08-01,1.079,0.7814941295594786,True,True,0.2975058704405213,0.2975058704405213
Indonesia,Prophet,2022-09-01,1.068,0.7596316613608868,True,True,0.3083683386391133,0.3083683386391133
Indonesia,Prophet,2022-10-01,0.645,0.7318372453178241,True,True,-0.0868372453178241,0.0868372453178241
Indonesia,Prophet,2022-11-01,0.771,0.7103818298044097,True,True,0.0606181701955903,0.0606181701955903
Indonesia,Prophet,2022-12-01,0.701,0.7129739157277333,True,True,-0.0119739157277333,0.0119739157277333
Indonesia,Prophet,2023-01-01,0.721,0.6966959377110171,True,True,0.0243040622889828,0.0243040622889828
Indonesia,Prophet,2023-02-01,0.738,0.7618690723329792,True,True,-0.0238690723329791,0.0238690723329791
Indonesia,Prophet,2023-03-01,0.875,0.776591196014327,True,True,0.0984088039856729,0.0984088039856729
Indonesia,Prophet,2023-04-01,1.038,0.7392431697844487,True,True,0.2987568302155513,0.2987568302155513
Indonesia,Prophet,2023-05-01,1.114,0.755549725624315,True,True,0.3584502743756851,0.3584502743756851
Indonesia,Prophet,2023-06-01,1.194,0.8274512696754068,True,True,0.3665487303245931,0.3665487303245931
Indonesia,Prophet,2023-07-01,1.317,0.8138210062169795,True,True,0.5031789937830204,0.5031789937830204
Indonesia,Prophet,2023-08-01,1.251,0.7963911023568452,True,True,0.4546088976431547,0.4546088976431547
Indonesia,Prophet,2023-09-01,1.066,0.7745538890766965,True,True,0.2914461109233035,0.2914461109233035
Indonesia,Prophet,2023-10-01,1.45,0.7468102964387645,True,True,0.7031897035612354,0.7031897035612354
Indonesia,Prophet,2023-11-01,1.546,0.7256472767650577,True,True,0.8203527232349423,0.8203527232349423
Indonesia,Prophet,2023-12-01,1.664,0.7278971219751398,True,True,0.93610287802486,0.93610287802486
Lao People's Democratic Republic,Holt-Winters,2014-01-01,-0.723,0.3938291595956268,True,True,-1.1168291595956268,1.1168291595956268
Lao People's Democratic Republic,Holt-Winters,2014-02-01,0.646,0.5082681984046068,True,True,0.1377318015953932,0.1377318015953932
Lao People's Democratic Republic,Holt-Winters,2014-03-01,1.231,0.1962590498231153,True,True,1.0347409501768847,1.0347409501768847
Lao People's Democratic Republic,Holt-Winters,2014-04-01,0.916,0.2100037349673902,True,True,0.7059962650326097,0.7059962650326097
Lao People's Democratic Republic,Holt-Winters,2014-05-01,1.357,0.02970517569122,True,True,1.32729482430878,1.32729482430878
Lao People's Democratic Republic,Holt-Winters,2014-06-01,1.138,0.2236540130693561,True,True,0.9143459869306438,0.9143459869306438
Lao People's Democratic Republic,Holt-Winters,2014-07-01,0.448,0.1543406078122917,True,True,0.2936593921877083,0.2936593921877083
Lao People's Democratic Republic,Holt-Winters,2014-08-01,0.678,0.1854649763825958,True,True,0.4925350236174042,0.4925350236174042
Lao People's Democratic Republic,Holt-Winters,2014-09-01,0.996,0.2244728353776202,True,True,0.7715271646223797,0.7715271646223797
Lao People's Democratic Republic,Holt-Winters,2014-10-01,1.049,0.2373490938241371,True,True,0.8116509061758628,0.8116509061758628
Lao People's Democratic Republic,Holt-Winters,2014-11-01,2.162,0.2971370562117943,True,True,1.8648629437882056,1.8648629437882056
Lao People's Democratic Republic,Holt-Winters,2014-12-01,0.469,0.1682587424940896,True,True,0.3007412575059104,0.3007412575059104
Lao People's Democratic Republic,Holt-Winters,2015-01-01,0.162,0.3938291595956268,True,True,-0.2318291595956268,0.2318291595956268
Lao People's Democratic Republic,Holt-Winters,2015-02-01,1.015,0.5082681984046068,True,True,0.5067318015953931,0.5067318015953931
Lao People's Democratic Republic,Holt-Winters,2015-03-01,1.618,0.1962590498231153,True,True,1.4217409501768847,1.4217409501768847
Lao People's Democratic Republic,Holt-Winters,2015-04-01,0.517,0.2100037349673902,True,True,0.3069962650326097,0.3069962650326097
Lao People's Democratic Republic,Holt-Winters,2015-05-01,2.031,0.02970517569122,True,True,2.00129482430878,2.00129482430878
Lao People's Democratic Republic,Holt-Winters,2015-06-01,1.779,0.2236540130693561,True,True,1.555345986930644,1.555345986930644
Lao People's Democratic Republic,Holt-Winters,2015-07-01,0.65,0.1543406078122917,True,True,0.4956593921877082,0.4956593921877082
Lao People's Democratic Republic,Holt-Winters,2015-08-01,1.158,0.1854649763825958,True,True,0.9725350236174042,0.9725350236174042
Lao People's Democratic Republic,Holt-Winters,2015-09-01,1.571,0.2244728353776202,True,True,1.3465271646223798,1.3465271646223798
Lao People's Democratic Republic,Holt-Winters,2015-10-01,1.16,0.2373490938241371,True,True,0.9226509061758628,0.9226509061758628
Lao People's Democratic Republic,Holt-Winters,2015-11-01,3.27,0.2971370562117943,True,True,2.972862943788205,2.972862943788205
Lao People's Democratic Republic,Holt-Winters,2015-12-01,2.096,0.1682587424940896,True,True,1.9277412575059103,1.9277412575059103
Lao People's Democratic Republic,Holt-Winters,2016-01-01,1.277,0.3938291595956268,True,True,0.8831708404043731,0.8831708404043731
Lao People's Democratic Republic,Holt-Winters,2016-02-01,-0.929,0.5082681984046068,True,True,-1.437268198404607,1.437268198404607
Lao People's Democratic Republic,Holt-Winters,2016-03-01,0.806,0.1962590498231153,True,True,0.6097409501768847,0.6097409501768847
Lao People's Democratic Republic,Holt-Winters,2016-04-01,2.838,0.2100037349673902,True,True,2.6279962650326096,2.6279962650326096
Lao People's Democratic Republic,Holt-Winters,2016-05-01,1.365,0.02970517569122,True,True,1.33529482430878,1.33529482430878
Lao People's Democratic Republic,Holt-Winters,2016-06-01,1.194,0.2236540130693561,True,True,0.970345986930644,0.970345986930644
Lao People's Democratic Republic,Holt-Winters,2016-07-01,0.79,0.1543406078122917,True,True,0.6356593921877083,0.6356593921877083
Lao People's Democratic Republic,Holt-Winters,2016-08-01,1.132,0.1854649763825958,True,True,0.9465350236174042,0.9465350236174042
Lao People's Democratic Republic,Holt-Winters,2016-09-01,1.01,0.2244728353776202,True,True,0.7855271646223797,0.7855271646223797
Lao People's Democratic Republic,Holt-Winters,2016-10-01,1.965,0.2373490938241371,True,True,1.727650906175863,1.727650906175863
Lao People's Democratic Republic,Holt-Winters,2016-11-01,2.126,0.2971370562117943,True,True,1.8288629437882056,1.8288629437882056
Lao People's Democratic Republic,Holt-Winters,2016-12-01,1.855,0.1682587424940896,True,True,1.6867412575059104,1.6867412575059104
Lao People's Democratic Republic,Holt-Winters,2017-01-01,2.416,0.3938291595956268,True,True,2.022170840404373,2.022170840404373
Lao People's Democratic Republic,Holt-Winters,2017-02-01,0.949,0.5082681984046068,True,True,0.4407318015953931,0.4407318015953931
Lao People's Democratic Republic,Holt-Winters,2017-03-01,0.905,0.1962590498231153,True,True,0.7087409501768847,0.7087409501768847
Lao People's Democratic Republic,Holt-Winters,2017-04-01,0.347,0.2100037349673902,True,True,0.1369962650326097,0.1369962650326097
Lao People's Democratic Republic,Holt-Winters,2017-05-01,0.236,0.02970517569122,True,True,0.2062948243087799,0.2062948243087799
Lao People's Democratic Republic,Holt-Winters,2017-06-01,1.115,0.2236540130693561,True,True,0.8913459869306439,0.8913459869306439
Lao People's Democratic Republic,Holt-Winters,2017-07-01,0.001,0.1543406078122917,True,True,-0.1533406078122917,0.1533406078122917
Lao People's Democratic Republic,Holt-Winters,2017-08-01,1.11,0.1854649763825958,True,True,0.9245350236174044,0.9245350236174044
Lao People's Democratic Republic,Holt-Winters,2017-09-01,1.652,0.2244728353776202,True,True,1.4275271646223795,1.4275271646223795
Lao People's Democratic Republic,Holt-Winters,2017-10-01,1.009,0.2373490938241371,True,True,0.7716509061758627,0.7716509061758627
Lao People's Democratic Republic,Holt-Winters,2017-11-01,1.456,0.2971370562117943,True,True,1.1588629437882056,1.1588629437882056
Lao People's Democratic Republic,Holt-Winters,2017-12-01,0.522,0.1682587424940896,True,True,0.3537412575059104,0.3537412575059104
Lao People's Democratic Republic,Holt-Winters,2018-01-01,1.556,0.3938291595956268,True,True,1.1621708404043734,1.1621708404043734
Lao People's Democratic Republic,Holt-Winters,2018-02-01,-0.061,0.5082681984046068,True,True,-0.5692681984046069,0.5692681984046069
Lao People's Democratic Republic,Holt-Winters,2018-03-01,1.034,0.1962590498231153,True,True,0.8377409501768847,0.8377409501768847
Lao People's Democratic Republic,Holt-Winters,2018-04-01,-0.381,0.2100037349673902,True,True,-0.5910037349673902,0.5910037349673902
Lao People's Democratic Republic,Holt-Winters,2018-05-01,0.372,0.02970517569122,True,True,0.3422948243087799,0.3422948243087799
Lao People's Democratic Republic,Holt-Winters,2018-06-01,0.621,0.2236540130693561,True,True,0.3973459869306439,0.3973459869306439
Lao People's Democratic Republic,Holt-Winters,2018-07-01,0.265,0.1543406078122917,True,True,0.1106593921877082,0.1106593921877082
Lao People's Democratic Republic,Holt-Winters,2018-08-01,0.517,0.1854649763825958,True,True,0.3315350236174042,0.3315350236174042
Lao People's Democratic Republic,Holt-Winters,2018-09-01,1.29,0.2244728353776202,True,True,1.0655271646223798,1.0655271646223798
Lao People's Democratic Republic,Holt-Winters,2018-10-01,1.481,0.2373490938241371,True,True,1.243650906175863,1.243650906175863
Lao People's Democratic Republic,Holt-Winters,2018-11-01,2.237,0.2971370562117943,True,True,1.9398629437882056,1.9398629437882056
Lao People's Democratic Republic,Holt-Winters,2018-12-01,2.895,0.1682587424940896,True,True,2.7267412575059105,2.7267412575059105
Lao People's Democratic Republic,Holt-Winters,2019-01-01,2.179,0.3938291595956268,True,True,1.7851708404043731,1.7851708404043731
Lao People's Democratic Republic,Holt-Winters,2019-02-01,3.262,0.5082681984046068,True,True,2.7537318015953933,2.7537318015953933
Lao People's Democratic Republic,Holt-Winters,2019-03-01,1.892,0.1962590498231153,True,True,1.6957409501768843,1.6957409501768843
Lao People's Democratic Republic,Holt-Winters,2019-04-01,2.739,0.2100037349673902,True,True,2.528996265032609,2.528996265032609
Lao People's Democratic Republic,Holt-Winters,2019-05-01,1.923,0.02970517569122,True,True,1.89329482430878,1.89329482430878
Lao People's Democratic Republic,Holt-Winters,2019-06-01,2.478,0.2236540130693561,True,True,2.254345986930644,2.254345986930644
Lao People's Democratic Republic,Holt-Winters,2019-07-01,1.379,0.1543406078122917,True,True,1.2246593921877085,1.2246593921877085
Lao People's Democratic Republic,Holt-Winters,2019-08-01,1.036,0.1854649763825958,True,True,0.8505350236174043,0.8505350236174043
Lao People's Democratic Republic,Holt-Winters,2019-09-01,0.927,0.2244728353776202,True,True,0.7025271646223797,0.7025271646223797
Lao People's Democratic Republic,Holt-Winters,2019-10-01,1.732,0.2373490938241371,True,True,1.4946509061758628,1.4946509061758628
Lao People's Democratic Republic,Holt-Winters,2019-11-01,1.717,0.2971370562117943,True,True,1.4198629437882058,1.4198629437882058
Lao People's Democratic Republic,Holt-Winters,2019-12-01,1.35,0.1682587424940896,True,True,1.1817412575059103,1.1817412575059103
Lao People's Democratic Republic,Holt-Winters,2020-01-01,2.926,0.3938291595956268,True,True,2.532170840404373,2.532170840404373
Lao People's Democratic Republic,Holt-Winters,2020-02-01,1.84,0.5082681984046068,True,True,1.3317318015953932,1.3317318015953932
Lao People's Democratic Republic,Holt-Winters,2020-03-01,2.23,0.1962590498231153,True,True,2.0337409501768846,2.0337409501768846
Lao People's Democratic Republic,Holt-Winters,2020-04-01,0.181,0.2100037349673902,True,True,-0.0290037349673902,0.0290037349673902
Lao People's Democratic Republic,Holt-Winters,2020-05-01,2.362,0.02970517569122,True,True,2.33229482430878,2.33229482430878
Lao People's Democratic Republic,Holt-Winters,2020-06-01,1.833,0.2236540130693561,True,True,1.609345986930644,1.609345986930644
Lao People's Democratic Republic,Holt-Winters,2020-07-01,1.756,0.1543406078122917,True,True,1.6016593921877085,1.6016593921877085
Lao People's Democratic Republic,Holt-Winters,2020-08-01,0.881,0.1854649763825958,True,True,0.6955350236174043,0.6955350236174043
Lao People's Democratic Republic,Holt-Winters,2020-09-01,1.766,0.2244728353776202,True,True,1.5415271646223798,1.5415271646223798
Lao People's Democratic Republic,Holt-Winters,2020-10-01,-0.099,0.2373490938241371,True,True,-0.3363490938241371,0.3363490938241371
Lao People's Democratic Republic,Holt-Winters,2020-11-01,1.528,0.2971370562117943,True,True,1.2308629437882057,1.2308629437882057
Lao People's Democratic Republic,Holt-Winters,2020-12-01,0.817,0.1682587424940896,True,True,0.6487412575059104,0.6487412575059104
Lao People's Democratic Republic,Holt-Winters,2021-01-01,-0.208,0.3938291595956268,True,True,-0.6018291595956268,0.6018291595956268
Lao People's Democratic Republic,Holt-Winters,2021-02-01,1.061,0.5082681984046068,True,True,0.5527318015953931,0.5527318015953931
Lao People's Democratic Republic,Holt-Winters,2021-03-01,1.901,0.1962590498231153,True,True,1.7047409501768849,1.7047409501768849
Lao People's Democratic Republic,Holt-Winters,2021-04-01,0.554,0.2100037349673902,True,True,0.3439962650326097,0.3439962650326097
Lao People's Democratic Republic,Holt-Winters,2021-05-01,1.528,0.02970517569122,True,True,1.49829482430878,1.49829482430878
Lao People's Democratic Republic,Holt-Winters,2021-06-01,1.309,0.2236540130693561,True,True,1.085345986930644,1.085345986930644
Lao People's Democratic Republic,Holt-Winters,2021-07-01,1.043,0.1543406078122917,True,True,0.8886593921877082,0.8886593921877082
Lao People's Democratic Republic,Holt-Winters,2021-08-01,1.744,0.1854649763825958,True,True,1.5585350236174045,1.5585350236174045
Lao People's Democratic Republic,Holt-Winters,2021-09-01,0.921,0.2244728353776202,True,True,0.6965271646223797,0.6965271646223797
Lao People's Democratic Republic,Holt-Winters,2021-10-01,0.697,0.2373490938241371,True,True,0.4596509061758628,0.4596509061758628
Lao People's Democratic Republic,Holt-Winters,2021-11-01,1.571,0.2971370562117943,True,True,1.2738629437882056,1.2738629437882056
Lao People's Democratic Republic,Holt-Winters,2021-12-01,0.542,0.1682587424940896,True,True,0.3737412575059105,0.3737412575059105
Lao People's Democratic Republic,Holt-Winters,2022-01-01,2.297,0.3938291595956268,True,True,1.9031708404043732,1.9031708404043732
Lao People's Democratic Republic,Holt-Winters,2022-02-01,-0.002,0.5082681984046068,True,True,-0.5102681984046068,0.5102681984046068
Lao People's Democratic Republic,Holt-Winters,2022-03-01,1.647,0.1962590498231153,True,True,1.4507409501768846,1.4507409501768846
Lao People's Democratic Republic,Holt-Winters,2022-04-01,-0.622,0.2100037349673902,True,True,-0.8320037349673903,0.8320037349673903
Lao People's Democratic Republic,Holt-Winters,2022-05-01,-0.402,0.02970517569122,True,True,-0.4317051756912201,0.4317051756912201
Lao People's Democratic Republic,Holt-Winters,2022-06-01,1.364,0.2236540130693561,True,True,1.140345986930644,1.140345986930644
Lao People's Democratic Republic,Holt-Winters,2022-07-01,1.205,0.1543406078122917,True,True,1.0506593921877083,1.0506593921877083
Lao People's Democratic Republic,Holt-Winters,2022-08-01,0.912,0.1854649763825958,True,True,0.7265350236174042,0.7265350236174042
Lao People's Democratic Republic,Holt-Winters,2022-09-01,0.817,0.2244728353776202,True,True,0.5925271646223796,0.5925271646223796
Lao People's Democratic Republic,Holt-Winters,2022-10-01,0.377,0.2373490938241371,True,True,0.1396509061758629,0.1396509061758629
Lao People's Democratic Republic,Holt-Winters,2022-11-01,2.704,0.2971370562117943,True,True,2.4068629437882056,2.4068629437882056
Lao People's Democratic Republic,Holt-Winters,2022-12-01,0.908,0.1682587424940896,True,True,0.7397412575059105,0.7397412575059105
Lao People's Democratic Republic,Holt-Winters,2023-01-01,0.437,0.3938291595956268,True,True,0.0431708404043731,0.0431708404043731
Lao People's Democratic Republic,Holt-Winters,2023-02-01,1.781,0.5082681984046068,True,True,1.272731801595393,1.272731801595393
Lao People's Democratic Republic,Holt-Winters,2023-03-01,1.111,0.1962590498231153,True,True,0.9147409501768846,0.9147409501768846
Lao People's Democratic Republic,Holt-Winters,2023-04-01,2.441,0.2100037349673902,True,True,2.2309962650326094,2.2309962650326094
Lao People's Democratic Republic,Holt-Winters,2023-05-01,1.993,0.02970517569122,True,True,1.96329482430878,1.96329482430878
Lao People's Democratic Republic,Holt-Winters,2023-06-01,1.436,0.2236540130693561,True,True,1.212345986930644,1.212345986930644
Lao People's Democratic Republic,Holt-Winters,2023-07-01,1.534,0.1543406078122917,True,True,1.3796593921877085,1.3796593921877085
Lao People's Democratic Republic,Holt-Winters,2023-08-01,1.159,0.1854649763825958,True,True,0.9735350236174044,0.9735350236174044
Lao People's Democratic Republic,Holt-Winters,2023-09-01,1.192,0.2244728353776202,True,True,0.9675271646223796,0.9675271646223796
Lao People's Democratic Republic,Holt-Winters,2023-10-01,1.714,0.2373490938241371,True,True,1.4766509061758628,1.4766509061758628
Lao People's Democratic Republic,Holt-Winters,2023-11-01,2.145,0.2971370562117943,True,True,1.8478629437882057,1.8478629437882057
Lao People's Democratic Republic,Holt-Winters,2023-12-01,2.56,0.1682587424940896,True,True,2.3917412575059105,2.3917412575059105
Lao People's Democratic Republic,SARIMA,2014-01-01,-0.723,0.1654386297166186,True,True,-0.8884386297166186,0.8884386297166186
Lao People's Democratic Republic,SARIMA,2014-02-01,0.646,1.1446751115643266,True,True,-0.4986751115643265,0.4986751115643265
Lao People's Democratic Republic,SARIMA,2014-03-01,1.231,0.2476254393514165,True,True,0.9833745606485836,0.9833745606485836
Lao People's Democratic Republic,SARIMA,2014-04-01,0.916,0.469969444628931,True,True,0.446030555371069,0.446030555371069
Lao People's Democratic Republic,SARIMA,2014-05-01,1.357,0.2149782747163877,True,True,1.1420217252836122,1.1420217252836122
Lao People's Democratic Republic,SARIMA,2014-06-01,1.138,0.732682838894401,True,True,0.4053171611055989,0.4053171611055989
Lao People's Democratic Republic,SARIMA,2014-07-01,0.448,0.5159756825210385,True,True,-0.0679756825210385,0.0679756825210385
Lao People's Democratic Republic,SARIMA,2014-08-01,0.678,0.5077625114264035,True,True,0.1702374885735965,0.1702374885735965
Lao People's Democratic Republic,SARIMA,2014-09-01,0.996,0.597484081089531,True,True,0.398515918910469,0.398515918910469
Lao People's Democratic Republic,SARIMA,2014-10-01,1.049,0.6958872712410329,True,True,0.353112728758967,0.353112728758967
Lao People's Democratic Republic,SARIMA,2014-11-01,2.162,0.8242866641275627,True,True,1.3377133358724371,1.3377133358724371
Lao People's Democratic Republic,SARIMA,2014-12-01,0.469,0.8242219159649755,True,True,-0.3552219159649755,0.3552219159649755
Lao People's Democratic Republic,SARIMA,2015-01-01,0.162,0.8056830663692152,True,True,-0.6436830663692151,0.6436830663692151
Lao People's Democratic Republic,SARIMA,2015-02-01,1.015,1.2244859325136708,True,True,-0.2094859325136708,0.2094859325136708
Lao People's Democratic Republic,SARIMA,2015-03-01,1.618,0.3102952938441453,True,True,1.3077047061558549,1.3077047061558549
Lao People's Democratic Republic,SARIMA,2015-04-01,0.517,0.5151666905009622,True,True,0.0018333094990378,0.0018333094990378
Lao People's Democratic Republic,SARIMA,2015-05-01,2.031,0.2647792122629246,True,True,1.7662207877370757,1.7662207877370757
Lao People's Democratic Republic,SARIMA,2015-06-01,1.779,0.7359158696276257,True,True,1.043084130372374,1.043084130372374
Lao People's Democratic Republic,SARIMA,2015-07-01,0.65,0.4835908764431334,True,True,0.1664091235568666,0.1664091235568666
Lao People's Democratic Republic,SARIMA,2015-08-01,1.158,0.5256700247152017,True,True,0.6323299752847982,0.6323299752847982
Lao People's Democratic Republic,SARIMA,2015-09-01,1.571,0.5942305512622006,True,True,0.9767694487377994,0.9767694487377994
Lao People's Democratic Republic,SARIMA,2015-10-01,1.16,0.721591702213725,True,True,0.4384082977862749,0.4384082977862749
Lao People's Democratic Republic,SARIMA,2015-11-01,3.27,1.018968854881242,True,True,2.251031145118758,2.251031145118758
Lao People's Democratic Republic,SARIMA,2015-12-01,2.096,0.8560906456898492,True,True,1.239909354310151,1.239909354310151
Lao People's Democratic Republic,SARIMA,2016-01-01,1.277,0.8089682040585576,True,True,0.4680317959414423,0.4680317959414423
Lao People's Democratic Republic,SARIMA,2016-02-01,-0.929,1.335451683948355,True,True,-2.264451683948355,2.264451683948355
Lao People's Democratic Republic,SARIMA,2016-03-01,0.806,0.3900366517156273,True,True,0.4159633482843727,0.4159633482843727
Lao People's Democratic Republic,SARIMA,2016-04-01,2.838,0.5565333564723836,True,True,2.2814666435276165,2.2814666435276165
Lao People's Democratic Republic,SARIMA,2016-05-01,1.365,0.2984615132745283,True,True,1.0665384867254717,1.0665384867254717
Lao People's Democratic Republic,SARIMA,2016-06-01,1.194,0.7274889166616295,True,True,0.4665110833383704,0.4665110833383704
Lao People's Democratic Republic,SARIMA,2016-07-01,0.79,0.457501358426586,True,True,0.3324986415734139,0.3324986415734139
Lao People's Democratic Republic,SARIMA,2016-08-01,1.132,0.5271946535610199,True,True,0.60480534643898,0.60480534643898
Lao People's Democratic Republic,SARIMA,2016-09-01,1.01,0.5734404211672375,True,True,0.4365595788327625,0.4365595788327625
Lao People's Democratic Republic,SARIMA,2016-10-01,1.965,0.6802524830473825,True,True,1.2847475169526177,1.2847475169526177
Lao People's Democratic Republic,SARIMA,2016-11-01,2.126,1.0454372463956167,True,True,1.0805627536043831,1.0805627536043831
Lao People's Democratic Republic,SARIMA,2016-12-01,1.855,0.6775591086773045,True,True,1.1774408913226957,1.1774408913226957
Lao People's Democratic Republic,SARIMA,2017-01-01,2.416,0.7632062207881523,True,True,1.6527937792118477,1.6527937792118477
Lao People's Democratic Republic,SARIMA,2017-02-01,0.949,1.3171723761580223,True,True,-0.3681723761580225,0.3681723761580225
Lao People's Democratic Republic,SARIMA,2017-03-01,0.905,0.3765239950652122,True,True,0.5284760049347879,0.5284760049347879
Lao People's Democratic Republic,SARIMA,2017-04-01,0.347,0.5486241431463263,True,True,-0.2016241431463263,0.2016241431463263
Lao People's Democratic Republic,SARIMA,2017-05-01,0.236,0.2910999607368683,True,True,-0.0550999607368682,0.0550999607368682
Lao People's Democratic Republic,SARIMA,2017-06-01,1.115,0.7282182092285657,True,True,0.3867817907714342,0.3867817907714342
Lao People's Democratic Republic,SARIMA,2017-07-01,0.001,0.4627646333557528,True,True,-0.4617646333557528,0.4617646333557528
Lao People's Democratic Republic,SARIMA,2017-08-01,1.11,0.5257517381157423,True,True,0.5842482618842578,0.5842482618842578
Lao People's Democratic Republic,SARIMA,2017-09-01,1.652,0.5760357590579422,True,True,1.0759642409420578,1.0759642409420578
Lao People's Democratic Republic,SARIMA,2017-10-01,1.009,0.6831321995676273,True,True,0.3258678004323726,0.3258678004323726
Lao People's Democratic Republic,SARIMA,2017-11-01,1.456,1.0286252614008569,True,True,0.4273747385991431,0.4273747385991431
Lao People's Democratic Republic,SARIMA,2017-12-01,0.522,0.6956062018524595,True,True,-0.1736062018524594,0.1736062018524594
Lao People's Democratic Republic,SARIMA,2018-01-01,1.556,0.7681783392114082,True,True,0.7878216607885918,0.7878216607885918
Lao People's Democratic Republic,SARIMA,2018-02-01,-0.061,1.3113848761441411,True,True,-1.372384876144141,1.372384876144141
Lao People's Democratic Republic,SARIMA,2018-03-01,1.034,0.3724078974441154,True,True,0.6615921025558846,0.6615921025558846
Lao People's Democratic Republic,SARIMA,2018-04-01,-0.381,0.5465911707160938,True,True,-0.9275911707160938,0.9275911707160938
Lao People's Democratic Republic,SARIMA,2018-05-01,0.372,0.2895494583202894,True,True,0.0824505416797106,0.0824505416797106
Lao People's Democratic Republic,SARIMA,2018-06-01,0.621,0.7287326639691254,True,True,-0.1077326639691254,0.1077326639691254
Lao People's Democratic Republic,SARIMA,2018-07-01,0.265,0.4640155267523703,True,True,-0.1990155267523702,0.1990155267523702
Lao People's Democratic Republic,SARIMA,2018-08-01,0.517,0.5258077723383545,True,True,-0.0088077723383545,0.0088077723383545
Lao People's Democratic Republic,SARIMA,2018-09-01,1.29,0.5772144208030568,True,True,0.7127855791969432,0.7127855791969432
Lao People's Democratic Republic,SARIMA,2018-10-01,1.481,0.6857352857114276,True,True,0.7952647142885725,0.7952647142885725
Lao People's Democratic Republic,SARIMA,2018-11-01,2.237,1.028661069473968,True,True,1.208338930526032,1.208338930526032
Lao People's Democratic Republic,SARIMA,2018-12-01,2.895,0.7062100005167642,True,True,2.188789999483236,2.188789999483236
Lao People's Democratic Republic,SARIMA,2019-01-01,2.179,0.7708569731090171,True,True,1.4081430268909827,1.4081430268909827
Lao People's Democratic Republic,SARIMA,2019-02-01,3.262,1.3133390117050034,True,True,1.9486609882949968,1.9486609882949968
Lao People's Democratic Republic,SARIMA,2019-03-01,1.892,0.3738340078705414,True,True,1.5181659921294584,1.5181659921294584
Lao People's Democratic Republic,SARIMA,2019-04-01,2.739,0.5473831042591706,True,True,2.1916168957408293,2.1916168957408293
Lao People's Democratic Republic,SARIMA,2019-05-01,1.923,0.290247690419893,True,True,1.632752309580107,1.632752309580107
Lao People's Democratic Republic,SARIMA,2019-06-01,2.478,0.7286224482799945,True,True,1.7493775517200056,1.7493775517200056
Lao People's Democratic Republic,SARIMA,2019-07-01,1.379,0.4635001239414375,True,True,0.9154998760585624,0.9154998760585624
Lao People's Democratic Republic,SARIMA,2019-08-01,1.036,0.5259036903881684,True,True,0.5100963096118316,0.5100963096118316
Lao People's Democratic Republic,SARIMA,2019-09-01,0.927,0.5768963695781949,True,True,0.3501036304218051,0.3501036304218051
Lao People's Democratic Republic,SARIMA,2019-10-01,1.732,0.6852350589547227,True,True,1.0467649410452773,1.0467649410452773
Lao People's Democratic Republic,SARIMA,2019-11-01,1.717,1.0298488350271104,True,True,0.6871511649728896,0.6871511649728896
Lao People's Democratic Republic,SARIMA,2019-12-01,1.35,0.7037245170297686,True,True,0.6462754829702315,0.6462754829702315
Lao People's Democratic Republic,SARIMA,2020-01-01,2.926,0.7701998185346288,True,True,2.155800181465372,2.155800181465372
Lao People's Democratic Republic,SARIMA,2020-02-01,1.84,1.3135270351108288,True,True,0.5264729648891713,0.5264729648891713
Lao People's Democratic Republic,SARIMA,2020-03-01,2.23,0.3739635999566253,True,True,1.856036400043375,1.856036400043375
Lao People's Democratic Republic,SARIMA,2020-04-01,0.181,0.5474371508907686,True,True,-0.3664371508907686,0.3664371508907686
Lao People's Democratic Republic,SARIMA,2020-05-01,2.362,0.2902781913829549,True,True,2.071721808617045,2.071721808617045
Lao People's Democratic Republic,SARIMA,2020-06-01,1.833,0.7285985134893084,True,True,1.1044014865106917,1.1044014865106917
Lao People's Democratic Republic,SARIMA,2020-07-01,1.756,0.4634700677499767,True,True,1.2925299322500234,1.2925299322500234
Lao People's Democratic Republic,SARIMA,2020-08-01,0.881,0.5258888081945283,True,True,0.3551111918054717,0.3551111918054717
Lao People's Democratic Republic,SARIMA,2020-09-01,1.766,0.5768489871001253,True,True,1.1891510128998748,1.1891510128998748
Lao People's Democratic Republic,SARIMA,2020-10-01,-0.099,0.685107416723232,True,True,-0.784107416723232,0.784107416723232
Lao People's Democratic Republic,SARIMA,2020-11-01,1.528,1.0297111989951555,True,True,0.4982888010048445,0.4982888010048445
Lao People's Democratic Republic,SARIMA,2020-12-01,0.817,0.7032554916657843,True,True,0.1137445083342156,0.1137445083342156
Lao People's Democratic Republic,SARIMA,2021-01-01,-0.208,0.7700846696683277,True,True,-0.9780846696683276,0.9780846696683276
Lao People's Democratic Republic,SARIMA,2021-02-01,1.061,1.3133671162150833,True,True,-0.2523671162150833,0.2523671162150833
Lao People's Democratic Republic,SARIMA,2021-03-01,1.901,0.3738477599485234,True,True,1.5271522400514763,1.5271522400514763
Lao People's Democratic Republic,SARIMA,2021-04-01,0.554,0.547374861677052,True,True,0.006625138322948,0.006625138322948
Lao People's Democratic Republic,SARIMA,2021-05-01,1.528,0.2902252229750119,True,True,1.237774777024988,1.237774777024988
Lao People's Democratic Republic,SARIMA,2021-06-01,1.309,0.728609049285187,True,True,0.580390950714813,0.580390950714813
Lao People's Democratic Republic,SARIMA,2021-07-01,1.043,0.4635100244009533,True,True,0.5794899755990466,0.5794899755990466
Lao People's Democratic Republic,SARIMA,2021-08-01,1.744,0.5258837010681916,True,True,1.2181162989318084,1.2181162989318084
Lao People's Democratic Republic,SARIMA,2021-09-01,0.921,0.5768769237728023,True,True,0.3441230762271977,0.3441230762271977
Lao People's Democratic Republic,SARIMA,2021-10-01,0.697,0.6851573970342416,True,True,0.0118426029657583,0.0118426029657583
Lao People's Democratic Republic,SARIMA,2021-11-01,1.571,1.029642650542364,True,True,0.541357349457636,0.541357349457636
Lao People's Democratic Republic,SARIMA,2021-12-01,0.542,0.7034850403931819,True,True,-0.1614850403931819,0.1614850403931819
Lao People's Democratic Republic,SARIMA,2022-01-01,2.297,0.7701443539290784,True,True,1.5268556460709215,1.5268556460709215
Lao People's Democratic Republic,SARIMA,2022-02-01,-0.002,1.3133719761431422,True,True,-1.3153719761431422,1.3153719761431422
Lao People's Democratic Republic,SARIMA,2022-03-01,1.647,0.373851748628453,True,True,1.273148251371547,1.273148251371547
Lao People's Democratic Republic,SARIMA,2022-04-01,-0.622,0.5473781150241364,True,True,-1.1693781150241365,1.1693781150241365
Lao People's Democratic Republic,SARIMA,2022-05-01,-0.402,0.2902290853692407,True,True,-0.6922290853692408,0.6922290853692408
Lao People's Democratic Republic,SARIMA,2022-06-01,1.364,0.7286095477239877,True,True,0.6353904522760124,0.6353904522760124
Lao People's Democratic Republic,SARIMA,2022-07-01,1.205,0.4635076104448002,True,True,0.7414923895551999,0.7414923895551999
Lao People's Democratic Republic,SARIMA,2022-08-01,0.912,0.5258853369885863,True,True,0.3861146630114137,0.3861146630114137
Lao People's Democratic Republic,SARIMA,2022-09-01,0.817,0.5768771052781237,True,True,0.2401228947218762,0.2401228947218762
Lao People's Democratic Republic,SARIMA,2022-10-01,0.377,0.6851607610658708,True,True,-0.3081607610658707,0.3081607610658707
Lao People's Democratic Republic,SARIMA,2022-11-01,2.704,1.0296602046242738,True,True,1.6743397953757264,1.6743397953757264
Lao People's Democratic Republic,SARIMA,2022-12-01,0.908,0.703492181549176,True,True,0.204507818450824,0.204507818450824
Lao People's Democratic Republic,SARIMA,2023-01-01,0.437,0.7701457285427709,True,True,-0.3331457285427708,0.3331457285427708
Lao People's Democratic Republic,SARIMA,2023-02-01,1.781,1.3133827603709365,True,True,0.4676172396290634,0.4676172396290634
Lao People's Democratic Republic,SARIMA,2023-03-01,1.111,0.3738595071040154,True,True,0.7371404928959846,0.7371404928959846
Lao People's Democratic Republic,SARIMA,2023-04-01,2.441,0.5473821608041503,True,True,1.8936178391958496,1.8936178391958496
Lao People's Democratic Republic,SARIMA,2023-05-01,1.993,0.2902324011033738,True,True,1.7027675988966262,1.7027675988966262
Lao People's Democratic Republic,SARIMA,2023-06-01,1.436,0.7286087441254927,True,True,0.7073912558745072,0.7073912558745072
Lao People's Democratic Republic,SARIMA,2023-07-01,1.534,0.4635050523959381,True,True,1.070494947604062,1.070494947604062
Lao People's Democratic Republic,SARIMA,2023-08-01,1.159,0.5258855129728921,True,True,0.6331144870271079,0.6331144870271079
Lao People's Democratic Republic,SARIMA,2023-09-01,1.192,0.5768751041417032,True,True,0.6151248958582968,0.6151248958582968
Lao People's Democratic Republic,SARIMA,2023-10-01,1.714,0.6851568352243078,True,True,1.0288431647756922,1.0288431647756922
Lao People's Democratic Republic,SARIMA,2023-11-01,2.145,1.0296630675570335,True,True,1.1153369324429665,1.1153369324429665
Lao People's Democratic Republic,SARIMA,2023-12-01,2.56,0.7034750960962244,True,True,1.856524903903776,1.856524903903776
Lao People's Democratic Republic,XGBoost,2014-01-01,-0.723,0.6387412548065186,True,True,-1.3617412548065184,1.3617412548065184
Lao People's Democratic Republic,XGBoost,2014-02-01,0.646,0.6231858730316162,True,True,0.0228141269683838,0.0228141269683838
Lao People's Democratic Republic,XGBoost,2014-03-01,1.231,-0.099324345588684,True,True,1.3303243455886842,1.3303243455886842
Lao People's Democratic Republic,XGBoost,2014-04-01,0.916,0.5823102593421936,True,True,0.3336897406578064,0.3336897406578064
Lao People's Democratic Republic,XGBoost,2014-05-01,1.357,0.4295728206634521,True,True,0.9274271793365478,0.9274271793365478
Lao People's Democratic Republic,XGBoost,2014-06-01,1.138,0.3530138731002807,True,True,0.7849861268997191,0.7849861268997191
Lao People's Democratic Republic,XGBoost,2014-07-01,0.448,0.7013437151908875,True,True,-0.2533437151908874,0.2533437151908874
Lao People's Democratic Republic,XGBoost,2014-08-01,0.678,0.687872052192688,True,True,-0.0098720521926879,0.0098720521926879
Lao People's Democratic Republic,XGBoost,2014-09-01,0.996,0.7379789352416992,True,True,0.2580210647583008,0.2580210647583008
Lao People's Democratic Republic,XGBoost,2014-10-01,1.049,1.2283755540847778,True,True,-0.1793755540847779,0.1793755540847779
Lao People's Democratic Republic,XGBoost,2014-11-01,2.162,1.0387088060379028,True,True,1.123291193962097,1.123291193962097
Lao People's Democratic Republic,XGBoost,2014-12-01,0.469,1.1701520681381226,True,True,-0.7011520681381226,0.7011520681381226
Lao People's Democratic Republic,XGBoost,2015-01-01,0.162,2.282492160797119,True,True,-2.120492160797119,2.120492160797119
Lao People's Democratic Republic,XGBoost,2015-02-01,1.015,1.0791550874710083,True,True,-0.0641550874710084,0.0641550874710084
Lao People's Democratic Republic,XGBoost,2015-03-01,1.618,0.829400897026062,True,True,0.7885991029739381,0.7885991029739381
Lao People's Democratic Republic,XGBoost,2015-04-01,0.517,0.6606132388114929,True,True,-0.1436132388114929,0.1436132388114929
Lao People's Democratic Republic,XGBoost,2015-05-01,2.031,0.6704185009002686,True,True,1.3605814990997316,1.3605814990997316
Lao People's Democratic Republic,XGBoost,2015-06-01,1.779,0.68113774061203,True,True,1.09786225938797,1.09786225938797
Lao People's Democratic Republic,XGBoost,2015-07-01,0.65,0.6310831308364868,True,True,0.0189168691635132,0.0189168691635132
Lao People's Democratic Republic,XGBoost,2015-08-01,1.158,0.8935921788215637,True,True,0.2644078211784362,0.2644078211784362
Lao People's Democratic Republic,XGBoost,2015-09-01,1.571,0.8682081699371338,True,True,0.7027918300628662,0.7027918300628662
Lao People's Democratic Republic,XGBoost,2015-10-01,1.16,0.8706735372543335,True,True,0.2893264627456664,0.2893264627456664
Lao People's Democratic Republic,XGBoost,2015-11-01,3.27,1.3211580514907837,True,True,1.9488419485092163,1.9488419485092163
Lao People's Democratic Republic,XGBoost,2015-12-01,2.096,0.7516797184944153,True,True,1.3443202815055848,1.3443202815055848
Lao People's Democratic Republic,XGBoost,2016-01-01,1.277,0.8013207912445068,True,True,0.4756792087554931,0.4756792087554931
Lao People's Democratic Republic,XGBoost,2016-02-01,-0.929,1.5165225267410278,True,True,-2.445522526741028,2.445522526741028
Lao People's Democratic Republic,XGBoost,2016-03-01,0.806,0.948551058769226,True,True,-0.142551058769226,0.142551058769226
Lao People's Democratic Republic,XGBoost,2016-04-01,2.838,0.7976803183555603,True,True,2.04031968164444,2.04031968164444
Lao People's Democratic Republic,XGBoost,2016-05-01,1.365,0.410020112991333,True,True,0.954979887008667,0.954979887008667
Lao People's Democratic Republic,XGBoost,2016-06-01,1.194,0.5212020874023438,True,True,0.6727979125976562,0.6727979125976562
Lao People's Democratic Republic,XGBoost,2016-07-01,0.79,0.315924733877182,True,True,0.474075266122818,0.474075266122818
Lao People's Democratic Republic,XGBoost,2016-08-01,1.132,0.4203353226184845,True,True,0.7116646773815154,0.7116646773815154
Lao People's Democratic Republic,XGBoost,2016-09-01,1.01,0.8406295776367188,True,True,0.1693704223632812,0.1693704223632812
Lao People's Democratic Republic,XGBoost,2016-10-01,1.965,1.2011029720306396,True,True,0.7638970279693604,0.7638970279693604
Lao People's Democratic Republic,XGBoost,2016-11-01,2.126,1.349618434906006,True,True,0.776381565093994,0.776381565093994
Lao People's Democratic Republic,XGBoost,2016-12-01,1.855,1.5554685592651367,True,True,0.2995314407348632,0.2995314407348632
Lao People's Democratic Republic,XGBoost,2017-01-01,2.416,1.2547099590301514,True,True,1.1612900409698486,1.1612900409698486
Lao People's Democratic Republic,XGBoost,2017-02-01,0.949,1.754776954650879,True,True,-0.805776954650879,0.805776954650879
Lao People's Democratic Republic,XGBoost,2017-03-01,0.905,1.0374627113342283,True,True,-0.1324627113342285,0.1324627113342285
Lao People's Democratic Republic,XGBoost,2017-04-01,0.347,0.8559839725494385,True,True,-0.5089839725494385,0.5089839725494385
Lao People's Democratic Republic,XGBoost,2017-05-01,0.236,0.6571704745292664,True,True,-0.4211704745292663,0.4211704745292663
Lao People's Democratic Republic,XGBoost,2017-06-01,1.115,0.6333461999893188,True,True,0.4816538000106811,0.4816538000106811
Lao People's Democratic Republic,XGBoost,2017-07-01,0.001,0.5869823694229126,True,True,-0.5859823694229126,0.5859823694229126
Lao People's Democratic Republic,XGBoost,2017-08-01,1.11,0.6005366444587708,True,True,0.5094633555412293,0.5094633555412293
Lao People's Democratic Republic,XGBoost,2017-09-01,1.652,0.7346900105476379,True,True,0.917309989452362,0.917309989452362
Lao People's Democratic Republic,XGBoost,2017-10-01,1.009,0.9748786091804504,True,True,0.0341213908195494,0.0341213908195494
Lao People's Democratic Republic,XGBoost,2017-11-01,1.456,1.2227847576141355,True,True,0.2332152423858642,0.2332152423858642
Lao People's Democratic Republic,XGBoost,2017-12-01,0.522,1.7390106916427612,True,True,-1.2170106916427612,1.2170106916427612
Lao People's Democratic Republic,XGBoost,2018-01-01,1.556,1.5860211849212646,True,True,-0.0300211849212646,0.0300211849212646
Lao People's Democratic Republic,XGBoost,2018-02-01,-0.061,0.8916363716125488,True,True,-0.9526363716125488,0.9526363716125488
Lao People's Democratic Republic,XGBoost,2018-03-01,1.034,0.7835635542869568,True,True,0.2504364457130432,0.2504364457130432
Lao People's Democratic Republic,XGBoost,2018-04-01,-0.381,0.7299962639808655,True,True,-1.1109962639808657,1.1109962639808657
Lao People's Democratic Republic,XGBoost,2018-05-01,0.372,0.8345161080360413,True,True,-0.4625161080360412,0.4625161080360412
Lao People's Democratic Republic,XGBoost,2018-06-01,0.621,0.8533482551574707,True,True,-0.2323482551574707,0.2323482551574707
Lao People's Democratic Republic,XGBoost,2018-07-01,0.265,0.9473044276237488,True,True,-0.6823044276237488,0.6823044276237488
Lao People's Democratic Republic,XGBoost,2018-08-01,0.517,0.8066179752349854,True,True,-0.2896179752349853,0.2896179752349853
Lao People's Democratic Republic,XGBoost,2018-09-01,1.29,0.7714537382125854,True,True,0.5185462617874146,0.5185462617874146
Lao People's Democratic Republic,XGBoost,2018-10-01,1.481,1.2052562236785889,True,True,0.2757437763214112,0.2757437763214112
Lao People's Democratic Republic,XGBoost,2018-11-01,2.237,1.0704704523086548,True,True,1.166529547691345,1.166529547691345
Lao People's Democratic Republic,XGBoost,2018-12-01,2.895,1.04244863986969,True,True,1.85255136013031,1.85255136013031
Lao People's Democratic Republic,XGBoost,2019-01-01,2.179,1.9394804239273071,True,True,0.2395195760726927,0.2395195760726927
Lao People's Democratic Republic,XGBoost,2019-02-01,3.262,1.694519281387329,True,True,1.567480718612671,1.567480718612671
Lao People's Democratic Republic,XGBoost,2019-03-01,1.892,1.1631587743759155,True,True,0.7288412256240844,0.7288412256240844
Lao People's Democratic Republic,XGBoost,2019-04-01,2.739,0.7536427974700928,True,True,1.985357202529907,1.985357202529907
Lao People's Democratic Republic,XGBoost,2019-05-01,1.923,0.5333377718925476,True,True,1.3896622281074524,1.3896622281074524
Lao People's Democratic Republic,XGBoost,2019-06-01,2.478,0.5015196800231934,True,True,1.9764803199768068,1.9764803199768068
Lao People's Democratic Republic,XGBoost,2019-07-01,1.379,0.5250216126441956,True,True,0.8539783873558044,0.8539783873558044
Lao People's Democratic Republic,XGBoost,2019-08-01,1.036,0.5227875709533691,True,True,0.5132124290466309,0.5132124290466309
Lao People's Democratic Republic,XGBoost,2019-09-01,0.927,0.5088381171226501,True,True,0.4181618828773499,0.4181618828773499
Lao People's Democratic Republic,XGBoost,2019-10-01,1.732,0.7386513948440552,True,True,0.9933486051559448,0.9933486051559448
Lao People's Democratic Republic,XGBoost,2019-11-01,1.717,0.8080056309700012,True,True,0.9089943690299987,0.9089943690299987
Lao People's Democratic Republic,XGBoost,2019-12-01,1.35,1.2034544944763184,True,True,0.1465455055236817,0.1465455055236817
Lao People's Democratic Republic,XGBoost,2020-01-01,2.926,0.8120046257972717,True,True,2.1139953742027284,2.1139953742027284
Lao People's Democratic Republic,XGBoost,2020-02-01,1.84,1.2790040969848633,True,True,0.5609959030151368,0.5609959030151368
Lao People's Democratic Republic,XGBoost,2020-03-01,2.23,0.8620184659957886,True,True,1.3679815340042114,1.3679815340042114
Lao People's Democratic Republic,XGBoost,2020-04-01,0.181,0.7650149464607239,True,True,-0.5840149464607238,0.5840149464607238
Lao People's Democratic Republic,XGBoost,2020-05-01,2.362,0.5267525315284729,True,True,1.8352474684715272,1.8352474684715272
Lao People's Democratic Republic,XGBoost,2020-06-01,1.833,0.6403409838676453,True,True,1.1926590161323547,1.1926590161323547
Lao People's Democratic Republic,XGBoost,2020-07-01,1.756,0.6155324578285217,True,True,1.1404675421714785,1.1404675421714785
Lao People's Democratic Republic,XGBoost,2020-08-01,0.881,0.663017988204956,True,True,0.2179820117950439,0.2179820117950439
Lao People's Democratic Republic,XGBoost,2020-09-01,1.766,0.7275470495223999,True,True,1.0384529504776,1.0384529504776
Lao People's Democratic Republic,XGBoost,2020-10-01,-0.099,1.2609888315200806,True,True,-1.3599888315200803,1.3599888315200803
Lao People's Democratic Republic,XGBoost,2020-11-01,1.528,1.4902666807174685,True,True,0.0377333192825317,0.0377333192825317
Lao People's Democratic Republic,XGBoost,2020-12-01,0.817,1.0007082223892212,True,True,-0.1837082223892212,0.1837082223892212
Lao People's Democratic Republic,XGBoost,2021-01-01,-0.208,1.6356403827667236,True,True,-1.843640382766724,1.843640382766724
Lao People's Democratic Republic,XGBoost,2021-02-01,1.061,2.113881349563598,True,True,-1.0528813495635987,1.0528813495635987
Lao People's Democratic Republic,XGBoost,2021-03-01,1.901,1.1331995725631714,True,True,0.7678004274368286,0.7678004274368286
Lao People's Democratic Republic,XGBoost,2021-04-01,0.554,0.8938518762588501,True,True,-0.33985187625885,0.33985187625885
Lao People's Democratic Republic,XGBoost,2021-05-01,1.528,0.5160377621650696,True,True,1.0119622378349304,1.0119622378349304
Lao People's Democratic Republic,XGBoost,2021-06-01,1.309,0.6411479115486145,True,True,0.6678520884513854,0.6678520884513854
Lao People's Democratic Republic,XGBoost,2021-07-01,1.043,0.5695672631263733,True,True,0.4734327368736266,0.4734327368736266
Lao People's Democratic Republic,XGBoost,2021-08-01,1.744,0.5186192393302917,True,True,1.2253807606697082,1.2253807606697082
Lao People's Democratic Republic,XGBoost,2021-09-01,0.921,0.5677727460861206,True,True,0.3532272539138794,0.3532272539138794
Lao People's Democratic Republic,XGBoost,2021-10-01,0.697,0.6622568368911743,True,True,0.0347431631088256,0.0347431631088256
Lao People's Democratic Republic,XGBoost,2021-11-01,1.571,0.992146134376526,True,True,0.5788538656234741,0.5788538656234741
Lao People's Democratic Republic,XGBoost,2021-12-01,0.542,1.156211495399475,True,True,-0.6142114953994751,0.6142114953994751
Lao People's Democratic Republic,XGBoost,2022-01-01,2.297,0.9516323804855348,True,True,1.3453676195144657,1.3453676195144657
Lao People's Democratic Republic,XGBoost,2022-02-01,-0.002,0.888067901134491,True,True,-0.890067901134491,0.890067901134491
Lao People's Democratic Republic,XGBoost,2022-03-01,1.647,0.6908078789710999,True,True,0.9561921210289002,0.9561921210289002
Lao People's Democratic Republic,XGBoost,2022-04-01,-0.622,0.7637597918510437,True,True,-1.3857597918510436,1.3857597918510436
Lao People's Democratic Republic,XGBoost,2022-05-01,-0.402,0.7283107042312622,True,True,-1.1303107042312623,1.1303107042312623
Lao People's Democratic Republic,XGBoost,2022-06-01,1.364,0.7755556106567383,True,True,0.5884443893432618,0.5884443893432618
Lao People's Democratic Republic,XGBoost,2022-07-01,1.205,0.7574781179428101,True,True,0.44752188205719,0.44752188205719
Lao People's Democratic Republic,XGBoost,2022-08-01,0.912,0.9082211852073668,True,True,0.003778814792633,0.003778814792633
Lao People's Democratic Republic,XGBoost,2022-09-01,0.817,1.03733491897583,True,True,-0.2203349189758301,0.2203349189758301
Lao People's Democratic Republic,XGBoost,2022-10-01,0.377,1.283933401107788,True,True,-0.906933401107788,0.906933401107788
Lao People's Democratic Republic,XGBoost,2022-11-01,2.704,1.1294225454330444,True,True,1.5745774545669555,1.5745774545669555
Lao People's Democratic Republic,XGBoost,2022-12-01,0.908,1.0368341207504272,True,True,-0.1288341207504272,0.1288341207504272
Lao People's Democratic Republic,XGBoost,2023-01-01,0.437,1.919092297554016,True,True,-1.482092297554016,1.482092297554016
Lao People's Democratic Republic,XGBoost,2023-02-01,1.781,1.2989732027053833,True,True,0.4820267972946166,0.4820267972946166
Lao People's Democratic Republic,XGBoost,2023-03-01,1.111,0.818179190158844,True,True,0.292820809841156,0.292820809841156
Lao People's Democratic Republic,XGBoost,2023-04-01,2.441,0.2721184194087982,True,True,2.1688815805912016,2.1688815805912016
Lao People's Democratic Republic,XGBoost,2023-05-01,1.993,0.3299719393253326,True,True,1.6630280606746677,1.6630280606746677
Lao People's Democratic Republic,XGBoost,2023-06-01,1.436,0.4479090273380279,True,True,0.988090972661972,0.988090972661972
Lao People's Democratic Republic,XGBoost,2023-07-01,1.534,0.3527129292488098,True,True,1.1812870707511902,1.1812870707511902
Lao People's Democratic Republic,XGBoost,2023-08-01,1.159,0.408031553030014,True,True,0.750968446969986,0.750968446969986
Lao People's Democratic Republic,XGBoost,2023-09-01,1.192,0.579423189163208,True,True,0.6125768108367919,0.6125768108367919
Lao People's Democratic Republic,XGBoost,2023-10-01,1.714,0.6172202229499817,True,True,1.0967797770500185,1.0967797770500185
Lao People's Democratic Republic,XGBoost,2023-11-01,2.145,0.8145720362663269,True,True,1.3304279637336731,1.3304279637336731
Lao People's Democratic Republic,XGBoost,2023-12-01,2.56,1.1693490743637085,True,True,1.3906509256362916,1.3906509256362916
Lao People's Democratic Republic,Prophet,2014-01-01,-0.723,0.9853231146350216,True,True,-1.7083231146350215,1.7083231146350215
Lao People's Democratic Republic,Prophet,2014-02-01,0.646,1.107750934579143,True,True,-0.4617509345791429,0.4617509345791429
Lao People's Democratic Republic,Prophet,2014-03-01,1.231,0.7923053321554794,True,True,0.4386946678445207,0.4386946678445207
Lao People's Democratic Republic,Prophet,2014-04-01,0.916,0.8072820491900694,True,True,0.1087179508099306,0.1087179508099306
Lao People's Democratic Republic,Prophet,2014-05-01,1.357,0.6237639439350882,True,True,0.7332360560649118,0.7332360560649118
Lao People's Democratic Republic,Prophet,2014-06-01,1.138,0.8164617623357614,True,True,0.3215382376642385,0.3215382376642385
Lao People's Democratic Republic,Prophet,2014-07-01,0.448,0.7452893129418465,True,True,-0.2972893129418465,0.2972893129418465
Lao People's Democratic Republic,Prophet,2014-08-01,0.678,0.7734501900347006,True,True,-0.0954501900347005,0.0954501900347005
Lao People's Democratic Republic,Prophet,2014-09-01,0.996,0.8147084633348995,True,True,0.1812915366651004,0.1812915366651004
Lao People's Democratic Republic,Prophet,2014-10-01,1.049,0.8288313243948433,True,True,0.2201686756051566,0.2201686756051566
Lao People's Democratic Republic,Prophet,2014-11-01,2.162,0.8916054014445152,True,True,1.2703945985554848,1.2703945985554848
Lao People's Democratic Republic,Prophet,2014-12-01,0.469,0.7610010919409445,True,True,-0.2920010919409445,0.2920010919409445
Lao People's Democratic Republic,Prophet,2015-01-01,0.162,1.0104611664898009,True,True,-0.8484611664898006,0.8484611664898006
Lao People's Democratic Republic,Prophet,2015-02-01,1.015,1.112379288304472,True,True,-0.0973792883044721,0.0973792883044721
Lao People's Democratic Republic,Prophet,2015-03-01,1.618,0.8187782915536019,True,True,0.7992217084463982,0.7992217084463982
Lao People's Democratic Republic,Prophet,2015-04-01,0.517,0.8310737805425926,True,True,-0.3140737805425926,0.3140737805425926
Lao People's Democratic Republic,Prophet,2015-05-01,2.031,0.6422254852093273,True,True,1.388774514790673,1.388774514790673
Lao People's Democratic Republic,Prophet,2015-06-01,1.779,0.8346975930400082,True,True,0.9443024069599916,0.9443024069599916
Lao People's Democratic Republic,Prophet,2015-07-01,0.65,0.762609439457613,True,True,-0.1126094394576129,0.1126094394576129
Lao People's Democratic Republic,Prophet,2015-08-01,1.158,0.78775651244579,True,True,0.3702434875542099,0.3702434875542099
Lao People's Democratic Republic,Prophet,2015-09-01,1.571,0.8346050203276364,True,True,0.7363949796723636,0.7363949796723636
Lao People's Democratic Republic,Prophet,2015-10-01,1.16,0.8484507095549104,True,True,0.3115492904450895,0.3115492904450895
Lao People's Democratic Republic,Prophet,2015-11-01,3.27,0.9131816738800128,True,True,2.356818326119987,2.356818326119987
Lao People's Democratic Republic,Prophet,2015-12-01,2.096,0.7773073379576594,True,True,1.3186926620423407,1.3186926620423407
Lao People's Democratic Republic,Prophet,2016-01-01,1.277,1.035394355010743,True,True,0.2416056449892569,0.2416056449892569
Lao People's Democratic Republic,Prophet,2016-02-01,-0.929,1.116902225016785,True,True,-2.045902225016785,2.045902225016785
Lao People's Democratic Republic,Prophet,2016-03-01,0.806,0.8149204386413349,True,True,-0.0089204386413348,0.0089204386413348
Lao People's Democratic Republic,Prophet,2016-04-01,2.838,0.8341834576088457,True,True,2.0038165423911543,2.0038165423911543
Lao People's Democratic Republic,Prophet,2016-05-01,1.365,0.6614194489727839,True,True,0.7035805510272161,0.7035805510272161
Lao People's Democratic Republic,Prophet,2016-06-01,1.194,0.8543277779379747,True,True,0.3396722220620253,0.3396722220620253
Lao People's Democratic Republic,Prophet,2016-07-01,0.79,0.7851986279179259,True,True,0.004801372082074,0.004801372082074
Lao People's Democratic Republic,Prophet,2016-08-01,1.132,0.8196698322727887,True,True,0.3123301677272112,0.3123301677272112
Lao People's Democratic Republic,Prophet,2016-09-01,1.01,0.849880305340937,True,True,0.160119694659063,0.160119694659063
Lao People's Democratic Republic,Prophet,2016-10-01,1.965,0.8644071428507856,True,True,1.1005928571492145,1.1005928571492145
Lao People's Democratic Republic,Prophet,2016-11-01,2.126,0.9229367071781028,True,True,1.203063292821897,1.203063292821897
Lao People's Democratic Republic,Prophet,2016-12-01,1.855,0.8032181455110554,True,True,1.0517818544889446,1.0517818544889446
Lao People's Democratic Republic,Prophet,2017-01-01,2.416,1.0346578437635494,True,True,1.3813421562364503,1.3813421562364503
Lao People's Democratic Republic,Prophet,2017-02-01,0.949,1.1776746914878986,True,True,-0.2286746914878986,0.2286746914878986
Lao People's Democratic Republic,Prophet,2017-03-01,0.905,0.8407994926497818,True,True,0.0642005073502182,0.0642005073502182
Lao People's Democratic Republic,Prophet,2017-04-01,0.347,0.8580981009965996,True,True,-0.5110981009965996,0.5110981009965996
Lao People's Democratic Republic,Prophet,2017-05-01,0.236,0.6799432796395457,True,True,-0.4439432796395457,0.4439432796395457
Lao People's Democratic Republic,Prophet,2017-06-01,1.115,0.8727869807455063,True,True,0.2422130192544936,0.2422130192544936
Lao People's Democratic Republic,Prophet,2017-07-01,0.001,0.8026020087781109,True,True,-0.8016020087781109,0.8016020087781109
Lao People's Democratic Republic,Prophet,2017-08-01,1.11,0.8338714758037458,True,True,0.2761285241962543,0.2761285241962543
Lao People's Democratic Republic,Prophet,2017-09-01,1.652,0.8695818606439532,True,True,0.7824181393560468,0.7824181393560468
Lao People's Democratic Republic,Prophet,2017-10-01,1.009,0.8839310270083977,True,True,0.1250689729916022,0.1250689729916022
Lao People's Democratic Republic,Prophet,2017-11-01,1.456,0.9446378402078476,True,True,0.5113621597921524,0.5113621597921524
Lao People's Democratic Republic,Prophet,2017-12-01,0.522,0.8194197447838752,True,True,-0.2974197447838752,0.2974197447838752
Lao People's Democratic Republic,Prophet,2018-01-01,1.556,1.0599958687498183,True,True,0.4960041312501815,0.4960041312501815
Lao People's Democratic Republic,Prophet,2018-02-01,-0.061,1.182423688694033,True,True,-1.2434236886940329,1.2434236886940329
Lao People's Democratic Republic,Prophet,2018-03-01,1.034,0.866978086270316,True,True,0.167021913729684,0.167021913729684
Lao People's Democratic Republic,Prophet,2018-04-01,-0.381,0.881954803304875,True,True,-1.262954803304875,1.262954803304875
Lao People's Democratic Republic,Prophet,2018-05-01,0.372,0.6984366980499012,True,True,-0.3264366980499011,0.3264366980499011
Lao People's Democratic Republic,Prophet,2018-06-01,0.621,0.8911345164505876,True,True,-0.2701345164505876,0.2701345164505876
Lao People's Democratic Republic,Prophet,2018-07-01,0.265,0.8199620670566745,True,True,-0.5549620670566745,0.5549620670566745
Lao People's Democratic Republic,Prophet,2018-08-01,0.517,0.8481229441494972,True,True,-0.3311229441494971,0.3311229441494971
Lao People's Democratic Republic,Prophet,2018-09-01,1.29,0.8893812174496913,True,True,0.4006187825503087,0.4006187825503087
Lao People's Democratic Republic,Prophet,2018-10-01,1.481,0.9035040785096862,True,True,0.5774959214903139,0.5774959214903139
Lao People's Democratic Republic,Prophet,2018-11-01,2.237,0.9662781555593472,True,True,1.270721844440653,1.270721844440653
Lao People's Democratic Republic,Prophet,2018-12-01,2.895,0.8356738460557488,True,True,2.059326153944251,2.059326153944251
Lao People's Democratic Republic,Prophet,2019-01-01,2.179,1.0851339206046025,True,True,1.0938660793953974,1.0938660793953974
Lao People's Democratic Republic,Prophet,2019-02-01,3.262,1.1870520424193036,True,True,2.0749479575806964,2.0749479575806964
Lao People's Democratic Republic,Prophet,2019-03-01,1.892,0.8934510456683362,True,True,0.9985489543316636,0.9985489543316636
Lao People's Democratic Republic,Prophet,2019-04-01,2.739,0.9057465346574084,True,True,1.833253465342592,1.833253465342592
Lao People's Democratic Republic,Prophet,2019-05-01,1.923,0.7168982393241681,True,True,1.206101760675832,1.206101760675832
Lao People's Democratic Republic,Prophet,2019-06-01,2.478,0.909370347154844,True,True,1.5686296528451562,1.5686296528451562
Lao People's Democratic Republic,Prophet,2019-07-01,1.379,0.837282193572408,True,True,0.541717806427592,0.541717806427592
Lao People's Democratic Republic,Prophet,2019-08-01,1.036,0.8624292665605655,True,True,0.1735707334394345,0.1735707334394345
Lao People's Democratic Republic,Prophet,2019-09-01,0.927,0.909277774442459,True,True,0.0177222255575409,0.0177222255575409
Lao People's Democratic Republic,Prophet,2019-10-01,1.732,0.9231234636697264,True,True,0.8088765363302736,0.8088765363302736
Lao People's Democratic Republic,Prophet,2019-11-01,1.717,0.987854427994896,True,True,0.729145572005104,0.729145572005104
Lao People's Democratic Republic,Prophet,2019-12-01,1.35,0.8519800920724587,True,True,0.4980199079275413,0.4980199079275413
Lao People's Democratic Republic,Prophet,2020-01-01,2.926,1.1100671091255745,True,True,1.8159328908744257,1.8159328908744257
Lao People's Democratic Republic,Prophet,2020-02-01,1.84,1.1915749791315595,True,True,0.6484250208684403,0.6484250208684403
Lao People's Democratic Republic,Prophet,2020-03-01,2.23,0.8895931927562,True,True,1.3404068072438,1.3404068072438
Lao People's Democratic Republic,Prophet,2020-04-01,0.181,0.9088562117237032,True,True,-0.7278562117237033,0.7278562117237033
Lao People's Democratic Republic,Prophet,2020-05-01,2.362,0.7360922030875968,True,True,1.6259077969124034,1.6259077969124034
Lao People's Democratic Republic,Prophet,2020-06-01,1.833,0.9290005320527768,True,True,0.9039994679472232,0.9039994679472232
Lao People's Democratic Republic,Prophet,2020-07-01,1.756,0.859871382032765,True,True,0.896128617967235,0.896128617967235
Lao People's Democratic Republic,Prophet,2020-08-01,0.881,0.8943425863877084,True,True,-0.0133425863877083,0.0133425863877083
Lao People's Democratic Republic,Prophet,2020-09-01,1.766,0.9245530594557828,True,True,0.8414469405442171,0.8414469405442171
Lao People's Democratic Republic,Prophet,2020-10-01,-0.099,0.939079896965651,True,True,-1.038079896965651,1.038079896965651
Lao People's Democratic Republic,Prophet,2020-11-01,1.528,0.9976094612929232,True,True,0.5303905387070769,0.5303905387070769
Lao People's Democratic Republic,Prophet,2020-12-01,0.817,0.8778908996258561,True,True,-0.0608908996258561,0.0608908996258561
Lao People's Democratic Republic,Prophet,2021-01-01,-0.208,1.109330597878361,True,True,-1.317330597878361,1.317330597878361
Lao People's Democratic Republic,Prophet,2021-02-01,1.061,1.2523474456026304,True,True,-0.1913474456026305,0.1913474456026305
Lao People's Democratic Republic,Prophet,2021-03-01,1.901,0.9154722467645698,True,True,0.9855277532354302,0.9855277532354302
Lao People's Democratic Republic,Prophet,2021-04-01,0.554,0.9327708551113696,True,True,-0.3787708551113696,0.3787708551113696
Lao People's Democratic Republic,Prophet,2021-05-01,1.528,0.7546160337543473,True,True,0.7733839662456528,0.7733839662456528
Lao People's Democratic Republic,Prophet,2021-06-01,1.309,0.9474597348603222,True,True,0.3615402651396777,0.3615402651396777
Lao People's Democratic Republic,Prophet,2021-07-01,1.043,0.8772747628929236,True,True,0.1657252371070763,0.1657252371070763
Lao People's Democratic Republic,Prophet,2021-08-01,1.744,0.9085442299185358,True,True,0.8354557700814642,0.8354557700814642
Lao People's Democratic Republic,Prophet,2021-09-01,0.921,0.9442546147587572,True,True,-0.0232546147587572,0.0232546147587572
Lao People's Democratic Republic,Prophet,2021-10-01,0.697,0.958603781123196,True,True,-0.261603781123196,0.261603781123196
Lao People's Democratic Republic,Prophet,2021-11-01,1.571,1.0193105943226608,True,True,0.5516894056773392,0.5516894056773392
Lao People's Democratic Republic,Prophet,2021-12-01,0.542,0.894092498898704,True,True,-0.352092498898704,0.352092498898704
Lao People's Democratic Republic,Prophet,2022-01-01,2.297,1.1346686228646834,True,True,1.1623313771353168,1.1623313771353168
Lao People's Democratic Republic,Prophet,2022-02-01,-0.002,1.2570964428087903,True,True,-1.2590964428087903,1.2590964428087903
Lao People's Democratic Republic,Prophet,2022-03-01,1.647,0.9416508403851138,True,True,0.7053491596148862,0.7053491596148862
Lao People's Democratic Republic,Prophet,2022-04-01,-0.622,0.9566275574196448,True,True,-1.578627557419645,1.578627557419645
Lao People's Democratic Republic,Prophet,2022-05-01,-0.402,0.773109452164736,True,True,-1.175109452164736,1.175109452164736
Lao People's Democratic Republic,Prophet,2022-06-01,1.364,0.9658072705654366,True,True,0.3981927294345635,0.3981927294345635
Lao People's Democratic Republic,Prophet,2022-07-01,1.205,0.8946348211714814,True,True,0.3103651788285186,0.3103651788285186
Lao People's Democratic Republic,Prophet,2022-08-01,0.912,0.9227956982643496,True,True,-0.0107956982643496,0.0107956982643496
Lao People's Democratic Republic,Prophet,2022-09-01,0.817,0.964053971564542,True,True,-0.1470539715645419,0.1470539715645419
Lao People's Democratic Republic,Prophet,2022-10-01,0.377,0.978176832624495,True,True,-0.601176832624495,0.601176832624495
Lao People's Democratic Republic,Prophet,2022-11-01,2.704,1.0409509096741447,True,True,1.6630490903258557,1.6630490903258557
Lao People's Democratic Republic,Prophet,2022-12-01,0.908,0.910346600170595,True,True,-0.0023466001705949,0.0023466001705949
Lao People's Democratic Republic,Prophet,2023-01-01,0.437,1.1598066747195173,True,True,-0.7228066747195172,0.7228066747195172
Lao People's Democratic Republic,Prophet,2023-02-01,1.781,1.2617247965340683,True,True,0.5192752034659314,0.5192752034659314
Lao People's Democratic Republic,Prophet,2023-03-01,1.111,0.9681237997831909,True,True,0.1428762002168091,0.1428762002168091
Lao People's Democratic Republic,Prophet,2023-04-01,2.441,0.980419288772248,True,True,1.460580711227752,1.460580711227752
Lao People's Democratic Republic,Prophet,2023-05-01,1.993,0.7915709934389643,True,True,1.2014290065610358,1.2014290065610358
Lao People's Democratic Republic,Prophet,2023-06-01,1.436,0.9840431012696428,True,True,0.451956898730357,0.451956898730357
Lao People's Democratic Republic,Prophet,2023-07-01,1.534,0.9119549476872608,True,True,0.6220450523127393,0.6220450523127393
Lao People's Democratic Republic,Prophet,2023-08-01,1.159,0.9371020206754358,True,True,0.2218979793245642,0.2218979793245642
Lao People's Democratic Republic,Prophet,2023-09-01,1.192,0.9839505285572768,True,True,0.2080494714427232,0.2080494714427232
Lao People's Democratic Republic,Prophet,2023-10-01,1.714,0.9977962177845257,True,True,0.7162037822154743,0.7162037822154743
Lao People's Democratic Republic,Prophet,2023-11-01,2.145,1.062527182109672,True,True,1.082472817890328,1.082472817890328
Lao People's Democratic Republic,Prophet,2023-12-01,2.56,0.9266528461873088,True,True,1.6333471538126911,1.6333471538126911
Malaysia,Holt-Winters,2014-01-01,0.14,0.8541623592929456,True,True,-0.7141623592929456,0.7141623592929456
Malaysia,Holt-Winters,2014-02-01,0.636,0.8956261309057482,True,True,-0.2596261309057481,0.2596261309057481
Malaysia,Holt-Winters,2014-03-01,0.984,0.9188475191018552,True,True,0.0651524808981447,0.0651524808981447
Malaysia,Holt-Winters,2014-04-01,1.055,0.8863733892679874,True,True,0.1686266107320125,0.1686266107320125
Malaysia,Holt-Winters,2014-05-01,1.039,0.8824838699220845,True,True,0.1565161300779154,0.1565161300779154
Malaysia,Holt-Winters,2014-06-01,1.516,0.9504364233107084,True,True,0.5655635766892915,0.5655635766892915
Malaysia,Holt-Winters,2014-07-01,1.39,0.9341665580239944,True,True,0.4558334419760054,0.4558334419760054
Malaysia,Holt-Winters,2014-08-01,0.513,0.9362630112663004,True,True,-0.4232630112663004,0.4232630112663004
Malaysia,Holt-Winters,2014-09-01,0.853,0.8328189031829496,True,True,0.0201810968170503,0.0201810968170503
Malaysia,Holt-Winters,2014-10-01,0.85,0.826507846467635,True,True,0.023492153532365,0.023492153532365
Malaysia,Holt-Winters,2014-11-01,0.848,0.8131061599988297,True,True,0.0348938400011702,0.0348938400011702
Malaysia,Holt-Winters,2014-12-01,0.801,0.8171615439521311,True,True,-0.016161543952131,0.016161543952131
Malaysia,Holt-Winters,2015-01-01,0.571,0.8713806562980398,True,True,-0.3003806562980399,0.3003806562980399
Malaysia,Holt-Winters,2015-02-01,0.642,0.9128444279108424,True,True,-0.2708444279108424,0.2708444279108424
Malaysia,Holt-Winters,2015-03-01,0.959,0.9360658161069496,True,True,0.0229341838930504,0.0229341838930504
Malaysia,Holt-Winters,2015-04-01,1.027,0.9035916862730816,True,True,0.1234083137269181,0.1234083137269181
Malaysia,Holt-Winters,2015-05-01,0.945,0.8997021669271789,True,True,0.045297833072821,0.045297833072821
Malaysia,Holt-Winters,2015-06-01,1.294,0.9676547203158028,True,True,0.3263452796841972,0.3263452796841972
Malaysia,Holt-Winters,2015-07-01,1.538,0.9513848550290888,True,True,0.5866151449709113,0.5866151449709113
Malaysia,Holt-Winters,2015-08-01,1.059,0.9534813082713948,True,True,0.1055186917286052,0.1055186917286052
Malaysia,Holt-Winters,2015-09-01,1.243,0.8500372001880439,True,True,0.3929627998119562,0.3929627998119562
Malaysia,Holt-Winters,2015-10-01,1.334,0.8437261434727292,True,True,0.4902738565272708,0.4902738565272708
Malaysia,Holt-Winters,2015-11-01,1.141,0.8303244570039241,True,True,0.3106755429960759,0.3106755429960759
Malaysia,Holt-Winters,2015-12-01,1.484,0.8343798409572255,True,True,0.6496201590427745,0.6496201590427745
Malaysia,Holt-Winters,2016-01-01,2.023,0.8885989533031342,True,True,1.134401046696866,1.134401046696866
Malaysia,Holt-Winters,2016-02-01,1.656,0.9300627249159368,True,True,0.7259372750840632,0.7259372750840632
Malaysia,Holt-Winters,2016-03-01,1.743,0.9532841131120438,True,True,0.7897158868879564,0.7897158868879564
Malaysia,Holt-Winters,2016-04-01,1.925,0.920809983278176,True,True,1.004190016721824,1.004190016721824
Malaysia,Holt-Winters,2016-05-01,1.463,0.9169204639322732,True,True,0.546079536067727,0.546079536067727
Malaysia,Holt-Winters,2016-06-01,1.049,0.9848730173208972,True,True,0.0641269826791027,0.0641269826791027
Malaysia,Holt-Winters,2016-07-01,1.397,0.9686031520341832,True,True,0.4283968479658169,0.4283968479658169
Malaysia,Holt-Winters,2016-08-01,1.617,0.970699605276489,True,True,0.646300394723511,0.646300394723511
Malaysia,Holt-Winters,2016-09-01,1.078,0.8672554971931381,True,True,0.2107445028068619,0.2107445028068619
Malaysia,Holt-Winters,2016-10-01,1.237,0.8609444404778235,True,True,0.3760555595221766,0.3760555595221766
Malaysia,Holt-Winters,2016-11-01,1.141,0.8475427540090184,True,True,0.2934572459909816,0.2934572459909816
Malaysia,Holt-Winters,2016-12-01,1.201,0.8515981379623198,True,True,0.3494018620376803,0.3494018620376803
Malaysia,Holt-Winters,2017-01-01,1.252,0.9058172503082283,True,True,0.3461827496917715,0.3461827496917715
Malaysia,Holt-Winters,2017-02-01,0.905,0.947281021921031,True,True,-0.042281021921031,0.042281021921031
Malaysia,Holt-Winters,2017-03-01,0.733,0.970502410117138,True,True,-0.2375024101171381,0.2375024101171381
Malaysia,Holt-Winters,2017-04-01,0.801,0.9380282802832702,True,True,-0.1370282802832702,0.1370282802832702
Malaysia,Holt-Winters,2017-05-01,0.957,0.9341387609373674,True,True,0.0228612390626326,0.0228612390626326
Malaysia,Holt-Winters,2017-06-01,0.981,1.0020913143259913,True,True,-0.0210913143259913,0.0210913143259913
Malaysia,Holt-Winters,2017-07-01,1.078,0.9858214490392774,True,True,0.0921785509607227,0.0921785509607227
Malaysia,Holt-Winters,2017-08-01,0.999,0.9879179022815832,True,True,0.0110820977184167,0.0110820977184167
Malaysia,Holt-Winters,2017-09-01,0.91,0.8844737941982325,True,True,0.0255262058017675,0.0255262058017675
Malaysia,Holt-Winters,2017-10-01,1.222,0.8781627374829178,True,True,0.3438372625170821,0.3438372625170821
Malaysia,Holt-Winters,2017-11-01,1.221,0.8647610510141126,True,True,0.3562389489858875,0.3562389489858875
Malaysia,Holt-Winters,2017-12-01,1.102,0.868816434967414,True,True,0.233183565032586,0.233183565032586
Malaysia,Holt-Winters,2018-01-01,0.843,0.9230355473133228,True,True,-0.0800355473133227,0.0800355473133227
Malaysia,Holt-Winters,2018-02-01,0.696,0.9644993189261252,True,True,-0.2684993189261253,0.2684993189261253
Malaysia,Holt-Winters,2018-03-01,0.929,0.9877207071222324,True,True,-0.0587207071222323,0.0587207071222323
Malaysia,Holt-Winters,2018-04-01,0.959,0.9552465772883646,True,True,0.0037534227116353,0.0037534227116353
Malaysia,Holt-Winters,2018-05-01,0.675,0.9513570579424616,True,True,-0.2763570579424617,0.2763570579424617
Malaysia,Holt-Winters,2018-06-01,1.112,1.0193096113310856,True,True,0.0926903886689145,0.0926903886689145
Malaysia,Holt-Winters,2018-07-01,1.379,1.0030397460443714,True,True,0.3759602539556286,0.3759602539556286
Malaysia,Holt-Winters,2018-08-01,1.293,1.0051361992866774,True,True,0.2878638007133225,0.2878638007133225
Malaysia,Holt-Winters,2018-09-01,0.887,0.9016920912033268,True,True,-0.0146920912033267,0.0146920912033267
Malaysia,Holt-Winters,2018-10-01,1.128,0.8953810344880121,True,True,0.2326189655119878,0.2326189655119878
Malaysia,Holt-Winters,2018-11-01,1.317,0.881979348019207,True,True,0.435020651980793,0.435020651980793
Malaysia,Holt-Winters,2018-12-01,1.359,0.8860347319725084,True,True,0.4729652680274916,0.4729652680274916
Malaysia,Holt-Winters,2019-01-01,1.509,0.940253844318417,True,True,0.5687461556815829,0.5687461556815829
Malaysia,Holt-Winters,2019-02-01,1.242,0.9817176159312196,True,True,0.2602823840687804,0.2602823840687804
Malaysia,Holt-Winters,2019-03-01,1.179,1.0049390041273265,True,True,0.1740609958726735,0.1740609958726735
Malaysia,Holt-Winters,2019-04-01,1.429,0.9724648742934588,True,True,0.4565351257065412,0.4565351257065412
Malaysia,Holt-Winters,2019-05-01,1.428,0.968575354947556,True,True,0.4594246450524439,0.4594246450524439
Malaysia,Holt-Winters,2019-06-01,1.197,1.0365279083361798,True,True,0.1604720916638202,0.1604720916638202
Malaysia,Holt-Winters,2019-07-01,1.266,1.020258043049466,True,True,0.2457419569505341,0.2457419569505341
Malaysia,Holt-Winters,2019-08-01,1.498,1.0223544962917717,True,True,0.4756455037082283,0.4756455037082283
Malaysia,Holt-Winters,2019-09-01,1.333,0.918910388208421,True,True,0.414089611791579,0.414089611791579
Malaysia,Holt-Winters,2019-10-01,1.02,0.9125993314931063,True,True,0.1074006685068936,0.1074006685068936
Malaysia,Holt-Winters,2019-11-01,1.357,0.8991976450243012,True,True,0.4578023549756987,0.4578023549756987
Malaysia,Holt-Winters,2019-12-01,1.146,0.9032530289776026,True,True,0.2427469710223972,0.2427469710223972
Malaysia,Holt-Winters,2020-01-01,1.462,0.9574721413235112,True,True,0.5045278586764886,0.5045278586764886
Malaysia,Holt-Winters,2020-02-01,1.371,0.998935912936314,True,True,0.3720640870636861,0.3720640870636861
Malaysia,Holt-Winters,2020-03-01,1.486,1.0221573011324208,True,True,0.4638426988675792,0.4638426988675792
Malaysia,Holt-Winters,2020-04-01,1.44,0.9896831712985532,True,True,0.4503168287014468,0.4503168287014468
Malaysia,Holt-Winters,2020-05-01,1.445,0.9857936519526502,True,True,0.4592063480473498,0.4592063480473498
Malaysia,Holt-Winters,2020-06-01,1.097,1.0537462053412745,True,True,0.0432537946587257,0.0432537946587257
Malaysia,Holt-Winters,2020-07-01,1.125,1.03747634005456,True,True,0.0875236599454398,0.0875236599454398
Malaysia,Holt-Winters,2020-08-01,1.274,1.039572793296866,True,True,0.2344272067031338,0.2344272067031338
Malaysia,Holt-Winters,2020-09-01,1.027,0.9361286852135152,True,True,0.0908713147864845,0.0908713147864845
Malaysia,Holt-Winters,2020-10-01,1.305,0.9298176284982006,True,True,0.3751823715017993,0.3751823715017993
Malaysia,Holt-Winters,2020-11-01,1.198,0.9164159420293956,True,True,0.2815840579706045,0.2815840579706045
Malaysia,Holt-Winters,2020-12-01,1.178,0.9204713259826968,True,True,0.257528674017303,0.257528674017303
Malaysia,Holt-Winters,2021-01-01,0.843,0.9746904383286056,True,True,-0.1316904383286056,0.1316904383286056
Malaysia,Holt-Winters,2021-02-01,0.867,1.016154209941408,True,True,-0.149154209941408,0.149154209941408
Malaysia,Holt-Winters,2021-03-01,1.105,1.0393755981375152,True,True,0.0656244018624847,0.0656244018624847
Malaysia,Holt-Winters,2021-04-01,0.91,1.0069014683036472,True,True,-0.0969014683036472,0.0969014683036472
Malaysia,Holt-Winters,2021-05-01,0.832,1.0030119489577445,True,True,-0.1710119489577443,0.1710119489577443
Malaysia,Holt-Winters,2021-06-01,1.098,1.0709645023463683,True,True,0.0270354976536317,0.0270354976536317
Malaysia,Holt-Winters,2021-07-01,1.45,1.0546946370596544,True,True,0.3953053629403456,0.3953053629403456
Malaysia,Holt-Winters,2021-08-01,1.165,1.0567910903019604,True,True,0.1082089096980396,0.1082089096980396
Malaysia,Holt-Winters,2021-09-01,1.046,0.9533469822186096,True,True,0.0926530177813904,0.0926530177813904
Malaysia,Holt-Winters,2021-10-01,1.616,0.947035925503295,True,True,0.6689640744967051,0.6689640744967051
Malaysia,Holt-Winters,2021-11-01,1.158,0.9336342390344898,True,True,0.22436576096551,0.22436576096551
Malaysia,Holt-Winters,2021-12-01,1.145,0.9376896229877912,True,True,0.2073103770122089,0.2073103770122089
Malaysia,Holt-Winters,2022-01-01,1.304,0.9919087353337,True,True,0.3120912646663001,0.3120912646663001
Malaysia,Holt-Winters,2022-02-01,1.163,1.0333725069465023,True,True,0.1296274930534977,0.1296274930534977
Malaysia,Holt-Winters,2022-03-01,1.138,1.0565938951426097,True,True,0.0814061048573904,0.0814061048573904
Malaysia,Holt-Winters,2022-04-01,0.896,1.0241197653087415,True,True,-0.1281197653087414,0.1281197653087414
Malaysia,Holt-Winters,2022-05-01,1.036,1.0202302459628383,True,True,0.0157697540371615,0.0157697540371615
Malaysia,Holt-Winters,2022-06-01,0.827,1.0881827993514628,True,True,-0.2611827993514628,0.2611827993514628
Malaysia,Holt-Winters,2022-07-01,1.333,1.0719129340647486,True,True,0.2610870659352513,0.2610870659352513
Malaysia,Holt-Winters,2022-08-01,0.976,1.0740093873070546,True,True,-0.0980093873070546,0.0980093873070546
Malaysia,Holt-Winters,2022-09-01,0.729,0.9705652792237038,True,True,-0.2415652792237038,0.2415652792237038
Malaysia,Holt-Winters,2022-10-01,0.773,0.9642542225083892,True,True,-0.1912542225083893,0.1912542225083893
Malaysia,Holt-Winters,2022-11-01,0.846,0.950852536039584,True,True,-0.1048525360395841,0.1048525360395841
Malaysia,Holt-Winters,2022-12-01,0.475,0.9549079199928854,True,True,-0.4799079199928854,0.4799079199928854
Malaysia,Holt-Winters,2023-01-01,1.067,1.009127032338794,True,True,0.0578729676612059,0.0578729676612059
Malaysia,Holt-Winters,2023-02-01,0.773,1.0505908039515963,True,True,-0.2775908039515965,0.2775908039515965
Malaysia,Holt-Winters,2023-03-01,0.614,1.0738121921477035,True,True,-0.4598121921477037,0.4598121921477037
Malaysia,Holt-Winters,2023-04-01,1.178,1.0413380623138355,True,True,0.1366619376861642,0.1366619376861642
Malaysia,Holt-Winters,2023-05-01,1.387,1.037448542967933,True,True,0.349551457032067,0.349551457032067
Malaysia,Holt-Winters,2023-06-01,1.32,1.105401096356557,True,True,0.214598903643443,0.214598903643443
Malaysia,Holt-Winters,2023-07-01,1.312,1.0891312310698429,True,True,0.2228687689301571,0.2228687689301571
Malaysia,Holt-Winters,2023-08-01,1.359,1.091227684312149,True,True,0.2677723156878511,0.2677723156878511
Malaysia,Holt-Winters,2023-09-01,1.247,0.987783576228798,True,True,0.259216423771202,0.259216423771202
Malaysia,Holt-Winters,2023-10-01,1.561,0.9814725195134836,True,True,0.5795274804865164,0.5795274804865164
Malaysia,Holt-Winters,2023-11-01,1.321,0.9680708330446784,True,True,0.3529291669553216,0.3529291669553216
Malaysia,Holt-Winters,2023-12-01,1.599,0.97212621699798,True,True,0.6268737830020201,0.6268737830020201
Malaysia,SARIMA,2014-01-01,0.14,0.8792204588557104,True,True,-0.7392204588557104,0.7392204588557104
Malaysia,SARIMA,2014-02-01,0.636,0.9335484968685198,True,True,-0.2975484968685198,0.2975484968685198
Malaysia,SARIMA,2014-03-01,0.984,0.9013311939017838,True,True,0.0826688060982161,0.0826688060982161
Malaysia,SARIMA,2014-04-01,1.055,0.8736279833217799,True,True,0.18137201667822,0.18137201667822
Malaysia,SARIMA,2014-05-01,1.039,0.8842032133262585,True,True,0.1547967866737414,0.1547967866737414
Malaysia,SARIMA,2014-06-01,1.516,0.9479591328671824,True,True,0.5680408671328177,0.5680408671328177
Malaysia,SARIMA,2014-07-01,1.39,0.9659164498646424,True,True,0.4240835501353575,0.4240835501353575
Malaysia,SARIMA,2014-08-01,0.513,0.996324350923945,True,True,-0.483324350923945,0.483324350923945
Malaysia,SARIMA,2014-09-01,0.853,0.8529386783072048,True,True,6.132169279515765e-05,6.132169279515765e-05
Malaysia,SARIMA,2014-10-01,0.85,0.8435962126535528,True,True,0.0064037873464471,0.0064037873464471
Malaysia,SARIMA,2014-11-01,0.848,0.8140175127036351,True,True,0.0339824872963648,0.0339824872963648
Malaysia,SARIMA,2014-12-01,0.801,0.8200561903189866,True,True,-0.0190561903189865,0.0190561903189865
Malaysia,SARIMA,2015-01-01,0.571,0.9101348832866216,True,True,-0.3391348832866215,0.3391348832866215
Malaysia,SARIMA,2015-02-01,0.642,0.9330585601063514,True,True,-0.2910585601063513,0.2910585601063513
Malaysia,SARIMA,2015-03-01,0.959,0.9534570486201032,True,True,0.0055429513798966,0.0055429513798966
Malaysia,SARIMA,2015-04-01,1.027,0.8940863047906072,True,True,0.1329136952093926,0.1329136952093926
Malaysia,SARIMA,2015-05-01,0.945,0.9166617430561737,True,True,0.0283382569438264,0.0283382569438264
Malaysia,SARIMA,2015-06-01,1.294,1.0123507917349752,True,True,0.2816492082650248,0.2816492082650248
Malaysia,SARIMA,2015-07-01,1.538,0.9805909505936408,True,True,0.5574090494063594,0.5574090494063594
Malaysia,SARIMA,2015-08-01,1.059,1.0066452002698678,True,True,0.0523547997301321,0.0523547997301321
Malaysia,SARIMA,2015-09-01,1.243,0.8663078605929176,True,True,0.3766921394070824,0.3766921394070824
Malaysia,SARIMA,2015-10-01,1.334,0.8583048593374448,True,True,0.4756951406625552,0.4756951406625552
Malaysia,SARIMA,2015-11-01,1.141,0.8356103038682724,True,True,0.3053896961317276,0.3053896961317276
Malaysia,SARIMA,2015-12-01,1.484,0.8517199976485899,True,True,0.6322800023514101,0.6322800023514101
Malaysia,SARIMA,2016-01-01,2.023,0.933065790890518,True,True,1.089934209109482,1.089934209109482
Malaysia,SARIMA,2016-02-01,1.656,0.9606052988815068,True,True,0.695394701118493,0.695394701118493
Malaysia,SARIMA,2016-03-01,1.743,0.9746744965549052,True,True,0.7683255034450948,0.7683255034450948
Malaysia,SARIMA,2016-04-01,1.925,0.9197276286840792,True,True,1.0052723713159208,1.0052723713159208
Malaysia,SARIMA,2016-05-01,1.463,0.9396684558105948,True,True,0.5233315441894054,0.5233315441894054
Malaysia,SARIMA,2016-06-01,1.049,1.0341219115719078,True,True,0.0148780884280921,0.0148780884280921
Malaysia,SARIMA,2016-07-01,1.397,1.0052139961498383,True,True,0.3917860038501617,0.3917860038501617
Malaysia,SARIMA,2016-08-01,1.617,1.0329836995387798,True,True,0.5840163004612202,0.5840163004612202
Malaysia,SARIMA,2016-09-01,1.078,0.8911205005408104,True,True,0.1868794994591897,0.1868794994591897
Malaysia,SARIMA,2016-10-01,1.237,0.8841931680843804,True,True,0.3528068319156197,0.3528068319156197
Malaysia,SARIMA,2016-11-01,1.141,0.8597844945841961,True,True,0.2812155054158038,0.2812155054158038
Malaysia,SARIMA,2016-12-01,1.201,0.8760856332845101,True,True,0.32491436671549,0.32491436671549
Malaysia,SARIMA,2017-01-01,1.252,0.9571859104487108,True,True,0.294814089551289,0.294814089551289
Malaysia,SARIMA,2017-02-01,0.905,0.985267481577817,True,True,-0.0802674815778169,0.0802674815778169
Malaysia,SARIMA,2017-03-01,0.733,0.998996112321121,True,True,-0.2659961123211209,0.2659961123211209
Malaysia,SARIMA,2017-04-01,0.801,0.9445026202347944,True,True,-0.1435026202347944,0.1435026202347944
Malaysia,SARIMA,2017-05-01,0.957,0.9638843066695202,True,True,-0.0068843066695202,0.0068843066695202
Malaysia,SARIMA,2017-06-01,0.981,1.05918437851845,True,True,-0.07818437851845,0.07818437851845
Malaysia,SARIMA,2017-07-01,1.078,1.0293335645839132,True,True,0.0486664354160868,0.0486664354160868
Malaysia,SARIMA,2017-08-01,0.999,1.0576131843929166,True,True,-0.0586131843929166,0.0586131843929166
Malaysia,SARIMA,2017-09-01,0.91,0.915261685434972,True,True,-0.005261685434972,0.005261685434972
Malaysia,SARIMA,2017-10-01,1.222,0.908825631862245,True,True,0.313174368137755,0.313174368137755
Malaysia,SARIMA,2017-11-01,1.221,0.8840142499723832,True,True,0.3369857500276169,0.3369857500276169
Malaysia,SARIMA,2017-12-01,1.102,0.9008173001567852,True,True,0.201182699843215,0.201182699843215
Malaysia,SARIMA,2018-01-01,0.843,0.9814502143851516,True,True,-0.1384502143851517,0.1384502143851517
Malaysia,SARIMA,2018-02-01,0.696,1.0099454743195084,True,True,-0.3139454743195085,0.3139454743195085
Malaysia,SARIMA,2018-03-01,0.929,1.0232696393719252,True,True,-0.0942696393719251,0.0942696393719251
Malaysia,SARIMA,2018-04-01,0.959,0.9691458946041318,True,True,-0.0101458946041318,0.0101458946041318
Malaysia,SARIMA,2018-05-01,0.675,0.988190503385024,True,True,-0.3131905033850239,0.3131905033850239
Malaysia,SARIMA,2018-06-01,1.112,1.0837807180058647,True,True,0.0282192819941353,0.0282192819941353
Malaysia,SARIMA,2018-07-01,1.379,1.0536689744525451,True,True,0.3253310255474548,0.3253310255474548
Malaysia,SARIMA,2018-08-01,1.293,1.082227028784864,True,True,0.2107729712151358,0.2107729712151358
Malaysia,SARIMA,2018-09-01,0.887,0.9396138252774474,True,True,-0.0526138252774474,0.0526138252774474
Malaysia,SARIMA,2018-10-01,1.128,0.9334217035346504,True,True,0.1945782964653495,0.1945782964653495
Malaysia,SARIMA,2018-11-01,1.317,0.9083752800144864,True,True,0.4086247199855136,0.4086247199855136
Malaysia,SARIMA,2018-12-01,1.359,0.925389287333392,True,True,0.4336107126666081,0.4336107126666081
Malaysia,SARIMA,2019-01-01,1.509,1.005822930688592,True,True,0.5031770693114079,0.5031770693114079
Malaysia,SARIMA,2019-02-01,1.242,1.03450826521043,True,True,0.2074917347895699,0.2074917347895699
Malaysia,SARIMA,2019-03-01,1.179,1.0476545775974424,True,True,0.1313454224025576,0.1313454224025576
Malaysia,SARIMA,2019-04-01,1.429,0.9936994065567648,True,True,0.4353005934432353,0.4353005934432353
Malaysia,SARIMA,2019-05-01,1.428,1.012584189325469,True,True,0.4154158106745309,0.4154158106745309
Malaysia,SARIMA,2019-06-01,1.197,1.1083273754742464,True,True,0.0886726245257536,0.0886726245257536
Malaysia,SARIMA,2019-07-01,1.266,1.078070410601062,True,True,0.1879295893989381,0.1879295893989381
Malaysia,SARIMA,2019-08-01,1.498,1.1067625107428916,True,True,0.3912374892571084,0.3912374892571084
Malaysia,SARIMA,2019-09-01,1.333,0.9640229353647124,True,True,0.3689770646352875,0.3689770646352875
Malaysia,SARIMA,2019-10-01,1.02,0.957950126815451,True,True,0.062049873184549,0.062049873184549
Malaysia,SARIMA,2019-11-01,1.357,0.932791717291004,True,True,0.4242082827089961,0.4242082827089961
Malaysia,SARIMA,2019-12-01,1.146,0.949912156672931,True,True,0.1960878433270688,0.1960878433270688
Malaysia,SARIMA,2020-01-01,1.462,1.0302455482157011,True,True,0.4317544517842988,0.4317544517842988
Malaysia,SARIMA,2020-02-01,1.371,1.0590251546187184,True,True,0.3119748453812816,0.3119748453812816
Malaysia,SARIMA,2020-03-01,1.486,1.072082524361389,True,True,0.413917475638611,0.413917475638611
Malaysia,SARIMA,2020-04-01,1.44,1.018211081665543,True,True,0.421788918334457,0.421788918334457
Malaysia,SARIMA,2020-05-01,1.445,1.0370170492938628,True,True,0.4079829507061372,0.4079829507061372
Malaysia,SARIMA,2020-06-01,1.097,1.1328343013553523,True,True,-0.0358343013553523,0.0358343013553523
Malaysia,SARIMA,2020-07-01,1.125,1.1025076348503733,True,True,0.0224923651496267,0.0224923651496267
Malaysia,SARIMA,2020-08-01,1.274,1.1312656570435946,True,True,0.1427343429564054,0.1427343429564054
Malaysia,SARIMA,2020-09-01,1.027,0.988463966861058,True,True,0.0385360331389418,0.0385360331389418
Malaysia,SARIMA,2020-10-01,1.305,0.9824496706207678,True,True,0.3225503293792321,0.3225503293792321
Malaysia,SARIMA,2020-11-01,1.198,0.9572360853980968,True,True,0.2407639146019032,0.2407639146019032
Malaysia,SARIMA,2020-12-01,1.178,0.9744084401803236,True,True,0.2035915598196763,0.2035915598196763
Malaysia,SARIMA,2021-01-01,0.843,1.05469290717015,True,True,-0.2116929071701498,0.2116929071701498
Malaysia,SARIMA,2021-02-01,0.867,1.0835186332136078,True,True,-0.2165186332136077,0.2165186332136077
Malaysia,SARIMA,2021-03-01,1.105,1.096532552738508,True,True,0.008467447261492,0.008467447261492
Malaysia,SARIMA,2021-04-01,0.91,1.0427020613543905,True,True,-0.1327020613543902,0.1327020613543902
Malaysia,SARIMA,2021-05-01,0.832,1.0614694324730152,True,True,-0.2294694324730152,0.2294694324730152
Malaysia,SARIMA,2021-06-01,1.098,1.1573230723317032,True,True,-0.059323072331703,0.059323072331703
Malaysia,SARIMA,2021-07-01,1.45,1.126962108892856,True,True,0.3230378911071438,0.3230378911071438
Malaysia,SARIMA,2021-08-01,1.165,1.155752429122682,True,True,0.009247570877318,0.009247570877318
Malaysia,SARIMA,2021-09-01,1.046,1.012920303382666,True,True,0.0330796966173339,0.0330796966173339
Malaysia,SARIMA,2021-10-01,1.616,1.0069346889224022,True,True,0.6090653110775979,0.6090653110775979
Malaysia,SARIMA,2021-11-01,1.158,0.9816940795374792,True,True,0.1763059204625207,0.1763059204625207
Malaysia,SARIMA,2021-12-01,1.145,0.9988919064597812,True,True,0.1461080935402188,0.1461080935402188
Malaysia,SARIMA,2022-01-01,1.304,1.0791523708128132,True,True,0.2248476291871868,0.2248476291871868
Malaysia,SARIMA,2022-02-01,1.163,1.1080007135940997,True,True,0.0549992864059005,0.0549992864059005
Malaysia,SARIMA,2022-03-01,1.138,1.1209933200824933,True,True,0.0170066799175065,0.0170066799175065
Malaysia,SARIMA,2022-04-01,0.896,1.0671829118062728,True,True,-0.1711829118062727,0.1711829118062727
Malaysia,SARIMA,2022-05-01,1.036,1.085931358802534,True,True,-0.0499313588025338,0.0499313588025338
Malaysia,SARIMA,2022-06-01,0.827,1.1818028297637884,True,True,-0.3548028297637884,0.3548028297637884
Malaysia,SARIMA,2022-07-01,1.333,1.1514250643774613,True,True,0.1815749356225386,0.1815749356225386
Malaysia,SARIMA,2022-08-01,0.976,1.180231219221916,True,True,-0.204231219221916,0.204231219221916
Malaysia,SARIMA,2022-09-01,0.729,1.0373841722221926,True,True,-0.3083841722221926,0.3083841722221926
Malaysia,SARIMA,2022-10-01,0.773,1.0314126182379768,True,True,-0.2584126182379768,0.2584126182379768
Malaysia,SARIMA,2022-11-01,0.846,1.0061587590823002,True,True,-0.1601587590823002,0.1601587590823002
Malaysia,SARIMA,2022-12-01,0.475,1.0233690709716745,True,True,-0.5483690709716743,0.5483690709716743
Malaysia,SARIMA,2023-01-01,1.067,1.103617770446635,True,True,-0.036617770446635,0.036617770446635
Malaysia,SARIMA,2023-02-01,0.773,1.1324771996499907,True,True,-0.3594771996499907,0.3594771996499907
Malaysia,SARIMA,2023-03-01,0.614,1.1454593592343452,True,True,-0.5314593592343452,0.5314593592343452
Malaysia,SARIMA,2023-04-01,1.178,1.0916587953529904,True,True,0.0863412046470095,0.0863412046470095
Malaysia,SARIMA,2023-05-01,1.387,1.1103979657118956,True,True,0.2766020342881043,0.2766020342881043
Malaysia,SARIMA,2023-06-01,1.32,1.2062781783763703,True,True,0.1137218216236295,0.1137218216236295
Malaysia,SARIMA,2023-07-01,1.312,1.175892175437296,True,True,0.1361078245627041,0.1361078245627041
Malaysia,SARIMA,2023-08-01,1.359,1.2047060925510096,True,True,0.1542939074489904,0.1542939074489904
Malaysia,SARIMA,2023-09-01,1.247,1.061851730995638,True,True,0.185148269004362,0.185148269004362
Malaysia,SARIMA,2023-10-01,1.561,1.0558870696863885,True,True,0.5051129303136115,0.5051129303136115
Malaysia,SARIMA,2023-11-01,1.321,1.0306267154398825,True,True,0.2903732845601177,0.2903732845601177
Malaysia,SARIMA,2023-12-01,1.599,1.0478431478418833,True,True,0.5511568521581167,0.5511568521581167
Malaysia,XGBoost,2014-01-01,0.14,0.7217251658439636,True,True,-0.5817251658439636,0.5817251658439636
Malaysia,XGBoost,2014-02-01,0.636,0.6618458032608032,True,True,-0.0258458032608032,0.0258458032608032
Malaysia,XGBoost,2014-03-01,0.984,0.584333598613739,True,True,0.3996664013862609,0.3996664013862609
Malaysia,XGBoost,2014-04-01,1.055,0.5594084858894348,True,True,0.4955915141105651,0.4955915141105651
Malaysia,XGBoost,2014-05-01,1.039,0.6402283906936646,True,True,0.3987716093063354,0.3987716093063354
Malaysia,XGBoost,2014-06-01,1.516,0.6355982422828674,True,True,0.8804017577171326,0.8804017577171326
Malaysia,XGBoost,2014-07-01,1.39,0.6227102279663086,True,True,0.7672897720336913,0.7672897720336913
Malaysia,XGBoost,2014-08-01,0.513,0.6435112357139587,True,True,-0.1305112357139587,0.1305112357139587
Malaysia,XGBoost,2014-09-01,0.853,0.6286821365356445,True,True,0.2243178634643554,0.2243178634643554
Malaysia,XGBoost,2014-10-01,0.85,0.637894332408905,True,True,0.2121056675910949,0.2121056675910949
Malaysia,XGBoost,2014-11-01,0.848,0.645098090171814,True,True,0.202901909828186,0.202901909828186
Malaysia,XGBoost,2014-12-01,0.801,0.6389675140380859,True,True,0.1620324859619141,0.1620324859619141
Malaysia,XGBoost,2015-01-01,0.571,0.6103106737136841,True,True,-0.0393106737136841,0.0393106737136841
Malaysia,XGBoost,2015-02-01,0.642,0.6056845188140869,True,True,0.0363154811859131,0.0363154811859131
Malaysia,XGBoost,2015-03-01,0.959,0.5749887824058533,True,True,0.3840112175941467,0.3840112175941467
Malaysia,XGBoost,2015-04-01,1.027,0.6283848881721497,True,True,0.3986151118278502,0.3986151118278502
Malaysia,XGBoost,2015-05-01,0.945,0.6111887693405151,True,True,0.3338112306594848,0.3338112306594848
Malaysia,XGBoost,2015-06-01,1.294,0.5923320651054382,True,True,0.7016679348945618,0.7016679348945618
Malaysia,XGBoost,2015-07-01,1.538,0.6366322040557861,True,True,0.901367795944214,0.901367795944214
Malaysia,XGBoost,2015-08-01,1.059,0.6400070786476135,True,True,0.4189929213523864,0.4189929213523864
Malaysia,XGBoost,2015-09-01,1.243,0.62345951795578,True,True,0.6195404820442201,0.6195404820442201
Malaysia,XGBoost,2015-10-01,1.334,0.6588757038116455,True,True,0.6751242961883546,0.6751242961883546
Malaysia,XGBoost,2015-11-01,1.141,0.6563260555267334,True,True,0.4846739444732666,0.4846739444732666
Malaysia,XGBoost,2015-12-01,1.484,0.6434510350227356,True,True,0.8405489649772644,0.8405489649772644
Malaysia,XGBoost,2016-01-01,2.023,0.6171070337295532,True,True,1.405892966270447,1.405892966270447
Malaysia,XGBoost,2016-02-01,1.656,0.6227898597717285,True,True,1.0332101402282714,1.0332101402282714
Malaysia,XGBoost,2016-03-01,1.743,0.624012291431427,True,True,1.118987708568573,1.118987708568573
Malaysia,XGBoost,2016-04-01,1.925,0.6119982004165649,True,True,1.313001799583435,1.313001799583435
Malaysia,XGBoost,2016-05-01,1.463,0.6252945065498352,True,True,0.8377054934501649,0.8377054934501649
Malaysia,XGBoost,2016-06-01,1.049,0.6300870180130005,True,True,0.4189129819869994,0.4189129819869994
Malaysia,XGBoost,2016-07-01,1.397,0.6365307569503784,True,True,0.7604692430496216,0.7604692430496216
Malaysia,XGBoost,2016-08-01,1.617,0.6437230110168457,True,True,0.9732769889831544,0.9732769889831544
Malaysia,XGBoost,2016-09-01,1.078,0.620668351650238,True,True,0.457331648349762,0.457331648349762
Malaysia,XGBoost,2016-10-01,1.237,0.6550969481468201,True,True,0.58190305185318,0.58190305185318
Malaysia,XGBoost,2016-11-01,1.141,0.652547299861908,True,True,0.488452700138092,0.488452700138092
Malaysia,XGBoost,2016-12-01,1.201,0.645960807800293,True,True,0.5550391921997071,0.5550391921997071
Malaysia,XGBoost,2017-01-01,1.252,0.6075080037117004,True,True,0.6444919962882996,0.6444919962882996
Malaysia,XGBoost,2017-02-01,0.905,0.6125462055206299,True,True,0.2924537944793701,0.2924537944793701
Malaysia,XGBoost,2017-03-01,0.733,0.6084513068199158,True,True,0.1245486931800842,0.1245486931800842
Malaysia,XGBoost,2017-04-01,0.801,0.6281588673591614,True,True,0.1728411326408386,0.1728411326408386
Malaysia,XGBoost,2017-05-01,0.957,0.6194689273834229,True,True,0.3375310726165771,0.3375310726165771
Malaysia,XGBoost,2017-06-01,0.981,0.629557192325592,True,True,0.3514428076744079,0.3514428076744079
Malaysia,XGBoost,2017-07-01,1.078,0.6432445049285889,True,True,0.4347554950714112,0.4347554950714112
Malaysia,XGBoost,2017-08-01,0.999,0.6402696967124939,True,True,0.3587303032875061,0.3587303032875061
Malaysia,XGBoost,2017-09-01,0.91,0.620668351650238,True,True,0.289331648349762,0.289331648349762
Malaysia,XGBoost,2017-10-01,1.222,0.6566058993339539,True,True,0.5653941006660461,0.5653941006660461
Malaysia,XGBoost,2017-11-01,1.221,0.6540562510490417,True,True,0.5669437489509583,0.5669437489509583
Malaysia,XGBoost,2017-12-01,1.102,0.645960807800293,True,True,0.4560391921997071,0.4560391921997071
Malaysia,XGBoost,2018-01-01,0.843,0.6039119362831116,True,True,0.2390880637168884,0.2390880637168884
Malaysia,XGBoost,2018-02-01,0.696,0.6148681640625,True,True,0.0811318359374999,0.0811318359374999
Malaysia,XGBoost,2018-03-01,0.929,0.6189286112785339,True,True,0.3100713887214661,0.3100713887214661
Malaysia,XGBoost,2018-04-01,0.959,0.6222408413887024,True,True,0.3367591586112975,0.3367591586112975
Malaysia,XGBoost,2018-05-01,0.675,0.6322715878486633,True,True,0.0427284121513367,0.0427284121513367
Malaysia,XGBoost,2018-06-01,1.112,0.6305949687957764,True,True,0.4814050312042237,0.4814050312042237
Malaysia,XGBoost,2018-07-01,1.379,0.638749897480011,True,True,0.740250102519989,0.740250102519989
Malaysia,XGBoost,2018-08-01,1.293,0.6437230110168457,True,True,0.6492769889831542,0.6492769889831542
Malaysia,XGBoost,2018-09-01,0.887,0.620668351650238,True,True,0.266331648349762,0.266331648349762
Malaysia,XGBoost,2018-10-01,1.128,0.6566058993339539,True,True,0.471394100666046,0.471394100666046
Malaysia,XGBoost,2018-11-01,1.317,0.652547299861908,True,True,0.664452700138092,0.664452700138092
Malaysia,XGBoost,2018-12-01,1.359,0.645960807800293,True,True,0.713039192199707,0.713039192199707
Malaysia,XGBoost,2019-01-01,1.509,0.6075080037117004,True,True,0.9014919962882996,0.9014919962882996
Malaysia,XGBoost,2019-02-01,1.242,0.608950138092041,True,True,0.633049861907959,0.633049861907959
Malaysia,XGBoost,2019-03-01,1.179,0.6166066527366638,True,True,0.5623933472633362,0.5623933472633362
Malaysia,XGBoost,2019-04-01,1.429,0.6281588673591614,True,True,0.8008411326408387,0.8008411326408387
Malaysia,XGBoost,2019-05-01,1.428,0.6253869533538818,True,True,0.8026130466461181,0.8026130466461181
Malaysia,XGBoost,2019-06-01,1.197,0.6365307569503784,True,True,0.5604692430496216,0.5604692430496216
Malaysia,XGBoost,2019-07-01,1.266,0.6422032117843628,True,True,0.6237967882156372,0.6237967882156372
Malaysia,XGBoost,2019-08-01,1.498,0.6382109522819519,True,True,0.8597890477180481,0.8597890477180481
Malaysia,XGBoost,2019-09-01,1.333,0.620668351650238,True,True,0.7123316483497619,0.7123316483497619
Malaysia,XGBoost,2019-10-01,1.02,0.6566058993339539,True,True,0.3633941006660461,0.3633941006660461
Malaysia,XGBoost,2019-11-01,1.357,0.6540562510490417,True,True,0.7029437489509582,0.7029437489509582
Malaysia,XGBoost,2019-12-01,1.146,0.645960807800293,True,True,0.5000391921997069,0.5000391921997069
Malaysia,XGBoost,2020-01-01,1.462,0.6075080037117004,True,True,0.8544919962882995,0.8544919962882995
Malaysia,XGBoost,2020-02-01,1.371,0.608950138092041,True,True,0.762049861907959,0.762049861907959
Malaysia,XGBoost,2020-03-01,1.486,0.613010585308075,True,True,0.872989414691925,0.872989414691925
Malaysia,XGBoost,2020-04-01,1.44,0.6281588673591614,True,True,0.8118411326408386,0.8118411326408386
Malaysia,XGBoost,2020-05-01,1.445,0.6253869533538818,True,True,0.8196130466461182,0.8196130466461182
Malaysia,XGBoost,2020-06-01,1.097,0.6365307569503784,True,True,0.4604692430496215,0.4604692430496215
Malaysia,XGBoost,2020-07-01,1.125,0.6422032117843628,True,True,0.4827967882156372,0.4827967882156372
Malaysia,XGBoost,2020-08-01,1.274,0.6382109522819519,True,True,0.6357890477180481,0.6357890477180481
Malaysia,XGBoost,2020-09-01,1.027,0.620668351650238,True,True,0.4063316483497619,0.4063316483497619
Malaysia,XGBoost,2020-10-01,1.305,0.6566058993339539,True,True,0.6483941006660461,0.6483941006660461
Malaysia,XGBoost,2020-11-01,1.198,0.652547299861908,True,True,0.545452700138092,0.545452700138092
Malaysia,XGBoost,2020-12-01,1.178,0.645960807800293,True,True,0.532039192199707,0.532039192199707
Malaysia,XGBoost,2021-01-01,0.843,0.6075080037117004,True,True,0.2354919962882995,0.2354919962882995
Malaysia,XGBoost,2021-02-01,0.867,0.6125462055206299,True,True,0.2544537944793701,0.2544537944793701
Malaysia,XGBoost,2021-03-01,1.105,0.613010585308075,True,True,0.491989414691925,0.491989414691925
Malaysia,XGBoost,2021-04-01,0.91,0.6281588673591614,True,True,0.2818411326408386,0.2818411326408386
Malaysia,XGBoost,2021-05-01,0.832,0.6253869533538818,True,True,0.2066130466461181,0.2066130466461181
Malaysia,XGBoost,2021-06-01,1.098,0.6365307569503784,True,True,0.4614692430496216,0.4614692430496216
Malaysia,XGBoost,2021-07-01,1.45,0.6422032117843628,True,True,0.8077967882156372,0.8077967882156372
Malaysia,XGBoost,2021-08-01,1.165,0.6382109522819519,True,True,0.5267890477180481,0.5267890477180481
Malaysia,XGBoost,2021-09-01,1.046,0.620668351650238,True,True,0.425331648349762,0.425331648349762
Malaysia,XGBoost,2021-10-01,1.616,0.6566058993339539,True,True,0.9593941006660462,0.9593941006660462
Malaysia,XGBoost,2021-11-01,1.158,0.6540562510490417,True,True,0.5039437489509582,0.5039437489509582
Malaysia,XGBoost,2021-12-01,1.145,0.645960807800293,True,True,0.499039192199707,0.499039192199707
Malaysia,XGBoost,2022-01-01,1.304,0.6075080037117004,True,True,0.6964919962882996,0.6964919962882996
Malaysia,XGBoost,2022-02-01,1.163,0.6125462055206299,True,True,0.5504537944793702,0.5504537944793702
Malaysia,XGBoost,2022-03-01,1.138,0.613010585308075,True,True,0.524989414691925,0.524989414691925
Malaysia,XGBoost,2022-04-01,0.896,0.6281588673591614,True,True,0.2678411326408386,0.2678411326408386
Malaysia,XGBoost,2022-05-01,1.036,0.6253869533538818,True,True,0.4106130466461182,0.4106130466461182
Malaysia,XGBoost,2022-06-01,0.827,0.6365307569503784,True,True,0.1904692430496215,0.1904692430496215
Malaysia,XGBoost,2022-07-01,1.333,0.6422032117843628,True,True,0.6907967882156372,0.6907967882156372
Malaysia,XGBoost,2022-08-01,0.976,0.6382109522819519,True,True,0.3377890477180481,0.3377890477180481
Malaysia,XGBoost,2022-09-01,0.729,0.620668351650238,True,True,0.1083316483497619,0.1083316483497619
Malaysia,XGBoost,2022-10-01,0.773,0.6566058993339539,True,True,0.1163941006660461,0.1163941006660461
Malaysia,XGBoost,2022-11-01,0.846,0.652547299861908,True,True,0.193452700138092,0.193452700138092
Malaysia,XGBoost,2022-12-01,0.475,0.645960807800293,True,True,-0.170960807800293,0.170960807800293
Malaysia,XGBoost,2023-01-01,1.067,0.6075080037117004,True,True,0.4594919962882995,0.4594919962882995
Malaysia,XGBoost,2023-02-01,0.773,0.608950138092041,True,True,0.164049861907959,0.164049861907959
Malaysia,XGBoost,2023-03-01,0.614,0.613010585308075,True,True,0.000989414691925,0.000989414691925
Malaysia,XGBoost,2023-04-01,1.178,0.6281588673591614,True,True,0.5498411326408386,0.5498411326408386
Malaysia,XGBoost,2023-05-01,1.387,0.6253869533538818,True,True,0.7616130466461182,0.7616130466461182
Malaysia,XGBoost,2023-06-01,1.32,0.6365307569503784,True,True,0.6834692430496216,0.6834692430496216
Malaysia,XGBoost,2023-07-01,1.312,0.6422032117843628,True,True,0.6697967882156373,0.6697967882156373
Malaysia,XGBoost,2023-08-01,1.359,0.6382109522819519,True,True,0.7207890477180481,0.7207890477180481
Malaysia,XGBoost,2023-09-01,1.247,0.620668351650238,True,True,0.6263316483497621,0.6263316483497621
Malaysia,XGBoost,2023-10-01,1.561,0.6566058993339539,True,True,0.904394100666046,0.904394100666046
Malaysia,XGBoost,2023-11-01,1.321,0.6540562510490417,True,True,0.6669437489509582,0.6669437489509582
Malaysia,XGBoost,2023-12-01,1.599,0.645960807800293,True,True,0.953039192199707,0.953039192199707
Malaysia,Prophet,2014-01-01,0.14,0.7421759393845263,True,True,-0.6021759393845263,0.6021759393845263
Malaysia,Prophet,2014-02-01,0.636,0.7897634925466914,True,True,-0.1537634925466914,0.1537634925466914
Malaysia,Prophet,2014-03-01,0.984,0.802069944812241,True,True,0.1819300551877589,0.1819300551877589
Malaysia,Prophet,2014-04-01,1.055,0.7402109616979552,True,True,0.3147890383020447,0.3147890383020447
Malaysia,Prophet,2014-05-01,1.039,0.7289902162602239,True,True,0.310009783739776,0.310009783739776
Malaysia,Prophet,2014-06-01,1.516,0.8354434520225178,True,True,0.6805565479774822,0.6805565479774822
Malaysia,Prophet,2014-07-01,1.39,0.8214095661576266,True,True,0.5685904338423733,0.5685904338423733
Malaysia,Prophet,2014-08-01,0.513,0.8379786595768488,True,True,-0.3249786595768488,0.3249786595768488
Malaysia,Prophet,2014-09-01,0.853,0.6948238744756259,True,True,0.1581761255243741,0.1581761255243741
Malaysia,Prophet,2014-10-01,0.85,0.6976992604480787,True,True,0.1523007395519212,0.1523007395519212
Malaysia,Prophet,2014-11-01,0.848,0.6836588157471506,True,True,0.1643411842528493,0.1643411842528493
Malaysia,Prophet,2014-12-01,0.801,0.6877994813856493,True,True,0.1132005186143507,0.1132005186143507
Malaysia,Prophet,2015-01-01,0.571,0.7611905864615046,True,True,-0.1901905864615046,0.1901905864615046
Malaysia,Prophet,2015-02-01,0.642,0.808019404021087,True,True,-0.1660194040210869,0.1660194040210869
Malaysia,Prophet,2015-03-01,0.959,0.8192572079545604,True,True,0.1397427920454396,0.1397427920454396
Malaysia,Prophet,2015-04-01,1.027,0.7577705493617216,True,True,0.2692294506382783,0.2692294506382783
Malaysia,Prophet,2015-05-01,0.945,0.7482100032065974,True,True,0.1967899967934026,0.1967899967934026
Malaysia,Prophet,2015-06-01,1.294,0.8550632025610777,True,True,0.4389367974389223,0.4389367974389223
Malaysia,Prophet,2015-07-01,1.538,0.8403618491843527,True,True,0.6976381508156473,0.6976381508156473
Malaysia,Prophet,2015-08-01,1.059,0.8558478147965192,True,True,0.2031521852034807,0.2031521852034807
Malaysia,Prophet,2015-09-01,1.243,0.712640770478189,True,True,0.5303592295218111,0.5303592295218111
Malaysia,Prophet,2015-10-01,1.334,0.7161205043678945,True,True,0.6178794956321055,0.6178794956321055
Malaysia,Prophet,2015-11-01,1.141,0.702375003011751,True,True,0.4386249969882489,0.4386249969882489
Malaysia,Prophet,2015-12-01,1.484,0.706717678037489,True,True,0.777282321962511,0.777282321962511
Malaysia,Prophet,2016-01-01,2.023,0.7801794445136085,True,True,1.2428205554863916,1.2428205554863916
Malaysia,Prophet,2016-02-01,1.656,0.8262286619241936,True,True,0.8297713380758063,0.8297713380758063
Malaysia,Prophet,2016-03-01,1.743,0.8414360498953573,True,True,0.9015639501046429,0.9015639501046429
Malaysia,Prophet,2016-04-01,1.925,0.7790440749939327,True,True,1.1459559250060674,1.1459559250060674
Malaysia,Prophet,2016-05-01,1.463,0.7645472671299113,True,True,0.6984527328700888,0.6984527328700888
Malaysia,Prophet,2016-06-01,1.049,0.8699368554153654,True,True,0.1790631445846345,0.1790631445846345
Malaysia,Prophet,2016-07-01,1.397,0.8571827470481831,True,True,0.5398172529518169,0.5398172529518169
Malaysia,Prophet,2016-08-01,1.617,0.8758563419400316,True,True,0.7411436580599684,0.7411436580599684
Malaysia,Prophet,2016-09-01,1.078,0.7330793244756553,True,True,0.3449206755243448,0.3449206755243448
Malaysia,Prophet,2016-10-01,1.237,0.7347345819731658,True,True,0.5022654180268343,0.5022654180268343
Malaysia,Prophet,2016-11-01,1.141,0.7201085057873381,True,True,0.4208914942126619,0.4208914942126619
Malaysia,Prophet,2016-12-01,1.201,0.7238234366410013,True,True,0.4771765633589987,0.4771765633589987
Malaysia,Prophet,2017-01-01,1.252,0.7969368820954891,True,True,0.4550631179045109,0.4550631179045109
Malaysia,Prophet,2017-02-01,0.905,0.8452608108745643,True,True,0.0597391891254357,0.0597391891254357
Malaysia,Prophet,2017-03-01,0.733,0.8586635019516338,True,True,-0.1256635019516337,0.1256635019516337
Malaysia,Prophet,2017-04-01,0.801,0.7965025877189184,True,True,0.0044974122810816,0.0044974122810816
Malaysia,Prophet,2017-05-01,0.957,0.783635272101638,True,True,0.173364727898362,0.173364727898362
Malaysia,Prophet,2017-06-01,0.981,0.8896003442009655,True,True,0.0913996557990345,0.0913996557990345
Malaysia,Prophet,2017-07-01,1.078,0.8762160953091848,True,True,0.2017839046908153,0.2017839046908153
Malaysia,Prophet,2017-08-01,0.999,0.8938485165453905,True,True,0.1051514834546094,0.1051514834546094
Malaysia,Prophet,2017-09-01,0.91,0.7508372345100249,True,True,0.1591627654899751,0.1591627654899751
Malaysia,Prophet,2017-10-01,1.222,0.7531039136234456,True,True,0.4688960863765543,0.4688960863765543
Malaysia,Prophet,2017-11-01,1.221,0.7387697013370152,True,True,0.4822302986629848,0.4822302986629848
Malaysia,Prophet,2017-12-01,1.102,0.7427007665091157,True,True,0.3592992334908844,0.3592992334908844
Malaysia,Prophet,2018-01-01,0.843,0.8159757006876104,True,True,0.0270242993123895,0.0270242993123895
Malaysia,Prophet,2018-02-01,0.696,0.8635632538497791,True,True,-0.1675632538497791,0.1675632538497791
Malaysia,Prophet,2018-03-01,0.929,0.8758697061153329,True,True,0.0531302938846671,0.0531302938846671
Malaysia,Prophet,2018-04-01,0.959,0.8140107230010449,True,True,0.144989276998955,0.144989276998955
Malaysia,Prophet,2018-05-01,0.675,0.8027899775633193,True,True,-0.1277899775633192,0.1277899775633192
Malaysia,Prophet,2018-06-01,1.112,0.9092432133256236,True,True,0.2027567866743763,0.2027567866743763
Malaysia,Prophet,2018-07-01,1.379,0.8952093274607206,True,True,0.4837906725392794,0.4837906725392794
Malaysia,Prophet,2018-08-01,1.293,0.9117784208799474,True,True,0.3812215791200525,0.3812215791200525
Malaysia,Prophet,2018-09-01,0.887,0.7686236357787128,True,True,0.1183763642212871,0.1183763642212871
Malaysia,Prophet,2018-10-01,1.128,0.7714990217511782,True,True,0.3565009782488216,0.3565009782488216
Malaysia,Prophet,2018-11-01,1.317,0.7574585770502421,True,True,0.5595414229497578,0.5595414229497578
Malaysia,Prophet,2018-12-01,1.359,0.7615992426887378,True,True,0.5974007573112622,0.5974007573112622
Malaysia,Prophet,2019-01-01,1.509,0.8349903477646045,True,True,0.6740096522353954,0.6740096522353954
Malaysia,Prophet,2019-02-01,1.242,0.8818191653241728,True,True,0.3601808346758272,0.3601808346758272
Malaysia,Prophet,2019-03-01,1.179,0.8930569692576541,True,True,0.2859430307423459,0.2859430307423459
Malaysia,Prophet,2019-04-01,1.429,0.8315703106648084,True,True,0.5974296893351917,0.5974296893351917
Malaysia,Prophet,2019-05-01,1.428,0.8220097645096909,True,True,0.6059902354903091,0.6059902354903091
Malaysia,Prophet,2019-06-01,1.197,0.9288629638641644,True,True,0.2681370361358356,0.2681370361358356
Malaysia,Prophet,2019-07-01,1.266,0.9141616104874418,True,True,0.3518383895125582,0.3518383895125582
Malaysia,Prophet,2019-08-01,1.498,0.9296475760996068,True,True,0.5683524239003931,0.5683524239003931
Malaysia,Prophet,2019-09-01,1.333,0.7864405317812835,True,True,0.5465594682187165,0.5465594682187165
Malaysia,Prophet,2019-10-01,1.02,0.7899202656709925,True,True,0.2300797343290075,0.2300797343290075
Malaysia,Prophet,2019-11-01,1.357,0.7761747643148481,True,True,0.5808252356851519,0.5808252356851519
Malaysia,Prophet,2019-12-01,1.146,0.7805174393405906,True,True,0.3654825606594093,0.3654825606594093
Malaysia,Prophet,2020-01-01,1.462,0.8539792058167026,True,True,0.6080207941832974,0.6080207941832974
Malaysia,Prophet,2020-02-01,1.371,0.90002842322729,True,True,0.4709715767727099,0.4709715767727099
Malaysia,Prophet,2020-03-01,1.486,0.915235811198438,True,True,0.5707641888015619,0.5707641888015619
Malaysia,Prophet,2020-04-01,1.44,0.8528438362970252,True,True,0.5871561637029747,0.5871561637029747
Malaysia,Prophet,2020-05-01,1.445,0.838347028433006,True,True,0.606652971566994,0.606652971566994
Malaysia,Prophet,2020-06-01,1.097,0.94373661671847,True,True,0.1532633832815301,0.1532633832815301
Malaysia,Prophet,2020-07-01,1.125,0.9309825083512786,True,True,0.1940174916487214,0.1940174916487214
Malaysia,Prophet,2020-08-01,1.274,0.9496561032431314,True,True,0.3243438967568686,0.3243438967568686
Malaysia,Prophet,2020-09-01,1.027,0.8068790857787509,True,True,0.220120914221249,0.220120914221249
Malaysia,Prophet,2020-10-01,1.305,0.8085343432762572,True,True,0.4964656567237427,0.4964656567237427
Malaysia,Prophet,2020-11-01,1.198,0.793908267090439,True,True,0.4040917329095609,0.4040917329095609
Malaysia,Prophet,2020-12-01,1.178,0.7976231979440891,True,True,0.3803768020559108,0.3803768020559108
Malaysia,Prophet,2021-01-01,0.843,0.8707366433985914,True,True,-0.0277366433985913,0.0277366433985913
Malaysia,Prophet,2021-02-01,0.867,0.919060572177657,True,True,-0.052060572177657,0.052060572177657
Malaysia,Prophet,2021-03-01,1.105,0.9324632632547236,True,True,0.1725367367452762,0.1725367367452762
Malaysia,Prophet,2021-04-01,0.91,0.8703023490220134,True,True,0.0396976509779866,0.0396976509779866
Malaysia,Prophet,2021-05-01,0.832,0.8574350334047294,True,True,-0.0254350334047294,0.0254350334047294
Malaysia,Prophet,2021-06-01,1.098,0.9634001055040716,True,True,0.1345998944959284,0.1345998944959284
Malaysia,Prophet,2021-07-01,1.45,0.950015856612274,True,True,0.499984143387726,0.499984143387726
Malaysia,Prophet,2021-08-01,1.165,0.9676482778484772,True,True,0.1973517221515228,0.1973517221515228
Malaysia,Prophet,2021-09-01,1.046,0.8246369958131117,True,True,0.2213630041868883,0.2213630041868883
Malaysia,Prophet,2021-10-01,1.616,0.8269036749265364,True,True,0.7890963250734637,0.7890963250734637
Malaysia,Prophet,2021-11-01,1.158,0.8125694626401151,True,True,0.3454305373598848,0.3454305373598848
Malaysia,Prophet,2021-12-01,1.145,0.816500527812215,True,True,0.3284994721877849,0.3284994721877849
Malaysia,Prophet,2022-01-01,1.304,0.8897754619907091,True,True,0.4142245380092909,0.4142245380092909
Malaysia,Prophet,2022-02-01,1.163,0.9373630151528736,True,True,0.2256369848471265,0.2256369848471265
Malaysia,Prophet,2022-03-01,1.138,0.9496694674184304,True,True,0.1883305325815696,0.1883305325815696
Malaysia,Prophet,2022-04-01,0.896,0.8878104843041353,True,True,0.0081895156958646,0.0081895156958646
Malaysia,Prophet,2022-05-01,1.036,0.8765897388664073,True,True,0.1594102611335927,0.1594102611335927
Malaysia,Prophet,2022-06-01,0.827,0.9830429746287004,True,True,-0.1560429746287004,0.1560429746287004
Malaysia,Prophet,2022-07-01,1.333,0.9690090887638136,True,True,0.3639909112361863,0.3639909112361863
Malaysia,Prophet,2022-08-01,0.976,0.9855781821830448,True,True,-0.0095781821830447,0.0095781821830447
Malaysia,Prophet,2022-09-01,0.729,0.8424233970818109,True,True,-0.1134233970818109,0.1134233970818109
Malaysia,Prophet,2022-10-01,0.773,0.8452987830542547,True,True,-0.0722987830542546,0.0722987830542546
Malaysia,Prophet,2022-11-01,0.846,0.8312583383533306,True,True,0.0147416616466693,0.0147416616466693
Malaysia,Prophet,2022-12-01,0.475,0.8353990039918298,True,True,-0.3603990039918298,0.3603990039918298
Malaysia,Prophet,2023-01-01,1.067,0.908790109067692,True,True,0.158209890932308,0.158209890932308
Malaysia,Prophet,2023-02-01,0.773,0.955618926627272,True,True,-0.182618926627272,0.182618926627272
Malaysia,Prophet,2023-03-01,0.614,0.9668567305607468,True,True,-0.3528567305607467,0.3528567305607467
Malaysia,Prophet,2023-04-01,1.178,0.905370071967906,True,True,0.272629928032094,0.272629928032094
Malaysia,Prophet,2023-05-01,1.387,0.8958095258127827,True,True,0.4911904741872173,0.4911904741872173
Malaysia,Prophet,2023-06-01,1.32,1.0026627251672828,True,True,0.3173372748327172,0.3173372748327172
Malaysia,Prophet,2023-07-01,1.312,0.9879613717905344,True,True,0.3240386282094657,0.3240386282094657
Malaysia,Prophet,2023-08-01,1.359,1.0034473374027038,True,True,0.3555526625972962,0.3555526625972962
Malaysia,Prophet,2023-09-01,1.247,0.8602402930843764,True,True,0.3867597069156236,0.3867597069156236
Malaysia,Prophet,2023-10-01,1.561,0.8637200269740871,True,True,0.6972799730259128,0.6972799730259128
Malaysia,Prophet,2023-11-01,1.321,0.8499745256179324,True,True,0.4710254743820675,0.4710254743820675
Malaysia,Prophet,2023-12-01,1.599,0.8543172006436731,True,True,0.7446827993563269,0.7446827993563269
Myanmar,Holt-Winters,2014-01-01,0.478,0.6313634991961747,True,True,-0.1533634991961747,0.1533634991961747
Myanmar,Holt-Winters,2014-02-01,0.885,0.706868960556229,True,True,0.1781310394437709,0.1781310394437709
Myanmar,Holt-Winters,2014-03-01,1.023,0.5565358866708867,True,True,0.4664641133291132,0.4664641133291132
Myanmar,Holt-Winters,2014-04-01,1.346,0.3907202187553228,True,True,0.9552797812446772,0.9552797812446772
Myanmar,Holt-Winters,2014-05-01,1.141,0.2804971195999173,True,True,0.8605028804000827,0.8605028804000827
Myanmar,Holt-Winters,2014-06-01,1.339,0.4703039683930273,True,True,0.8686960316069726,0.8686960316069726
Myanmar,Holt-Winters,2014-07-01,0.98,0.4582423169727497,True,True,0.5217576830272503,0.5217576830272503
Myanmar,Holt-Winters,2014-08-01,0.486,0.4846532303105345,True,True,0.0013467696894655,0.0013467696894655
Myanmar,Holt-Winters,2014-09-01,0.616,0.4013965441525575,True,True,0.2146034558474424,0.2146034558474424
Myanmar,Holt-Winters,2014-10-01,0.644,0.4344407315277281,True,True,0.2095592684722719,0.2095592684722719
Myanmar,Holt-Winters,2014-11-01,1.33,0.4643127410012175,True,True,0.8656872589987825,0.8656872589987825
Myanmar,Holt-Winters,2014-12-01,1.272,0.4426130544227423,True,True,0.8293869455772578,0.8293869455772578
Myanmar,Holt-Winters,2015-01-01,1.093,0.6313634991961747,True,True,0.4616365008038252,0.4616365008038252
Myanmar,Holt-Winters,2015-02-01,0.776,0.706868960556229,True,True,0.0691310394437709,0.0691310394437709
Myanmar,Holt-Winters,2015-03-01,1.629,0.5565358866708867,True,True,1.0724641133291133,1.0724641133291133
Myanmar,Holt-Winters,2015-04-01,0.113,0.3907202187553228,True,True,-0.2777202187553229,0.2777202187553229
Myanmar,Holt-Winters,2015-05-01,1.465,0.2804971195999173,True,True,1.1845028804000828,1.1845028804000828
Myanmar,Holt-Winters,2015-06-01,1.508,0.4703039683930273,True,True,1.0376960316069723,1.0376960316069723
Myanmar,Holt-Winters,2015-07-01,0.982,0.4582423169727497,True,True,0.5237576830272503,0.5237576830272503
Myanmar,Holt-Winters,2015-08-01,1.095,0.4846532303105345,True,True,0.6103467696894656,0.6103467696894656
Myanmar,Holt-Winters,2015-09-01,1.477,0.4013965441525575,True,True,1.0756034558474423,1.0756034558474423
Myanmar,Holt-Winters,2015-10-01,0.87,0.4344407315277281,True,True,0.4355592684722719,0.4355592684722719
Myanmar,Holt-Winters,2015-11-01,1.642,0.4643127410012175,True,True,1.1776872589987823,1.1776872589987823
Myanmar,Holt-Winters,2015-12-01,1.583,0.4426130544227423,True,True,1.1403869455772575,1.1403869455772575
Myanmar,Holt-Winters,2016-01-01,0.762,0.6313634991961747,True,True,0.1306365008038252,0.1306365008038252
Myanmar,Holt-Winters,2016-02-01,1.632,0.706868960556229,True,True,0.9251310394437708,0.9251310394437708
Myanmar,Holt-Winters,2016-03-01,2.096,0.5565358866708867,True,True,1.5394641133291134,1.5394641133291134
Myanmar,Holt-Winters,2016-04-01,2.233,0.3907202187553228,True,True,1.8422797812446767,1.8422797812446767
Myanmar,Holt-Winters,2016-05-01,1.398,0.2804971195999173,True,True,1.1175028804000826,1.1175028804000826
Myanmar,Holt-Winters,2016-06-01,0.998,0.4703039683930273,True,True,0.5276960316069726,0.5276960316069726
Myanmar,Holt-Winters,2016-07-01,0.616,0.4582423169727497,True,True,0.1577576830272503,0.1577576830272503
Myanmar,Holt-Winters,2016-08-01,1.485,0.4846532303105345,True,True,1.0003467696894657,1.0003467696894657
Myanmar,Holt-Winters,2016-09-01,1.246,0.4013965441525575,True,True,0.8446034558474425,0.8446034558474425
Myanmar,Holt-Winters,2016-10-01,1.722,0.4344407315277281,True,True,1.287559268472272,1.287559268472272
Myanmar,Holt-Winters,2016-11-01,1.503,0.4643127410012175,True,True,1.0386872589987823,1.0386872589987823
Myanmar,Holt-Winters,2016-12-01,1.781,0.4426130544227423,True,True,1.3383869455772577,1.3383869455772577
Myanmar,Holt-Winters,2017-01-01,2.19,0.6313634991961747,True,True,1.5586365008038252,1.5586365008038252
Myanmar,Holt-Winters,2017-02-01,1.795,0.706868960556229,True,True,1.0881310394437709,1.0881310394437709
Myanmar,Holt-Winters,2017-03-01,1.101,0.5565358866708867,True,True,0.5444641133291133,0.5444641133291133
Myanmar,Holt-Winters,2017-04-01,0.338,0.3907202187553228,True,True,-0.0527202187553228,0.0527202187553228
Myanmar,Holt-Winters,2017-05-01,0.547,0.2804971195999173,True,True,0.2665028804000827,0.2665028804000827
Myanmar,Holt-Winters,2017-06-01,1.301,0.4703039683930273,True,True,0.8306960316069726,0.8306960316069726
Myanmar,Holt-Winters,2017-07-01,0.882,0.4582423169727497,True,True,0.4237576830272503,0.4237576830272503
Myanmar,Holt-Winters,2017-08-01,1.349,0.4846532303105345,True,True,0.8643467696894656,0.8643467696894656
Myanmar,Holt-Winters,2017-09-01,1.527,0.4013965441525575,True,True,1.1256034558474424,1.1256034558474424
Myanmar,Holt-Winters,2017-10-01,1.612,0.4344407315277281,True,True,1.177559268472272,1.177559268472272
Myanmar,Holt-Winters,2017-11-01,1.689,0.4643127410012175,True,True,1.2246872589987825,1.2246872589987825
Myanmar,Holt-Winters,2017-12-01,1.737,0.4426130544227423,True,True,1.294386945577258,1.294386945577258
Myanmar,Holt-Winters,2018-01-01,1.428,0.6313634991961747,True,True,0.7966365008038252,0.7966365008038252
Myanmar,Holt-Winters,2018-02-01,1.422,0.706868960556229,True,True,0.7151310394437709,0.7151310394437709
Myanmar,Holt-Winters,2018-03-01,1.658,0.5565358866708867,True,True,1.1014641133291132,1.1014641133291132
Myanmar,Holt-Winters,2018-04-01,1.049,0.3907202187553228,True,True,0.658279781244677,0.658279781244677
Myanmar,Holt-Winters,2018-05-01,0.495,0.2804971195999173,True,True,0.2145028804000826,0.2145028804000826
Myanmar,Holt-Winters,2018-06-01,0.663,0.4703039683930273,True,True,0.1926960316069726,0.1926960316069726
Myanmar,Holt-Winters,2018-07-01,0.996,0.4582423169727497,True,True,0.5377576830272504,0.5377576830272504
Myanmar,Holt-Winters,2018-08-01,0.9,0.4846532303105345,True,True,0.4153467696894655,0.4153467696894655
Myanmar,Holt-Winters,2018-09-01,1.183,0.4013965441525575,True,True,0.7816034558474425,0.7816034558474425
Myanmar,Holt-Winters,2018-10-01,0.556,0.4344407315277281,True,True,0.1215592684722719,0.1215592684722719
Myanmar,Holt-Winters,2018-11-01,0.955,0.4643127410012175,True,True,0.4906872589987824,0.4906872589987824
Myanmar,Holt-Winters,2018-12-01,2.009,0.4426130544227423,True,True,1.5663869455772577,1.5663869455772577
Myanmar,Holt-Winters,2019-01-01,1.605,0.6313634991961747,True,True,0.9736365008038252,0.9736365008038252
Myanmar,Holt-Winters,2019-02-01,1.862,0.706868960556229,True,True,1.155131039443771,1.155131039443771
Myanmar,Holt-Winters,2019-03-01,0.869,0.5565358866708867,True,True,0.3124641133291133,0.3124641133291133
Myanmar,Holt-Winters,2019-04-01,1.915,0.3907202187553228,True,True,1.5242797812446771,1.5242797812446771
Myanmar,Holt-Winters,2019-05-01,2.309,0.2804971195999173,True,True,2.028502880400082,2.028502880400082
Myanmar,Holt-Winters,2019-06-01,1.865,0.4703039683930273,True,True,1.3946960316069728,1.3946960316069728
Myanmar,Holt-Winters,2019-07-01,1.235,0.4582423169727497,True,True,0.7767576830272505,0.7767576830272505
Myanmar,Holt-Winters,2019-08-01,1.45,0.4846532303105345,True,True,0.9653467696894656,0.9653467696894656
Myanmar,Holt-Winters,2019-09-01,0.915,0.4013965441525575,True,True,0.5136034558474425,0.5136034558474425
Myanmar,Holt-Winters,2019-10-01,1.621,0.4344407315277281,True,True,1.186559268472272,1.186559268472272
Myanmar,Holt-Winters,2019-11-01,2.155,0.4643127410012175,True,True,1.6906872589987822,1.6906872589987822
Myanmar,Holt-Winters,2019-12-01,1.136,0.4426130544227423,True,True,0.6933869455772577,0.6933869455772577
Myanmar,Holt-Winters,2020-01-01,2.02,0.6313634991961747,True,True,1.3886365008038253,1.3886365008038253
Myanmar,Holt-Winters,2020-02-01,1.355,0.706868960556229,True,True,0.6481310394437709,0.6481310394437709
Myanmar,Holt-Winters,2020-03-01,1.959,0.5565358866708867,True,True,1.4024641133291134,1.4024641133291134
Myanmar,Holt-Winters,2020-04-01,1.411,0.3907202187553228,True,True,1.020279781244677,1.020279781244677
Myanmar,Holt-Winters,2020-05-01,1.247,0.2804971195999173,True,True,0.9665028804000828,0.9665028804000828
Myanmar,Holt-Winters,2020-06-01,1.593,0.4703039683930273,True,True,1.1226960316069725,1.1226960316069725
Myanmar,Holt-Winters,2020-07-01,1.745,0.4582423169727497,True,True,1.2867576830272505,1.2867576830272505
Myanmar,Holt-Winters,2020-08-01,1.341,0.4846532303105345,True,True,0.8563467696894655,0.8563467696894655
Myanmar,Holt-Winters,2020-09-01,1.69,0.4013965441525575,True,True,1.2886034558474424,1.2886034558474424
Myanmar,Holt-Winters,2020-10-01,1.403,0.4344407315277281,True,True,0.968559268472272,0.968559268472272
Myanmar,Holt-Winters,2020-11-01,1.661,0.4643127410012175,True,True,1.1966872589987825,1.1966872589987825
Myanmar,Holt-Winters,2020-12-01,1.638,0.4426130544227423,True,True,1.1953869455772577,1.1953869455772577
Myanmar,Holt-Winters,2021-01-01,2.003,0.6313634991961747,True,True,1.3716365008038254,1.3716365008038254
Myanmar,Holt-Winters,2021-02-01,1.742,0.706868960556229,True,True,1.035131039443771,1.035131039443771
Myanmar,Holt-Winters,2021-03-01,2.32,0.5565358866708867,True,True,1.7634641133291131,1.7634641133291131
Myanmar,Holt-Winters,2021-04-01,0.895,0.3907202187553228,True,True,0.5042797812446771,0.5042797812446771
Myanmar,Holt-Winters,2021-05-01,1.154,0.2804971195999173,True,True,0.8735028804000826,0.8735028804000826
Myanmar,Holt-Winters,2021-06-01,1.425,0.4703039683930273,True,True,0.9546960316069728,0.9546960316069728
Myanmar,Holt-Winters,2021-07-01,1.322,0.4582423169727497,True,True,0.8637576830272504,0.8637576830272504
Myanmar,Holt-Winters,2021-08-01,1.224,0.4846532303105345,True,True,0.7393467696894656,0.7393467696894656
Myanmar,Holt-Winters,2021-09-01,1.147,0.4013965441525575,True,True,0.7456034558474425,0.7456034558474425
Myanmar,Holt-Winters,2021-10-01,1.828,0.4344407315277281,True,True,1.393559268472272,1.393559268472272
Myanmar,Holt-Winters,2021-11-01,1.943,0.4643127410012175,True,True,1.4786872589987825,1.4786872589987825
Myanmar,Holt-Winters,2021-12-01,1.693,0.4426130544227423,True,True,1.2503869455772578,1.2503869455772578
Myanmar,Holt-Winters,2022-01-01,1.785,0.6313634991961747,True,True,1.1536365008038252,1.1536365008038252
Myanmar,Holt-Winters,2022-02-01,0.335,0.706868960556229,True,True,-0.371868960556229,0.371868960556229
Myanmar,Holt-Winters,2022-03-01,2.424,0.5565358866708867,True,True,1.8674641133291128,1.8674641133291128
Myanmar,Holt-Winters,2022-04-01,0.717,0.3907202187553228,True,True,0.3262797812446771,0.3262797812446771
Myanmar,Holt-Winters,2022-05-01,0.037,0.2804971195999173,True,True,-0.2434971195999173,0.2434971195999173
Myanmar,Holt-Winters,2022-06-01,0.998,0.4703039683930273,True,True,0.5276960316069726,0.5276960316069726
Myanmar,Holt-Winters,2022-07-01,1.875,0.4582423169727497,True,True,1.4167576830272504,1.4167576830272504
Myanmar,Holt-Winters,2022-08-01,1.744,0.4846532303105345,True,True,1.2593467696894656,1.2593467696894656
Myanmar,Holt-Winters,2022-09-01,1.328,0.4013965441525575,True,True,0.9266034558474424,0.9266034558474424
Myanmar,Holt-Winters,2022-10-01,1.202,0.4344407315277281,True,True,0.7675592684722718,0.7675592684722718
Myanmar,Holt-Winters,2022-11-01,1.743,0.4643127410012175,True,True,1.2786872589987823,1.2786872589987823
Myanmar,Holt-Winters,2022-12-01,2.34,0.4426130544227423,True,True,1.8973869455772576,1.8973869455772576
Myanmar,Holt-Winters,2023-01-01,1.572,0.6313634991961747,True,True,0.9406365008038252,0.9406365008038252
Myanmar,Holt-Winters,2023-02-01,2.001,0.706868960556229,True,True,1.2941310394437708,1.2941310394437708
Myanmar,Holt-Winters,2023-03-01,1.402,0.5565358866708867,True,True,0.8454641133291132,0.8454641133291132
Myanmar,Holt-Winters,2023-04-01,1.888,0.3907202187553228,True,True,1.497279781244677,1.497279781244677
Myanmar,Holt-Winters,2023-05-01,1.583,0.2804971195999173,True,True,1.3025028804000829,1.3025028804000829
Myanmar,Holt-Winters,2023-06-01,1.658,0.4703039683930273,True,True,1.1876960316069725,1.1876960316069725
Myanmar,Holt-Winters,2023-07-01,1.89,0.4582423169727497,True,True,1.4317576830272505,1.4317576830272505
Myanmar,Holt-Winters,2023-08-01,1.433,0.4846532303105345,True,True,0.9483467696894656,0.9483467696894656
Myanmar,Holt-Winters,2023-09-01,1.596,0.4013965441525575,True,True,1.1946034558474423,1.1946034558474423
Myanmar,Holt-Winters,2023-10-01,1.303,0.4344407315277281,True,True,0.8685592684722718,0.8685592684722718
Myanmar,Holt-Winters,2023-11-01,2.014,0.4643127410012175,True,True,1.5496872589987822,1.5496872589987822
Myanmar,Holt-Winters,2023-12-01,2.918,0.4426130544227423,True,True,2.4753869455772577,2.4753869455772577
Myanmar,SARIMA,2014-01-01,0.478,0.6337117241256384,True,True,-0.1557117241256383,0.1557117241256383
Myanmar,SARIMA,2014-02-01,0.885,1.0435290809636268,True,True,-0.1585290809636268,0.1585290809636268
Myanmar,SARIMA,2014-03-01,1.023,0.874918073279701,True,True,0.1480819267202989,0.1480819267202989
Myanmar,SARIMA,2014-04-01,1.346,0.7424944230966212,True,True,0.6035055769033789,0.6035055769033789
Myanmar,SARIMA,2014-05-01,1.141,0.47391924947221,True,True,0.66708075052779,0.66708075052779
Myanmar,SARIMA,2014-06-01,1.339,0.8251376827166648,True,True,0.5138623172833352,0.5138623172833352
Myanmar,SARIMA,2014-07-01,0.98,0.7933828444082662,True,True,0.1866171555917337,0.1866171555917337
Myanmar,SARIMA,2014-08-01,0.486,0.8394620359533096,True,True,-0.3534620359533096,0.3534620359533096
Myanmar,SARIMA,2014-09-01,0.616,0.7253350246229999,True,True,-0.1093350246229999,0.1093350246229999
Myanmar,SARIMA,2014-10-01,0.644,0.7887450582789665,True,True,-0.1447450582789664,0.1447450582789664
Myanmar,SARIMA,2014-11-01,1.33,0.8344084850700197,True,True,0.4955915149299803,0.4955915149299803
Myanmar,SARIMA,2014-12-01,1.272,0.8125924390336073,True,True,0.4594075609663927,0.4594075609663927
Myanmar,SARIMA,2015-01-01,1.093,1.0736763604441515,True,True,0.0193236395558482,0.0193236395558482
Myanmar,SARIMA,2015-02-01,0.776,1.2009162381432947,True,True,-0.4249162381432947,0.4249162381432947
Myanmar,SARIMA,2015-03-01,1.629,0.952732800477272,True,True,0.676267199522728,0.676267199522728
Myanmar,SARIMA,2015-04-01,0.113,0.7672052669201274,True,True,-0.6542052669201274,0.6542052669201274
Myanmar,SARIMA,2015-05-01,1.465,0.5346249009171045,True,True,0.9303750990828956,0.9303750990828956
Myanmar,SARIMA,2015-06-01,1.508,0.842230975017524,True,True,0.665769024982476,0.665769024982476
Myanmar,SARIMA,2015-07-01,0.982,0.8066966227600083,True,True,0.1753033772399916,0.1753033772399916
Myanmar,SARIMA,2015-08-01,1.095,0.8676768026358557,True,True,0.2273231973641443,0.2273231973641443
Myanmar,SARIMA,2015-09-01,1.477,0.7478301879907578,True,True,0.7291698120092422,0.7291698120092422
Myanmar,SARIMA,2015-10-01,0.87,0.8300620416728377,True,True,0.0399379583271622,0.0399379583271622
Myanmar,SARIMA,2015-11-01,1.642,0.8753178089038175,True,True,0.7666821910961824,0.7666821910961824
Myanmar,SARIMA,2015-12-01,1.583,0.879407034770294,True,True,0.7035929652297059,0.7035929652297059
Myanmar,SARIMA,2016-01-01,0.762,1.096179462964313,True,True,-0.3341794629643129,0.3341794629643129
Myanmar,SARIMA,2016-02-01,1.632,1.2697834155151813,True,True,0.3622165844848186,0.3622165844848186
Myanmar,SARIMA,2016-03-01,2.096,0.991284662457384,True,True,1.1047153375426162,1.1047153375426162
Myanmar,SARIMA,2016-04-01,2.233,0.8026866729018303,True,True,1.4303133270981698,1.4303133270981698
Myanmar,SARIMA,2016-05-01,1.398,0.5520532797791975,True,True,0.8459467202208024,0.8459467202208024
Myanmar,SARIMA,2016-06-01,0.998,0.8705053085225515,True,True,0.1274946914774485,0.1274946914774485
Myanmar,SARIMA,2016-07-01,0.616,0.8240284727738852,True,True,-0.2080284727738852,0.2080284727738852
Myanmar,SARIMA,2016-08-01,1.485,0.8811903090708457,True,True,0.6038096909291544,0.6038096909291544
Myanmar,SARIMA,2016-09-01,1.246,0.7608070063919194,True,True,0.4851929936080805,0.4851929936080805
Myanmar,SARIMA,2016-10-01,1.722,0.8248419164731424,True,True,0.8971580835268576,0.8971580835268576
Myanmar,SARIMA,2016-11-01,1.503,0.9114534343185672,True,True,0.5915465656814326,0.5915465656814326
Myanmar,SARIMA,2016-12-01,1.781,0.8559666333159772,True,True,0.9250333666840228,0.9250333666840228
Myanmar,SARIMA,2017-01-01,2.19,1.0989298114362345,True,True,1.0910701885637657,1.0910701885637657
Myanmar,SARIMA,2017-02-01,1.795,1.2835479890267985,True,True,0.5114520109732015,0.5114520109732015
Myanmar,SARIMA,2017-03-01,1.101,1.008719953915123,True,True,0.0922800460848769,0.0922800460848769
Myanmar,SARIMA,2017-04-01,0.338,0.8223464690868852,True,True,-0.4843464690868852,0.4843464690868852
Myanmar,SARIMA,2017-05-01,0.547,0.5704694893075828,True,True,-0.0234694893075827,0.0234694893075827
Myanmar,SARIMA,2017-06-01,1.301,0.8905730008711634,True,True,0.4104269991288365,0.4104269991288365
Myanmar,SARIMA,2017-07-01,0.882,0.8443952196434839,True,True,0.0376047803565161,0.0376047803565161
Myanmar,SARIMA,2017-08-01,1.349,0.9009942734605773,True,True,0.4480057265394228,0.4480057265394228
Myanmar,SARIMA,2017-09-01,1.527,0.7808532662663539,True,True,0.746146733733646,0.746146733733646
Myanmar,SARIMA,2017-10-01,1.612,0.8443528188360261,True,True,0.767647181163974,0.767647181163974
Myanmar,SARIMA,2017-11-01,1.689,0.9304383869579012,True,True,0.7585616130420989,0.7585616130420989
Myanmar,SARIMA,2017-12-01,1.737,0.8746679029919509,True,True,0.8623320970080492,0.8623320970080492
Myanmar,SARIMA,2018-01-01,1.428,1.1191099481192868,True,True,0.3088900518807131,0.3088900518807131
Myanmar,SARIMA,2018-02-01,1.422,1.30167658822714,True,True,0.1203234117728599,0.1203234117728599
Myanmar,SARIMA,2018-03-01,1.658,1.028047278112924,True,True,0.629952721887076,0.629952721887076
Myanmar,SARIMA,2018-04-01,1.049,0.8417708914380877,True,True,0.2072291085619122,0.2072291085619122
Myanmar,SARIMA,2018-05-01,0.495,0.5906527687408506,True,True,-0.0956527687408506,0.0956527687408506
Myanmar,SARIMA,2018-06-01,0.663,0.9102885037518644,True,True,-0.2472885037518645,0.2472885037518645
Myanmar,SARIMA,2018-07-01,0.996,0.8645568722292085,True,True,0.1314431277707914,0.1314431277707914
Myanmar,SARIMA,2018-08-01,0.9,0.9213203634404076,True,True,-0.0213203634404075,0.0213203634404075
Myanmar,SARIMA,2018-09-01,1.183,0.8011982510336471,True,True,0.381801748966353,0.381801748966353
Myanmar,SARIMA,2018-10-01,0.556,0.86545328591314,True,True,-0.3094532859131399,0.3094532859131399
Myanmar,SARIMA,2018-11-01,0.955,0.9498447567358684,True,True,0.0051552432641314,0.0051552432641314
Myanmar,SARIMA,2018-12-01,2.009,0.8965284114223895,True,True,1.1124715885776104,1.1124715885776104
Myanmar,SARIMA,2019-01-01,1.605,1.1398737999560629,True,True,0.4651262000439371,0.4651262000439371
Myanmar,SARIMA,2019-02-01,1.862,1.322014337635969,True,True,0.5399856623640311,0.5399856623640311
Myanmar,SARIMA,2019-03-01,0.869,1.0482183165433845,True,True,-0.1792183165433842,0.1792183165433842
Myanmar,SARIMA,2019-04-01,1.915,0.8618491597458906,True,True,1.0531508402541094,1.0531508402541094
Myanmar,SARIMA,2019-05-01,2.309,0.6107722283075465,True,True,1.6982277716924536,1.6982277716924536
Myanmar,SARIMA,2019-06-01,1.865,0.9303461750324128,True,True,0.9346538249675872,0.9346538249675872
Myanmar,SARIMA,2019-07-01,1.235,0.884596388243812,True,True,0.350403611756188,0.350403611756188
Myanmar,SARIMA,2019-08-01,1.45,0.941380869272922,True,True,0.508619130727078,0.508619130727078
Myanmar,SARIMA,2019-09-01,0.915,0.8212485430749771,True,True,0.0937514569250229,0.0937514569250229
Myanmar,SARIMA,2019-10-01,1.621,0.8855156833959726,True,True,0.7354843166040274,0.7354843166040274
Myanmar,SARIMA,2019-11-01,2.155,0.9699510188751416,True,True,1.1850489811248583,1.1850489811248583
Myanmar,SARIMA,2019-12-01,1.136,0.916614135703688,True,True,0.219385864296312,0.219385864296312
Myanmar,SARIMA,2020-01-01,2.02,1.1599130886738105,True,True,0.8600869113261895,0.8600869113261895
Myanmar,SARIMA,2020-02-01,1.355,1.342143599745,True,True,0.012856400255,0.012856400255
Myanmar,SARIMA,2020-03-01,1.959,1.0683004617804124,True,True,0.8906995382195877,0.8906995382195877
Myanmar,SARIMA,2020-04-01,1.411,0.8819285286830058,True,True,0.5290714713169943,0.5290714713169943
Myanmar,SARIMA,2020-05-01,1.247,0.6308198442083794,True,True,0.6161801557916207,0.6161801557916207
Myanmar,SARIMA,2020-06-01,1.593,0.9504138418617946,True,True,0.6425861581382054,0.6425861581382054
Myanmar,SARIMA,2020-07-01,1.745,0.9046459427865224,True,True,0.8403540572134776,0.8403540572134776
Myanmar,SARIMA,2020-08-01,1.341,0.96142338490473,True,True,0.3795766150952701,0.3795766150952701
Myanmar,SARIMA,2020-09-01,1.69,0.841290415584064,True,True,0.8487095844159359,0.8487095844159359
Myanmar,SARIMA,2020-10-01,1.403,0.9055263233733408,True,True,0.4974736766266591,0.4974736766266591
Myanmar,SARIMA,2020-11-01,1.661,0.9900307629640626,True,True,0.6709692370359375,0.6709692370359375
Myanmar,SARIMA,2020-12-01,1.638,0.936593208372366,True,True,0.7014067916276338,0.7014067916276338
Myanmar,SARIMA,2021-01-01,2.003,1.179937877199779,True,True,0.8230621228002211,0.8230621228002211
Myanmar,SARIMA,2021-02-01,1.742,1.362184733516002,True,True,0.379815266483998,0.379815266483998
Myanmar,SARIMA,2021-03-01,2.32,1.0883490708457708,True,True,1.231650929154229,1.231650929154229
Myanmar,SARIMA,2021-04-01,0.895,0.9019809899011348,True,True,-0.0069809899011347,0.0069809899011347
Myanmar,SARIMA,2021-05-01,1.154,0.650871027892199,True,True,0.5031289721078009,0.5031289721078009
Myanmar,SARIMA,2021-06-01,1.425,0.9704673038226233,True,True,0.4545326961773769,0.4545326961773769
Myanmar,SARIMA,2021-07-01,1.322,0.9247003891798488,True,True,0.3972996108201513,0.3972996108201513
Myanmar,SARIMA,2021-08-01,1.224,0.9814770603404538,True,True,0.2425229396595462,0.2425229396595462
Myanmar,SARIMA,2021-09-01,1.147,0.8613445195620395,True,True,0.2856554804379605,0.2856554804379605
Myanmar,SARIMA,2021-10-01,1.828,0.925580339312318,True,True,0.902419660687682,0.902419660687682
Myanmar,SARIMA,2021-11-01,1.943,1.0100820678474285,True,True,0.9329179321525716,0.9329179321525716
Myanmar,SARIMA,2021-12-01,1.693,0.956646679121112,True,True,0.7363533208788882,0.7363533208788882
Myanmar,SARIMA,2022-01-01,1.785,1.19999265794983,True,True,0.5850073420501698,0.5850073420501698
Myanmar,SARIMA,2022-02-01,0.335,1.382235599078263,True,True,-1.0472355990782631,1.0472355990782631
Myanmar,SARIMA,2022-03-01,2.424,1.1084017762682692,True,True,1.3155982237317307,1.3155982237317307
Myanmar,SARIMA,2022-04-01,0.717,0.9220337589630346,True,True,-0.2050337589630346,0.2050337589630346
Myanmar,SARIMA,2022-05-01,0.037,0.6709251197504424,True,True,-0.6339251197504424,0.6339251197504424
Myanmar,SARIMA,2022-06-01,0.998,0.9905205410699106,True,True,0.0074794589300893,0.0074794589300893
Myanmar,SARIMA,2022-07-01,1.875,0.9447543584830194,True,True,0.9302456415169806,0.9302456415169806
Myanmar,SARIMA,2022-08-01,1.744,1.0015313292777743,True,True,0.7424686707222257,0.7424686707222257
Myanmar,SARIMA,2022-09-01,1.328,0.8813988093277608,True,True,0.4466011906722392,0.4466011906722392
Myanmar,SARIMA,2022-10-01,1.202,0.9456359148556508,True,True,0.256364085144349,0.256364085144349
Myanmar,SARIMA,2022-11-01,1.743,1.0301348366537335,True,True,0.7128651633462666,0.7128651633462666
Myanmar,SARIMA,2022-12-01,2.34,0.976703560210994,True,True,1.3632964397890055,1.3632964397890055
Myanmar,SARIMA,2023-01-01,1.572,1.2200476415138493,True,True,0.3519523584861508,0.3519523584861508
Myanmar,SARIMA,2023-02-01,2.001,1.402289961727119,True,True,0.5987100382728809,0.5987100382728809
Myanmar,SARIMA,2023-03-01,1.402,1.1284558073067743,True,True,0.2735441926932254,0.2735441926932254
Myanmar,SARIMA,2023-04-01,1.888,0.9420876307238656,True,True,0.9459123692761344,0.9459123692761344
Myanmar,SARIMA,2023-05-01,1.583,0.6909790266981783,True,True,0.8920209733018216,0.8920209733018216
Myanmar,SARIMA,2023-06-01,1.658,1.0105743655252293,True,True,0.6474256344747706,0.6474256344747706
Myanmar,SARIMA,2023-07-01,1.89,0.9648081328408707,True,True,0.925191867159129,0.925191867159129
Myanmar,SARIMA,2023-08-01,1.433,1.0215851314136692,True,True,0.4114148685863308,0.4114148685863308
Myanmar,SARIMA,2023-09-01,1.596,0.9014525935639917,True,True,0.6945474064360084,0.6945474064360084
Myanmar,SARIMA,2023-10-01,1.303,0.9656896858395714,True,True,0.3373103141604285,0.3373103141604285
Myanmar,SARIMA,2023-11-01,2.014,1.050188755979013,True,True,0.9638112440209868,0.9638112440209868
Myanmar,SARIMA,2023-12-01,2.918,0.9967573364862168,True,True,1.9212426635137836,1.9212426635137836
Myanmar,XGBoost,2014-01-01,0.478,0.604213297367096,True,True,-0.1262132973670959,0.1262132973670959
Myanmar,XGBoost,2014-02-01,0.885,0.5152823328971863,True,True,0.3697176671028137,0.3697176671028137
Myanmar,XGBoost,2014-03-01,1.023,0.5116802453994751,True,True,0.5113197546005248,0.5113197546005248
Myanmar,XGBoost,2014-04-01,1.346,0.3962016999721527,True,True,0.9497983000278474,0.9497983000278474
Myanmar,XGBoost,2014-05-01,1.141,0.4237659573554992,True,True,0.7172340426445007,0.7172340426445007
Myanmar,XGBoost,2014-06-01,1.339,0.473150759935379,True,True,0.8658492400646209,0.8658492400646209
Myanmar,XGBoost,2014-07-01,0.98,0.4156443774700165,True,True,0.5643556225299835,0.5643556225299835
Myanmar,XGBoost,2014-08-01,0.486,0.4442082345485687,True,True,0.0417917654514312,0.0417917654514312
Myanmar,XGBoost,2014-09-01,0.616,0.4525414407253265,True,True,0.1634585592746734,0.1634585592746734
Myanmar,XGBoost,2014-10-01,0.644,0.4870394468307495,True,True,0.1569605531692505,0.1569605531692505
Myanmar,XGBoost,2014-11-01,1.33,0.4188931882381439,True,True,0.9111068117618562,0.9111068117618562
Myanmar,XGBoost,2014-12-01,1.272,0.4584898352622986,True,True,0.8135101647377014,0.8135101647377014
Myanmar,XGBoost,2015-01-01,1.093,0.6625525951385498,True,True,0.4304474048614501,0.4304474048614501
Myanmar,XGBoost,2015-02-01,0.776,0.683919370174408,True,True,0.092080629825592,0.092080629825592
Myanmar,XGBoost,2015-03-01,1.629,0.5486000776290894,True,True,1.0803999223709106,1.0803999223709106
Myanmar,XGBoost,2015-04-01,0.113,0.4714966416358948,True,True,-0.3584966416358948,0.3584966416358948
Myanmar,XGBoost,2015-05-01,1.465,0.4434890151023865,True,True,1.0215109848976136,1.0215109848976136
Myanmar,XGBoost,2015-06-01,1.508,0.4474718570709228,True,True,1.0605281429290772,1.0605281429290772
Myanmar,XGBoost,2015-07-01,0.982,0.4453358948230743,True,True,0.5366641051769256,0.5366641051769256
Myanmar,XGBoost,2015-08-01,1.095,0.4453358948230743,True,True,0.6496641051769256,0.6496641051769256
Myanmar,XGBoost,2015-09-01,1.477,0.4424650371074676,True,True,1.0345349628925324,1.0345349628925324
Myanmar,XGBoost,2015-10-01,0.87,0.4669207632541656,True,True,0.4030792367458343,0.4030792367458343
Myanmar,XGBoost,2015-11-01,1.642,0.4285029470920563,True,True,1.2134970529079436,1.2134970529079436
Myanmar,XGBoost,2015-12-01,1.583,0.4481140673160553,True,True,1.1348859326839449,1.1348859326839449
Myanmar,XGBoost,2016-01-01,0.762,0.6601502895355225,True,True,0.1018497104644775,0.1018497104644775
Myanmar,XGBoost,2016-02-01,1.632,0.6780484318733215,True,True,0.9539515681266784,0.9539515681266784
Myanmar,XGBoost,2016-03-01,2.096,0.546197772026062,True,True,1.549802227973938,1.549802227973938
Myanmar,XGBoost,2016-04-01,2.233,0.4574275016784668,True,True,1.7755724983215333,1.7755724983215333
Myanmar,XGBoost,2016-05-01,1.398,0.4751252233982086,True,True,0.9228747766017912,0.9228747766017912
Myanmar,XGBoost,2016-06-01,0.998,0.4235710203647613,True,True,0.5744289796352386,0.5744289796352386
Myanmar,XGBoost,2016-07-01,0.616,0.4376004636287689,True,True,0.178399536371231,0.178399536371231
Myanmar,XGBoost,2016-08-01,1.485,0.4453358948230743,True,True,1.0396641051769258,1.0396641051769258
Myanmar,XGBoost,2016-09-01,1.246,0.4424650371074676,True,True,0.8035349628925323,0.8035349628925323
Myanmar,XGBoost,2016-10-01,1.722,0.4669207632541656,True,True,1.2550792367458343,1.2550792367458343
Myanmar,XGBoost,2016-11-01,1.503,0.425715833902359,True,True,1.0772841660976409,1.0772841660976409
Myanmar,XGBoost,2016-12-01,1.781,0.4481140673160553,True,True,1.3328859326839446,1.3328859326839446
Myanmar,XGBoost,2017-01-01,2.19,0.6601502895355225,True,True,1.5298497104644777,1.5298497104644777
Myanmar,XGBoost,2017-02-01,1.795,0.6780484318733215,True,True,1.1169515681266784,1.1169515681266784
Myanmar,XGBoost,2017-03-01,1.101,0.546197772026062,True,True,0.554802227973938,0.554802227973938
Myanmar,XGBoost,2017-04-01,0.338,0.4574275016784668,True,True,-0.1194275016784667,0.1194275016784667
Myanmar,XGBoost,2017-05-01,0.547,0.4751252233982086,True,True,0.0718747766017914,0.0718747766017914
Myanmar,XGBoost,2017-06-01,1.301,0.4235710203647613,True,True,0.8774289796352386,0.8774289796352386
Myanmar,XGBoost,2017-07-01,0.882,0.4376004636287689,True,True,0.4443995363712311,0.4443995363712311
Myanmar,XGBoost,2017-08-01,1.349,0.4453358948230743,True,True,0.9036641051769256,0.9036641051769256
Myanmar,XGBoost,2017-09-01,1.527,0.4424650371074676,True,True,1.0845349628925325,1.0845349628925325
Myanmar,XGBoost,2017-10-01,1.612,0.4669207632541656,True,True,1.1450792367458345,1.1450792367458345
Myanmar,XGBoost,2017-11-01,1.689,0.425715833902359,True,True,1.263284166097641,1.263284166097641
Myanmar,XGBoost,2017-12-01,1.737,0.4481140673160553,True,True,1.2888859326839448,1.2888859326839448
Myanmar,XGBoost,2018-01-01,1.428,0.6601502895355225,True,True,0.7678497104644775,0.7678497104644775
Myanmar,XGBoost,2018-02-01,1.422,0.6780484318733215,True,True,0.7439515681266784,0.7439515681266784
Myanmar,XGBoost,2018-03-01,1.658,0.546197772026062,True,True,1.111802227973938,1.111802227973938
Myanmar,XGBoost,2018-04-01,1.049,0.4574275016784668,True,True,0.5915724983215331,0.5915724983215331
Myanmar,XGBoost,2018-05-01,0.495,0.4751252233982086,True,True,0.0198747766017913,0.0198747766017913
Myanmar,XGBoost,2018-06-01,0.663,0.4235710203647613,True,True,0.2394289796352386,0.2394289796352386
Myanmar,XGBoost,2018-07-01,0.996,0.4376004636287689,True,True,0.5583995363712311,0.5583995363712311
Myanmar,XGBoost,2018-08-01,0.9,0.4453358948230743,True,True,0.4546641051769257,0.4546641051769257
Myanmar,XGBoost,2018-09-01,1.183,0.4424650371074676,True,True,0.7405349628925324,0.7405349628925324
Myanmar,XGBoost,2018-10-01,0.556,0.4669207632541656,True,True,0.0890792367458344,0.0890792367458344
Myanmar,XGBoost,2018-11-01,0.955,0.425715833902359,True,True,0.529284166097641,0.529284166097641
Myanmar,XGBoost,2018-12-01,2.009,0.4481140673160553,True,True,1.5608859326839446,1.5608859326839446
Myanmar,XGBoost,2019-01-01,1.605,0.6601502895355225,True,True,0.9448497104644776,0.9448497104644776
Myanmar,XGBoost,2019-02-01,1.862,0.6780484318733215,True,True,1.1839515681266786,1.1839515681266786
Myanmar,XGBoost,2019-03-01,0.869,0.546197772026062,True,True,0.322802227973938,0.322802227973938
Myanmar,XGBoost,2019-04-01,1.915,0.4574275016784668,True,True,1.4575724983215332,1.4575724983215332
Myanmar,XGBoost,2019-05-01,2.309,0.4751252233982086,True,True,1.8338747766017915,1.8338747766017915
Myanmar,XGBoost,2019-06-01,1.865,0.4235710203647613,True,True,1.4414289796352386,1.4414289796352386
Myanmar,XGBoost,2019-07-01,1.235,0.4376004636287689,True,True,0.7973995363712312,0.7973995363712312
Myanmar,XGBoost,2019-08-01,1.45,0.4453358948230743,True,True,1.0046641051769256,1.0046641051769256
Myanmar,XGBoost,2019-09-01,0.915,0.4424650371074676,True,True,0.4725349628925324,0.4725349628925324
Myanmar,XGBoost,2019-10-01,1.621,0.4669207632541656,True,True,1.1540792367458343,1.1540792367458343
Myanmar,XGBoost,2019-11-01,2.155,0.425715833902359,True,True,1.7292841660976408,1.7292841660976408
Myanmar,XGBoost,2019-12-01,1.136,0.4481140673160553,True,True,0.6878859326839446,0.6878859326839446
Myanmar,XGBoost,2020-01-01,2.02,0.6601502895355225,True,True,1.3598497104644776,1.3598497104644776
Myanmar,XGBoost,2020-02-01,1.355,0.6780484318733215,True,True,0.6769515681266784,0.6769515681266784
Myanmar,XGBoost,2020-03-01,1.959,0.546197772026062,True,True,1.412802227973938,1.412802227973938
Myanmar,XGBoost,2020-04-01,1.411,0.4574275016784668,True,True,0.9535724983215332,0.9535724983215332
Myanmar,XGBoost,2020-05-01,1.247,0.4751252233982086,True,True,0.7718747766017915,0.7718747766017915
Myanmar,XGBoost,2020-06-01,1.593,0.4235710203647613,True,True,1.1694289796352386,1.1694289796352386
Myanmar,XGBoost,2020-07-01,1.745,0.4376004636287689,True,True,1.3073995363712312,1.3073995363712312
Myanmar,XGBoost,2020-08-01,1.341,0.4453358948230743,True,True,0.8956641051769256,0.8956641051769256
Myanmar,XGBoost,2020-09-01,1.69,0.4424650371074676,True,True,1.2475349628925323,1.2475349628925323
Myanmar,XGBoost,2020-10-01,1.403,0.4669207632541656,True,True,0.9360792367458344,0.9360792367458344
Myanmar,XGBoost,2020-11-01,1.661,0.425715833902359,True,True,1.235284166097641,1.235284166097641
Myanmar,XGBoost,2020-12-01,1.638,0.4481140673160553,True,True,1.1898859326839446,1.1898859326839446
Myanmar,XGBoost,2021-01-01,2.003,0.6601502895355225,True,True,1.3428497104644777,1.3428497104644777
Myanmar,XGBoost,2021-02-01,1.742,0.6780484318733215,True,True,1.0639515681266785,1.0639515681266785
Myanmar,XGBoost,2021-03-01,2.32,0.546197772026062,True,True,1.7738022279739378,1.7738022279739378
Myanmar,XGBoost,2021-04-01,0.895,0.4574275016784668,True,True,0.4375724983215332,0.4375724983215332
Myanmar,XGBoost,2021-05-01,1.154,0.4751252233982086,True,True,0.6788747766017913,0.6788747766017913
Myanmar,XGBoost,2021-06-01,1.425,0.4235710203647613,True,True,1.0014289796352387,1.0014289796352387
Myanmar,XGBoost,2021-07-01,1.322,0.4376004636287689,True,True,0.8843995363712311,0.8843995363712311
Myanmar,XGBoost,2021-08-01,1.224,0.4453358948230743,True,True,0.7786641051769256,0.7786641051769256
Myanmar,XGBoost,2021-09-01,1.147,0.4424650371074676,True,True,0.7045349628925324,0.7045349628925324
Myanmar,XGBoost,2021-10-01,1.828,0.4669207632541656,True,True,1.3610792367458344,1.3610792367458344
Myanmar,XGBoost,2021-11-01,1.943,0.425715833902359,True,True,1.517284166097641,1.517284166097641
Myanmar,XGBoost,2021-12-01,1.693,0.4481140673160553,True,True,1.2448859326839448,1.2448859326839448
Myanmar,XGBoost,2022-01-01,1.785,0.6601502895355225,True,True,1.1248497104644777,1.1248497104644777
Myanmar,XGBoost,2022-02-01,0.335,0.6780484318733215,True,True,-0.3430484318733215,0.3430484318733215
Myanmar,XGBoost,2022-03-01,2.424,0.546197772026062,True,True,1.877802227973938,1.877802227973938
Myanmar,XGBoost,2022-04-01,0.717,0.4574275016784668,True,True,0.2595724983215332,0.2595724983215332
Myanmar,XGBoost,2022-05-01,0.037,0.4751252233982086,True,True,-0.4381252233982086,0.4381252233982086
Myanmar,XGBoost,2022-06-01,0.998,0.4235710203647613,True,True,0.5744289796352386,0.5744289796352386
Myanmar,XGBoost,2022-07-01,1.875,0.4376004636287689,True,True,1.437399536371231,1.437399536371231
Myanmar,XGBoost,2022-08-01,1.744,0.4453358948230743,True,True,1.2986641051769257,1.2986641051769257
Myanmar,XGBoost,2022-09-01,1.328,0.4424650371074676,True,True,0.8855349628925324,0.8855349628925324
Myanmar,XGBoost,2022-10-01,1.202,0.4669207632541656,True,True,0.7350792367458343,0.7350792367458343
Myanmar,XGBoost,2022-11-01,1.743,0.425715833902359,True,True,1.317284166097641,1.317284166097641
Myanmar,XGBoost,2022-12-01,2.34,0.4481140673160553,True,True,1.8918859326839448,1.8918859326839448
Myanmar,XGBoost,2023-01-01,1.572,0.6601502895355225,True,True,0.9118497104644776,0.9118497104644776
Myanmar,XGBoost,2023-02-01,2.001,0.6780484318733215,True,True,1.3229515681266784,1.3229515681266784
Myanmar,XGBoost,2023-03-01,1.402,0.546197772026062,True,True,0.8558022279739379,0.8558022279739379
Myanmar,XGBoost,2023-04-01,1.888,0.4574275016784668,True,True,1.430572498321533,1.430572498321533
Myanmar,XGBoost,2023-05-01,1.583,0.4751252233982086,True,True,1.1078747766017911,1.1078747766017911
Myanmar,XGBoost,2023-06-01,1.658,0.4235710203647613,True,True,1.2344289796352386,1.2344289796352386
Myanmar,XGBoost,2023-07-01,1.89,0.4376004636287689,True,True,1.452399536371231,1.452399536371231
Myanmar,XGBoost,2023-08-01,1.433,0.4453358948230743,True,True,0.9876641051769256,0.9876641051769256
Myanmar,XGBoost,2023-09-01,1.596,0.4424650371074676,True,True,1.1535349628925324,1.1535349628925324
Myanmar,XGBoost,2023-10-01,1.303,0.4669207632541656,True,True,0.8360792367458343,0.8360792367458343
Myanmar,XGBoost,2023-11-01,2.014,0.425715833902359,True,True,1.5882841660976408,1.5882841660976408
Myanmar,XGBoost,2023-12-01,2.918,0.4481140673160553,True,True,2.469885932683945,2.469885932683945
Myanmar,Prophet,2014-01-01,0.478,1.0080725635280483,True,True,-0.5300725635280483,0.5300725635280483
Myanmar,Prophet,2014-02-01,0.885,1.0880927374840903,True,True,-0.2030927374840903,0.2030927374840903
Myanmar,Prophet,2014-03-01,1.023,0.9350601355629804,True,True,0.0879398644370195,0.0879398644370195
Myanmar,Prophet,2014-04-01,1.346,0.7713779047500763,True,True,0.5746220952499238,0.5746220952499238
Myanmar,Prophet,2014-05-01,1.141,0.663789037312335,True,True,0.477210962687665,0.477210962687665
Myanmar,Prophet,2014-06-01,1.339,0.8521577055081566,True,True,0.4868422944918433,0.4868422944918433
Myanmar,Prophet,2014-07-01,0.98,0.8397884368522955,True,True,0.1402115631477044,0.1402115631477044
Myanmar,Prophet,2014-08-01,0.486,0.8635521491473874,True,True,-0.3775521491473874,0.3775521491473874
Myanmar,Prophet,2014-09-01,0.616,0.7831310143715484,True,True,-0.1671310143715484,0.1671310143715484
Myanmar,Prophet,2014-10-01,0.644,0.8200020886801959,True,True,-0.1760020886801958,0.1760020886801958
Myanmar,Prophet,2014-11-01,1.33,0.8491582753500703,True,True,0.4808417246499298,0.4808417246499298
Myanmar,Prophet,2014-12-01,1.272,0.8268057679143308,True,True,0.4451942320856692,0.4451942320856692
Myanmar,Prophet,2015-01-01,1.093,1.0359004013575823,True,True,0.0570995986424174,0.0570995986424174
Myanmar,Prophet,2015-02-01,0.776,1.104056700436682,True,True,-0.3280567004366821,0.3280567004366821
Myanmar,Prophet,2015-03-01,1.629,0.9559304760776256,True,True,0.6730695239223744,0.6730695239223744
Myanmar,Prophet,2015-04-01,0.113,0.7938588387462031,True,True,-0.6808588387462031,0.6808588387462031
Myanmar,Prophet,2015-05-01,1.465,0.6887813398841323,True,True,0.7762186601158678,0.7762186601158678
Myanmar,Prophet,2015-06-01,1.508,0.8746630673981021,True,True,0.6333369326018979,0.6333369326018979
Myanmar,Prophet,2015-07-01,0.982,0.8608097031399323,True,True,0.1211902968600676,0.1211902968600676
Myanmar,Prophet,2015-08-01,1.095,0.8793807208979969,True,True,0.215619279102003,0.215619279102003
Myanmar,Prophet,2015-09-01,1.477,0.8035792610843395,True,True,0.6734207389156606,0.6734207389156606
Myanmar,Prophet,2015-10-01,0.87,0.8450840902508457,True,True,0.0249159097491542,0.0249159097491542
Myanmar,Prophet,2015-11-01,1.642,0.8699933178315449,True,True,0.772006682168455,0.772006682168455
Myanmar,Prophet,2015-12-01,1.583,0.8452490393472925,True,True,0.7377509606527075,0.7377509606527075
Myanmar,Prophet,2016-01-01,0.762,1.0636353140582728,True,True,-0.3016353140582728,0.3016353140582728
Myanmar,Prophet,2016-02-01,1.632,1.1198552124876746,True,True,0.5121447875123253,0.5121447875123253
Myanmar,Prophet,2016-03-01,2.096,0.9786172971842004,True,True,1.1173827028157997,1.1173827028157997
Myanmar,Prophet,2016-04-01,2.233,0.8117963573075118,True,True,1.4212036426924883,1.4212036426924883
Myanmar,Prophet,2016-05-01,1.398,0.6990490565536027,True,True,0.6989509434463972,0.6989509434463972
Myanmar,Prophet,2016-06-01,0.998,0.8918293855408668,True,True,0.1061706144591332,0.1061706144591332
Myanmar,Prophet,2016-07-01,0.616,0.8824039840550139,True,True,-0.2664039840550138,0.2664039840550138
Myanmar,Prophet,2016-08-01,1.485,0.916822453642258,True,True,0.568177546357742,0.568177546357742
Myanmar,Prophet,2016-09-01,1.246,0.8277019410906468,True,True,0.4182980589093532,0.4182980589093532
Myanmar,Prophet,2016-10-01,1.722,0.8549574801898536,True,True,0.8670425198101464,0.8670425198101464
Myanmar,Prophet,2016-11-01,1.503,0.89233248262504,True,True,0.61066751737496,0.61066751737496
Myanmar,Prophet,2016-12-01,1.781,0.8752334029623922,True,True,0.9057665970376078,0.9057665970376078
Myanmar,Prophet,2017-01-01,2.19,1.0651795034760898,True,True,1.12482049652391,1.12482049652391
Myanmar,Prophet,2017-02-01,1.795,1.1569786331639205,True,True,0.6380213668360795,0.6380213668360795
Myanmar,Prophet,2017-03-01,1.101,0.9993041427735534,True,True,0.1016958572264465,0.1016958572264465
Myanmar,Prophet,2017-04-01,0.338,0.8340374544122218,True,True,-0.4960374544122217,0.4960374544122217
Myanmar,Prophet,2017-05-01,0.547,0.7238901051483184,True,True,-0.1768901051483183,0.1768901051483183
Myanmar,Prophet,2017-06-01,1.301,0.9145589043806386,True,True,0.3864410956193613,0.3864410956193613
Myanmar,Prophet,2017-07-01,0.882,0.9036673994263648,True,True,-0.0216673994263647,0.0216673994263647
Myanmar,Prophet,2017-08-01,1.349,0.9327155268464596,True,True,0.4162844731535404,0.4162844731535404
Myanmar,Prophet,2017-09-01,1.527,0.8478530757994369,True,True,0.679146924200563,0.679146924200563
Myanmar,Prophet,2017-10-01,1.612,0.8799721595651885,True,True,0.7320278404348116,0.7320278404348116
Myanmar,Prophet,2017-11-01,1.689,0.9132849788412788,True,True,0.7757150211587214,0.7757150211587214
Myanmar,Prophet,2017-12-01,1.737,0.8934810667668084,True,True,0.8435189332331917,0.8435189332331917
Myanmar,Prophet,2018-01-01,1.428,1.093093209730288,True,True,0.334906790269712,0.334906790269712
Myanmar,Prophet,2018-02-01,1.422,1.17311338368637,True,True,0.2488866163136298,0.2488866163136298
Myanmar,Prophet,2018-03-01,1.658,1.020080781765245,True,True,0.6379192182347548,0.6379192182347548
Myanmar,Prophet,2018-04-01,1.049,0.8563985509523289,True,True,0.192601449047671,0.192601449047671
Myanmar,Prophet,2018-05-01,0.495,0.7488096835146156,True,True,-0.2538096835146156,0.2538096835146156
Myanmar,Prophet,2018-06-01,0.663,0.9371783517104538,True,True,-0.2741783517104538,0.2741783517104538
Myanmar,Prophet,2018-07-01,0.996,0.924809083054592,True,True,0.0711909169454081,0.0711909169454081
Myanmar,Prophet,2018-08-01,0.9,0.9485727953496534,True,True,-0.0485727953496534,0.0485727953496534
Myanmar,Prophet,2018-09-01,1.183,0.8681516605738113,True,True,0.3148483394261887,0.3148483394261887
Myanmar,Prophet,2018-10-01,0.556,0.9050227348825072,True,True,-0.3490227348825072,0.3490227348825072
Myanmar,Prophet,2018-11-01,0.955,0.9341789215523476,True,True,0.0208210784476522,0.0208210784476522
Myanmar,Prophet,2018-12-01,2.009,0.9118264141165776,True,True,1.0971735858834224,1.0971735858834224
Myanmar,Prophet,2019-01-01,1.605,1.1209210475598828,True,True,0.4840789524401172,0.4840789524401172
Myanmar,Prophet,2019-02-01,1.862,1.18907734663894,True,True,0.6729226533610602,0.6729226533610602
Myanmar,Prophet,2019-03-01,0.869,1.0409511222798946,True,True,-0.1719511222798946,0.1719511222798946
Myanmar,Prophet,2019-04-01,1.915,0.8788794849484506,True,True,1.0361205150515491,1.0361205150515491
Myanmar,Prophet,2019-05-01,2.309,0.7738019860864163,True,True,1.535198013913584,1.535198013913584
Myanmar,Prophet,2019-06-01,1.865,0.9596837136003789,True,True,0.9053162863996213,0.9053162863996213
Myanmar,Prophet,2019-07-01,1.235,0.9458303493421903,True,True,0.2891696506578096,0.2891696506578096
Myanmar,Prophet,2019-08-01,1.45,0.9644013671002184,True,True,0.4855986328997815,0.4855986328997815
Myanmar,Prophet,2019-09-01,0.915,0.8885999072866051,True,True,0.0264000927133949,0.0264000927133949
Myanmar,Prophet,2019-10-01,1.621,0.930104736453145,True,True,0.690895263546855,0.690895263546855
Myanmar,Prophet,2019-11-01,2.155,0.9550139640338468,True,True,1.199986035966153,1.199986035966153
Myanmar,Prophet,2019-12-01,1.136,0.93026968554957,True,True,0.2057303144504298,0.2057303144504298
Myanmar,Prophet,2020-01-01,2.02,1.1486559602605566,True,True,0.8713440397394434,0.8713440397394434
Myanmar,Prophet,2020-02-01,1.355,1.2048758586899535,True,True,0.1501241413100464,0.1501241413100464
Myanmar,Prophet,2020-03-01,1.959,1.0636379433864664,True,True,0.8953620566135336,0.8953620566135336
Myanmar,Prophet,2020-04-01,1.411,0.8968170035098105,True,True,0.5141829964901895,0.5141829964901895
Myanmar,Prophet,2020-05-01,1.247,0.784069702755883,True,True,0.4629302972441171,0.4629302972441171
Myanmar,Prophet,2020-06-01,1.593,0.9768500317431542,True,True,0.6161499682568458,0.6161499682568458
Myanmar,Prophet,2020-07-01,1.745,0.9674246302572964,True,True,0.7775753697427037,0.7775753697427037
Myanmar,Prophet,2020-08-01,1.341,1.0018430998445975,True,True,0.3391569001554022,0.3391569001554022
Myanmar,Prophet,2020-09-01,1.69,0.912722587292942,True,True,0.7772774127070579,0.7772774127070579
Myanmar,Prophet,2020-10-01,1.403,0.939978126392172,True,True,0.463021873607828,0.463021873607828
Myanmar,Prophet,2020-11-01,1.661,0.9773531288273324,True,True,0.6836468711726678,0.6836468711726678
Myanmar,Prophet,2020-12-01,1.638,0.960254049164628,True,True,0.677745950835372,0.677745950835372
Myanmar,Prophet,2021-01-01,2.003,1.1502001496783607,True,True,0.8527998503216394,0.8527998503216394
Myanmar,Prophet,2021-02-01,1.742,1.2419992793661667,True,True,0.5000007206338333,0.5000007206338333
Myanmar,Prophet,2021-03-01,2.32,1.084324788975804,True,True,1.235675211024196,1.235675211024196
Myanmar,Prophet,2021-04-01,0.895,0.9190581006144743,True,True,-0.0240581006144744,0.0240581006144744
Myanmar,Prophet,2021-05-01,1.154,0.8089107513505576,True,True,0.3450892486494423,0.3450892486494423
Myanmar,Prophet,2021-06-01,1.425,0.9995795505829436,True,True,0.4254204494170566,0.4254204494170566
Myanmar,Prophet,2021-07-01,1.322,0.98868804562865,True,True,0.3333119543713499,0.3333119543713499
Myanmar,Prophet,2021-08-01,1.224,1.017736173048696,True,True,0.2062638269513039,0.2062638269513039
Myanmar,Prophet,2021-09-01,1.147,0.9328737220016876,True,True,0.2141262779983123,0.2141262779983123
Myanmar,Prophet,2021-10-01,1.828,0.9649928057674416,True,True,0.8630071942325583,0.8630071942325583
Myanmar,Prophet,2021-11-01,1.943,0.9983056250435532,True,True,0.9446943749564468,0.9446943749564468
Myanmar,Prophet,2021-12-01,1.693,0.978501712969105,True,True,0.714498287030895,0.714498287030895
Myanmar,Prophet,2022-01-01,1.785,1.178113855932616,True,True,0.6068861440673838,0.6068861440673838
Myanmar,Prophet,2022-02-01,0.335,1.258134029888639,True,True,-0.923134029888639,0.923134029888639
Myanmar,Prophet,2022-03-01,2.424,1.1051014279675462,True,True,1.3188985720324538,1.3188985720324538
Myanmar,Prophet,2022-04-01,0.717,0.9414191971545572,True,True,-0.2244191971545571,0.2244191971545571
Myanmar,Prophet,2022-05-01,0.037,0.833830329716895,True,True,-0.7968303297168949,0.7968303297168949
Myanmar,Prophet,2022-06-01,0.998,1.022198997912711,True,True,-0.024198997912711,0.024198997912711
Myanmar,Prophet,2022-07-01,1.875,1.0098297292568603,True,True,0.8651702707431397,0.8651702707431397
Myanmar,Prophet,2022-08-01,1.744,1.033593441551966,True,True,0.7104065584480341,0.7104065584480341
Myanmar,Prophet,2022-09-01,1.328,0.9531723067760962,True,True,0.3748276932239038,0.3748276932239038
Myanmar,Prophet,2022-10-01,1.202,0.990043381084748,True,True,0.2119566189152519,0.2119566189152519
Myanmar,Prophet,2022-11-01,1.743,1.0191995677545942,True,True,0.7238004322454059,0.7238004322454059
Myanmar,Prophet,2022-12-01,2.34,0.9968470603188776,True,True,1.343152939681122,1.343152939681122
Myanmar,Prophet,2023-01-01,1.572,1.2059416937622038,True,True,0.3660583062377962,0.3660583062377962
Myanmar,Prophet,2023-02-01,2.001,1.2740979928412242,True,True,0.7269020071587757,0.7269020071587757
Myanmar,Prophet,2023-03-01,1.402,1.1259717684821693,True,True,0.2760282315178306,0.2760282315178306
Myanmar,Prophet,2023-04-01,1.888,0.9639001311507612,True,True,0.9240998688492388,0.9240998688492388
Myanmar,Prophet,2023-05-01,1.583,0.8588226322886772,True,True,0.7241773677113228,0.7241773677113228
Myanmar,Prophet,2023-06-01,1.658,1.0447043598026995,True,True,0.6132956401973002,0.6132956401973002
Myanmar,Prophet,2023-07-01,1.89,1.0308509955444771,True,True,0.8591490044555226,0.8591490044555226
Myanmar,Prophet,2023-08-01,1.433,1.0494220133025438,True,True,0.3835779866974562,0.3835779866974562
Myanmar,Prophet,2023-09-01,1.596,0.9736205534888854,True,True,0.6223794465111147,0.6223794465111147
Myanmar,Prophet,2023-10-01,1.303,1.015125382655386,True,True,0.287874617344614,0.287874617344614
Myanmar,Prophet,2023-11-01,2.014,1.0400346102361056,True,True,0.9739653897638942,0.9739653897638942
Myanmar,Prophet,2023-12-01,2.918,1.015290331751855,True,True,1.9027096682481448,1.9027096682481448
Philippines,Holt-Winters,2014-01-01,-0.096,1.0679332290761567,True,True,-1.1639332290761568,1.1639332290761568
Philippines,Holt-Winters,2014-02-01,0.546,1.1078052982390858,True,True,-0.5618052982390858,0.5618052982390858
Philippines,Holt-Winters,2014-03-01,0.779,1.137632779310881,True,True,-0.3586327793108809,0.3586327793108809
Philippines,Holt-Winters,2014-04-01,0.976,1.14422305467658,True,True,-0.1682230546765799,0.1682230546765799
Philippines,Holt-Winters,2014-05-01,1.625,1.0711257090223714,True,True,0.5538742909776286,0.5538742909776286
Philippines,Holt-Winters,2014-06-01,1.291,1.0757133175926112,True,True,0.2152866824073886,0.2152866824073886
Philippines,Holt-Winters,2014-07-01,0.939,1.0295419511073545,True,True,-0.0905419511073545,0.0905419511073545
Philippines,Holt-Winters,2014-08-01,0.928,1.0968034433388558,True,True,-0.1688034433388557,0.1688034433388557
Philippines,Holt-Winters,2014-09-01,0.661,1.062612539343578,True,True,-0.4016125393435779,0.4016125393435779
Philippines,Holt-Winters,2014-10-01,0.833,1.0236136811131349,True,True,-0.1906136811131349,0.1906136811131349
Philippines,Holt-Winters,2014-11-01,1.149,1.113236928127172,True,True,0.0357630718728281,0.0357630718728281
Philippines,Holt-Winters,2014-12-01,0.994,1.0610827893486208,True,True,-0.0670827893486207,0.0670827893486207
Philippines,Holt-Winters,2015-01-01,0.538,1.0934045078515084,True,True,-0.5554045078515084,0.5554045078515084
Philippines,Holt-Winters,2015-02-01,0.57,1.1332765770144375,True,True,-0.5632765770144378,0.5632765770144378
Philippines,Holt-Winters,2015-03-01,0.756,1.1631040580862329,True,True,-0.4071040580862328,0.4071040580862328
Philippines,Holt-Winters,2015-04-01,0.954,1.1696943334519316,True,True,-0.2156943334519316,0.2156943334519316
Philippines,Holt-Winters,2015-05-01,1.282,1.096596987797723,True,True,0.1854030122022769,0.1854030122022769
Philippines,Holt-Winters,2015-06-01,1.447,1.1011845963679632,True,True,0.3458154036320369,0.3458154036320369
Philippines,Holt-Winters,2015-07-01,1.146,1.0550132298827062,True,True,0.0909867701172937,0.0909867701172937
Philippines,Holt-Winters,2015-08-01,1.291,1.1222747221142075,True,True,0.1687252778857924,0.1687252778857924
Philippines,Holt-Winters,2015-09-01,1.369,1.0880838181189298,True,True,0.2809161818810701,0.2809161818810701
Philippines,Holt-Winters,2015-10-01,1.264,1.0490849598884868,True,True,0.2149150401115132,0.2149150401115132
Philippines,Holt-Winters,2015-11-01,1.647,1.1387082069025236,True,True,0.5082917930974764,0.5082917930974764
Philippines,Holt-Winters,2015-12-01,1.608,1.0865540681239725,True,True,0.5214459318760276,0.5214459318760276
Philippines,Holt-Winters,2016-01-01,1.859,1.1188757866268604,True,True,0.7401242133731396,0.7401242133731396
Philippines,Holt-Winters,2016-02-01,1.408,1.1587478557897897,True,True,0.2492521442102102,0.2492521442102102
Philippines,Holt-Winters,2016-03-01,1.583,1.1885753368615846,True,True,0.3944246631384154,0.3944246631384154
Philippines,Holt-Winters,2016-04-01,2.027,1.1951656122272836,True,True,0.8318343877727166,0.8318343877727166
Philippines,Holt-Winters,2016-05-01,1.78,1.122068266573075,True,True,0.657931733426925,0.657931733426925
Philippines,Holt-Winters,2016-06-01,1.487,1.1266558751433149,True,True,0.3603441248566852,0.3603441248566852
Philippines,Holt-Winters,2016-07-01,1.46,1.080484508658058,True,True,0.379515491341942,0.379515491341942
Philippines,Holt-Winters,2016-08-01,1.667,1.1477460008895597,True,True,0.5192539991104406,0.5192539991104406
Philippines,Holt-Winters,2016-09-01,1.41,1.1135550968942818,True,True,0.2964449031057181,0.2964449031057181
Philippines,Holt-Winters,2016-10-01,1.245,1.0745562386638383,True,True,0.1704437613361615,0.1704437613361615
Philippines,Holt-Winters,2016-11-01,1.227,1.1641794856778755,True,True,0.0628205143221245,0.0628205143221245
Philippines,Holt-Winters,2016-12-01,1.685,1.1120253468993244,True,True,0.5729746531006756,0.5729746531006756
Philippines,Holt-Winters,2017-01-01,1.309,1.144347065402212,True,True,0.1646529345977878,0.1646529345977878
Philippines,Holt-Winters,2017-02-01,0.872,1.1842191345651414,True,True,-0.3122191345651414,0.3122191345651414
Philippines,Holt-Winters,2017-03-01,0.874,1.2140466156369365,True,True,-0.3400466156369365,0.3400466156369365
Philippines,Holt-Winters,2017-04-01,0.863,1.2206368910026355,True,True,-0.3576368910026355,0.3576368910026355
Philippines,Holt-Winters,2017-05-01,1.232,1.1475395453484267,True,True,0.0844604546515732,0.0844604546515732
Philippines,Holt-Winters,2017-06-01,1.209,1.1521271539186668,True,True,0.0568728460813332,0.0568728460813332
Philippines,Holt-Winters,2017-07-01,0.828,1.10595578743341,True,True,-0.2779557874334101,0.2779557874334101
Philippines,Holt-Winters,2017-08-01,1.527,1.1732172796649114,True,True,0.3537827203350885,0.3537827203350885
Philippines,Holt-Winters,2017-09-01,1.383,1.1390263756696335,True,True,0.2439736243303665,0.2439736243303665
Philippines,Holt-Winters,2017-10-01,1.116,1.1000275174391905,True,True,0.0159724825608096,0.0159724825608096
Philippines,Holt-Winters,2017-11-01,1.593,1.1896507644532277,True,True,0.4033492355467725,0.4033492355467725
Philippines,Holt-Winters,2017-12-01,1.307,1.137496625674676,True,True,0.1695033743253238,0.1695033743253238
Philippines,Holt-Winters,2018-01-01,1.405,1.169818344177564,True,True,0.235181655822436,0.235181655822436
Philippines,Holt-Winters,2018-02-01,1.41,1.209690413340493,True,True,0.2003095866595066,0.2003095866595066
Philippines,Holt-Winters,2018-03-01,1.113,1.2395178944122884,True,True,-0.1265178944122884,0.1265178944122884
Philippines,Holt-Winters,2018-04-01,1.057,1.2461081697779872,True,True,-0.1891081697779872,0.1891081697779872
Philippines,Holt-Winters,2018-05-01,1.345,1.1730108241237789,True,True,0.1719891758762213,0.1719891758762213
Philippines,Holt-Winters,2018-06-01,1.112,1.1775984326940188,True,True,-0.0655984326940186,0.0655984326940186
Philippines,Holt-Winters,2018-07-01,1.21,1.1314270662087618,True,True,0.0785729337912382,0.0785729337912382
Philippines,Holt-Winters,2018-08-01,1.287,1.1986885584402631,True,True,0.0883114415597368,0.0883114415597368
Philippines,Holt-Winters,2018-09-01,1.07,1.1644976544449854,True,True,-0.0944976544449853,0.0944976544449853
Philippines,Holt-Winters,2018-10-01,1.219,1.1254987962145424,True,True,0.0935012037854576,0.0935012037854576
Philippines,Holt-Winters,2018-11-01,1.366,1.2151220432285792,True,True,0.1508779567714209,0.1508779567714209
Philippines,Holt-Winters,2018-12-01,1.529,1.162967904450028,True,True,0.3660320955499718,0.3660320955499718
Philippines,Holt-Winters,2019-01-01,1.186,1.195289622952916,True,True,-0.009289622952916,0.009289622952916
Philippines,Holt-Winters,2019-02-01,0.825,1.2351616921158453,True,True,-0.4101616921158453,0.4101616921158453
Philippines,Holt-Winters,2019-03-01,1.04,1.26498917318764,True,True,-0.2249891731876401,0.2249891731876401
Philippines,Holt-Winters,2019-04-01,1.411,1.2715794485533392,True,True,0.1394205514466608,0.1394205514466608
Philippines,Holt-Winters,2019-05-01,1.458,1.1984821028991306,True,True,0.2595178971008693,0.2595178971008693
Philippines,Holt-Winters,2019-06-01,1.95,1.2030697114693705,True,True,0.7469302885306295,0.7469302885306295
Philippines,Holt-Winters,2019-07-01,1.105,1.1568983449841137,True,True,-0.0518983449841135,0.0518983449841135
Philippines,Holt-Winters,2019-08-01,1.319,1.224159837215615,True,True,0.0948401627843849,0.0948401627843849
Philippines,Holt-Winters,2019-09-01,1.215,1.1899689332203374,True,True,0.0250310667796627,0.0250310667796627
Philippines,Holt-Winters,2019-10-01,1.294,1.150970074989894,True,True,0.1430299250101059,0.1430299250101059
Philippines,Holt-Winters,2019-11-01,1.483,1.2405933220039311,True,True,0.2424066779960689,0.2424066779960689
Philippines,Holt-Winters,2019-12-01,1.561,1.18843918322538,True,True,0.3725608167746199,0.3725608167746199
Philippines,Holt-Winters,2020-01-01,1.708,1.2207609017282677,True,True,0.4872390982717323,0.4872390982717323
Philippines,Holt-Winters,2020-02-01,1.223,1.260632970891197,True,True,-0.0376329708911968,0.0376329708911968
Philippines,Holt-Winters,2020-03-01,1.597,1.290460451962992,True,True,0.3065395480370079,0.3065395480370079
Philippines,Holt-Winters,2020-04-01,1.433,1.297050727328691,True,True,0.1359492726713089,0.1359492726713089
Philippines,Holt-Winters,2020-05-01,1.713,1.2239533816744823,True,True,0.4890466183255177,0.4890466183255177
Philippines,Holt-Winters,2020-06-01,1.52,1.2285409902447224,True,True,0.2914590097552776,0.2914590097552776
Philippines,Holt-Winters,2020-07-01,1.577,1.1823696237594656,True,True,0.3946303762405343,0.3946303762405343
Philippines,Holt-Winters,2020-08-01,1.377,1.2496311159909668,True,True,0.1273688840090332,0.1273688840090332
Philippines,Holt-Winters,2020-09-01,1.637,1.215440211995689,True,True,0.4215597880043109,0.4215597880043109
Philippines,Holt-Winters,2020-10-01,0.801,1.176441353765246,True,True,-0.375441353765246,0.375441353765246
Philippines,Holt-Winters,2020-11-01,1.492,1.266064600779283,True,True,0.2259353992207169,0.2259353992207169
Philippines,Holt-Winters,2020-12-01,1.665,1.2139104620007315,True,True,0.4510895379992683,0.4510895379992683
Philippines,Holt-Winters,2021-01-01,1.036,1.2462321805036196,True,True,-0.2102321805036195,0.2102321805036195
Philippines,Holt-Winters,2021-02-01,1.206,1.286104249666549,True,True,-0.0801042496665489,0.0801042496665489
Philippines,Holt-Winters,2021-03-01,1.47,1.3159317307383438,True,True,0.1540682692616561,0.1540682692616561
Philippines,Holt-Winters,2021-04-01,0.729,1.3225220061040428,True,True,-0.5935220061040428,0.5935220061040428
Philippines,Holt-Winters,2021-05-01,1.454,1.2494246604498342,True,True,0.2045753395501657,0.2045753395501657
Philippines,Holt-Winters,2021-06-01,1.234,1.2540122690200743,True,True,-0.0200122690200743,0.0200122690200743
Philippines,Holt-Winters,2021-07-01,1.519,1.2078409025348174,True,True,0.3111590974651825,0.3111590974651825
Philippines,Holt-Winters,2021-08-01,1.455,1.2751023947663187,True,True,0.1798976052336813,0.1798976052336813
Philippines,Holt-Winters,2021-09-01,1.274,1.240911490771041,True,True,0.033088509228959,0.033088509228959
Philippines,Holt-Winters,2021-10-01,1.266,1.2019126325405978,True,True,0.0640873674594022,0.0640873674594022
Philippines,Holt-Winters,2021-11-01,1.696,1.2915358795546348,True,True,0.4044641204453651,0.4044641204453651
Philippines,Holt-Winters,2021-12-01,1.172,1.2393817407760837,True,True,-0.0673817407760837,0.0673817407760837
Philippines,Holt-Winters,2022-01-01,1.192,1.2717034592789715,True,True,-0.0797034592789716,0.0797034592789716
Philippines,Holt-Winters,2022-02-01,1.63,1.3115755284419006,True,True,0.3184244715580993,0.3184244715580993
Philippines,Holt-Winters,2022-03-01,1.706,1.3414030095136955,True,True,0.3645969904863042,0.3645969904863042
Philippines,Holt-Winters,2022-04-01,0.73,1.3479932848793947,True,True,-0.6179932848793948,0.6179932848793948
Philippines,Holt-Winters,2022-05-01,0.947,1.274895939225186,True,True,-0.327895939225186,0.327895939225186
Philippines,Holt-Winters,2022-06-01,1.233,1.279483547795426,True,True,-0.0464835477954259,0.0464835477954259
Philippines,Holt-Winters,2022-07-01,1.4,1.233312181310169,True,True,0.1666878186898308,0.1666878186898308
Philippines,Holt-Winters,2022-08-01,1.08,1.3005736735416706,True,True,-0.2205736735416705,0.2205736735416705
Philippines,Holt-Winters,2022-09-01,1.552,1.2663827695463927,True,True,0.2856172304536073,0.2856172304536073
Philippines,Holt-Winters,2022-10-01,1.371,1.2273839113159497,True,True,0.1436160886840503,0.1436160886840503
Philippines,Holt-Winters,2022-11-01,1.695,1.3170071583299867,True,True,0.3779928416700133,0.3779928416700133
Philippines,Holt-Winters,2022-12-01,1.184,1.2648530195514354,True,True,-0.0808530195514354,0.0808530195514354
Philippines,Holt-Winters,2023-01-01,1.098,1.2971747380543233,True,True,-0.1991747380543231,0.1991747380543231
Philippines,Holt-Winters,2023-02-01,1.369,1.3370468072172526,True,True,0.0319531927827474,0.0319531927827474
Philippines,Holt-Winters,2023-03-01,1.152,1.3668742882890477,True,True,-0.2148742882890477,0.2148742882890477
Philippines,Holt-Winters,2023-04-01,1.32,1.3734645636547465,True,True,-0.0534645636547463,0.0534645636547463
Philippines,Holt-Winters,2023-05-01,1.551,1.300367218000538,True,True,0.250632781999462,0.250632781999462
Philippines,Holt-Winters,2023-06-01,1.476,1.304954826570778,True,True,0.1710451734292219,0.1710451734292219
Philippines,Holt-Winters,2023-07-01,1.587,1.2587834600855208,True,True,0.3282165399144792,0.3282165399144792
Philippines,Holt-Winters,2023-08-01,1.976,1.3260449523170224,True,True,0.6499550476829776,0.6499550476829776
Philippines,Holt-Winters,2023-09-01,1.668,1.2918540483217449,True,True,0.3761459516782552,0.3761459516782552
Philippines,Holt-Winters,2023-10-01,1.781,1.2528551900913016,True,True,0.5281448099086983,0.5281448099086983
Philippines,Holt-Winters,2023-11-01,1.937,1.3424784371053384,True,True,0.5945215628946616,0.5945215628946616
Philippines,Holt-Winters,2023-12-01,2.287,1.2903242983267873,True,True,0.9966757016732126,0.9966757016732126
Philippines,SARIMA,2014-01-01,-0.096,1.0970500571620536,True,True,-1.1930500571620537,1.1930500571620537
Philippines,SARIMA,2014-02-01,0.546,1.121268569330932,True,True,-0.5752685693309318,0.5752685693309318
Philippines,SARIMA,2014-03-01,0.779,1.08883395196374,True,True,-0.30983395196374,0.30983395196374
Philippines,SARIMA,2014-04-01,0.976,0.9747166975210644,True,True,0.0012833024789354,0.0012833024789354
Philippines,SARIMA,2014-05-01,1.625,0.7722169195819637,True,True,0.8527830804180363,0.8527830804180363
Philippines,SARIMA,2014-06-01,1.291,0.8835100879334178,True,True,0.4074899120665821,0.4074899120665821
Philippines,SARIMA,2014-07-01,0.939,0.7821765829294619,True,True,0.156823417070538,0.156823417070538
Philippines,SARIMA,2014-08-01,0.928,0.8949701862614609,True,True,0.0330298137385391,0.0330298137385391
Philippines,SARIMA,2014-09-01,0.661,0.8769394667091703,True,True,-0.2159394667091703,0.2159394667091703
Philippines,SARIMA,2014-10-01,0.833,0.813884505743799,True,True,0.0191154942562009,0.0191154942562009
Philippines,SARIMA,2014-11-01,1.149,1.0355915783435898,True,True,0.1134084216564101,0.1134084216564101
Philippines,SARIMA,2014-12-01,0.994,1.043579334520216,True,True,-0.049579334520216,0.049579334520216
Philippines,SARIMA,2015-01-01,0.538,1.0269823510806977,True,True,-0.4889823510806976,0.4889823510806976
Philippines,SARIMA,2015-02-01,0.57,1.1501555473381049,True,True,-0.5801555473381049,0.5801555473381049
Philippines,SARIMA,2015-03-01,0.756,1.116885324564515,True,True,-0.3608853245645149,0.3608853245645149
Philippines,SARIMA,2015-04-01,0.954,0.9998280941789736,True,True,-0.0458280941789736,0.0458280941789736
Philippines,SARIMA,2015-05-01,1.282,0.7921113621650121,True,True,0.4898886378349879,0.4898886378349879
Philippines,SARIMA,2015-06-01,1.447,0.906271750194652,True,True,0.540728249805348,0.540728249805348
Philippines,SARIMA,2015-07-01,1.146,0.8023276139730695,True,True,0.3436723860269304,0.3436723860269304
Philippines,SARIMA,2015-08-01,1.291,0.918027092336191,True,True,0.372972907663809,0.372972907663809
Philippines,SARIMA,2015-09-01,1.369,0.8995318516036882,True,True,0.4694681483963118,0.4694681483963118
Philippines,SARIMA,2015-10-01,1.264,0.8348524205332316,True,True,0.4291475794667684,0.4291475794667684
Philippines,SARIMA,2015-11-01,1.647,1.0622712802154397,True,True,0.5847287197845603,0.5847287197845603
Philippines,SARIMA,2015-12-01,1.608,1.0704648230727167,True,True,0.5375351769272834,0.5375351769272834
Philippines,SARIMA,2016-01-01,1.859,1.053440255458705,True,True,0.805559744541295,0.805559744541295
Philippines,SARIMA,2016-02-01,1.408,1.1797867337545842,True,True,0.2282132662454157,0.2282132662454157
Philippines,SARIMA,2016-03-01,1.583,1.14565937806936,True,True,0.4373406219306399,0.4373406219306399
Philippines,SARIMA,2016-04-01,2.027,1.025586429833326,True,True,1.0014135701666742,1.0014135701666742
Philippines,SARIMA,2016-05-01,1.78,0.8125183405856649,True,True,0.9674816594143352,0.9674816594143352
Philippines,SARIMA,2016-06-01,1.487,0.9296198157986104,True,True,0.5573801842013897,0.5573801842013897
Philippines,SARIMA,2016-07-01,1.46,0.8229977912823446,True,True,0.6370022087176553,0.6370022087176553
Philippines,SARIMA,2016-08-01,1.667,0.9416780080504596,True,True,0.7253219919495404,0.7253219919495404
Philippines,SARIMA,2016-09-01,1.41,0.922706278788009,True,True,0.4872937212119909,0.4872937212119909
Philippines,SARIMA,2016-10-01,1.245,0.8563605267718368,True,True,0.3886394732281633,0.3886394732281633
Philippines,SARIMA,2016-11-01,1.227,1.0896383249615038,True,True,0.1373616750384962,0.1373616750384962
Philippines,SARIMA,2016-12-01,1.685,1.0980429561332068,True,True,0.5869570438667933,0.5869570438667933
Philippines,SARIMA,2017-01-01,1.309,1.0805797885943431,True,True,0.2284202114056568,0.2284202114056568
Philippines,SARIMA,2017-02-01,0.872,1.2101813014463008,True,True,-0.3381813014463007,0.3381813014463007
Philippines,SARIMA,2017-03-01,0.874,1.1751747307361602,True,True,-0.3011747307361602,0.3011747307361602
Philippines,SARIMA,2017-04-01,0.863,1.0520083714210835,True,True,-0.1890083714210835,0.1890083714210835
Philippines,SARIMA,2017-05-01,1.232,0.8334510591839648,True,True,0.3985489408160352,0.3985489408160352
Philippines,SARIMA,2017-06-01,1.209,0.9535693921164684,True,True,0.2554306078835316,0.2554306078835316
Philippines,SARIMA,2017-07-01,0.828,0.8442004895002311,True,True,-0.0162004895002311,0.0162004895002311
Philippines,SARIMA,2017-08-01,1.527,0.9659382367346756,True,True,0.5610617632653243,0.5610617632653243
Philippines,SARIMA,2017-09-01,1.383,0.9464777432805296,True,True,0.4365222567194704,0.4365222567194704
Philippines,SARIMA,2017-10-01,1.116,0.8784227412846634,True,True,0.2375772587153367,0.2375772587153367
Philippines,SARIMA,2017-11-01,1.593,1.1177104204343289,True,True,0.4752895795656713,0.4752895795656713
Philippines,SARIMA,2017-12-01,1.307,1.1263315781389749,True,True,0.180668421861025,0.180668421861025
Philippines,SARIMA,2018-01-01,1.405,1.108418511128719,True,True,0.296581488871281,0.296581488871281
Philippines,SARIMA,2018-02-01,1.41,1.2413589172252135,True,True,0.1686410827747861,0.1686410827747861
Philippines,SARIMA,2018-03-01,1.113,1.2054504804805923,True,True,-0.0924504804805923,0.0924504804805923
Philippines,SARIMA,2018-04-01,1.057,1.0791110152655785,True,True,-0.0221110152655785,0.0221110152655785
Philippines,SARIMA,2018-05-01,1.345,0.8549230624802566,True,True,0.4900769375197433,0.4900769375197433
Philippines,SARIMA,2018-06-01,1.112,0.9781359757270466,True,True,0.1338640242729535,0.1338640242729535
Philippines,SARIMA,2018-07-01,1.21,0.865949427837448,True,True,0.3440505721625519,0.3440505721625519
Philippines,SARIMA,2018-08-01,1.287,0.9908234759753438,True,True,0.2961765240246561,0.2961765240246561
Philippines,SARIMA,2018-09-01,1.07,0.9708616264127732,True,True,0.0991383735872269,0.0991383735872269
Philippines,SARIMA,2018-10-01,1.219,0.901053339432645,True,True,0.3179466605673551,0.3179466605673551
Philippines,SARIMA,2018-11-01,1.366,1.1465057306896946,True,True,0.2194942693103054,0.2194942693103054
Philippines,SARIMA,2018-12-01,1.529,1.1553489932493437,True,True,0.3736510067506562,0.3736510067506562
Philippines,SARIMA,2019-01-01,1.186,1.1369744361135998,True,True,0.0490255638864001,0.0490255638864001
Philippines,SARIMA,2019-02-01,0.825,1.273339754574726,True,True,-0.4483397545747261,0.4483397545747261
Philippines,SARIMA,2019-03-01,1.04,1.2365062172334358,True,True,-0.1965062172334357,0.1965062172334357
Philippines,SARIMA,2019-04-01,1.411,1.1069118981386938,True,True,0.3040881018613062,0.3040881018613062
Philippines,SARIMA,2019-05-01,1.458,0.8769482439391719,True,True,0.581051756060828,0.581051756060828
Philippines,SARIMA,2019-06-01,1.95,1.0033354624438748,True,True,0.9466645375561252,0.9466645375561252
Philippines,SARIMA,2019-07-01,1.105,0.8882586789495083,True,True,0.2167413210504917,0.2167413210504917
Philippines,SARIMA,2019-08-01,1.319,1.0163498277721923,True,True,0.3026501722278076,0.3026501722278076
Philippines,SARIMA,2019-09-01,1.215,0.9958737057818832,True,True,0.2191262942181168,0.2191262942181168
Philippines,SARIMA,2019-10-01,1.294,0.9242669643494764,True,True,0.3697330356505235,0.3697330356505235
Philippines,SARIMA,2019-11-01,1.483,1.1760428877396718,True,True,0.3069571122603283,0.3069571122603283
Philippines,SARIMA,2019-12-01,1.561,1.1851139771893804,True,True,0.3758860228106195,0.3758860228106195
Philippines,SARIMA,2020-01-01,1.708,1.166266040666762,True,True,0.541733959333238,0.541733959333238
Philippines,SARIMA,2020-02-01,1.223,1.306144506702941,True,True,-0.0831445067029406,0.0831445067029406
Philippines,SARIMA,2020-03-01,1.597,1.2683620356162415,True,True,0.3286379643837582,0.3286379643837582
Philippines,SARIMA,2020-04-01,1.433,1.1354290086080352,True,True,0.2975709913919648,0.2975709913919648
Philippines,SARIMA,2020-05-01,1.713,0.8995408549593986,True,True,0.8134591450406015,0.8134591450406015
Philippines,SARIMA,2020-06-01,1.52,1.0291841576005825,True,True,0.4908158423994175,0.4908158423994175
Philippines,SARIMA,2020-07-01,1.577,0.9111426780424338,True,True,0.6658573219575662,0.6658573219575662
Philippines,SARIMA,2020-08-01,1.377,1.042533808956975,True,True,0.3344661910430251,0.3344661910430251
Philippines,SARIMA,2020-09-01,1.637,1.0215301654595224,True,True,0.6154698345404777,0.6154698345404777
Philippines,SARIMA,2020-10-01,0.801,0.9480786364164564,True,True,-0.1470786364164563,0.1470786364164563
Philippines,SARIMA,2020-11-01,1.492,1.206341003608468,True,True,0.2856589963915319,0.2856589963915319
Philippines,SARIMA,2020-12-01,1.665,1.2156457893987342,True,True,0.4493542106012658,0.4493542106012658
Philippines,SARIMA,2021-01-01,1.036,1.196312277927614,True,True,-0.160312277927614,0.160312277927614
Philippines,SARIMA,2021-02-01,1.206,1.3397943999322066,True,True,-0.1337943999322066,0.1337943999322066
Philippines,SARIMA,2021-03-01,1.47,1.3010385479435624,True,True,0.1689614520564375,0.1689614520564375
Philippines,SARIMA,2021-04-01,0.729,1.1646807986764378,True,True,-0.4356807986764378,0.4356807986764378
Philippines,SARIMA,2021-05-01,1.454,0.9227155140950516,True,True,0.5312844859049483,0.5312844859049483
Philippines,SARIMA,2021-06-01,1.234,1.0556987866012677,True,True,0.1783012133987322,0.1783012133987322
Philippines,SARIMA,2021-07-01,1.519,0.9346162322130585,True,True,0.5843837677869415,0.5843837677869415
Philippines,SARIMA,2021-08-01,1.455,1.069392361880691,True,True,0.385607638119309,0.385607638119309
Philippines,SARIMA,2021-09-01,1.274,1.047847606463778,True,True,0.2261523935362219,0.2261523935362219
Philippines,SARIMA,2021-10-01,1.266,0.972503762981428,True,True,0.2934962370185719,0.2934962370185719
Philippines,SARIMA,2021-11-01,1.696,1.2374196826988688,True,True,0.4585803173011311,0.4585803173011311
Philippines,SARIMA,2021-12-01,1.172,1.246964185493461,True,True,-0.074964185493461,0.074964185493461
Philippines,SARIMA,2022-01-01,1.192,1.227132589320831,True,True,-0.0351325893208309,0.0351325893208309
Philippines,SARIMA,2022-02-01,1.63,1.3743112074336148,True,True,0.2556887925663851,0.2556887925663851
Philippines,SARIMA,2022-03-01,1.706,1.3345568975601545,True,True,0.3714431024398457,0.3714431024398457
Philippines,SARIMA,2022-04-01,0.73,1.194686195721339,True,True,-0.464686195721339,0.464686195721339
Philippines,SARIMA,2022-05-01,0.947,0.946487216514612,True,True,0.0005127834853879,0.0005127834853879
Philippines,SARIMA,2022-06-01,1.233,1.0828965057426747,True,True,0.1501034942573254,0.1501034942573254
Philippines,SARIMA,2022-07-01,1.4,0.9586945300299636,True,True,0.4413054699700361,0.4413054699700361
Philippines,SARIMA,2022-08-01,1.08,1.0969428653761375,True,True,-0.0169428653761376,0.0169428653761376
Philippines,SARIMA,2022-09-01,1.552,1.0748430575008563,True,True,0.4771569424991437,0.4771569424991437
Philippines,SARIMA,2022-10-01,1.371,0.9975581483281076,True,True,0.3734418516718922,0.3734418516718922
Philippines,SARIMA,2022-11-01,1.695,1.26929903447727,True,True,0.4257009655227302,0.4257009655227302
Philippines,SARIMA,2022-12-01,1.184,1.2790894300488986,True,True,-0.0950894300488987,0.0950894300488987
Philippines,SARIMA,2023-01-01,1.098,1.258746917135931,True,True,-0.1607469171359306,0.1607469171359306
Philippines,SARIMA,2023-02-01,1.369,1.409717263315334,True,True,-0.0407172633153338,0.0407172633153338
Philippines,SARIMA,2023-03-01,1.152,1.3689387725217836,True,True,-0.2169387725217837,0.2169387725217837
Philippines,SARIMA,2023-04-01,1.32,1.2254646147417425,True,True,0.0945353852582577,0.0945353852582577
Philippines,SARIMA,2023-05-01,1.551,0.9708713437035535,True,True,0.5801286562964464,0.5801286562964464
Philippines,SARIMA,2023-06-01,1.476,1.1107949133151789,True,True,0.3652050866848211,0.3652050866848211
Philippines,SARIMA,2023-07-01,1.587,0.9833931513612454,True,True,0.6036068486387546,0.6036068486387546
Philippines,SARIMA,2023-08-01,1.976,1.125203146002887,True,True,0.8507968539971129,0.8507968539971129
Philippines,SARIMA,2023-09-01,1.668,1.1025339859835095,True,True,0.5654660140164904,0.5654660140164904
Philippines,SARIMA,2023-10-01,1.781,1.02325800390225,True,True,0.7577419960977498,0.7577419960977498
Philippines,SARIMA,2023-11-01,1.937,1.3019996864855123,True,True,0.6350003135144877,0.6350003135144877
Philippines,SARIMA,2023-12-01,2.287,1.312042309711866,True,True,0.9749576902881338,0.9749576902881338
Philippines,XGBoost,2014-01-01,-0.096,0.9605644941329956,True,True,-1.0565644941329957,1.0565644941329957
Philippines,XGBoost,2014-02-01,0.546,0.858647882938385,True,True,-0.3126478829383849,0.3126478829383849
Philippines,XGBoost,2014-03-01,0.779,0.8418208360671997,True,True,-0.0628208360671996,0.0628208360671996
Philippines,XGBoost,2014-04-01,0.976,0.8284096717834473,True,True,0.1475903282165527,0.1475903282165527
Philippines,XGBoost,2014-05-01,1.625,0.8145618438720703,True,True,0.8104381561279297,0.8104381561279297
Philippines,XGBoost,2014-06-01,1.291,0.8057103753089905,True,True,0.4852896246910094,0.4852896246910094
Philippines,XGBoost,2014-07-01,0.939,0.7691919803619385,True,True,0.1698080196380614,0.1698080196380614
Philippines,XGBoost,2014-08-01,0.928,0.8232556581497192,True,True,0.1047443418502808,0.1047443418502808
Philippines,XGBoost,2014-09-01,0.661,0.8606691360473633,True,True,-0.1996691360473632,0.1996691360473632
Philippines,XGBoost,2014-10-01,0.833,0.8551601767539978,True,True,-0.0221601767539978,0.0221601767539978
Philippines,XGBoost,2014-11-01,1.149,0.8949925303459167,True,True,0.2540074696540833,0.2540074696540833
Philippines,XGBoost,2014-12-01,0.994,0.8380729556083679,True,True,0.155927044391632,0.155927044391632
Philippines,XGBoost,2015-01-01,0.538,0.9622169733047484,True,True,-0.4242169733047485,0.4242169733047485
Philippines,XGBoost,2015-02-01,0.57,0.8712805509567261,True,True,-0.3012805509567261,0.3012805509567261
Philippines,XGBoost,2015-03-01,0.756,0.8666868209838867,True,True,-0.1106868209838867,0.1106868209838867
Philippines,XGBoost,2015-04-01,0.954,0.8402260541915894,True,True,0.1137739458084106,0.1137739458084106
Philippines,XGBoost,2015-05-01,1.282,0.7942430377006531,True,True,0.4877569622993469,0.4877569622993469
Philippines,XGBoost,2015-06-01,1.447,0.7601435780525208,True,True,0.6868564219474793,0.6868564219474793
Philippines,XGBoost,2015-07-01,1.146,0.7806568741798401,True,True,0.3653431258201598,0.3653431258201598
Philippines,XGBoost,2015-08-01,1.291,0.8378590941429138,True,True,0.4531409058570861,0.4531409058570861
Philippines,XGBoost,2015-09-01,1.369,0.8249151706695557,True,True,0.5440848293304443,0.5440848293304443
Philippines,XGBoost,2015-10-01,1.264,0.8806900978088379,True,True,0.3833099021911621,0.3833099021911621
Philippines,XGBoost,2015-11-01,1.647,0.91662859916687,True,True,0.7303714008331299,0.7303714008331299
Philippines,XGBoost,2015-12-01,1.608,0.8612653613090515,True,True,0.7467346386909486,0.7467346386909486
Philippines,XGBoost,2016-01-01,1.859,0.9611817002296448,True,True,0.8978182997703552,0.8978182997703552
Philippines,XGBoost,2016-02-01,1.408,0.9019214510917664,True,True,0.5060785489082336,0.5060785489082336
Philippines,XGBoost,2016-03-01,1.583,0.8880786895751953,True,True,0.6949213104248047,0.6949213104248047
Philippines,XGBoost,2016-04-01,2.027,0.8924115300178528,True,True,1.1345884699821474,1.1345884699821474
Philippines,XGBoost,2016-05-01,1.78,0.8156347870826721,True,True,0.964365212917328,0.964365212917328
Philippines,XGBoost,2016-06-01,1.487,0.7974304556846619,True,True,0.6895695443153382,0.6895695443153382
Philippines,XGBoost,2016-07-01,1.46,0.7595425844192505,True,True,0.7004574155807495,0.7004574155807495
Philippines,XGBoost,2016-08-01,1.667,0.8378590941429138,True,True,0.8291409058570862,0.8291409058570862
Philippines,XGBoost,2016-09-01,1.41,0.8507668375968933,True,True,0.5592331624031066,0.5592331624031066
Philippines,XGBoost,2016-10-01,1.245,0.8645539879798889,True,True,0.3804460120201112,0.3804460120201112
Philippines,XGBoost,2016-11-01,1.227,0.9183679819107056,True,True,0.3086320180892945,0.3086320180892945
Philippines,XGBoost,2016-12-01,1.685,0.8968443870544434,True,True,0.7881556129455567,0.7881556129455567
Philippines,XGBoost,2017-01-01,1.309,0.9611817002296448,True,True,0.3478182997703551,0.3478182997703551
Philippines,XGBoost,2017-02-01,0.872,0.942254900932312,True,True,-0.070254900932312,0.070254900932312
Philippines,XGBoost,2017-03-01,0.874,0.9447979927062988,True,True,-0.0707979927062988,0.0707979927062988
Philippines,XGBoost,2017-04-01,0.863,0.9157995581626892,True,True,-0.0527995581626892,0.0527995581626892
Philippines,XGBoost,2017-05-01,1.232,0.8266158699989319,True,True,0.4053841300010681,0.4053841300010681
Philippines,XGBoost,2017-06-01,1.209,0.7878310680389404,True,True,0.4211689319610596,0.4211689319610596
Philippines,XGBoost,2017-07-01,0.828,0.7639881372451782,True,True,0.0640118627548217,0.0640118627548217
Philippines,XGBoost,2017-08-01,1.527,0.8403353095054626,True,True,0.6866646904945373,0.6866646904945373
Philippines,XGBoost,2017-09-01,1.383,0.8487832546234131,True,True,0.5342167453765869,0.5342167453765869
Philippines,XGBoost,2017-10-01,1.116,0.8670302033424377,True,True,0.2489697966575623,0.2489697966575623
Philippines,XGBoost,2017-11-01,1.593,0.9208441972732544,True,True,0.6721558027267456,0.6721558027267456
Philippines,XGBoost,2017-12-01,1.307,0.9037804007530212,True,True,0.4032195992469787,0.4032195992469787
Philippines,XGBoost,2018-01-01,1.405,0.9636579155921936,True,True,0.4413420844078064,0.4413420844078064
Philippines,XGBoost,2018-02-01,1.41,0.9521305561065674,True,True,0.4578694438934325,0.4578694438934325
Philippines,XGBoost,2018-03-01,1.113,0.9571887254714966,True,True,0.1558112745285034,0.1558112745285034
Philippines,XGBoost,2018-04-01,1.057,0.932650089263916,True,True,0.1243499107360839,0.1243499107360839
Philippines,XGBoost,2018-05-01,1.345,0.8290920853614807,True,True,0.5159079146385193,0.5159079146385193
Philippines,XGBoost,2018-06-01,1.112,0.7898004055023193,True,True,0.3221995944976807,0.3221995944976807
Philippines,XGBoost,2018-07-01,1.21,0.7639881372451782,True,True,0.4460118627548217,0.4460118627548217
Philippines,XGBoost,2018-08-01,1.287,0.8403353095054626,True,True,0.4466646904945373,0.4466646904945373
Philippines,XGBoost,2018-09-01,1.07,0.8532430529594421,True,True,0.2167569470405579,0.2167569470405579
Philippines,XGBoost,2018-10-01,1.219,0.8670302033424377,True,True,0.3519697966575623,0.3519697966575623
Philippines,XGBoost,2018-11-01,1.366,0.9208441972732544,True,True,0.4451558027267457,0.4451558027267457
Philippines,XGBoost,2018-12-01,1.529,0.9055197834968568,True,True,0.6234802165031432,0.6234802165031432
Philippines,XGBoost,2019-01-01,1.186,0.9670568108558656,True,True,0.2189431891441344,0.2189431891441344
Philippines,XGBoost,2019-02-01,0.825,0.9528558850288392,True,True,-0.1278558850288391,0.1278558850288391
Philippines,XGBoost,2019-03-01,1.04,0.9579140543937684,True,True,0.0820859456062317,0.0820859456062317
Philippines,XGBoost,2019-04-01,1.411,0.932650089263916,True,True,0.478349910736084,0.478349910736084
Philippines,XGBoost,2019-05-01,1.458,0.8290920853614807,True,True,0.6289079146385192,0.6289079146385192
Philippines,XGBoost,2019-06-01,1.95,0.7898004055023193,True,True,1.1601995944976806,1.1601995944976806
Philippines,XGBoost,2019-07-01,1.105,0.7639881372451782,True,True,0.3410118627548217,0.3410118627548217
Philippines,XGBoost,2019-08-01,1.319,0.8403353095054626,True,True,0.4786646904945373,0.4786646904945373
Philippines,XGBoost,2019-09-01,1.215,0.8532430529594421,True,True,0.3617569470405579,0.3617569470405579
Philippines,XGBoost,2019-10-01,1.294,0.8670302033424377,True,True,0.4269697966575623,0.4269697966575623
Philippines,XGBoost,2019-11-01,1.483,0.9198089241981506,True,True,0.5631910758018495,0.5631910758018495
Philippines,XGBoost,2019-12-01,1.561,0.9283628463745116,True,True,0.6326371536254882,0.6326371536254882
Philippines,XGBoost,2020-01-01,1.708,0.9670568108558656,True,True,0.7409431891441345,0.7409431891441345
Philippines,XGBoost,2020-02-01,1.223,0.9528558850288392,True,True,0.270144114971161,0.270144114971161
Philippines,XGBoost,2020-03-01,1.597,0.9579140543937684,True,True,0.6390859456062317,0.6390859456062317
Philippines,XGBoost,2020-04-01,1.433,0.9316148161888124,True,True,0.5013851838111878,0.5013851838111878
Philippines,XGBoost,2020-05-01,1.713,0.8290920853614807,True,True,0.8839079146385194,0.8839079146385194
Philippines,XGBoost,2020-06-01,1.52,0.7898004055023193,True,True,0.7301995944976807,0.7301995944976807
Philippines,XGBoost,2020-07-01,1.577,0.7639881372451782,True,True,0.8130118627548217,0.8130118627548217
Philippines,XGBoost,2020-08-01,1.377,0.8403353095054626,True,True,0.5366646904945374,0.5366646904945374
Philippines,XGBoost,2020-09-01,1.637,0.8532430529594421,True,True,0.7837569470405579,0.7837569470405579
Philippines,XGBoost,2020-10-01,0.801,0.8670302033424377,True,True,-0.0660302033424377,0.0660302033424377
Philippines,XGBoost,2020-11-01,1.492,0.9198089241981506,True,True,0.5721910758018494,0.5721910758018494
Philippines,XGBoost,2020-12-01,1.665,0.9283628463745116,True,True,0.7366371536254883,0.7366371536254883
Philippines,XGBoost,2021-01-01,1.036,0.9422404170036316,True,True,0.0937595829963684,0.0937595829963684
Philippines,XGBoost,2021-02-01,1.206,0.9446807503700256,True,True,0.2613192496299743,0.2613192496299743
Philippines,XGBoost,2021-03-01,1.47,0.9497389197349548,True,True,0.5202610802650451,0.5202610802650451
Philippines,XGBoost,2021-04-01,0.729,0.9234396815299988,True,True,-0.1944396815299988,0.1944396815299988
Philippines,XGBoost,2021-05-01,1.454,0.8290920853614807,True,True,0.6249079146385192,0.6249079146385192
Philippines,XGBoost,2021-06-01,1.234,0.7878310680389404,True,True,0.4461689319610595,0.4461689319610595
Philippines,XGBoost,2021-07-01,1.519,0.7639881372451782,True,True,0.7550118627548217,0.7550118627548217
Philippines,XGBoost,2021-08-01,1.455,0.8403353095054626,True,True,0.6146646904945374,0.6146646904945374
Philippines,XGBoost,2021-09-01,1.274,0.8532430529594421,True,True,0.4207569470405579,0.4207569470405579
Philippines,XGBoost,2021-10-01,1.266,0.8670302033424377,True,True,0.3989697966575622,0.3989697966575622
Philippines,XGBoost,2021-11-01,1.696,0.9208441972732544,True,True,0.7751558027267456,0.7751558027267456
Philippines,XGBoost,2021-12-01,1.172,0.9044845104217528,True,True,0.267515489578247,0.267515489578247
Philippines,XGBoost,2022-01-01,1.192,0.940479815006256,True,True,0.2515201849937438,0.2515201849937438
Philippines,XGBoost,2022-02-01,1.63,0.937260091304779,True,True,0.6927399086952208,0.6927399086952208
Philippines,XGBoost,2022-03-01,1.706,0.9497389197349548,True,True,0.7562610802650451,0.7562610802650451
Philippines,XGBoost,2022-04-01,0.73,0.9234396815299988,True,True,-0.1934396815299988,0.1934396815299988
Philippines,XGBoost,2022-05-01,0.947,0.8290920853614807,True,True,0.1179079146385192,0.1179079146385192
Philippines,XGBoost,2022-06-01,1.233,0.7878310680389404,True,True,0.4451689319610596,0.4451689319610596
Philippines,XGBoost,2022-07-01,1.4,0.7639881372451782,True,True,0.6360118627548217,0.6360118627548217
Philippines,XGBoost,2022-08-01,1.08,0.8403353095054626,True,True,0.2396646904945374,0.2396646904945374
Philippines,XGBoost,2022-09-01,1.552,0.8532430529594421,True,True,0.6987569470405579,0.6987569470405579
Philippines,XGBoost,2022-10-01,1.371,0.8670302033424377,True,True,0.5039697966575623,0.5039697966575623
Philippines,XGBoost,2022-11-01,1.695,0.9208441972732544,True,True,0.7741558027267457,0.7741558027267457
Philippines,XGBoost,2022-12-01,1.184,0.9044845104217528,True,True,0.279515489578247,0.279515489578247
Philippines,XGBoost,2023-01-01,1.098,0.96529620885849,True,True,0.1327037911415101,0.1327037911415101
Philippines,XGBoost,2023-02-01,1.369,0.9510952830314636,True,True,0.4179047169685363,0.4179047169685363
Philippines,XGBoost,2023-03-01,1.152,0.9579140543937684,True,True,0.1940859456062316,0.1940859456062316
Philippines,XGBoost,2023-04-01,1.32,0.9316148161888124,True,True,0.3883851838111878,0.3883851838111878
Philippines,XGBoost,2023-05-01,1.551,0.8290920853614807,True,True,0.7219079146385192,0.7219079146385192
Philippines,XGBoost,2023-06-01,1.476,0.7898004055023193,True,True,0.6861995944976806,0.6861995944976806
Philippines,XGBoost,2023-07-01,1.587,0.7639881372451782,True,True,0.8230118627548217,0.8230118627548217
Philippines,XGBoost,2023-08-01,1.976,0.8403353095054626,True,True,1.135664690494537,1.135664690494537
Philippines,XGBoost,2023-09-01,1.668,0.8532430529594421,True,True,0.8147569470405578,0.8147569470405578
Philippines,XGBoost,2023-10-01,1.781,0.8670302033424377,True,True,0.9139697966575622,0.9139697966575622
Philippines,XGBoost,2023-11-01,1.937,0.9198089241981506,True,True,1.0171910758018494,1.0171910758018494
Philippines,XGBoost,2023-12-01,2.287,0.9283628463745116,True,True,1.3586371536254882,1.3586371536254882
Philippines,Prophet,2014-01-01,-0.096,1.3648289057939,True,True,-1.4608289057939,1.4608289057939
Philippines,Prophet,2014-02-01,0.546,1.3976987193143102,True,True,-0.8516987193143102,0.8516987193143102
Philippines,Prophet,2014-03-01,0.779,1.4326216453773253,True,True,-0.6536216453773253,0.6536216453773253
Philippines,Prophet,2014-04-01,0.976,1.448460451860621,True,True,-0.472460451860621,0.472460451860621
Philippines,Prophet,2014-05-01,1.625,1.3560211086953942,True,True,0.2689788913046058,0.2689788913046058
Philippines,Prophet,2014-06-01,1.291,1.3742547197216708,True,True,-0.0832547197216708,0.0832547197216708
Philippines,Prophet,2014-07-01,0.939,1.321737349513182,True,True,-0.3827373495131821,0.3827373495131821
Philippines,Prophet,2014-08-01,0.928,1.419930674965822,True,True,-0.491930674965822,0.491930674965822
Philippines,Prophet,2014-09-01,0.661,1.3740440623562409,True,True,-0.7130440623562408,0.7130440623562408
Philippines,Prophet,2014-10-01,0.833,1.3180286400729766,True,True,-0.4850286400729766,0.4850286400729766
Philippines,Prophet,2014-11-01,1.149,1.4331073958530354,True,True,-0.2841073958530353,0.2841073958530353
Philippines,Prophet,2014-12-01,0.994,1.3518379096153583,True,True,-0.3578379096153585,0.3578379096153585
Philippines,Prophet,2015-01-01,0.538,1.4004038419418463,True,True,-0.8624038419418465,0.8624038419418465
Philippines,Prophet,2015-02-01,0.57,1.432729000058181,True,True,-0.862729000058181,0.862729000058181
Philippines,Prophet,2015-03-01,0.756,1.4688474506561615,True,True,-0.7128474506561615,0.7128474506561615
Philippines,Prophet,2015-04-01,0.954,1.4834287319754682,True,True,-0.5294287319754682,0.5294287319754682
Philippines,Prophet,2015-05-01,1.282,1.3913402499777638,True,True,-0.1093402499777638,0.1093402499777638
Philippines,Prophet,2015-06-01,1.447,1.4097111041166217,True,True,0.0372888958833785,0.0372888958833785
Philippines,Prophet,2015-07-01,1.146,1.3579827366319852,True,True,-0.2119827366319853,0.2119827366319853
Philippines,Prophet,2015-08-01,1.291,1.4557938822776582,True,True,-0.1647938822776582,0.1647938822776582
Philippines,Prophet,2015-09-01,1.369,1.408906905330345,True,True,-0.0399069053303446,0.0399069053303446
Philippines,Prophet,2015-10-01,1.264,1.353676272006451,True,True,-0.089676272006451,0.089676272006451
Philippines,Prophet,2015-11-01,1.647,1.4683915028377947,True,True,0.1786084971622052,0.1786084971622052
Philippines,Prophet,2015-12-01,1.608,1.3870100223810689,True,True,0.2209899776189312,0.2209899776189312
Philippines,Prophet,2016-01-01,1.859,1.4359845353447298,True,True,0.4230154646552702,0.4230154646552702
Philippines,Prophet,2016-02-01,1.408,1.4677679597528184,True,True,-0.0597679597528184,0.0597679597528184
Philippines,Prophet,2016-03-01,1.583,1.5020739284830131,True,True,0.0809260715169868,0.0809260715169868
Philippines,Prophet,2016-04-01,2.027,1.520364029441988,True,True,0.5066359705580121,0.5066359705580121
Philippines,Prophet,2016-05-01,1.78,1.427424722668274,True,True,0.3525752773317261,0.3525752773317261
Philippines,Prophet,2016-06-01,1.487,1.4453315221778629,True,True,0.0416684778221372,0.0416684778221372
Philippines,Prophet,2016-07-01,1.46,1.3913019823622004,True,True,0.0686980176377995,0.0686980176377995
Philippines,Prophet,2016-08-01,1.667,1.4900188991676642,True,True,0.1769811008323358,0.1769811008323358
Philippines,Prophet,2016-09-01,1.41,1.446235188489334,True,True,-0.0362351884893341,0.0362351884893341
Philippines,Prophet,2016-10-01,1.245,1.3887905339339417,True,True,-0.1437905339339413,0.1437905339339413
Philippines,Prophet,2016-11-01,1.227,1.5043807508630724,True,True,-0.2773807508630723,0.2773807508630723
Philippines,Prophet,2016-12-01,1.685,1.4235377745120277,True,True,0.2614622254879724,0.2614622254879724
Philippines,Prophet,2017-01-01,1.309,1.471216005910764,True,True,-0.162216005910764,0.162216005910764
Philippines,Prophet,2017-02-01,0.872,1.5046331755838085,True,True,-0.6326331755838085,0.6326331755838085
Philippines,Prophet,2017-03-01,0.874,1.5383340537712673,True,True,-0.6643340537712673,0.6643340537712673
Philippines,Prophet,2017-04-01,0.863,1.5554097749966425,True,True,-0.6924097749966425,0.6924097749966425
Philippines,Prophet,2017-05-01,1.232,1.4626868188227968,True,True,-0.2306868188227968,0.2306868188227968
Philippines,Prophet,2017-06-01,1.209,1.480765496518635,True,True,-0.2717654965186349,0.2717654965186349
Philippines,Prophet,2017-07-01,0.828,1.4274805814419895,True,True,-0.5994805814419896,0.5994805814419896
Philippines,Prophet,2017-08-01,1.527,1.5259759686190926,True,True,0.0010240313809073,0.0010240313809073
Philippines,Prophet,2017-09-01,1.383,1.4811244439745226,True,True,-0.0981244439745225,0.0981244439745225
Philippines,Prophet,2017-10-01,1.116,1.4243705628367116,True,True,-0.3083705628367115,0.3083705628367115
Philippines,Prophet,2017-11-01,1.593,1.5397410884363376,True,True,0.0532589115636623,0.0532589115636623
Philippines,Prophet,2017-12-01,1.307,1.45865127335168,True,True,-0.1516512733516801,0.1516512733516801
Philippines,Prophet,2018-01-01,1.405,1.5067847666189749,True,True,-0.1017847666189748,0.1017847666189748
Philippines,Prophet,2018-02-01,1.41,1.5396545801393926,True,True,-0.1296545801393926,0.1296545801393926
Philippines,Prophet,2018-03-01,1.113,1.5745775062024023,True,True,-0.4615775062024023,0.4615775062024023
Philippines,Prophet,2018-04-01,1.057,1.5904163126856905,True,True,-0.5334163126856903,0.5334163126856903
Philippines,Prophet,2018-05-01,1.345,1.4979769695204697,True,True,-0.1529769695204696,0.1529769695204696
Philippines,Prophet,2018-06-01,1.112,1.5162105805467463,True,True,-0.4042105805467462,0.4042105805467462
Philippines,Prophet,2018-07-01,1.21,1.463693210338254,True,True,-0.2536932103382541,0.2536932103382541
Philippines,Prophet,2018-08-01,1.287,1.5618865357909046,True,True,-0.2748865357909047,0.2748865357909047
Philippines,Prophet,2018-09-01,1.07,1.515999923181309,True,True,-0.445999923181309,0.445999923181309
Philippines,Prophet,2018-10-01,1.219,1.4599845008980543,True,True,-0.2409845008980542,0.2409845008980542
Philippines,Prophet,2018-11-01,1.366,1.5750632566781078,True,True,-0.2090632566781076,0.2090632566781076
Philippines,Prophet,2018-12-01,1.529,1.4937937704404305,True,True,0.0352062295595694,0.0352062295595694
Philippines,Prophet,2019-01-01,1.186,1.5423597027669131,True,True,-0.3563597027669132,0.3563597027669132
Philippines,Prophet,2019-02-01,0.825,1.574684860883242,True,True,-0.749684860883242,0.749684860883242
Philippines,Prophet,2019-03-01,1.04,1.6108033114812237,True,True,-0.5708033114812237,0.5708033114812237
Philippines,Prophet,2019-04-01,1.411,1.6253845928005364,True,True,-0.2143845928005363,0.2143845928005363
Philippines,Prophet,2019-05-01,1.458,1.5332961108028424,True,True,-0.0752961108028424,0.0752961108028424
Philippines,Prophet,2019-06-01,1.95,1.551666964941695,True,True,0.398333035058305,0.398333035058305
Philippines,Prophet,2019-07-01,1.105,1.499938597457061,True,True,-0.3949385974570609,0.3949385974570609
Philippines,Prophet,2019-08-01,1.319,1.5977497431027394,True,True,-0.2787497431027395,0.2787497431027395
Philippines,Prophet,2019-09-01,1.215,1.5508627661554173,True,True,-0.3358627661554172,0.3358627661554172
Philippines,Prophet,2019-10-01,1.294,1.4956321328315272,True,True,-0.2016321328315271,0.2016321328315271
Philippines,Prophet,2019-11-01,1.483,1.6103473636628698,True,True,-0.1273473636628697,0.1273473636628697
Philippines,Prophet,2019-12-01,1.561,1.5289658832061432,True,True,0.0320341167938567,0.0320341167938567
Philippines,Prophet,2020-01-01,1.708,1.5779403961698044,True,True,0.1300596038301955,0.1300596038301955
Philippines,Prophet,2020-02-01,1.223,1.6097238205778752,True,True,-0.3867238205778751,0.3867238205778751
Philippines,Prophet,2020-03-01,1.597,1.644029789308097,True,True,-0.047029789308097,0.047029789308097
Philippines,Prophet,2020-04-01,1.433,1.6623198902670695,True,True,-0.2293198902670696,0.2293198902670696
Philippines,Prophet,2020-05-01,1.713,1.5693805834933494,True,True,0.1436194165066506,0.1436194165066506
Philippines,Prophet,2020-06-01,1.52,1.587287383002936,True,True,-0.0672873830029359,0.0672873830029359
Philippines,Prophet,2020-07-01,1.577,1.5332578431872894,True,True,0.0437421568127105,0.0437421568127105
Philippines,Prophet,2020-08-01,1.377,1.631974759992753,True,True,-0.254974759992753,0.254974759992753
Philippines,Prophet,2020-09-01,1.637,1.5881910493144036,True,True,0.0488089506855964,0.0488089506855964
Philippines,Prophet,2020-10-01,0.801,1.5307463947590174,True,True,-0.7297463947590174,0.7297463947590174
Philippines,Prophet,2020-11-01,1.492,1.646336611688145,True,True,-0.154336611688145,0.154336611688145
Philippines,Prophet,2020-12-01,1.665,1.5654936353371005,True,True,0.0995063646628997,0.0995063646628997
Philippines,Prophet,2021-01-01,1.036,1.6131718667358443,True,True,-0.5771718667358443,0.5771718667358443
Philippines,Prophet,2021-02-01,1.206,1.6465890364088844,True,True,-0.4405890364088844,0.4405890364088844
Philippines,Prophet,2021-03-01,1.47,1.680289914596339,True,True,-0.210289914596339,0.210289914596339
Philippines,Prophet,2021-04-01,0.729,1.697365635821714,True,True,-0.968365635821714,0.968365635821714
Philippines,Prophet,2021-05-01,1.454,1.6046426796478763,True,True,-0.1506426796478763,0.1506426796478763
Philippines,Prophet,2021-06-01,1.234,1.622721357343711,True,True,-0.3887213573437109,0.3887213573437109
Philippines,Prophet,2021-07-01,1.519,1.569436442267049,True,True,-0.0504364422670491,0.0504364422670491
Philippines,Prophet,2021-08-01,1.455,1.66793182944417,True,True,-0.21293182944417,0.21293182944417
Philippines,Prophet,2021-09-01,1.274,1.6230803047995928,True,True,-0.3490803047995927,0.3490803047995927
Philippines,Prophet,2021-10-01,1.266,1.5663264236617882,True,True,-0.3003264236617882,0.3003264236617882
Philippines,Prophet,2021-11-01,1.696,1.681696949261415,True,True,0.0143030507385846,0.0143030507385846
Philippines,Prophet,2021-12-01,1.172,1.6006071341767545,True,True,-0.4286071341767545,0.4286071341767545
Philippines,Prophet,2022-01-01,1.192,1.6487406274440497,True,True,-0.4567406274440497,0.4567406274440497
Philippines,Prophet,2022-02-01,1.63,1.6816104409644437,True,True,-0.0516104409644435,0.0516104409644435
Philippines,Prophet,2022-03-01,1.706,1.716533367027475,True,True,-0.0105333670274749,0.0105333670274749
Philippines,Prophet,2022-04-01,0.73,1.7323721735107602,True,True,-1.0023721735107602,1.0023721735107602
Philippines,Prophet,2022-05-01,0.947,1.6399328303455425,True,True,-0.6929328303455423,0.6929328303455423
Philippines,Prophet,2022-06-01,1.233,1.6581664413718225,True,True,-0.4251664413718223,0.4251664413718223
Philippines,Prophet,2022-07-01,1.4,1.6056490711633244,True,True,-0.2056490711633245,0.2056490711633245
Philippines,Prophet,2022-08-01,1.08,1.703842396615974,True,True,-0.6238423966159738,0.6238423966159738
Philippines,Prophet,2022-09-01,1.552,1.657955784006392,True,True,-0.1059557840063918,0.1059557840063918
Philippines,Prophet,2022-10-01,1.371,1.601940361723117,True,True,-0.2309403617231169,0.2309403617231169
Philippines,Prophet,2022-11-01,1.695,1.7170191175031853,True,True,-0.0220191175031851,0.0220191175031851
Philippines,Prophet,2022-12-01,1.184,1.635749631265507,True,True,-0.4517496312655074,0.4517496312655074
Philippines,Prophet,2023-01-01,1.098,1.6843155635920002,True,True,-0.5863155635920001,0.5863155635920001
Philippines,Prophet,2023-02-01,1.369,1.716640721708322,True,True,-0.3476407217083219,0.3476407217083219
Philippines,Prophet,2023-03-01,1.152,1.7527591723063054,True,True,-0.6007591723063055,0.6007591723063055
Philippines,Prophet,2023-04-01,1.32,1.7673404536256203,True,True,-0.4473404536256202,0.4473404536256202
Philippines,Prophet,2023-05-01,1.551,1.6752519716279222,True,True,-0.1242519716279222,0.1242519716279222
Philippines,Prophet,2023-06-01,1.476,1.6936228257667711,True,True,-0.2176228257667711,0.2176228257667711
Philippines,Prophet,2023-07-01,1.587,1.6418944582821378,True,True,-0.0548944582821377,0.0548944582821377
Philippines,Prophet,2023-08-01,1.976,1.7397056039278087,True,True,0.2362943960721912,0.2362943960721912
Philippines,Prophet,2023-09-01,1.668,1.6928186269804997,True,True,-0.0248186269804997,0.0248186269804997
Philippines,Prophet,2023-10-01,1.781,1.6375879936566071,True,True,0.1434120063433925,0.1434120063433925
Philippines,Prophet,2023-11-01,1.937,1.7523032244879393,True,True,0.1846967755120607,0.1846967755120607
Philippines,Prophet,2023-12-01,2.287,1.6709217440312198,True,True,0.6160782559687801,0.6160782559687801
Thailand,Holt-Winters,2014-01-01,-0.545,0.5197415277297069,True,True,-1.064741527729707,1.064741527729707
Thailand,Holt-Winters,2014-02-01,0.575,0.5189668837121303,True,True,0.0560331162878696,0.0560331162878696
Thailand,Holt-Winters,2014-03-01,1.177,0.3108293717587329,True,True,0.8661706282412671,0.8661706282412671
Thailand,Holt-Winters,2014-04-01,0.763,0.2614113704784596,True,True,0.5015886295215404,0.5015886295215404
Thailand,Holt-Winters,2014-05-01,1.255,0.1269445611626463,True,True,1.1280554388373536,1.1280554388373536
Thailand,Holt-Winters,2014-06-01,1.063,0.2639975247170171,True,True,0.7990024752829828,0.7990024752829828
Thailand,Holt-Winters,2014-07-01,0.789,0.2638680875127193,True,True,0.5251319124872807,0.5251319124872807
Thailand,Holt-Winters,2014-08-01,0.615,0.2817981382500729,True,True,0.333201861749927,0.333201861749927
Thailand,Holt-Winters,2014-09-01,0.8,0.2462388114253786,True,True,0.5537611885746214,0.5537611885746214
Thailand,Holt-Winters,2014-10-01,0.857,0.2653682153536796,True,True,0.5916317846463204,0.5916317846463204
Thailand,Holt-Winters,2014-11-01,1.833,0.3792909051906892,True,True,1.4537090948093108,1.4537090948093108
Thailand,Holt-Winters,2014-12-01,1.229,0.2969074697166037,True,True,0.9320925302833964,0.9320925302833964
Thailand,Holt-Winters,2015-01-01,0.305,0.5295606257543192,True,True,-0.2245606257543191,0.2245606257543191
Thailand,Holt-Winters,2015-02-01,0.691,0.5287859817367424,True,True,0.1622140182632575,0.1622140182632575
Thailand,Holt-Winters,2015-03-01,1.263,0.3206484697833451,True,True,0.9423515302166549,0.9423515302166549
Thailand,Holt-Winters,2015-04-01,0.544,0.2712304685030718,True,True,0.2727695314969282,0.2727695314969282
Thailand,Holt-Winters,2015-05-01,1.647,0.1367636591872585,True,True,1.5102363408127415,1.5102363408127415
Thailand,Holt-Winters,2015-06-01,1.65,0.2738166227416292,True,True,1.3761833772583707,1.3761833772583707
Thailand,Holt-Winters,2015-07-01,1.13,0.2736871855373315,True,True,0.8563128144626684,0.8563128144626684
Thailand,Holt-Winters,2015-08-01,1.173,0.2916172362746851,True,True,0.8813827637253149,0.8813827637253149
Thailand,Holt-Winters,2015-09-01,1.131,0.2560579094499907,True,True,0.8749420905500093,0.8749420905500093
Thailand,Holt-Winters,2015-10-01,1.053,0.2751873133782919,True,True,0.7778126866217081,0.7778126866217081
Thailand,Holt-Winters,2015-11-01,2.611,0.3891100032153015,True,True,2.221889996784699,2.221889996784699
Thailand,Holt-Winters,2015-12-01,2.491,0.3067265677412158,True,True,2.1842734322587845,2.1842734322587845
Thailand,Holt-Winters,2016-01-01,1.72,0.5393797237789313,True,True,1.180620276221069,1.180620276221069
Thailand,Holt-Winters,2016-02-01,0.097,0.5386050797613546,True,True,-0.4416050797613546,0.4416050797613546
Thailand,Holt-Winters,2016-03-01,1.597,0.3304675678079573,True,True,1.2665324321920428,1.2665324321920428
Thailand,Holt-Winters,2016-04-01,2.757,0.281049566527684,True,True,2.475950433472316,2.475950433472316
Thailand,Holt-Winters,2016-05-01,1.983,0.1465827572118708,True,True,1.8364172427881291,1.8364172427881291
Thailand,Holt-Winters,2016-06-01,0.875,0.2836357207662415,True,True,0.5913642792337586,0.5913642792337586
Thailand,Holt-Winters,2016-07-01,0.726,0.2835062835619437,True,True,0.4424937164380563,0.4424937164380563
Thailand,Holt-Winters,2016-08-01,1.149,0.3014363342992974,True,True,0.8475636657007026,0.8475636657007026
Thailand,Holt-Winters,2016-09-01,0.859,0.2658770074746029,True,True,0.593122992525397,0.593122992525397
Thailand,Holt-Winters,2016-10-01,1.415,0.285006411402904,True,True,1.129993588597096,1.129993588597096
Thailand,Holt-Winters,2016-11-01,1.872,0.3989291012399137,True,True,1.4730708987600865,1.4730708987600865
Thailand,Holt-Winters,2016-12-01,1.709,0.3165456657658281,True,True,1.392454334234172,1.392454334234172
Thailand,Holt-Winters,2017-01-01,1.944,0.5491988218035435,True,True,1.3948011781964564,1.3948011781964564
Thailand,Holt-Winters,2017-02-01,0.786,0.5484241777859669,True,True,0.2375758222140331,0.2375758222140331
Thailand,Holt-Winters,2017-03-01,1.0,0.3402866658325695,True,True,0.6597133341674305,0.6597133341674305
Thailand,Holt-Winters,2017-04-01,0.438,0.2908686645522962,True,True,0.1471313354477038,0.1471313354477038
Thailand,Holt-Winters,2017-05-01,0.48,0.1564018552364829,True,True,0.323598144763517,0.323598144763517
Thailand,Holt-Winters,2017-06-01,0.854,0.2934548187908537,True,True,0.5605451812091462,0.5605451812091462
Thailand,Holt-Winters,2017-07-01,0.23,0.2933253815865559,True,True,-0.0633253815865559,0.0633253815865559
Thailand,Holt-Winters,2017-08-01,1.092,0.3112554323239095,True,True,0.7807445676760905,0.7807445676760905
Thailand,Holt-Winters,2017-09-01,1.297,0.2756961054992151,True,True,1.0213038945007848,1.0213038945007848
Thailand,Holt-Winters,2017-10-01,1.161,0.2948255094275163,True,True,0.8661744905724837,0.8661744905724837
Thailand,Holt-Winters,2017-11-01,1.543,0.4087481992645259,True,True,1.134251800735474,1.134251800735474
Thailand,Holt-Winters,2017-12-01,0.931,0.3263647637904402,True,True,0.6046352362095597,0.6046352362095597
Thailand,Holt-Winters,2018-01-01,1.758,0.5590179198281557,True,True,1.1989820801718445,1.1989820801718445
Thailand,Holt-Winters,2018-02-01,0.403,0.5582432758105791,True,True,-0.155243275810579,0.155243275810579
Thailand,Holt-Winters,2018-03-01,0.659,0.3501057638571817,True,True,0.3088942361428183,0.3088942361428183
Thailand,Holt-Winters,2018-04-01,-0.2,0.3006877625769084,True,True,-0.5006877625769084,0.5006877625769084
Thailand,Holt-Winters,2018-05-01,0.227,0.1662209532610952,True,True,0.0607790467389048,0.0607790467389048
Thailand,Holt-Winters,2018-06-01,0.598,0.3032739168154659,True,True,0.2947260831845341,0.2947260831845341
Thailand,Holt-Winters,2018-07-01,0.489,0.3031444796111681,True,True,0.1858555203888318,0.1858555203888318
Thailand,Holt-Winters,2018-08-01,0.497,0.3210745303485218,True,True,0.1759254696514782,0.1759254696514782
Thailand,Holt-Winters,2018-09-01,1.007,0.2855152035238273,True,True,0.7214847964761726,0.7214847964761726
Thailand,Holt-Winters,2018-10-01,1.383,0.3046446074521285,True,True,1.0783553925478715,1.0783553925478715
Thailand,Holt-Winters,2018-11-01,2.004,0.4185672972891381,True,True,1.585432702710862,1.585432702710862
Thailand,Holt-Winters,2018-12-01,2.728,0.3361838618150525,True,True,2.391816138184948,2.391816138184948
Thailand,Holt-Winters,2019-01-01,2.153,0.568837017852768,True,True,1.584162982147232,1.584162982147232
Thailand,Holt-Winters,2019-02-01,2.315,0.5680623738351913,True,True,1.7469376261648086,1.7469376261648086
Thailand,Holt-Winters,2019-03-01,1.61,0.3599248618817939,True,True,1.2500751381182065,1.2500751381182065
Thailand,Holt-Winters,2019-04-01,2.137,0.3105068606015206,True,True,1.8264931393984796,1.8264931393984796
Thailand,Holt-Winters,2019-05-01,1.688,0.1760400512857073,True,True,1.5119599487142923,1.5119599487142923
Thailand,Holt-Winters,2019-06-01,1.607,0.3130930148400781,True,True,1.293906985159922,1.293906985159922
Thailand,Holt-Winters,2019-07-01,1.358,0.3129635776357803,True,True,1.0450364223642197,1.0450364223642197
Thailand,Holt-Winters,2019-08-01,0.777,0.3308936283731339,True,True,0.446106371626866,0.446106371626866
Thailand,Holt-Winters,2019-09-01,0.83,0.2953343015484396,True,True,0.5346656984515603,0.5346656984515603
Thailand,Holt-Winters,2019-10-01,1.634,0.3144637054767407,True,True,1.3195362945232592,1.3195362945232592
Thailand,Holt-Winters,2019-11-01,1.725,0.4283863953137503,True,True,1.2966136046862498,1.2966136046862498
Thailand,Holt-Winters,2019-12-01,1.251,0.3460029598396647,True,True,0.9049970401603352,0.9049970401603352
Thailand,Holt-Winters,2020-01-01,2.775,0.5786561158773802,True,True,2.19634388412262,2.19634388412262
Thailand,Holt-Winters,2020-02-01,1.584,0.5778814718598034,True,True,1.0061185281401968,1.0061185281401968
Thailand,Holt-Winters,2020-03-01,1.918,0.3697439599064061,True,True,1.548256040093594,1.548256040093594
Thailand,Holt-Winters,2020-04-01,1.108,0.3203259586261328,True,True,0.7876740413738672,0.7876740413738672
Thailand,Holt-Winters,2020-05-01,2.205,0.1858591493103196,True,True,2.0191408506896806,2.0191408506896806
Thailand,Holt-Winters,2020-06-01,1.298,0.3229121128646903,True,True,0.9750878871353096,0.9750878871353096
Thailand,Holt-Winters,2020-07-01,1.583,0.3227826756603925,True,True,1.2602173243396075,1.2602173243396075
Thailand,Holt-Winters,2020-08-01,1.009,0.3407127263977462,True,True,0.6682872736022537,0.6682872736022537
Thailand,Holt-Winters,2020-09-01,1.285,0.3051533995730517,True,True,0.9798466004269482,0.9798466004269482
Thailand,Holt-Winters,2020-10-01,0.077,0.3242828035013529,True,True,-0.2472828035013529,0.2472828035013529
Thailand,Holt-Winters,2020-11-01,1.611,0.4382054933383625,True,True,1.1727945066616374,1.1727945066616374
Thailand,Holt-Winters,2020-12-01,1.243,0.3558220578642769,True,True,0.8871779421357232,0.8871779421357232
Thailand,Holt-Winters,2021-01-01,0.435,0.5884752139019923,True,True,-0.1534752139019923,0.1534752139019923
Thailand,Holt-Winters,2021-02-01,0.913,0.5877005698844157,True,True,0.3252994301155844,0.3252994301155844
Thailand,Holt-Winters,2021-03-01,1.604,0.3795630579310183,True,True,1.2244369420689818,1.2244369420689818
Thailand,Holt-Winters,2021-04-01,-0.104,0.330145056650745,True,True,-0.434145056650745,0.434145056650745
Thailand,Holt-Winters,2021-05-01,1.196,0.1956782473349318,True,True,1.000321752665068,1.000321752665068
Thailand,Holt-Winters,2021-06-01,1.226,0.3327312108893025,True,True,0.8932687891106974,0.8932687891106974
Thailand,Holt-Winters,2021-07-01,1.041,0.3326017736850047,True,True,0.7083982263149953,0.7083982263149953
Thailand,Holt-Winters,2021-08-01,1.36,0.3505318244223584,True,True,1.0094681755776418,1.0094681755776418
Thailand,Holt-Winters,2021-09-01,0.685,0.314972497597664,True,True,0.370027502402336,0.370027502402336
Thailand,Holt-Winters,2021-10-01,0.931,0.3341019015259651,True,True,0.596898098474035,0.596898098474035
Thailand,Holt-Winters,2021-11-01,1.617,0.4480245913629747,True,True,1.1689754086370252,1.1689754086370252
Thailand,Holt-Winters,2021-12-01,0.977,0.3656411558888891,True,True,0.6113588441111109,0.6113588441111109
Thailand,Holt-Winters,2022-01-01,2.104,0.5982943119266045,True,True,1.5057056880733954,1.5057056880733954
Thailand,Holt-Winters,2022-02-01,0.669,0.5975196679090279,True,True,0.0714803320909721,0.0714803320909721
Thailand,Holt-Winters,2022-03-01,1.34,0.3893821559556305,True,True,0.9506178440443696,0.9506178440443696
Thailand,Holt-Winters,2022-04-01,-0.051,0.3399641546753572,True,True,-0.3909641546753572,0.3909641546753572
Thailand,Holt-Winters,2022-05-01,-0.278,0.205497345359544,True,True,-0.4834973453595441,0.4834973453595441
Thailand,Holt-Winters,2022-06-01,1.267,0.3425503089139147,True,True,0.9244496910860852,0.9244496910860852
Thailand,Holt-Winters,2022-07-01,1.184,0.3424208717096169,True,True,0.8415791282903831,0.8415791282903831
Thailand,Holt-Winters,2022-08-01,0.948,0.3603509224469706,True,True,0.5876490775530294,0.5876490775530294
Thailand,Holt-Winters,2022-09-01,0.765,0.3247915956222761,True,True,0.4402084043777238,0.4402084043777238
Thailand,Holt-Winters,2022-10-01,0.426,0.3439209995505773,True,True,0.0820790004494226,0.0820790004494226
Thailand,Holt-Winters,2022-11-01,1.889,0.4578436893875869,True,True,1.4311563106124132,1.4311563106124132
Thailand,Holt-Winters,2022-12-01,1.158,0.3754602539135013,True,True,0.7825397460864987,0.7825397460864987
Thailand,Holt-Winters,2023-01-01,0.668,0.6081134099512168,True,True,0.0598865900487832,0.0598865900487832
Thailand,Holt-Winters,2023-02-01,1.247,0.6073387659336401,True,True,0.63966123406636,0.63966123406636
Thailand,Holt-Winters,2023-03-01,0.908,0.3992012539802427,True,True,0.5087987460197574,0.5087987460197574
Thailand,Holt-Winters,2023-04-01,2.094,0.3497832526999694,True,True,1.7442167473000303,1.7442167473000303
Thailand,Holt-Winters,2023-05-01,2.051,0.2153164433841562,True,True,1.835683556615844,1.835683556615844
Thailand,Holt-Winters,2023-06-01,1.587,0.3523694069385269,True,True,1.234630593061473,1.234630593061473
Thailand,Holt-Winters,2023-07-01,1.668,0.3522399697342291,True,True,1.3157600302657708,1.3157600302657708
Thailand,Holt-Winters,2023-08-01,1.555,0.3701700204715828,True,True,1.1848299795284172,1.1848299795284172
Thailand,Holt-Winters,2023-09-01,1.034,0.3346106936468884,True,True,0.6993893063531116,0.6993893063531116
Thailand,Holt-Winters,2023-10-01,1.5,0.3537400975751895,True,True,1.1462599024248106,1.1462599024248106
Thailand,Holt-Winters,2023-11-01,1.898,0.4676627874121991,True,True,1.4303372125878009,1.4303372125878009
Thailand,Holt-Winters,2023-12-01,2.701,0.3852793519381135,True,True,2.3157206480618866,2.3157206480618866
Thailand,SARIMA,2014-01-01,-0.545,0.6701545867811447,True,True,-1.2151545867811446,1.2151545867811446
Thailand,SARIMA,2014-02-01,0.575,0.5768096284245893,True,True,-0.0018096284245893,0.0018096284245893
Thailand,SARIMA,2014-03-01,1.177,0.4035708783109027,True,True,0.7734291216890973,0.7734291216890973
Thailand,SARIMA,2014-04-01,0.763,0.4539538162943229,True,True,0.309046183705677,0.309046183705677
Thailand,SARIMA,2014-05-01,1.255,0.3457571507186101,True,True,0.9092428492813898,0.9092428492813898
Thailand,SARIMA,2014-06-01,1.063,0.663134086643943,True,True,0.3998659133560569,0.3998659133560569
Thailand,SARIMA,2014-07-01,0.789,0.6517264305351378,True,True,0.1372735694648622,0.1372735694648622
Thailand,SARIMA,2014-08-01,0.615,0.6973541139193896,True,True,-0.0823541139193896,0.0823541139193896
Thailand,SARIMA,2014-09-01,0.8,0.6589671383441691,True,True,0.1410328616558309,0.1410328616558309
Thailand,SARIMA,2014-10-01,0.857,0.7074025552037156,True,True,0.1495974447962843,0.1495974447962843
Thailand,SARIMA,2014-11-01,1.833,0.8537177451207055,True,True,0.9792822548792944,0.9792822548792944
Thailand,SARIMA,2014-12-01,1.229,0.8124921675232368,True,True,0.4165078324767632,0.4165078324767632
Thailand,SARIMA,2015-01-01,0.305,1.150126323883438,True,True,-0.8451263238834381,0.8451263238834381
Thailand,SARIMA,2015-02-01,0.691,1.1185241880055066,True,True,-0.4275241880055066,0.4275241880055066
Thailand,SARIMA,2015-03-01,1.263,0.6845962525686682,True,True,0.5784037474313317,0.5784037474313317
Thailand,SARIMA,2015-04-01,0.544,0.6535122234097368,True,True,-0.1095122234097367,0.1095122234097367
Thailand,SARIMA,2015-05-01,1.647,0.4693267406601165,True,True,1.1776732593398835,1.1776732593398835
Thailand,SARIMA,2015-06-01,1.65,0.7649685765546087,True,True,0.8850314234453912,0.8850314234453912
Thailand,SARIMA,2015-07-01,1.13,0.7159185784112427,True,True,0.4140814215887571,0.4140814215887571
Thailand,SARIMA,2015-08-01,1.173,0.7563087112006726,True,True,0.4166912887993275,0.4166912887993275
Thailand,SARIMA,2015-09-01,1.131,0.7040432000057206,True,True,0.4269567999942794,0.4269567999942794
Thailand,SARIMA,2015-10-01,1.053,0.7773144971951308,True,True,0.2756855028048691,0.2756855028048691
Thailand,SARIMA,2015-11-01,2.611,0.9737860004129352,True,True,1.6372139995870651,1.6372139995870651
Thailand,SARIMA,2015-12-01,2.491,0.9894959164635312,True,True,1.501504083536469,1.501504083536469
Thailand,SARIMA,2016-01-01,1.72,1.206492413291543,True,True,0.5135075867084569,0.5135075867084569
Thailand,SARIMA,2016-02-01,0.097,1.2128813461973078,True,True,-1.1158813461973078,1.1158813461973078
Thailand,SARIMA,2016-03-01,1.597,0.7411826535958869,True,True,0.8558173464041131,0.8558173464041131
Thailand,SARIMA,2016-04-01,2.757,0.6982790551380615,True,True,2.0587209448619386,2.0587209448619386
Thailand,SARIMA,2016-05-01,1.983,0.5313176559600518,True,True,1.4516823440399484,1.4516823440399484
Thailand,SARIMA,2016-06-01,0.875,0.7780132720294752,True,True,0.0969867279705247,0.0969867279705247
Thailand,SARIMA,2016-07-01,0.726,0.7122615097444855,True,True,0.0137384902555144,0.0137384902555144
Thailand,SARIMA,2016-08-01,1.149,0.7669268767315138,True,True,0.3820731232684862,0.3820731232684862
Thailand,SARIMA,2016-09-01,0.859,0.7078609502058949,True,True,0.151139049794105,0.151139049794105
Thailand,SARIMA,2016-10-01,1.415,0.7717681749800767,True,True,0.6432318250199234,0.6432318250199234
Thailand,SARIMA,2016-11-01,1.872,1.0287375628669655,True,True,0.8432624371330344,0.8432624371330344
Thailand,SARIMA,2016-12-01,1.709,0.8942867863614368,True,True,0.8147132136385633,0.8147132136385633
Thailand,SARIMA,2017-01-01,1.944,1.1930665077866702,True,True,0.7509334922133297,0.7509334922133297
Thailand,SARIMA,2017-02-01,0.786,1.1939167820250507,True,True,-0.4079167820250506,0.4079167820250506
Thailand,SARIMA,2017-03-01,1.0,0.7403037753453214,True,True,0.2596962246546785,0.2596962246546785
Thailand,SARIMA,2017-04-01,0.438,0.7030501950971726,True,True,-0.2650501950971726,0.2650501950971726
Thailand,SARIMA,2017-05-01,0.48,0.5401518484349065,True,True,-0.0601518484349065,0.0601518484349065
Thailand,SARIMA,2017-06-01,0.854,0.790312825494645,True,True,0.063687174505355,0.063687174505355
Thailand,SARIMA,2017-07-01,0.23,0.7276533307762065,True,True,-0.4976533307762065,0.4976533307762065
Thailand,SARIMA,2017-08-01,1.092,0.7820381941804055,True,True,0.3099618058195945,0.3099618058195945
Thailand,SARIMA,2017-09-01,1.297,0.7241397580989788,True,True,0.5728602419010211,0.5728602419010211
Thailand,SARIMA,2017-10-01,1.161,0.7868773254718221,True,True,0.3741226745281779,0.3741226745281779
Thailand,SARIMA,2017-11-01,1.543,1.0380884248108933,True,True,0.5049115751891067,0.5049115751891067
Thailand,SARIMA,2017-12-01,0.931,0.9064618776592196,True,True,0.0245381223407804,0.0245381223407804
Thailand,SARIMA,2018-01-01,1.758,1.2093683307062273,True,True,0.5486316692937727,0.5486316692937727
Thailand,SARIMA,2018-02-01,0.403,1.2080541468553292,True,True,-0.8050541468553292,0.8050541468553292
Thailand,SARIMA,2018-03-01,0.659,0.75605484380998,True,True,-0.0970548438099799,0.0970548438099799
Thailand,SARIMA,2018-04-01,-0.2,0.7193066274462587,True,True,-0.9193066274462588,0.9193066274462588
Thailand,SARIMA,2018-05-01,0.227,0.5551457809709203,True,True,-0.3281457809709203,0.3281457809709203
Thailand,SARIMA,2018-06-01,0.598,0.8082522484525881,True,True,-0.2102522484525881,0.2102522484525881
Thailand,SARIMA,2018-07-01,0.489,0.7465161379129801,True,True,-0.2575161379129801,0.2575161379129801
Thailand,SARIMA,2018-08-01,0.497,0.8000107006830033,True,True,-0.3030107006830033,0.3030107006830033
Thailand,SARIMA,2018-09-01,1.007,0.7424921536522835,True,True,0.2645078463477164,0.2645078463477164
Thailand,SARIMA,2018-10-01,1.383,0.8058716237009133,True,True,0.5771283762990868,0.5771283762990868
Thailand,SARIMA,2018-11-01,2.004,1.0535051512314673,True,True,0.9504948487685329,0.9504948487685329
Thailand,SARIMA,2018-12-01,2.728,0.9312489804828048,True,True,1.7967510195171954,1.7967510195171954
Thailand,SARIMA,2019-01-01,2.153,1.2288096519766656,True,True,0.9241903480233344,0.9241903480233344
Thailand,SARIMA,2019-02-01,2.315,1.2279381333838706,True,True,1.0870618666161294,1.0870618666161294
Thailand,SARIMA,2019-03-01,1.61,0.7747266646238928,True,True,0.8352733353761073,0.8352733353761073
Thailand,SARIMA,2019-04-01,2.137,0.7375997112421679,True,True,1.399400288757832,1.399400288757832
Thailand,SARIMA,2019-05-01,1.688,0.5732360552723592,True,True,1.1147639447276407,1.1147639447276407
Thailand,SARIMA,2019-06-01,1.607,0.8259974947956336,True,True,0.7810025052043664,0.7810025052043664
Thailand,SARIMA,2019-07-01,1.358,0.7640264339557976,True,True,0.5939735660442025,0.5939735660442025
Thailand,SARIMA,2019-08-01,0.777,0.8175768090216108,True,True,-0.0405768090216107,0.0405768090216107
Thailand,SARIMA,2019-09-01,0.83,0.7599682188207423,True,True,0.0700317811792576,0.0700317811792576
Thailand,SARIMA,2019-10-01,1.634,0.8233941618292517,True,True,0.8106058381707482,0.8106058381707482
Thailand,SARIMA,2019-11-01,1.725,1.071544683191717,True,True,0.6534553168082831,0.6534553168082831
Thailand,SARIMA,2019-12-01,1.251,0.9487091840961768,True,True,0.3022908159038231,0.3022908159038231
Thailand,SARIMA,2020-01-01,2.775,1.2462376836081102,True,True,1.5287623163918898,1.5287623163918898
Thailand,SARIMA,2020-02-01,1.584,1.24548403858495,True,True,0.3385159614150501,0.3385159614150501
Thailand,SARIMA,2020-03-01,1.918,0.7922224230716429,True,True,1.125777576928357,1.125777576928357
Thailand,SARIMA,2020-04-01,1.108,0.755079727700018,True,True,0.3529202722999821,0.3529202722999821
Thailand,SARIMA,2020-05-01,2.205,0.5908045455355289,True,True,1.6141954544644712,1.6141954544644712
Thailand,SARIMA,2020-06-01,1.298,0.8433945684586949,True,True,0.4546054315413051,0.4546054315413051
Thailand,SARIMA,2020-07-01,1.583,0.7813751934104789,True,True,0.8016248065895211,0.8016248065895211
Thailand,SARIMA,2020-08-01,1.009,0.8349794542025744,True,True,0.1740205457974255,0.1740205457974255
Thailand,SARIMA,2020-09-01,1.285,0.7773507040072546,True,True,0.5076492959927453,0.5076492959927453
Thailand,SARIMA,2020-10-01,0.077,0.8407340864907539,True,True,-0.7637340864907539,0.7637340864907539
Thailand,SARIMA,2020-11-01,1.611,1.089088620486944,True,True,0.5219113795130559,0.5219113795130559
Thailand,SARIMA,2020-12-01,1.243,0.9656856301970156,True,True,0.2773143698029845,0.2773143698029845
Thailand,SARIMA,2021-01-01,0.435,1.2635533958659804,True,True,-0.8285533958659803,0.8285533958659803
Thailand,SARIMA,2021-02-01,0.913,1.26276672932711,True,True,-0.3497667293271098,0.3497667293271098
Thailand,SARIMA,2021-03-01,1.604,0.8095838760142119,True,True,0.7944161239857882,0.7944161239857882
Thailand,SARIMA,2021-04-01,-0.104,0.7724657927790012,True,True,-0.8764657927790012,0.8764657927790012
Thailand,SARIMA,2021-05-01,1.196,0.6081996450977278,True,True,0.5878003549022721,0.5878003549022721
Thailand,SARIMA,2021-06-01,1.226,0.8608188084929111,True,True,0.3651811915070888,0.3651811915070888
Thailand,SARIMA,2021-07-01,1.041,0.7988163505520628,True,True,0.2421836494479371,0.2421836494479371
Thailand,SARIMA,2021-08-01,1.36,0.8524147786637778,True,True,0.5075852213362223,0.5075852213362223
Thailand,SARIMA,2021-09-01,0.685,0.7947925821568532,True,True,-0.1097925821568531,0.1097925821568531
Thailand,SARIMA,2021-10-01,0.931,0.8581748477568353,True,True,0.0728251522431647,0.0728251522431647
Thailand,SARIMA,2021-11-01,1.617,1.1064879775653822,True,True,0.5105120224346178,0.5105120224346178
Thailand,SARIMA,2021-12-01,0.977,0.9831458792209974,True,True,-0.0061458792209974,0.0061458792209974
Thailand,SARIMA,2022-01-01,2.104,1.28100116627501,True,True,0.82299883372499,0.82299883372499
Thailand,SARIMA,2022-02-01,0.669,1.2802084618141767,True,True,-0.6112084618141767,0.6112084618141767
Thailand,SARIMA,2022-03-01,1.34,0.8270254090676039,True,True,0.5129745909323962,0.5129745909323962
Thailand,SARIMA,2022-04-01,-0.051,0.789907268050206,True,True,-0.840907268050206,0.840907268050206
Thailand,SARIMA,2022-05-01,-0.278,0.6256351417687075,True,True,-0.9036351417687076,0.9036351417687076
Thailand,SARIMA,2022-06-01,1.267,0.878263893383615,True,True,0.3887361066163849,0.3887361066163849
Thailand,SARIMA,2022-07-01,1.184,0.8162637656025817,True,True,0.3677362343974182,0.3677362343974182
Thailand,SARIMA,2022-08-01,0.948,0.8698590372602079,True,True,0.0781409627397921,0.0781409627397921
Thailand,SARIMA,2022-09-01,0.765,0.8122378346690665,True,True,-0.0472378346690665,0.0472378346690665
Thailand,SARIMA,2022-10-01,0.426,0.8756228381603505,True,True,-0.4496228381603505,0.4496228381603505
Thailand,SARIMA,2022-11-01,1.889,1.1239248440368796,True,True,0.7650751559631204,0.7650751559631204
Thailand,SARIMA,2022-12-01,1.158,1.0006160103700414,True,True,0.1573839896299584,0.1573839896299584
Thailand,SARIMA,2023-01-01,0.668,1.2984503872522577,True,True,-0.6304503872522574,0.6304503872522574
Thailand,SARIMA,2023-02-01,1.247,1.2976600282493589,True,True,-0.0506600282493585,0.0506600282493585
Thailand,SARIMA,2023-03-01,0.908,0.8444720057231435,True,True,0.0635279942768565,0.0635279942768565
Thailand,SARIMA,2023-04-01,2.094,0.8073523115218171,True,True,1.2866476884781828,1.2866476884781828
Thailand,SARIMA,2023-05-01,2.051,0.6430798699336433,True,True,1.4079201300663569,1.4079201300663569
Thailand,SARIMA,2023-06-01,1.587,0.8957063695352234,True,True,0.6912936304647765,0.6912936304647765
Thailand,SARIMA,2023-07-01,1.668,0.83370507280461,True,True,0.8342949271953899,0.8342949271953899
Thailand,SARIMA,2023-08-01,1.555,0.8873008481448511,True,True,0.6676991518551488,0.6676991518551488
Thailand,SARIMA,2023-09-01,1.034,0.8296791888009929,True,True,0.2043208111990071,0.2043208111990071
Thailand,SARIMA,2023-10-01,1.5,0.893064145773706,True,True,0.606935854226294,0.606935854226294
Thailand,SARIMA,2023-11-01,1.898,1.1413692445044388,True,True,0.7566307554955611,0.7566307554955611
Thailand,SARIMA,2023-12-01,2.701,1.0180551391536086,True,True,1.6829448608463915,1.6829448608463915
Thailand,XGBoost,2014-01-01,-0.545,0.3539624512195587,True,True,-0.8989624512195588,0.8989624512195588
Thailand,XGBoost,2014-02-01,0.575,0.5129541754722595,True,True,0.0620458245277404,0.0620458245277404
Thailand,XGBoost,2014-03-01,1.177,0.3421422243118286,True,True,0.8348577756881714,0.8348577756881714
Thailand,XGBoost,2014-04-01,0.763,0.5321438312530518,True,True,0.2308561687469482,0.2308561687469482
Thailand,XGBoost,2014-05-01,1.255,0.395054817199707,True,True,0.8599451828002929,0.8599451828002929
Thailand,XGBoost,2014-06-01,1.063,0.6389504671096802,True,True,0.4240495328903197,0.4240495328903197
Thailand,XGBoost,2014-07-01,0.789,0.671292781829834,True,True,0.117707218170166,0.117707218170166
Thailand,XGBoost,2014-08-01,0.615,0.7785716652870178,True,True,-0.1635716652870178,0.1635716652870178
Thailand,XGBoost,2014-09-01,0.8,0.7974826693534851,True,True,0.0025173306465149,0.0025173306465149
Thailand,XGBoost,2014-10-01,0.857,1.0947778224945068,True,True,-0.2377778224945068,0.2377778224945068
Thailand,XGBoost,2014-11-01,1.833,1.4497249126434326,True,True,0.3832750873565673,0.3832750873565673
Thailand,XGBoost,2014-12-01,1.229,1.6289665699005127,True,True,-0.3999665699005126,0.3999665699005126
Thailand,XGBoost,2015-01-01,0.305,1.5574588775634766,True,True,-1.2524588775634766,1.2524588775634766
Thailand,XGBoost,2015-02-01,0.691,1.6990408897399902,True,True,-1.0080408897399904,1.0080408897399904
Thailand,XGBoost,2015-03-01,1.263,1.2789413928985596,True,True,-0.0159413928985596,0.0159413928985596
Thailand,XGBoost,2015-04-01,0.544,1.0722455978393557,True,True,-0.5282455978393554,0.5282455978393554
Thailand,XGBoost,2015-05-01,1.647,0.8809916973114014,True,True,0.7660083026885987,0.7660083026885987
Thailand,XGBoost,2015-06-01,1.65,0.5112716555595398,True,True,1.13872834444046,1.13872834444046
Thailand,XGBoost,2015-07-01,1.13,0.6376029253005981,True,True,0.4923970746994017,0.4923970746994017
Thailand,XGBoost,2015-08-01,1.173,0.6354442238807678,True,True,0.5375557761192322,0.5375557761192322
Thailand,XGBoost,2015-09-01,1.131,0.7006864547729492,True,True,0.4303135452270508,0.4303135452270508
Thailand,XGBoost,2015-10-01,1.053,0.9586785435676576,True,True,0.0943214564323424,0.0943214564323424
Thailand,XGBoost,2015-11-01,2.611,1.536853909492493,True,True,1.0741460905075075,1.0741460905075075
Thailand,XGBoost,2015-12-01,2.491,1.3591601848602295,True,True,1.1318398151397706,1.1318398151397706
Thailand,XGBoost,2016-01-01,1.72,1.4607884883880615,True,True,0.2592115116119384,0.2592115116119384
Thailand,XGBoost,2016-02-01,0.097,1.6192138195037842,True,True,-1.5222138195037842,1.5222138195037842
Thailand,XGBoost,2016-03-01,1.597,1.0521533489227295,True,True,0.5448466510772705,0.5448466510772705
Thailand,XGBoost,2016-04-01,2.757,0.380500465631485,True,True,2.376499534368515,2.376499534368515
Thailand,XGBoost,2016-05-01,1.983,0.5544171333312988,True,True,1.4285828666687013,1.4285828666687013
Thailand,XGBoost,2016-06-01,0.875,0.5490688681602478,True,True,0.3259311318397522,0.3259311318397522
Thailand,XGBoost,2016-07-01,0.726,0.6467708349227905,True,True,0.0792291650772094,0.0792291650772094
Thailand,XGBoost,2016-08-01,1.149,0.6471676230430603,True,True,0.5018323769569397,0.5018323769569397
Thailand,XGBoost,2016-09-01,0.859,0.6964343190193176,True,True,0.1625656809806823,0.1625656809806823
Thailand,XGBoost,2016-10-01,1.415,1.0980660915374756,True,True,0.3169339084625244,0.3169339084625244
Thailand,XGBoost,2016-11-01,1.872,1.478771448135376,True,True,0.3932285518646241,0.3932285518646241
Thailand,XGBoost,2016-12-01,1.709,1.6206938028335571,True,True,0.0883061971664429,0.0883061971664429
Thailand,XGBoost,2017-01-01,1.944,1.8012970685958862,True,True,0.1427029314041137,0.1427029314041137
Thailand,XGBoost,2017-02-01,0.786,1.8954941034317017,True,True,-1.1094941034317016,1.1094941034317016
Thailand,XGBoost,2017-03-01,1.0,1.197462797164917,True,True,-0.197462797164917,0.197462797164917
Thailand,XGBoost,2017-04-01,0.438,1.1600403785705566,True,True,-0.7220403785705567,0.7220403785705567
Thailand,XGBoost,2017-05-01,0.48,0.8330828547477722,True,True,-0.3530828547477722,0.3530828547477722
Thailand,XGBoost,2017-06-01,0.854,0.7716678380966187,True,True,0.0823321619033813,0.0823321619033813
Thailand,XGBoost,2017-07-01,0.23,0.7207998633384705,True,True,-0.4907998633384705,0.4907998633384705
Thailand,XGBoost,2017-08-01,1.092,0.5395236611366272,True,True,0.5524763388633729,0.5524763388633729
Thailand,XGBoost,2017-09-01,1.297,0.7048651576042175,True,True,0.5921348423957824,0.5921348423957824
Thailand,XGBoost,2017-10-01,1.161,0.8580772876739502,True,True,0.3029227123260498,0.3029227123260498
Thailand,XGBoost,2017-11-01,1.543,1.3167880773544312,True,True,0.2262119226455687,0.2262119226455687
Thailand,XGBoost,2017-12-01,0.931,1.241900086402893,True,True,-0.310900086402893,0.310900086402893
Thailand,XGBoost,2018-01-01,1.758,1.4172091484069824,True,True,0.3407908515930176,0.3407908515930176
Thailand,XGBoost,2018-02-01,0.403,1.345841884613037,True,True,-0.9428418846130372,0.9428418846130372
Thailand,XGBoost,2018-03-01,0.659,-0.058649256825447,True,True,0.7176492568254471,0.7176492568254471
Thailand,XGBoost,2018-04-01,-0.2,0.2454726994037628,True,True,-0.4454726994037628,0.4454726994037628
Thailand,XGBoost,2018-05-01,0.227,0.3468806445598602,True,True,-0.1198806445598602,0.1198806445598602
Thailand,XGBoost,2018-06-01,0.598,0.5250886082649231,True,True,0.0729113917350768,0.0729113917350768
Thailand,XGBoost,2018-07-01,0.489,0.5745999217033386,True,True,-0.0855999217033386,0.0855999217033386
Thailand,XGBoost,2018-08-01,0.497,0.673794686794281,True,True,-0.176794686794281,0.176794686794281
Thailand,XGBoost,2018-09-01,1.007,0.5502662062644958,True,True,0.456733793735504,0.456733793735504
Thailand,XGBoost,2018-10-01,1.383,0.827617347240448,True,True,0.555382652759552,0.555382652759552
Thailand,XGBoost,2018-11-01,2.004,1.5559747219085691,True,True,0.4480252780914306,0.4480252780914306
Thailand,XGBoost,2018-12-01,2.728,1.2463884353637695,True,True,1.481611564636231,1.481611564636231
Thailand,XGBoost,2019-01-01,2.153,1.4833567142486572,True,True,0.6696432857513428,0.6696432857513428
Thailand,XGBoost,2019-02-01,2.315,1.910622358322144,True,True,0.4043776416778564,0.4043776416778564
Thailand,XGBoost,2019-03-01,1.61,1.3250775337219238,True,True,0.2849224662780762,0.2849224662780762
Thailand,XGBoost,2019-04-01,2.137,1.211690902709961,True,True,0.9253090972900392,0.9253090972900392
Thailand,XGBoost,2019-05-01,1.688,1.1011009216308594,True,True,0.5868990783691406,0.5868990783691406
Thailand,XGBoost,2019-06-01,1.607,0.8498773574829102,True,True,0.7571226425170898,0.7571226425170898
Thailand,XGBoost,2019-07-01,1.358,0.6805725693702698,True,True,0.6774274306297303,0.6774274306297303
Thailand,XGBoost,2019-08-01,0.777,0.5977615118026733,True,True,0.1792384881973266,0.1792384881973266
Thailand,XGBoost,2019-09-01,0.83,0.6990092992782593,True,True,0.1309907007217406,0.1309907007217406
Thailand,XGBoost,2019-10-01,1.634,0.9892035722732544,True,True,0.6447964277267455,0.6447964277267455
Thailand,XGBoost,2019-11-01,1.725,1.338627576828003,True,True,0.3863724231719971,0.3863724231719971
Thailand,XGBoost,2019-12-01,1.251,1.1402461528778076,True,True,0.1107538471221922,0.1107538471221922
Thailand,XGBoost,2020-01-01,2.775,1.2860246896743774,True,True,1.4889753103256225,1.4889753103256225
Thailand,XGBoost,2020-02-01,1.584,1.324723720550537,True,True,0.2592762794494629,0.2592762794494629
Thailand,XGBoost,2020-03-01,1.918,0.478702962398529,True,True,1.4392970376014709,1.4392970376014709
Thailand,XGBoost,2020-04-01,1.108,-0.0311910156160593,True,True,1.1391910156160594,1.1391910156160594
Thailand,XGBoost,2020-05-01,2.205,0.1062361747026443,True,True,2.098763825297356,2.098763825297356
Thailand,XGBoost,2020-06-01,1.298,0.5272053480148315,True,True,0.7707946519851685,0.7707946519851685
Thailand,XGBoost,2020-07-01,1.583,0.6619571447372437,True,True,0.9210428552627564,0.9210428552627564
Thailand,XGBoost,2020-08-01,1.009,0.6339362859725952,True,True,0.3750637140274047,0.3750637140274047
Thailand,XGBoost,2020-09-01,1.285,0.7193000316619873,True,True,0.5656999683380126,0.5656999683380126
Thailand,XGBoost,2020-10-01,0.077,1.0980262756347656,True,True,-1.0210262756347657,1.0210262756347657
Thailand,XGBoost,2020-11-01,1.611,1.502843976020813,True,True,0.108156023979187,0.108156023979187
Thailand,XGBoost,2020-12-01,1.243,1.2634050846099854,True,True,-0.0204050846099852,0.0204050846099852
Thailand,XGBoost,2021-01-01,0.435,1.5361722707748413,True,True,-1.1011722707748413,1.1011722707748413
Thailand,XGBoost,2021-02-01,0.913,1.9032762050628664,True,True,-0.9902762050628662,0.9902762050628662
Thailand,XGBoost,2021-03-01,1.604,1.2640085220336914,True,True,0.3399914779663087,0.3399914779663087
Thailand,XGBoost,2021-04-01,-0.104,1.1250460147857666,True,True,-1.2290460147857667,1.2290460147857667
Thailand,XGBoost,2021-05-01,1.196,1.1719590425491333,True,True,0.0240409574508666,0.0240409574508666
Thailand,XGBoost,2021-06-01,1.226,0.6479909420013428,True,True,0.5780090579986572,0.5780090579986572
Thailand,XGBoost,2021-07-01,1.041,0.6366473436355591,True,True,0.4043526563644408,0.4043526563644408
Thailand,XGBoost,2021-08-01,1.36,0.6368627548217773,True,True,0.7231372451782228,0.7231372451782228
Thailand,XGBoost,2021-09-01,0.685,0.7245054244995117,True,True,-0.0395054244995116,0.0395054244995116
Thailand,XGBoost,2021-10-01,0.931,0.9572424292564392,True,True,-0.0262424292564391,0.0262424292564391
Thailand,XGBoost,2021-11-01,1.617,1.292867660522461,True,True,0.324132339477539,0.324132339477539
Thailand,XGBoost,2021-12-01,0.977,1.0930612087249756,True,True,-0.1160612087249756,0.1160612087249756
Thailand,XGBoost,2022-01-01,2.104,1.3534635305404663,True,True,0.7505364694595338,0.7505364694595338
Thailand,XGBoost,2022-02-01,0.669,1.2604773044586182,True,True,-0.5914773044586181,0.5914773044586181
Thailand,XGBoost,2022-03-01,1.34,0.5958001613616943,True,True,0.7441998386383057,0.7441998386383057
Thailand,XGBoost,2022-04-01,-0.051,0.2495536506175995,True,True,-0.3005536506175995,0.3005536506175995
Thailand,XGBoost,2022-05-01,-0.278,0.0504168197512626,True,True,-0.3284168197512627,0.3284168197512627
Thailand,XGBoost,2022-06-01,1.267,0.5355867743492126,True,True,0.7314132256507873,0.7314132256507873
Thailand,XGBoost,2022-07-01,1.184,0.56224524974823,True,True,0.62175475025177,0.62175475025177
Thailand,XGBoost,2022-08-01,0.948,0.6381766200065613,True,True,0.3098233799934387,0.3098233799934387
Thailand,XGBoost,2022-09-01,0.765,0.6799637079238892,True,True,0.0850362920761108,0.0850362920761108
Thailand,XGBoost,2022-10-01,0.426,1.0473978519439695,True,True,-0.6213978519439698,0.6213978519439698
Thailand,XGBoost,2022-11-01,1.889,1.3148090839385986,True,True,0.5741909160614014,0.5741909160614014
Thailand,XGBoost,2022-12-01,1.158,1.242885708808899,True,True,-0.084885708808899,0.084885708808899
Thailand,XGBoost,2023-01-01,0.668,1.684688925743103,True,True,-1.0166889257431029,1.0166889257431029
Thailand,XGBoost,2023-02-01,1.247,1.726759672164917,True,True,-0.4797596721649169,0.4797596721649169
Thailand,XGBoost,2023-03-01,0.908,1.321380376815796,True,True,-0.4133803768157958,0.4133803768157958
Thailand,XGBoost,2023-04-01,2.094,1.199021339416504,True,True,0.894978660583496,0.894978660583496
Thailand,XGBoost,2023-05-01,2.051,0.889131486415863,True,True,1.1618685135841371,1.1618685135841371
Thailand,XGBoost,2023-06-01,1.587,0.6882312893867493,True,True,0.8987687106132507,0.8987687106132507
Thailand,XGBoost,2023-07-01,1.668,0.6524755358695984,True,True,1.0155244641304015,1.0155244641304015
Thailand,XGBoost,2023-08-01,1.555,0.5717117190361023,True,True,0.9832882809638976,0.9832882809638976
Thailand,XGBoost,2023-09-01,1.034,0.7038705945014954,True,True,0.3301294054985046,0.3301294054985046
Thailand,XGBoost,2023-10-01,1.5,0.9042136073112488,True,True,0.5957863926887512,0.5957863926887512
Thailand,XGBoost,2023-11-01,1.898,1.3676780462265017,True,True,0.5303219537734984,0.5303219537734984
Thailand,XGBoost,2023-12-01,2.701,1.258633375167847,True,True,1.4423666248321534,1.4423666248321534
Thailand,Prophet,2014-01-01,-0.545,1.0289594489222866,True,True,-1.5739594489222868,1.5739594489222868
Thailand,Prophet,2014-02-01,0.575,1.0310160395592012,True,True,-0.4560160395592012,0.4560160395592012
Thailand,Prophet,2014-03-01,1.177,0.8205281134358233,True,True,0.3564718865641767,0.3564718865641767
Thailand,Prophet,2014-04-01,0.763,0.7722292577017614,True,True,-0.0092292577017614,0.0092292577017614
Thailand,Prophet,2014-05-01,1.255,0.6374597891401483,True,True,0.6175402108598516,0.6175402108598516
Thailand,Prophet,2014-06-01,1.063,0.7737928532517242,True,True,0.2892071467482757,0.2892071467482757
Thailand,Prophet,2014-07-01,0.789,0.7718741424164953,True,True,0.0171258575835047,0.0171258575835047
Thailand,Prophet,2014-08-01,0.615,0.7879942223108867,True,True,-0.1729942223108866,0.1729942223108866
Thailand,Prophet,2014-09-01,0.8,0.7535464129548173,True,True,0.0464535870451827,0.0464535870451827
Thailand,Prophet,2014-10-01,0.857,0.773550736061139,True,True,0.0834492639388609,0.0834492639388609
Thailand,Prophet,2014-11-01,1.833,0.89031933106128,True,True,0.94268066893872,0.94268066893872
Thailand,Prophet,2014-12-01,1.229,0.8066789069920706,True,True,0.4223210930079295,0.4223210930079295
Thailand,Prophet,2015-01-01,0.305,1.0500830106905052,True,True,-0.7450830106905053,0.7450830106905053
Thailand,Prophet,2015-02-01,0.691,1.0425724978083863,True,True,-0.3515724978083864,0.3515724978083864
Thailand,Prophet,2015-03-01,1.263,0.8430185479627733,True,True,0.4199814520372266,0.4199814520372266
Thailand,Prophet,2015-04-01,0.544,0.7934004061071465,True,True,-0.2494004061071464,0.2494004061071464
Thailand,Prophet,2015-05-01,1.647,0.6575372862122405,True,True,0.9894627137877596,0.9894627137877596
Thailand,Prophet,2015-06-01,1.65,0.7932039259580358,True,True,0.8567960740419641,0.8567960740419641
Thailand,Prophet,2015-07-01,1.13,0.7892483770441182,True,True,0.3407516229558817,0.3407516229558817
Thailand,Prophet,2015-08-01,1.173,0.8035609141015453,True,True,0.3694390858984547,0.3694390858984547
Thailand,Prophet,2015-09-01,1.131,0.7718039242803174,True,True,0.3591960757196826,0.3591960757196826
Thailand,Prophet,2015-10-01,1.053,0.7923829467413974,True,True,0.2606170532586025,0.2606170532586025
Thailand,Prophet,2015-11-01,2.611,0.9119876730762518,True,True,1.6990123269237485,1.6990123269237485
Thailand,Prophet,2015-12-01,2.491,0.8244453747340723,True,True,1.6665546252659278,1.6665546252659278
Thailand,Prophet,2016-01-01,1.72,1.071045258948073,True,True,0.648954741051927,0.648954741051927
Thailand,Prophet,2016-02-01,0.097,1.0540684749809617,True,True,-0.9570684749809616,0.9570684749809616
Thailand,Prophet,2016-03-01,1.597,0.8507895794558845,True,True,0.7462104205441155,0.7462104205441155
Thailand,Prophet,2016-04-01,2.757,0.8046652744409658,True,True,1.9523347255590344,1.9523347255590344
Thailand,Prophet,2016-05-01,1.983,0.6721172704287535,True,True,1.3108827295712466,1.3108827295712466
Thailand,Prophet,2016-06-01,0.875,0.8094609906565277,True,True,0.0655390093434723,0.0655390093434723
Thailand,Prophet,2016-07-01,0.726,0.8116636690141605,True,True,-0.0856636690141605,0.0856636690141605
Thailand,Prophet,2016-08-01,1.149,0.8316139509578478,True,True,0.3173860490421522,0.3173860490421522
Thailand,Prophet,2016-09-01,0.859,0.7920302989142335,True,True,0.0669697010857665,0.0669697010857665
Thailand,Prophet,2016-10-01,1.415,0.8109002310640491,True,True,0.604099768935951,0.604099768935951
Thailand,Prophet,2016-11-01,1.872,0.921641465053641,True,True,0.9503585349463592,0.9503585349463592
Thailand,Prophet,2016-12-01,1.709,0.845932466422905,True,True,0.8630675335770951,0.8630675335770951
Thailand,Prophet,2017-01-01,1.944,1.0824302596714983,True,True,0.8615697403285014,0.8615697403285014
Thailand,Prophet,2017-02-01,0.786,1.09414400674389,True,True,-0.3081440067438898,0.3081440067438898
Thailand,Prophet,2017-03-01,1.0,0.8729537688266369,True,True,0.1270462311733631,0.1270462311733631
Thailand,Prophet,2017-04-01,0.438,0.8258190199143406,True,True,-0.3878190199143406,0.3878190199143406
Thailand,Prophet,2017-05-01,0.48,0.6921546754820945,True,True,-0.2121546754820945,0.2121546754820945
Thailand,Prophet,2017-06-01,0.854,0.8290470225650424,True,True,0.0249529774349576,0.0249529774349576
Thailand,Prophet,2017-07-01,0.23,0.8291824664807577,True,True,-0.5991824664807577,0.5991824664807577
Thailand,Prophet,2017-08-01,1.092,0.8471825556665064,True,True,0.2448174443334937,0.2448174443334937
Thailand,Prophet,2017-09-01,1.297,0.8101249329819562,True,True,0.4868750670180437,0.4868750670180437
Thailand,Prophet,2017-10-01,1.161,0.8295584007809376,True,True,0.3314415992190624,0.3314415992190624
Thailand,Prophet,2017-11-01,1.543,0.9433717667555686,True,True,0.5996282332444314,0.5996282332444314
Thailand,Prophet,2017-12-01,0.931,0.8636766127100931,True,True,0.0673233872899069,0.0673233872899069
Thailand,Prophet,2018-01-01,1.758,1.1037131838117376,True,True,0.6542868161882625,0.6542868161882625
Thailand,Prophet,2018-02-01,0.403,1.1057697744486883,True,True,-0.7027697744486885,0.7027697744486885
Thailand,Prophet,2018-03-01,0.659,0.8952818483252943,True,True,-0.2362818483252943,0.2362818483252943
Thailand,Prophet,2018-04-01,-0.2,0.8469829925912165,True,True,-1.0469829925912164,1.0469829925912164
Thailand,Prophet,2018-05-01,0.227,0.7122135240296161,True,True,-0.4852135240296161,0.4852135240296161
Thailand,Prophet,2018-06-01,0.598,0.8485465881411942,True,True,-0.2505465881411942,0.2505465881411942
Thailand,Prophet,2018-07-01,0.489,0.8466278773059517,True,True,-0.3576278773059517,0.3576278773059517
Thailand,Prophet,2018-08-01,0.497,0.8627479572003401,True,True,-0.3657479572003401,0.3657479572003401
Thailand,Prophet,2018-09-01,1.007,0.8283001478442584,True,True,0.1786998521557414,0.1786998521557414
Thailand,Prophet,2018-10-01,1.383,0.848304470950606,True,True,0.534695529049394,0.534695529049394
Thailand,Prophet,2018-11-01,2.004,0.9650730659507436,True,True,1.0389269340492564,1.0389269340492564
Thailand,Prophet,2018-12-01,2.728,0.8814326418815147,True,True,1.8465673581184852,1.8465673581184852
Thailand,Prophet,2019-01-01,2.153,1.1248367455799453,True,True,1.0281632544200547,1.0281632544200547
Thailand,Prophet,2019-02-01,2.315,1.1173262326978568,True,True,1.1976737673021431,1.1976737673021431
Thailand,Prophet,2019-03-01,1.61,0.91777228285218,True,True,0.69222771714782,0.69222771714782
Thailand,Prophet,2019-04-01,2.137,0.8681541409965978,True,True,1.2688458590034022,1.2688458590034022
Thailand,Prophet,2019-05-01,1.688,0.7322910211017045,True,True,0.9557089788982954,0.9557089788982954
Thailand,Prophet,2019-06-01,1.607,0.8679576608474988,True,True,0.7390423391525012,0.7390423391525012
Thailand,Prophet,2019-07-01,1.358,0.864002111933566,True,True,0.4939978880664341,0.4939978880664341
Thailand,Prophet,2019-08-01,0.777,0.8783146489909714,True,True,-0.1013146489909714,0.1013146489909714
Thailand,Prophet,2019-09-01,0.83,0.8465576591697761,True,True,-0.0165576591697761,0.0165576591697761
Thailand,Prophet,2019-10-01,1.634,0.8671366816308503,True,True,0.7668633183691496,0.7668633183691496
Thailand,Prophet,2019-11-01,1.725,0.9867414079657522,True,True,0.7382585920342479,0.7382585920342479
Thailand,Prophet,2019-12-01,1.251,0.8991991096235259,True,True,0.351800890376474,0.351800890376474
Thailand,Prophet,2020-01-01,2.775,1.145798993837539,True,True,1.6292010061624609,1.6292010061624609
Thailand,Prophet,2020-02-01,1.584,1.1288222098704075,True,True,0.4551777901295926,0.4551777901295926
Thailand,Prophet,2020-03-01,1.918,0.9255433143453616,True,True,0.9924566856546384,0.9924566856546384
Thailand,Prophet,2020-04-01,1.108,0.8794190093304407,True,True,0.2285809906695594,0.2285809906695594
Thailand,Prophet,2020-05-01,2.205,0.7468710053182206,True,True,1.4581289946817797,1.4581289946817797
Thailand,Prophet,2020-06-01,1.298,0.8842147255459852,True,True,0.4137852744540148,0.4137852744540148
Thailand,Prophet,2020-07-01,1.583,0.8864174039036253,True,True,0.6965825960963746,0.6965825960963746
Thailand,Prophet,2020-08-01,1.009,0.906367685847372,True,True,0.1026323141526278,0.1026323141526278
Thailand,Prophet,2020-09-01,1.285,0.8667840338037016,True,True,0.4182159661962983,0.4182159661962983
Thailand,Prophet,2020-10-01,0.077,0.8856539659535265,True,True,-0.8086539659535266,0.8086539659535266
Thailand,Prophet,2020-11-01,1.611,0.996395199943111,True,True,0.614604800056889,0.614604800056889
Thailand,Prophet,2020-12-01,1.243,0.9206862013123472,True,True,0.322313798687653,0.322313798687653
Thailand,Prophet,2021-01-01,0.435,1.1571839945609568,True,True,-0.7221839945609567,0.7221839945609567
Thailand,Prophet,2021-02-01,0.913,1.1688977416333022,True,True,-0.2558977416333021,0.2558977416333021
Thailand,Prophet,2021-03-01,1.604,0.9477075037160752,True,True,0.6562924962839248,0.6562924962839248
Thailand,Prophet,2021-04-01,-0.104,0.9005727548037682,True,True,-1.0045727548037682,1.0045727548037682
Thailand,Prophet,2021-05-01,1.196,0.7669084103715414,True,True,0.4290915896284585,0.4290915896284585
Thailand,Prophet,2021-06-01,1.226,0.9038007574545096,True,True,0.3221992425454902,0.3221992425454902
Thailand,Prophet,2021-07-01,1.041,0.9039362013702128,True,True,0.1370637986297871,0.1370637986297871
Thailand,Prophet,2021-08-01,1.36,0.9219362905559384,True,True,0.4380637094440616,0.4380637094440616
Thailand,Prophet,2021-09-01,0.685,0.8848786678713967,True,True,-0.1998786678713966,0.1998786678713966
Thailand,Prophet,2021-10-01,0.931,0.904312135670388,True,True,0.0266878643296121,0.0266878643296121
Thailand,Prophet,2021-11-01,1.617,1.0181255016450377,True,True,0.5988744983549625,0.5988744983549625
Thailand,Prophet,2021-12-01,0.977,0.938430347599563,True,True,0.0385696524004369,0.0385696524004369
Thailand,Prophet,2022-01-01,2.104,1.1784669187012111,True,True,0.9255330812987888,0.9255330812987888
Thailand,Prophet,2022-02-01,0.669,1.180523509338124,True,True,-0.5115235093381238,0.5115235093381238
Thailand,Prophet,2022-03-01,1.34,0.9700355832147372,True,True,0.3699644167852629,0.3699644167852629
Thailand,Prophet,2022-04-01,-0.051,0.9217367274806402,True,True,-0.9727367274806402,0.9727367274806402
Thailand,Prophet,2022-05-01,-0.278,0.7869672589190637,True,True,-1.0649672589190635,1.0649672589190635
Thailand,Prophet,2022-06-01,1.267,0.9233003230306538,True,True,0.3436996769693461,0.3436996769693461
Thailand,Prophet,2022-07-01,1.184,0.921381612195406,True,True,0.262618387804594,0.262618387804594
Thailand,Prophet,2022-08-01,0.948,0.9375016920898246,True,True,0.0104983079101753,0.0104983079101753
Thailand,Prophet,2022-09-01,0.765,0.903053882733735,True,True,-0.1380538827337349,0.1380538827337349
Thailand,Prophet,2022-10-01,0.426,0.9230582058400568,True,True,-0.4970582058400567,0.4970582058400567
Thailand,Prophet,2022-11-01,1.889,1.0398268008401907,True,True,0.8491731991598093,0.8491731991598093
Thailand,Prophet,2022-12-01,1.158,0.956186376770987,True,True,0.2018136232290129,0.2018136232290129
Thailand,Prophet,2023-01-01,0.668,1.199590480469449,True,True,-0.531590480469449,0.531590480469449
Thailand,Prophet,2023-02-01,1.247,1.192079967587279,True,True,0.054920032412721,0.054920032412721
Thailand,Prophet,2023-03-01,0.908,0.9925260177416614,True,True,-0.0845260177416613,0.0845260177416613
Thailand,Prophet,2023-04-01,2.094,0.9429078758860672,True,True,1.1510921241139327,1.1510921241139327
Thailand,Prophet,2023-05-01,2.051,0.8070447559911541,True,True,1.2439552440088462,1.2439552440088462
Thailand,Prophet,2023-06-01,1.587,0.9427113957369584,True,True,0.6442886042630416,0.6442886042630416
Thailand,Prophet,2023-07-01,1.668,0.9387558468230374,True,True,0.7292441531769626,0.7292441531769626
Thailand,Prophet,2023-08-01,1.555,0.9530683838804648,True,True,0.6019316161195352,0.6019316161195352
Thailand,Prophet,2023-09-01,1.034,0.921311394059236,True,True,0.112688605940764,0.112688605940764
Thailand,Prophet,2023-10-01,1.5,0.9418904165202988,True,True,0.5581095834797013,0.5581095834797013
Thailand,Prophet,2023-11-01,1.898,1.0614951428551715,True,True,0.8365048571448284,0.8365048571448284
Thailand,Prophet,2023-12-01,2.701,0.9739528445129912,True,True,1.7270471554870088,1.7270471554870088
Viet Nam,Holt-Winters,2014-01-01,-0.274,0.1470531328272086,True,True,-0.4210531328272087,0.4210531328272087
Viet Nam,Holt-Winters,2014-02-01,-0.192,0.2763781251648641,True,True,-0.4683781251648641,0.4683781251648641
Viet Nam,Holt-Winters,2014-03-01,0.357,3.268092301508818e-05,True,True,0.3569673190769848,0.3569673190769848
Viet Nam,Holt-Winters,2014-04-01,1.151,0.1386429619659556,True,True,1.0123570380340443,1.0123570380340443
Viet Nam,Holt-Winters,2014-05-01,1.333,0.0031913595016781,True,True,1.3298086404983218,1.3298086404983218
Viet Nam,Holt-Winters,2014-06-01,1.09,0.2117526611015209,True,True,0.8782473388984791,0.8782473388984791
Viet Nam,Holt-Winters,2014-07-01,0.43,0.0813550056037339,True,True,0.348644994396266,0.348644994396266
Viet Nam,Holt-Winters,2014-08-01,0.591,0.1462901825699696,True,True,0.4447098174300303,0.4447098174300303
Viet Nam,Holt-Winters,2014-09-01,1.072,0.1278984552627892,True,True,0.9441015447372108,0.9441015447372108
Viet Nam,Holt-Winters,2014-10-01,0.857,0.1576060516442304,True,True,0.6993939483557696,0.6993939483557696
Viet Nam,Holt-Winters,2014-11-01,1.61,0.2418183841048715,True,True,1.3681816158951283,1.3681816158951283
Viet Nam,Holt-Winters,2014-12-01,-0.176,-0.0207179563191121,True,True,-0.1552820436808878,0.1552820436808878
Viet Nam,Holt-Winters,2015-01-01,0.357,0.1470531328272086,True,True,0.2099468671727913,0.2099468671727913
Viet Nam,Holt-Winters,2015-02-01,0.939,0.2763781251648641,True,True,0.6626218748351358,0.6626218748351358
Viet Nam,Holt-Winters,2015-03-01,1.402,3.268092301508818e-05,True,True,1.4019673190769848,1.4019673190769848
Viet Nam,Holt-Winters,2015-04-01,0.834,0.1386429619659556,True,True,0.6953570380340443,0.6953570380340443
Viet Nam,Holt-Winters,2015-05-01,2.174,0.0031913595016781,True,True,2.1708086404983216,2.1708086404983216
Viet Nam,Holt-Winters,2015-06-01,1.526,0.2117526611015209,True,True,1.314247338898479,1.314247338898479
Viet Nam,Holt-Winters,2015-07-01,0.626,0.0813550056037339,True,True,0.544644994396266,0.544644994396266
Viet Nam,Holt-Winters,2015-08-01,1.127,0.1462901825699696,True,True,0.9807098174300304,0.9807098174300304
Viet Nam,Holt-Winters,2015-09-01,1.312,0.1278984552627892,True,True,1.1841015447372107,1.1841015447372107
Viet Nam,Holt-Winters,2015-10-01,1.359,0.1576060516442304,True,True,1.2013939483557696,1.2013939483557696
Viet Nam,Holt-Winters,2015-11-01,2.687,0.2418183841048715,True,True,2.4451816158951285,2.4451816158951285
Viet Nam,Holt-Winters,2015-12-01,1.33,-0.0207179563191121,True,True,1.3507179563191123,1.3507179563191123
Viet Nam,Holt-Winters,2016-01-01,1.468,0.1470531328272086,True,True,1.3209468671727913,1.3209468671727913
Viet Nam,Holt-Winters,2016-02-01,-0.633,0.2763781251648641,True,True,-0.9093781251648642,0.9093781251648642
Viet Nam,Holt-Winters,2016-03-01,0.14,3.268092301508818e-05,True,True,0.1399673190769849,0.1399673190769849
Viet Nam,Holt-Winters,2016-04-01,1.693,0.1386429619659556,True,True,1.5543570380340443,1.5543570380340443
Viet Nam,Holt-Winters,2016-05-01,1.11,0.0031913595016781,True,True,1.106808640498322,1.106808640498322
Viet Nam,Holt-Winters,2016-06-01,1.372,0.2117526611015209,True,True,1.160247338898479,1.160247338898479
Viet Nam,Holt-Winters,2016-07-01,1.045,0.0813550056037339,True,True,0.963644994396266,0.963644994396266
Viet Nam,Holt-Winters,2016-08-01,1.359,0.1462901825699696,True,True,1.2127098174300304,1.2127098174300304
Viet Nam,Holt-Winters,2016-09-01,1.216,0.1278984552627892,True,True,1.0881015447372109,1.0881015447372109
Viet Nam,Holt-Winters,2016-10-01,1.84,0.1576060516442304,True,True,1.6823939483557695,1.6823939483557695
Viet Nam,Holt-Winters,2016-11-01,1.724,0.2418183841048715,True,True,1.4821816158951284,1.4821816158951284
Viet Nam,Holt-Winters,2016-12-01,1.741,-0.0207179563191121,True,True,1.7617179563191123,1.7617179563191123
Viet Nam,Holt-Winters,2017-01-01,2.389,0.1470531328272086,True,True,2.241946867172792,2.241946867172792
Viet Nam,Holt-Winters,2017-02-01,1.23,0.2763781251648641,True,True,0.9536218748351358,0.9536218748351358
Viet Nam,Holt-Winters,2017-03-01,0.764,3.268092301508818e-05,True,True,0.7639673190769849,0.7639673190769849
Viet Nam,Holt-Winters,2017-04-01,0.652,0.1386429619659556,True,True,0.5133570380340443,0.5133570380340443
Viet Nam,Holt-Winters,2017-05-01,0.299,0.0031913595016781,True,True,0.2958086404983218,0.2958086404983218
Viet Nam,Holt-Winters,2017-06-01,1.297,0.2117526611015209,True,True,1.085247338898479,1.085247338898479
Viet Nam,Holt-Winters,2017-07-01,0.291,0.0813550056037339,True,True,0.209644994396266,0.209644994396266
Viet Nam,Holt-Winters,2017-08-01,0.941,0.1462901825699696,True,True,0.7947098174300303,0.7947098174300303
Viet Nam,Holt-Winters,2017-09-01,1.773,0.1278984552627892,True,True,1.6451015447372106,1.6451015447372106
Viet Nam,Holt-Winters,2017-10-01,0.858,0.1576060516442304,True,True,0.7003939483557695,0.7003939483557695
Viet Nam,Holt-Winters,2017-11-01,0.998,0.2418183841048715,True,True,0.7561816158951284,0.7561816158951284
Viet Nam,Holt-Winters,2017-12-01,0.118,-0.0207179563191121,True,True,0.1387179563191121,0.1387179563191121
Viet Nam,Holt-Winters,2018-01-01,0.938,0.1470531328272086,True,True,0.7909468671727913,0.7909468671727913
Viet Nam,Holt-Winters,2018-02-01,-0.414,0.2763781251648641,True,True,-0.6903781251648642,0.6903781251648642
Viet Nam,Holt-Winters,2018-03-01,1.023,3.268092301508818e-05,True,True,1.0229673190769848,1.0229673190769848
Viet Nam,Holt-Winters,2018-04-01,0.205,0.1386429619659556,True,True,0.0663570380340443,0.0663570380340443
Viet Nam,Holt-Winters,2018-05-01,1.028,0.0031913595016781,True,True,1.024808640498322,1.024808640498322
Viet Nam,Holt-Winters,2018-06-01,0.876,0.2117526611015209,True,True,0.6642473388984791,0.6642473388984791
Viet Nam,Holt-Winters,2018-07-01,0.646,0.0813550056037339,True,True,0.564644994396266,0.564644994396266
Viet Nam,Holt-Winters,2018-08-01,0.825,0.1462901825699696,True,True,0.6787098174300303,0.6787098174300303
Viet Nam,Holt-Winters,2018-09-01,1.078,0.1278984552627892,True,True,0.9501015447372108,0.9501015447372108
Viet Nam,Holt-Winters,2018-10-01,1.08,0.1576060516442304,True,True,0.9223939483557696,0.9223939483557696
Viet Nam,Holt-Winters,2018-11-01,1.955,0.2418183841048715,True,True,1.7131816158951283,1.7131816158951283
Viet Nam,Holt-Winters,2018-12-01,1.478,-0.0207179563191121,True,True,1.4987179563191122,1.4987179563191122
Viet Nam,Holt-Winters,2019-01-01,1.582,0.1470531328272086,True,True,1.4349468671727914,1.4349468671727914
Viet Nam,Holt-Winters,2019-02-01,3.195,0.2763781251648641,True,True,2.918621874835136,2.918621874835136
Viet Nam,Holt-Winters,2019-03-01,1.826,3.268092301508818e-05,True,True,1.825967319076985,1.825967319076985
Viet Nam,Holt-Winters,2019-04-01,2.537,0.1386429619659556,True,True,2.398357038034044,2.398357038034044
Viet Nam,Holt-Winters,2019-05-01,1.329,0.0031913595016781,True,True,1.3258086404983218,1.3258086404983218
Viet Nam,Holt-Winters,2019-06-01,2.145,0.2117526611015209,True,True,1.933247338898479,1.933247338898479
Viet Nam,Holt-Winters,2019-07-01,1.437,0.0813550056037339,True,True,1.355644994396266,1.355644994396266
Viet Nam,Holt-Winters,2019-08-01,1.37,0.1462901825699696,True,True,1.2237098174300305,1.2237098174300305
Viet Nam,Holt-Winters,2019-09-01,0.935,0.1278984552627892,True,True,0.8071015447372107,0.8071015447372107
Viet Nam,Holt-Winters,2019-10-01,1.454,0.1576060516442304,True,True,1.2963939483557696,1.2963939483557696
Viet Nam,Holt-Winters,2019-11-01,1.519,0.2418183841048715,True,True,1.2771816158951284,1.2771816158951284
Viet Nam,Holt-Winters,2019-12-01,1.082,-0.0207179563191121,True,True,1.1027179563191123,1.1027179563191123
Viet Nam,Holt-Winters,2020-01-01,2.704,0.1470531328272086,True,True,2.556946867172792,2.556946867172792
Viet Nam,Holt-Winters,2020-02-01,1.837,0.2763781251648641,True,True,1.5606218748351357,1.5606218748351357
Viet Nam,Holt-Winters,2020-03-01,2.205,3.268092301508818e-05,True,True,2.204967319076985,2.204967319076985
Viet Nam,Holt-Winters,2020-04-01,-0.29,0.1386429619659556,True,True,-0.4286429619659556,0.4286429619659556
Viet Nam,Holt-Winters,2020-05-01,1.824,0.0031913595016781,True,True,1.820808640498322,1.820808640498322
Viet Nam,Holt-Winters,2020-06-01,1.851,0.2117526611015209,True,True,1.639247338898479,1.639247338898479
Viet Nam,Holt-Winters,2020-07-01,1.49,0.0813550056037339,True,True,1.408644994396266,1.408644994396266
Viet Nam,Holt-Winters,2020-08-01,1.159,0.1462901825699696,True,True,1.0127098174300304,1.0127098174300304
Viet Nam,Holt-Winters,2020-09-01,1.647,0.1278984552627892,True,True,1.5191015447372107,1.5191015447372107
Viet Nam,Holt-Winters,2020-10-01,0.024,0.1576060516442304,True,True,-0.1336060516442304,0.1336060516442304
Viet Nam,Holt-Winters,2020-11-01,1.486,0.2418183841048715,True,True,1.2441816158951284,1.2441816158951284
Viet Nam,Holt-Winters,2020-12-01,0.401,-0.0207179563191121,True,True,0.4217179563191122,0.4217179563191122
Viet Nam,Holt-Winters,2021-01-01,-0.192,0.1470531328272086,True,True,-0.3390531328272086,0.3390531328272086
Viet Nam,Holt-Winters,2021-02-01,1.389,0.2763781251648641,True,True,1.1126218748351355,1.1126218748351355
Viet Nam,Holt-Winters,2021-03-01,1.804,3.268092301508818e-05,True,True,1.803967319076985,1.803967319076985
Viet Nam,Holt-Winters,2021-04-01,1.098,0.1386429619659556,True,True,0.9593570380340444,0.9593570380340444
Viet Nam,Holt-Winters,2021-05-01,1.377,0.0031913595016781,True,True,1.373808640498322,1.373808640498322
Viet Nam,Holt-Winters,2021-06-01,1.251,0.2117526611015209,True,True,1.0392473388984789,1.0392473388984789
Viet Nam,Holt-Winters,2021-07-01,1.069,0.0813550056037339,True,True,0.987644994396266,0.987644994396266
Viet Nam,Holt-Winters,2021-08-01,1.689,0.1462901825699696,True,True,1.5427098174300304,1.5427098174300304
Viet Nam,Holt-Winters,2021-09-01,0.984,0.1278984552627892,True,True,0.8561015447372107,0.8561015447372107
Viet Nam,Holt-Winters,2021-10-01,0.48,0.1576060516442304,True,True,0.3223939483557695,0.3223939483557695
Viet Nam,Holt-Winters,2021-11-01,0.954,0.2418183841048715,True,True,0.7121816158951284,0.7121816158951284
Viet Nam,Holt-Winters,2021-12-01,0.533,-0.0207179563191121,True,True,0.5537179563191122,0.5537179563191122
Viet Nam,Holt-Winters,2022-01-01,2.002,0.1470531328272086,True,True,1.8549468671727911,1.8549468671727911
Viet Nam,Holt-Winters,2022-02-01,-0.387,0.2763781251648641,True,True,-0.6633781251648642,0.6633781251648642
Viet Nam,Holt-Winters,2022-03-01,1.867,3.268092301508818e-05,True,True,1.8669673190769849,1.8669673190769849
Viet Nam,Holt-Winters,2022-04-01,-0.083,0.1386429619659556,True,True,-0.2216429619659556,0.2216429619659556
Viet Nam,Holt-Winters,2022-05-01,0.385,0.0031913595016781,True,True,0.3818086404983218,0.3818086404983218
Viet Nam,Holt-Winters,2022-06-01,1.193,0.2117526611015209,True,True,0.981247338898479,0.981247338898479
Viet Nam,Holt-Winters,2022-07-01,0.903,0.0813550056037339,True,True,0.821644994396266,0.821644994396266
Viet Nam,Holt-Winters,2022-08-01,0.894,0.1462901825699696,True,True,0.7477098174300304,0.7477098174300304
Viet Nam,Holt-Winters,2022-09-01,0.961,0.1278984552627892,True,True,0.8331015447372108,0.8331015447372108
Viet Nam,Holt-Winters,2022-10-01,0.513,0.1576060516442304,True,True,0.3553939483557696,0.3553939483557696
Viet Nam,Holt-Winters,2022-11-01,2.56,0.2418183841048715,True,True,2.3181816158951287,2.3181816158951287
Viet Nam,Holt-Winters,2022-12-01,-0.042,-0.0207179563191121,True,True,-0.0212820436808878,0.0212820436808878
Viet Nam,Holt-Winters,2023-01-01,0.622,0.1470531328272086,True,True,0.4749468671727913,0.4749468671727913
Viet Nam,Holt-Winters,2023-02-01,1.888,0.2763781251648641,True,True,1.611621874835136,1.611621874835136
Viet Nam,Holt-Winters,2023-03-01,1.014,3.268092301508818e-05,True,True,1.013967319076985,1.013967319076985
Viet Nam,Holt-Winters,2023-04-01,1.746,0.1386429619659556,True,True,1.6073570380340445,1.6073570380340445
Viet Nam,Holt-Winters,2023-05-01,1.542,0.0031913595016781,True,True,1.538808640498322,1.538808640498322
Viet Nam,Holt-Winters,2023-06-01,1.409,0.2117526611015209,True,True,1.197247338898479,1.197247338898479
Viet Nam,Holt-Winters,2023-07-01,1.415,0.0813550056037339,True,True,1.333644994396266,1.333644994396266
Viet Nam,Holt-Winters,2023-08-01,1.521,0.1462901825699696,True,True,1.3747098174300303,1.3747098174300303
Viet Nam,Holt-Winters,2023-09-01,1.365,0.1278984552627892,True,True,1.237101544737211,1.237101544737211
Viet Nam,Holt-Winters,2023-10-01,1.609,0.1576060516442304,True,True,1.4513939483557696,1.4513939483557696
Viet Nam,Holt-Winters,2023-11-01,1.909,0.2418183841048715,True,True,1.6671816158951285,1.6671816158951285
Viet Nam,Holt-Winters,2023-12-01,1.821,-0.0207179563191121,True,True,1.841717956319112,1.841717956319112
Viet Nam,SARIMA,2014-01-01,-0.274,-0.1227940739391481,True,True,-0.1512059260608519,0.1512059260608519
Viet Nam,SARIMA,2014-02-01,-0.192,0.9393959179057798,True,True,-1.1313959179057798,1.1313959179057798
Viet Nam,SARIMA,2014-03-01,0.357,0.2855413905874986,True,True,0.0714586094125013,0.0714586094125013
Viet Nam,SARIMA,2014-04-01,1.151,0.5854305267245581,True,True,0.5655694732754419,0.5655694732754419
Viet Nam,SARIMA,2014-05-01,1.333,0.3564775995253252,True,True,0.9765224004746748,0.9765224004746748
Viet Nam,SARIMA,2014-06-01,1.09,0.7914307573153369,True,True,0.2985692426846632,0.2985692426846632
Viet Nam,SARIMA,2014-07-01,0.43,0.4695940573418277,True,True,-0.0395940573418276,0.0395940573418276
Viet Nam,SARIMA,2014-08-01,0.591,0.5560998391064802,True,True,0.0349001608935197,0.0349001608935197
Viet Nam,SARIMA,2014-09-01,1.072,0.5045175030426731,True,True,0.567482496957327,0.567482496957327
Viet Nam,SARIMA,2014-10-01,0.857,0.6627578694314291,True,True,0.1942421305685708,0.1942421305685708
Viet Nam,SARIMA,2014-11-01,1.61,0.8827284226266465,True,True,0.7272715773733536,0.7272715773733536
Viet Nam,SARIMA,2014-12-01,-0.176,0.5352826889394997,True,True,-0.7112826889394996,0.7112826889394996
Viet Nam,SARIMA,2015-01-01,0.357,0.4177903875962075,True,True,-0.0607903875962075,0.0607903875962075
Viet Nam,SARIMA,2015-02-01,0.939,1.0606231884119597,True,True,-0.1216231884119597,0.1216231884119597
Viet Nam,SARIMA,2015-03-01,1.402,0.4389578921447466,True,True,0.9630421078552532,0.9630421078552532
Viet Nam,SARIMA,2015-04-01,0.834,0.6145237110523186,True,True,0.2194762889476813,0.2194762889476813
Viet Nam,SARIMA,2015-05-01,2.174,0.4077658492327638,True,True,1.766234150767236,1.766234150767236
Viet Nam,SARIMA,2015-06-01,1.526,0.7794597965047988,True,True,0.7465402034952012,0.7465402034952012
Viet Nam,SARIMA,2015-07-01,0.626,0.4429555438990623,True,True,0.1830444561009376,0.1830444561009376
Viet Nam,SARIMA,2015-08-01,1.127,0.5448598651889014,True,True,0.5821401348110986,0.5821401348110986
Viet Nam,SARIMA,2015-09-01,1.312,0.4738494893641284,True,True,0.8381505106358715,0.8381505106358715
Viet Nam,SARIMA,2015-10-01,1.359,0.6114489587696069,True,True,0.7475510412303931,0.7475510412303931
Viet Nam,SARIMA,2015-11-01,2.687,0.9053901668846966,True,True,1.7816098331153032,1.7816098331153032
Viet Nam,SARIMA,2015-12-01,1.33,0.364771571279108,True,True,0.965228428720892,0.965228428720892
Viet Nam,SARIMA,2016-01-01,1.468,0.3703574221039162,True,True,1.097642577896084,1.097642577896084
Viet Nam,SARIMA,2016-02-01,-0.633,1.0499862401683628,True,True,-1.6829862401683628,1.6829862401683628
Viet Nam,SARIMA,2016-03-01,0.14,0.4254965366266005,True,True,-0.2854965366266004,0.2854965366266004
Viet Nam,SARIMA,2016-04-01,1.693,0.6119709628575959,True,True,1.0810290371424045,1.0810290371424045
Viet Nam,SARIMA,2016-05-01,1.11,0.4032656204033529,True,True,0.7067343795966472,0.7067343795966472
Viet Nam,SARIMA,2016-06-01,1.372,0.7805101747739468,True,True,0.5914898252260533,0.5914898252260533
Viet Nam,SARIMA,2016-07-01,1.045,0.4452929098035649,True,True,0.599707090196435,0.599707090196435
Viet Nam,SARIMA,2016-08-01,1.359,0.5458461038489112,True,True,0.8131538961510888,0.8131538961510888
Viet Nam,SARIMA,2016-09-01,1.216,0.4765404191596316,True,True,0.7394595808403683,0.7394595808403683
Viet Nam,SARIMA,2016-10-01,1.84,0.6159510004708372,True,True,1.2240489995291628,1.2240489995291628
Viet Nam,SARIMA,2016-11-01,1.724,0.90340173804541,True,True,0.8205982619545901,0.8205982619545901
Viet Nam,SARIMA,2016-12-01,1.741,0.3797328743418458,True,True,1.3612671256581543,1.3612671256581543
Viet Nam,SARIMA,2017-01-01,2.389,0.3745193734278644,True,True,2.014480626572136,2.014480626572136
Viet Nam,SARIMA,2017-02-01,1.23,1.0509195670300873,True,True,0.1790804329699127,0.1790804329699127
Viet Nam,SARIMA,2017-03-01,0.764,0.426677687875303,True,True,0.337322312124697,0.337322312124697
Viet Nam,SARIMA,2017-04-01,0.652,0.6121949508292199,True,True,0.03980504917078,0.03980504917078
Viet Nam,SARIMA,2017-05-01,0.299,0.4036604878365873,True,True,-0.1046604878365873,0.1046604878365873
Viet Nam,SARIMA,2017-06-01,1.297,0.7804180105336858,True,True,0.5165819894663142,0.5165819894663142
Viet Nam,SARIMA,2017-07-01,0.291,0.4450878203047357,True,True,-0.1540878203047357,0.1540878203047357
Viet Nam,SARIMA,2017-08-01,0.941,0.545759567465319,True,True,0.395240432534681,0.395240432534681
Viet Nam,SARIMA,2017-09-01,1.773,0.476304306601439,True,True,1.296695693398561,1.296695693398561
Viet Nam,SARIMA,2017-10-01,0.858,0.6155559739692378,True,True,0.2424440260307622,0.2424440260307622
Viet Nam,SARIMA,2017-11-01,0.998,0.903576210460414,True,True,0.0944237895395859,0.0944237895395859
Viet Nam,SARIMA,2017-12-01,0.118,0.3784201119108299,True,True,-0.26042011191083,0.26042011191083
Viet Nam,SARIMA,2018-01-01,0.938,0.3741541877675723,True,True,0.5638458122324277,0.5638458122324277
Viet Nam,SARIMA,2018-02-01,-0.414,1.0508376733317382,True,True,-1.464837673331738,1.464837673331738
Viet Nam,SARIMA,2018-03-01,1.023,0.4265740491094721,True,True,0.5964259508905279,0.5964259508905279
Viet Nam,SARIMA,2018-04-01,0.205,0.6121752972607497,True,True,-0.4071752972607497,0.4071752972607497
Viet Nam,SARIMA,2018-05-01,1.028,0.4036258406451357,True,True,0.6243741593548644,0.6243741593548644
Viet Nam,SARIMA,2018-06-01,0.876,0.7804260973795701,True,True,0.0955739026204298,0.0955739026204298
Viet Nam,SARIMA,2018-07-01,0.646,0.4451058156483184,True,True,0.2008941843516816,0.2008941843516816
Viet Nam,SARIMA,2018-08-01,0.825,0.5457671605013547,True,True,0.2792328394986453,0.2792328394986453
Viet Nam,SARIMA,2018-09-01,1.078,0.4763250240278949,True,True,0.6016749759721052,0.6016749759721052
Viet Nam,SARIMA,2018-10-01,1.08,0.6155906351179613,True,True,0.4644093648820387,0.4644093648820387
Viet Nam,SARIMA,2018-11-01,1.955,0.9035609015778452,True,True,1.051439098422155,1.051439098422155
Viet Nam,SARIMA,2018-12-01,1.478,0.3785352987493733,True,True,1.099464701250627,1.099464701250627
Viet Nam,SARIMA,2019-01-01,1.582,0.3741862305657943,True,True,1.2078137694342057,1.2078137694342057
Viet Nam,SARIMA,2019-02-01,3.195,1.0508448590006654,True,True,2.1441551409993345,2.1441551409993345
Viet Nam,SARIMA,2019-03-01,1.826,0.426583142774483,True,True,1.399416857225517,1.399416857225517
Viet Nam,SARIMA,2019-04-01,2.537,0.6121770217406439,True,True,1.924822978259356,1.924822978259356
Viet Nam,SARIMA,2019-05-01,1.329,0.4036288807233352,True,True,0.9253711192766648,0.9253711192766648
Viet Nam,SARIMA,2019-06-01,2.145,0.7804253878085242,True,True,1.364574612191476,1.364574612191476
Viet Nam,SARIMA,2019-07-01,1.437,0.445104236667471,True,True,0.991895763332529,0.991895763332529
Viet Nam,SARIMA,2019-08-01,1.37,0.5457664942590893,True,True,0.8242335057409108,0.8242335057409108
Viet Nam,SARIMA,2019-09-01,0.935,0.4763232062009981,True,True,0.4586767937990019,0.4586767937990019
Viet Nam,SARIMA,2019-10-01,1.454,0.6155875938150969,True,True,0.8384124061849031,0.8384124061849031
Viet Nam,SARIMA,2019-11-01,1.519,0.9035622448382424,True,True,0.6154377551617575,0.6154377551617575
Viet Nam,SARIMA,2019-12-01,1.082,0.3785251918119259,True,True,0.7034748081880742,0.7034748081880742
Viet Nam,SARIMA,2020-01-01,2.704,0.3741834190071009,True,True,2.3298165809928992,2.3298165809928992
Viet Nam,SARIMA,2020-02-01,1.837,1.0508442285023611,True,True,0.7861557714976388,0.7861557714976388
Viet Nam,SARIMA,2020-03-01,2.205,0.426582344861244,True,True,1.778417655138756,1.778417655138756
Viet Nam,SARIMA,2020-04-01,-0.29,0.6121768704281273,True,True,-0.9021768704281272,0.9021768704281272
Viet Nam,SARIMA,2020-05-01,1.824,0.4036286139751495,True,True,1.4203713860248506,1.4203713860248506
Viet Nam,SARIMA,2020-06-01,1.851,0.7804254500690243,True,True,1.0705745499309756,1.0705745499309756
Viet Nam,SARIMA,2020-07-01,1.49,0.4451043752133401,True,True,1.04489562478666,1.04489562478666
Viet Nam,SARIMA,2020-08-01,1.159,0.5457665527177551,True,True,0.6132334472822449,0.6132334472822449
Viet Nam,SARIMA,2020-09-01,1.647,0.4763233657041407,True,True,1.1706766342958592,1.1706766342958592
Viet Nam,SARIMA,2020-10-01,0.024,0.6155878606707393,True,True,-0.5915878606707393,0.5915878606707393
Viet Nam,SARIMA,2020-11-01,1.486,0.9035621269753948,True,True,0.5824378730246053,0.5824378730246053
Viet Nam,SARIMA,2020-12-01,0.401,0.3785260786335963,True,True,0.0224739213664036,0.0224739213664036
Viet Nam,SARIMA,2021-01-01,-0.192,0.3741836657041039,True,True,-0.5661836657041039,0.5661836657041039
Viet Nam,SARIMA,2021-02-01,1.389,1.050844283824714,True,True,0.3381557161752859,0.3381557161752859
Viet Nam,SARIMA,2021-03-01,1.804,0.4265824148732289,True,True,1.3774175851267711,1.3774175851267711
Viet Nam,SARIMA,2021-04-01,1.098,0.6121768837048711,True,True,0.485823116295129,0.485823116295129
Viet Nam,SARIMA,2021-05-01,1.377,0.4036286373806641,True,True,0.973371362619336,0.973371362619336
Viet Nam,SARIMA,2021-06-01,1.251,0.7804254446060479,True,True,0.470574555393952,0.470574555393952
Viet Nam,SARIMA,2021-07-01,1.069,0.4451043630567912,True,True,0.6238956369432087,0.6238956369432087
Viet Nam,SARIMA,2021-08-01,1.689,0.5457665475883663,True,True,1.143233452411634,1.143233452411634
Viet Nam,SARIMA,2021-09-01,0.984,0.4763233517087198,True,True,0.5076766482912801,0.5076766482912801
Viet Nam,SARIMA,2021-10-01,0.48,0.6155878372557961,True,True,-0.1355878372557961,0.1355878372557961
Viet Nam,SARIMA,2021-11-01,0.954,0.9035621373171356,True,True,0.0504378626828644,0.0504378626828644
Viet Nam,SARIMA,2021-12-01,0.533,0.3785260008204428,True,True,0.1544739991795572,0.1544739991795572
Viet Nam,SARIMA,2022-01-01,2.002,0.3741836440579574,True,True,1.6278163559420422,1.6278163559420422
Viet Nam,SARIMA,2022-02-01,-0.387,1.0508442789705177,True,True,-1.4378442789705177,1.4378442789705177
Viet Nam,SARIMA,2022-03-01,1.867,0.4265824087301073,True,True,1.4404175912698929,1.4404175912698929
Viet Nam,SARIMA,2022-04-01,-0.083,0.6121768825399184,True,True,-0.6951768825399184,0.6951768825399184
Viet Nam,SARIMA,2022-05-01,0.385,0.403628635326974,True,True,-0.018628635326974,0.018628635326974
Viet Nam,SARIMA,2022-06-01,1.193,0.7804254450853905,True,True,0.4125745549146096,0.4125745549146096
Viet Nam,SARIMA,2022-07-01,0.903,0.4451043641234537,True,True,0.4578956358765463,0.4578956358765463
Viet Nam,SARIMA,2022-08-01,0.894,0.5457665480384386,True,True,0.3482334519615614,0.3482334519615614
Viet Nam,SARIMA,2022-09-01,0.961,0.476323352936732,True,True,0.4846766470632679,0.4846766470632679
Viet Nam,SARIMA,2022-10-01,0.513,0.6155878393103136,True,True,-0.1025878393103135,0.1025878393103135
Viet Nam,SARIMA,2022-11-01,2.56,0.9035621364097112,True,True,1.6564378635902888,1.6564378635902888
Viet Nam,SARIMA,2022-12-01,-0.042,0.378526007648069,True,True,-0.4205260076480689,0.4205260076480689
Viet Nam,SARIMA,2023-01-01,0.622,0.3741836459572738,True,True,0.2478163540427261,0.2478163540427261
Viet Nam,SARIMA,2023-02-01,1.888,1.0508442793964434,True,True,0.8371557206035565,0.8371557206035565
Viet Nam,SARIMA,2023-03-01,1.014,0.4265824092691285,True,True,0.5874175907308715,0.5874175907308715
Viet Nam,SARIMA,2023-04-01,1.746,0.6121768826421359,True,True,1.133823117357864,1.133823117357864
Viet Nam,SARIMA,2023-05-01,1.542,0.4036286355071727,True,True,1.1383713644928273,1.1383713644928273
Viet Nam,SARIMA,2023-06-01,1.409,0.7804254450433311,True,True,0.6285745549566689,0.6285745549566689
Viet Nam,SARIMA,2023-07-01,1.415,0.4451043640298606,True,True,0.9698956359701394,0.9698956359701394
Viet Nam,SARIMA,2023-08-01,1.521,0.5457665479989475,True,True,0.9752334520010524,0.9752334520010524
Viet Nam,SARIMA,2023-09-01,1.365,0.4763233528289815,True,True,0.8886766471710185,0.8886766471710185
Viet Nam,SARIMA,2023-10-01,1.609,0.6155878391300423,True,True,0.9934121608699577,0.9934121608699577
Viet Nam,SARIMA,2023-11-01,1.909,0.903562136489332,True,True,1.005437863510668,1.005437863510668
Viet Nam,SARIMA,2023-12-01,1.821,0.3785260070489867,True,True,1.442473992951013,1.442473992951013
Viet Nam,XGBoost,2014-01-01,-0.274,-0.1140307113528251,True,True,-0.1599692886471748,0.1599692886471748
Viet Nam,XGBoost,2014-02-01,-0.192,-0.1047791764140129,True,True,-0.0872208235859871,0.0872208235859871
Viet Nam,XGBoost,2014-03-01,0.357,-0.5888517498970032,True,True,0.9458517498970032,0.9458517498970032
Viet Nam,XGBoost,2014-04-01,1.151,0.3954360783100128,True,True,0.7555639216899872,0.7555639216899872
Viet Nam,XGBoost,2014-05-01,1.333,0.231448546051979,True,True,1.101551453948021,1.101551453948021
Viet Nam,XGBoost,2014-06-01,1.09,0.6529974937438965,True,True,0.4370025062561036,0.4370025062561036
Viet Nam,XGBoost,2014-07-01,0.43,0.6277769207954407,True,True,-0.1977769207954406,0.1977769207954406
Viet Nam,XGBoost,2014-08-01,0.591,0.6705113053321838,True,True,-0.0795113053321838,0.0795113053321838
Viet Nam,XGBoost,2014-09-01,1.072,0.3900258541107178,True,True,0.6819741458892823,0.6819741458892823
Viet Nam,XGBoost,2014-10-01,0.857,0.6412389874458313,True,True,0.2157610125541686,0.2157610125541686
Viet Nam,XGBoost,2014-11-01,1.61,0.5454309582710266,True,True,1.0645690417289737,1.0645690417289737
Viet Nam,XGBoost,2014-12-01,-0.176,0.5473065376281738,True,True,-0.7233065376281738,0.7233065376281738
Viet Nam,XGBoost,2015-01-01,0.357,0.7182695269584656,True,True,-0.3612695269584656,0.3612695269584656
Viet Nam,XGBoost,2015-02-01,0.939,1.5858911275863647,True,True,-0.6468911275863648,0.6468911275863648
Viet Nam,XGBoost,2015-03-01,1.402,0.9644952416419984,True,True,0.4375047583580016,0.4375047583580016
Viet Nam,XGBoost,2015-04-01,0.834,0.5924011468887329,True,True,0.241598853111267,0.241598853111267
Viet Nam,XGBoost,2015-05-01,2.174,0.0918951258063316,True,True,2.0821048741936683,2.0821048741936683
Viet Nam,XGBoost,2015-06-01,1.526,0.3769595026969909,True,True,1.149040497303009,1.149040497303009
Viet Nam,XGBoost,2015-07-01,0.626,0.3364499807357788,True,True,0.2895500192642212,0.2895500192642212
Viet Nam,XGBoost,2015-08-01,1.127,0.629801869392395,True,True,0.497198130607605,0.497198130607605
Viet Nam,XGBoost,2015-09-01,1.312,0.7054430246353149,True,True,0.6065569753646851,0.6065569753646851
Viet Nam,XGBoost,2015-10-01,1.359,0.6653624176979065,True,True,0.6936375823020935,0.6936375823020935
Viet Nam,XGBoost,2015-11-01,2.687,0.3813812434673309,True,True,2.305618756532669,2.305618756532669
Viet Nam,XGBoost,2015-12-01,1.33,0.5097358226776123,True,True,0.8202641773223878,0.8202641773223878
Viet Nam,XGBoost,2016-01-01,1.468,0.9385958313941956,True,True,0.5294041686058044,0.5294041686058044
Viet Nam,XGBoost,2016-02-01,-0.633,0.6504219174385071,True,True,-1.283421917438507,1.283421917438507
Viet Nam,XGBoost,2016-03-01,0.14,0.6627028584480286,True,True,-0.5227028584480286,0.5227028584480286
Viet Nam,XGBoost,2016-04-01,1.693,0.7336977124214172,True,True,0.9593022875785828,0.9593022875785828
Viet Nam,XGBoost,2016-05-01,1.11,-0.2028754204511642,True,True,1.3128754204511643,1.3128754204511643
Viet Nam,XGBoost,2016-06-01,1.372,0.1177859529852867,True,True,1.2542140470147134,1.2542140470147134
Viet Nam,XGBoost,2016-07-01,1.045,0.1560378074645996,True,True,0.8889621925354003,0.8889621925354003
Viet Nam,XGBoost,2016-08-01,1.359,0.2535954713821411,True,True,1.1054045286178589,1.1054045286178589
Viet Nam,XGBoost,2016-09-01,1.216,0.2875018417835235,True,True,0.9284981582164764,0.9284981582164764
Viet Nam,XGBoost,2016-10-01,1.84,0.3581903278827667,True,True,1.4818096721172334,1.4818096721172334
Viet Nam,XGBoost,2016-11-01,1.724,0.3290747702121734,True,True,1.3949252297878263,1.3949252297878263
Viet Nam,XGBoost,2016-12-01,1.741,0.0624100491404533,True,True,1.6785899508595468,1.6785899508595468
Viet Nam,XGBoost,2017-01-01,2.389,0.5684067010879517,True,True,1.820593298912048,1.820593298912048
Viet Nam,XGBoost,2017-02-01,1.23,0.5428661108016968,True,True,0.6871338891983032,0.6871338891983032
Viet Nam,XGBoost,2017-03-01,0.764,0.3751550316810608,True,True,0.3888449683189392,0.3888449683189392
Viet Nam,XGBoost,2017-04-01,0.652,0.4984618723392486,True,True,0.1535381276607513,0.1535381276607513
Viet Nam,XGBoost,2017-05-01,0.299,0.2755337655544281,True,True,0.0234662344455718,0.0234662344455718
Viet Nam,XGBoost,2017-06-01,1.297,0.5131552815437317,True,True,0.7838447184562682,0.7838447184562682
Viet Nam,XGBoost,2017-07-01,0.291,0.2910724878311157,True,True,-7.248783111574175e-05,7.248783111574175e-05
Viet Nam,XGBoost,2017-08-01,0.941,0.2847745716571808,True,True,0.6562254283428192,0.6562254283428192
Viet Nam,XGBoost,2017-09-01,1.773,0.3142391443252563,True,True,1.4587608556747436,1.4587608556747436
Viet Nam,XGBoost,2017-10-01,0.858,0.2210024446249008,True,True,0.6369975553750992,0.6369975553750992
Viet Nam,XGBoost,2017-11-01,0.998,0.1878077387809753,True,True,0.8101922612190247,0.8101922612190247
Viet Nam,XGBoost,2017-12-01,0.118,0.0678413808345794,True,True,0.0501586191654205,0.0501586191654205
Viet Nam,XGBoost,2018-01-01,0.938,0.6449401378631592,True,True,0.2930598621368407,0.2930598621368407
Viet Nam,XGBoost,2018-02-01,-0.414,0.3566224873065948,True,True,-0.7706224873065948,0.7706224873065948
Viet Nam,XGBoost,2018-03-01,1.023,0.3555606603622436,True,True,0.6674393396377563,0.6674393396377563
Viet Nam,XGBoost,2018-04-01,0.205,0.5351176857948303,True,True,-0.3301176857948303,0.3301176857948303
Viet Nam,XGBoost,2018-05-01,1.028,0.2968255281448364,True,True,0.7311744718551636,0.7311744718551636
Viet Nam,XGBoost,2018-06-01,0.876,0.5395285487174988,True,True,0.3364714512825012,0.3364714512825012
Viet Nam,XGBoost,2018-07-01,0.646,0.1879808902740478,True,True,0.4580191097259521,0.4580191097259521
Viet Nam,XGBoost,2018-08-01,0.825,0.1745079606771469,True,True,0.650492039322853,0.650492039322853
Viet Nam,XGBoost,2018-09-01,1.078,0.2185584157705307,True,True,0.8594415842294694,0.8594415842294694
Viet Nam,XGBoost,2018-10-01,1.08,0.2181496173143386,True,True,0.8618503826856614,0.8618503826856614
Viet Nam,XGBoost,2018-11-01,1.955,0.2127485126256942,True,True,1.7422514873743058,1.7422514873743058
Viet Nam,XGBoost,2018-12-01,1.478,0.1133977472782135,True,True,1.3646022527217865,1.3646022527217865
Viet Nam,XGBoost,2019-01-01,1.582,0.250182181596756,True,True,1.331817818403244,1.331817818403244
Viet Nam,XGBoost,2019-02-01,3.195,0.6597848534584045,True,True,2.5352151465415957,2.5352151465415957
Viet Nam,XGBoost,2019-03-01,1.826,0.2093635499477386,True,True,1.6166364500522614,1.6166364500522614
Viet Nam,XGBoost,2019-04-01,2.537,0.286293625831604,True,True,2.250706374168396,2.250706374168396
Viet Nam,XGBoost,2019-05-01,1.329,0.0637572407722473,True,True,1.2652427592277526,1.2652427592277526
Viet Nam,XGBoost,2019-06-01,2.145,0.3450416922569275,True,True,1.7999583077430723,1.7999583077430723
Viet Nam,XGBoost,2019-07-01,1.437,-0.1126723885536193,True,True,1.5496723885536194,1.5496723885536194
Viet Nam,XGBoost,2019-08-01,1.37,0.1299595981836319,True,True,1.2400404018163682,1.2400404018163682
Viet Nam,XGBoost,2019-09-01,0.935,0.1313852369785308,True,True,0.8036147630214692,0.8036147630214692
Viet Nam,XGBoost,2019-10-01,1.454,0.2344282418489456,True,True,1.2195717581510543,1.2195717581510543
Viet Nam,XGBoost,2019-11-01,1.519,0.345329225063324,True,True,1.173670774936676,1.173670774936676
Viet Nam,XGBoost,2019-12-01,1.082,0.280128926038742,True,True,0.801871073961258,0.801871073961258
Viet Nam,XGBoost,2020-01-01,2.704,0.4753786325454712,True,True,2.228621367454529,2.228621367454529
Viet Nam,XGBoost,2020-02-01,1.837,0.9509511590003968,True,True,0.8860488409996032,0.8860488409996032
Viet Nam,XGBoost,2020-03-01,2.205,-0.0935703739523887,True,True,2.298570373952389,2.298570373952389
Viet Nam,XGBoost,2020-04-01,-0.29,-0.0371572040021419,True,True,-0.252842795997858,0.252842795997858
Viet Nam,XGBoost,2020-05-01,1.824,-0.177430972456932,True,True,2.001430972456932,2.001430972456932
Viet Nam,XGBoost,2020-06-01,1.851,0.2332023531198501,True,True,1.6177976468801498,1.6177976468801498
Viet Nam,XGBoost,2020-07-01,1.49,0.3146866261959076,True,True,1.1753133738040924,1.1753133738040924
Viet Nam,XGBoost,2020-08-01,1.159,-0.1284405440092086,True,True,1.2874405440092087,1.2874405440092087
Viet Nam,XGBoost,2020-09-01,1.647,0.4273446500301361,True,True,1.219655349969864,1.219655349969864
Viet Nam,XGBoost,2020-10-01,0.024,0.4756165146827698,True,True,-0.4516165146827697,0.4516165146827697
Viet Nam,XGBoost,2020-11-01,1.486,0.0347221083939075,True,True,1.4512778916060924,1.4512778916060924
Viet Nam,XGBoost,2020-12-01,0.401,0.2488919049501419,True,True,0.1521080950498581,0.1521080950498581
Viet Nam,XGBoost,2021-01-01,-0.192,0.4322610795497894,True,True,-0.6242610795497894,0.6242610795497894
Viet Nam,XGBoost,2021-02-01,1.389,0.6358850598335266,True,True,0.7531149401664734,0.7531149401664734
Viet Nam,XGBoost,2021-03-01,1.804,0.5195901989936829,True,True,1.2844098010063172,1.2844098010063172
Viet Nam,XGBoost,2021-04-01,1.098,0.3680141568183899,True,True,0.7299858431816102,0.7299858431816102
Viet Nam,XGBoost,2021-05-01,1.377,0.2972382307052612,True,True,1.0797617692947388,1.0797617692947388
Viet Nam,XGBoost,2021-06-01,1.251,0.483508437871933,True,True,0.7674915621280669,0.7674915621280669
Viet Nam,XGBoost,2021-07-01,1.069,0.38426074385643,True,True,0.6847392561435699,0.6847392561435699
Viet Nam,XGBoost,2021-08-01,1.689,0.422958642244339,True,True,1.266041357755661,1.266041357755661
Viet Nam,XGBoost,2021-09-01,0.984,0.1425766944885254,True,True,0.8414233055114746,0.8414233055114746
Viet Nam,XGBoost,2021-10-01,0.48,0.3630982935428619,True,True,0.116901706457138,0.116901706457138
Viet Nam,XGBoost,2021-11-01,0.954,0.3252806663513183,True,True,0.6287193336486816,0.6287193336486816
Viet Nam,XGBoost,2021-12-01,0.533,0.4286550879478454,True,True,0.1043449120521545,0.1043449120521545
Viet Nam,XGBoost,2022-01-01,2.002,0.2611939311027527,True,True,1.740806068897247,1.740806068897247
Viet Nam,XGBoost,2022-02-01,-0.387,0.946166694164276,True,True,-1.333166694164276,1.333166694164276
Viet Nam,XGBoost,2022-03-01,1.867,0.1699674278497696,True,True,1.6970325721502304,1.6970325721502304
Viet Nam,XGBoost,2022-04-01,-0.083,0.0598921626806259,True,True,-0.1428921626806259,0.1428921626806259
Viet Nam,XGBoost,2022-05-01,0.385,-0.053406286984682,True,True,0.4384062869846821,0.4384062869846821
Viet Nam,XGBoost,2022-06-01,1.193,0.1597665250301361,True,True,1.033233474969864,1.033233474969864
Viet Nam,XGBoost,2022-07-01,0.903,0.2355862259864807,True,True,0.6674137740135193,0.6674137740135193
Viet Nam,XGBoost,2022-08-01,0.894,0.1480954736471176,True,True,0.7459045263528824,0.7459045263528824
Viet Nam,XGBoost,2022-09-01,0.961,0.0192388463765382,True,True,0.9417611536234616,0.9417611536234616
Viet Nam,XGBoost,2022-10-01,0.513,0.3328865766525268,True,True,0.1801134233474731,0.1801134233474731
Viet Nam,XGBoost,2022-11-01,2.56,0.5113334655761719,True,True,2.048666534423828,2.048666534423828
Viet Nam,XGBoost,2022-12-01,-0.042,0.2447614073753357,True,True,-0.2867614073753357,0.2867614073753357
Viet Nam,XGBoost,2023-01-01,0.622,0.4771490097045898,True,True,0.1448509902954101,0.1448509902954101
Viet Nam,XGBoost,2023-02-01,1.888,0.6979448199272156,True,True,1.1900551800727843,1.1900551800727843
Viet Nam,XGBoost,2023-03-01,1.014,0.184614896774292,True,True,0.829385103225708,0.829385103225708
Viet Nam,XGBoost,2023-04-01,1.746,0.2981162965297699,True,True,1.44788370347023,1.44788370347023
Viet Nam,XGBoost,2023-05-01,1.542,0.0697653666138649,True,True,1.4722346333861351,1.4722346333861351
Viet Nam,XGBoost,2023-06-01,1.409,0.3511997759342193,True,True,1.057800224065781,1.057800224065781
Viet Nam,XGBoost,2023-07-01,1.415,0.1256884187459945,True,True,1.2893115812540057,1.2893115812540057
Viet Nam,XGBoost,2023-08-01,1.521,0.2885612547397613,True,True,1.2324387452602386,1.2324387452602386
Viet Nam,XGBoost,2023-09-01,1.365,0.3576710224151611,True,True,1.0073289775848389,1.0073289775848389
Viet Nam,XGBoost,2023-10-01,1.609,0.4251738786697387,True,True,1.1838261213302612,1.1838261213302612
Viet Nam,XGBoost,2023-11-01,1.909,0.3618150055408478,True,True,1.5471849944591525,1.5471849944591525
Viet Nam,XGBoost,2023-12-01,1.821,-0.0056543694809079,True,True,1.826654369480908,1.826654369480908
Viet Nam,Prophet,2014-01-01,-0.274,0.7371147788444641,True,True,-1.011114778844464,1.011114778844464
Viet Nam,Prophet,2014-02-01,-0.192,0.873541285322847,True,True,-1.065541285322847,1.065541285322847
Viet Nam,Prophet,2014-03-01,0.357,0.5981064295090931,True,True,-0.2411064295090931,0.2411064295090931
Viet Nam,Prophet,2014-04-01,1.151,0.7361435507737486,True,True,0.4148564492262514,0.4148564492262514
Viet Nam,Prophet,2014-05-01,1.333,0.5997999886657402,True,True,0.7332000113342597,0.7332000113342597
Viet Nam,Prophet,2014-06-01,1.09,0.8054376185122298,True,True,0.2845623814877702,0.2845623814877702
Viet Nam,Prophet,2014-07-01,0.43,0.6760997339183876,True,True,-0.2460997339183876,0.2460997339183876
Viet Nam,Prophet,2014-08-01,0.591,0.737470538957559,True,True,-0.146470538957559,0.146470538957559
Viet Nam,Prophet,2014-09-01,1.072,0.7219807340832536,True,True,0.3500192659167465,0.3500192659167465
Viet Nam,Prophet,2014-10-01,0.857,0.7531261327700253,True,True,0.1038738672299747,0.1038738672299747
Viet Nam,Prophet,2014-11-01,1.61,0.8384992690300265,True,True,0.7715007309699736,0.7715007309699736
Viet Nam,Prophet,2014-12-01,-0.176,0.5781716754786669,True,True,-0.7541716754786669,0.7541716754786669
Viet Nam,Prophet,2015-01-01,0.357,0.7595419335193349,True,True,-0.4025419335193348,0.4025419335193348
Viet Nam,Prophet,2015-02-01,0.939,0.875140260392626,True,True,0.0638597396073739,0.0638597396073739
Viet Nam,Prophet,2015-03-01,1.402,0.6241455559688641,True,True,0.7778544440311358,0.7778544440311358
Viet Nam,Prophet,2015-04-01,0.834,0.7572409613470215,True,True,0.0767590386529785,0.0767590386529785
Viet Nam,Prophet,2015-05-01,2.174,0.6155250670154767,True,True,1.558474932984523,1.558474932984523
Viet Nam,Prophet,2015-06-01,1.526,0.8216436169077632,True,True,0.7043563830922368,0.7043563830922368
Viet Nam,Prophet,2015-07-01,0.626,0.6914965393829604,True,True,-0.0654965393829604,0.0654965393829604
Viet Nam,Prophet,2015-08-01,1.127,0.7496753540989599,True,True,0.3773246459010401,0.3773246459010401
Viet Nam,Prophet,2015-09-01,1.312,0.7402551646086383,True,True,0.5717448353913618,0.5717448353913618
Viet Nam,Prophet,2015-10-01,1.359,0.7721617357230951,True,True,0.5868382642769049,0.5868382642769049
Viet Nam,Prophet,2015-11-01,2.687,0.858217910144372,True,True,1.828782089855628,1.828782089855628
Viet Nam,Prophet,2015-12-01,1.33,0.5933016675637348,True,True,0.7366983324362653,0.7366983324362653
Viet Nam,Prophet,2016-01-01,1.468,0.7817718908519136,True,True,0.6862281091480864,0.6862281091480864
Viet Nam,Prophet,2016-02-01,-0.633,0.8766773458867376,True,True,-1.5096773458867376,1.5096773458867376
Viet Nam,Prophet,2016-03-01,0.14,0.6140877043787449,True,True,-0.4740877043787449,0.4740877043787449
Viet Nam,Prophet,2016-04-01,1.693,0.760736778018455,True,True,0.9322632219815452,0.9322632219815452
Viet Nam,Prophet,2016-05-01,1.11,0.635324199995947,True,True,0.4746758000040531,0.4746758000040531
Viet Nam,Prophet,2016-06-01,1.372,0.8397842163730418,True,True,0.5322157836269583,0.5322157836269583
Viet Nam,Prophet,2016-07-01,1.045,0.7123697308301566,True,True,0.3326302691698433,0.3326302691698433
Viet Nam,Prophet,2016-08-01,1.359,0.7803426970947398,True,True,0.5786573029052602,0.5786573029052602
Viet Nam,Prophet,2016-09-01,1.216,0.7529577155317572,True,True,0.4630422844682428,0.4630422844682428
Viet Nam,Prophet,2016-10-01,1.84,0.782294052916347,True,True,1.0577059470836532,1.0577059470836532
Viet Nam,Prophet,2016-11-01,1.724,0.8658350048757602,True,True,0.8581649951242398,0.8581649951242398
Viet Nam,Prophet,2016-12-01,1.741,0.615165464952426,True,True,1.125834535047574,1.125834535047574
Viet Nam,Prophet,2017-01-01,2.389,0.7816137164780397,True,True,1.60738628352196,1.60738628352196
Viet Nam,Prophet,2017-02-01,1.23,0.9389841813865946,True,True,0.2910158186134054,0.2910158186134054
Viet Nam,Prophet,2017-03-01,0.764,0.6394978786251144,True,True,0.1245021213748855,0.1245021213748855
Viet Nam,Prophet,2017-04-01,0.652,0.7820529256375779,True,True,-0.1300529256375778,0.1300529256375778
Viet Nam,Prophet,2017-05-01,0.299,0.6511461100226611,True,True,-0.3521461100226611,0.3521461100226611
Viet Nam,Prophet,2017-06-01,1.297,0.8562313626868727,True,True,0.4407686373131272,0.4407686373131272
Viet Nam,Prophet,2017-07-01,0.291,0.7278053681628435,True,True,-0.4368053681628435,0.4368053681628435
Viet Nam,Prophet,2017-08-01,0.941,0.7924414095705553,True,True,0.1485585904294446,0.1485585904294446
Viet Nam,Prophet,2017-09-01,1.773,0.7709612206433492,True,True,1.0020387793566508,1.0020387793566508
Viet Nam,Prophet,2017-10-01,0.858,0.8012486227427014,True,True,0.0567513772572986,0.0567513772572986
Viet Nam,Prophet,2017-11-01,0.998,0.8857838756201254,True,True,0.1122161243798746,0.1122161243798746
Viet Nam,Prophet,2017-12-01,0.118,0.6302063812574806,True,True,-0.5122063812574806,0.5122063812574806
Viet Nam,Prophet,2018-01-01,0.938,0.8042347219288402,True,True,0.1337652780711598,0.1337652780711598
Viet Nam,Prophet,2018-02-01,-0.414,0.9406612284073153,True,True,-1.3546612284073152,1.3546612284073152
Viet Nam,Prophet,2018-03-01,1.023,0.6652263725935006,True,True,0.3577736274064993,0.3577736274064993
Viet Nam,Prophet,2018-04-01,0.205,0.8032634938581329,True,True,-0.5982634938581329,0.5982634938581329
Viet Nam,Prophet,2018-05-01,1.028,0.666919931750121,True,True,0.361080068249879,0.361080068249879
Viet Nam,Prophet,2018-06-01,0.876,0.872557561596624,True,True,0.0034424384033759,0.0034424384033759
Viet Nam,Prophet,2018-07-01,0.646,0.7432196770027858,True,True,-0.0972196770027857,0.0972196770027857
Viet Nam,Prophet,2018-08-01,0.825,0.8045904820419282,True,True,0.0204095179580717,0.0204095179580717
Viet Nam,Prophet,2018-09-01,1.078,0.789100677167607,True,True,0.288899322832393,0.288899322832393
Viet Nam,Prophet,2018-10-01,1.08,0.8202460758544385,True,True,0.2597539241455615,0.2597539241455615
Viet Nam,Prophet,2018-11-01,1.955,0.9056192121144262,True,True,1.049380787885574,1.049380787885574
Viet Nam,Prophet,2018-12-01,1.478,0.6452916185630506,True,True,0.8327083814369494,0.8327083814369494
Viet Nam,Prophet,2019-01-01,1.582,0.8266618766036965,True,True,0.7553381233963036,0.7553381233963036
Viet Nam,Prophet,2019-02-01,3.195,0.9422602034770208,True,True,2.252739796522979,2.252739796522979
Viet Nam,Prophet,2019-03-01,1.826,0.6912654990531579,True,True,1.134734500946842,1.134734500946842
Viet Nam,Prophet,2019-04-01,2.537,0.8243609044314079,True,True,1.712639095568592,1.712639095568592
Viet Nam,Prophet,2019-05-01,1.329,0.682645010099896,True,True,0.646354989900104,0.646354989900104
Viet Nam,Prophet,2019-06-01,2.145,0.8887635599921635,True,True,1.2562364400078363,1.2562364400078363
Viet Nam,Prophet,2019-07-01,1.437,0.7586164824673246,True,True,0.6783835175326755,0.6783835175326755
Viet Nam,Prophet,2019-08-01,1.37,0.8167952971833066,True,True,0.5532047028166935,0.5532047028166935
Viet Nam,Prophet,2019-09-01,0.935,0.8073751076930332,True,True,0.1276248923069668,0.1276248923069668
Viet Nam,Prophet,2019-10-01,1.454,0.8392816788074813,True,True,0.6147183211925187,0.6147183211925187
Viet Nam,Prophet,2019-11-01,1.519,0.9253378532288264,True,True,0.5936621467711736,0.5936621467711736
Viet Nam,Prophet,2019-12-01,1.082,0.660421610648109,True,True,0.421578389351891,0.421578389351891
Viet Nam,Prophet,2020-01-01,2.704,0.8488918339363118,True,True,1.8551081660636883,1.8551081660636883
Viet Nam,Prophet,2020-02-01,1.837,0.9437972889710742,True,True,0.8932027110289258,0.8932027110289258
Viet Nam,Prophet,2020-03-01,2.205,0.6812076474631948,True,True,1.5237923525368051,1.5237923525368051
Viet Nam,Prophet,2020-04-01,-0.29,0.8278567211028808,True,True,-1.1178567211028807,1.1178567211028807
Viet Nam,Prophet,2020-05-01,1.824,0.7024441430803283,True,True,1.1215558569196715,1.1215558569196715
Viet Nam,Prophet,2020-06-01,1.851,0.9069041594574118,True,True,0.9440958405425882,0.9440958405425882
Viet Nam,Prophet,2020-07-01,1.49,0.7794896739145664,True,True,0.7105103260854336,0.7105103260854336
Viet Nam,Prophet,2020-08-01,1.159,0.8474626401792412,True,True,0.3115373598207588,0.3115373598207588
Viet Nam,Prophet,2020-09-01,1.647,0.8200776586161702,True,True,0.8269223413838298,0.8269223413838298
Viet Nam,Prophet,2020-10-01,0.024,0.8494139960007934,True,True,-0.8254139960007933,0.8254139960007933
Viet Nam,Prophet,2020-11-01,1.486,0.9329549479601528,True,True,0.5530450520398471,0.5530450520398471
Viet Nam,Prophet,2020-12-01,0.401,0.6822854080368057,True,True,-0.2812854080368057,0.2812854080368057
Viet Nam,Prophet,2021-01-01,-0.192,0.8487336595624146,True,True,-1.0407336595624146,1.0407336595624146
Viet Nam,Prophet,2021-02-01,1.389,1.006104124470889,True,True,0.382895875529111,0.382895875529111
Viet Nam,Prophet,2021-03-01,1.804,0.7066178217094712,True,True,1.0973821782905289,1.0973821782905289
Viet Nam,Prophet,2021-04-01,1.098,0.8491728687219146,True,True,0.2488271312780855,0.2488271312780855
Viet Nam,Prophet,2021-05-01,1.377,0.7182660531070459,True,True,0.6587339468929541,0.6587339468929541
Viet Nam,Prophet,2021-06-01,1.251,0.923351305771256,True,True,0.3276486942287437,0.3276486942287437
Viet Nam,Prophet,2021-07-01,1.069,0.7949253112472251,True,True,0.2740746887527748,0.2740746887527748
Viet Nam,Prophet,2021-08-01,1.689,0.859561352654913,True,True,0.8294386473450871,0.8294386473450871
Viet Nam,Prophet,2021-09-01,0.984,0.8380811637277278,True,True,0.1459188362722722,0.1459188362722722
Viet Nam,Prophet,2021-10-01,0.48,0.8683685658270702,True,True,-0.3883685658270702,0.3883685658270702
Viet Nam,Prophet,2021-11-01,0.954,0.9529038187045152,True,True,0.0010961812954846,0.0010961812954846
Viet Nam,Prophet,2021-12-01,0.533,0.6973263243418669,True,True,-0.1643263243418669,0.1643263243418669
Viet Nam,Prophet,2022-01-01,2.002,0.8713546650132666,True,True,1.1306453349867331,1.1306453349867331
Viet Nam,Prophet,2022-02-01,-0.387,1.007781171491632,True,True,-1.394781171491632,1.394781171491632
Viet Nam,Prophet,2022-03-01,1.867,0.732346315677865,True,True,1.134653684322135,1.134653684322135
Viet Nam,Prophet,2022-04-01,-0.083,0.8703834369424681,True,True,-0.953383436942468,0.953383436942468
Viet Nam,Prophet,2022-05-01,0.385,0.7340398748345249,True,True,-0.3490398748345249,0.3490398748345249
Viet Nam,Prophet,2022-06-01,1.193,0.939677504681048,True,True,0.253322495318952,0.253322495318952
Viet Nam,Prophet,2022-07-01,0.903,0.8103396200871611,True,True,0.0926603799128389,0.0926603799128389
Viet Nam,Prophet,2022-08-01,0.894,0.871710425126351,True,True,0.022289574873649,0.022289574873649
Viet Nam,Prophet,2022-09-01,0.961,0.8562206202520367,True,True,0.1047793797479632,0.1047793797479632
Viet Nam,Prophet,2022-10-01,0.513,0.8873660189388183,True,True,-0.3743660189388182,0.3743660189388182
Viet Nam,Prophet,2022-11-01,2.56,0.9727391551987962,True,True,1.5872608448012038,1.5872608448012038
Viet Nam,Prophet,2022-12-01,-0.042,0.7124115616474593,True,True,-0.7544115616474594,0.7544115616474594
Viet Nam,Prophet,2023-01-01,0.622,0.893781819688188,True,True,-0.271781819688188,0.271781819688188
Viet Nam,Prophet,2023-02-01,1.888,1.0093801465613592,True,True,0.8786198534386407,0.8786198534386407
Viet Nam,Prophet,2023-03-01,1.014,0.7583854421375869,True,True,0.2556145578624131,0.2556145578624131
Viet Nam,Prophet,2023-04-01,1.746,0.8914808475158175,True,True,0.8545191524841825,0.8545191524841825
Viet Nam,Prophet,2023-05-01,1.542,0.7497649531842597,True,True,0.7922350468157403,0.7922350468157403
Viet Nam,Prophet,2023-06-01,1.409,0.9558835030765266,True,True,0.4531164969234734,0.4531164969234734
Viet Nam,Prophet,2023-07-01,1.415,0.8257364255517519,True,True,0.5892635744482482,0.5892635744482482
Viet Nam,Prophet,2023-08-01,1.521,0.8839152402677465,True,True,0.6370847597322534,0.6370847597322534
Viet Nam,Prophet,2023-09-01,1.365,0.8744950507774232,True,True,0.4905049492225768,0.4905049492225768
Viet Nam,Prophet,2023-10-01,1.609,0.9064016218918428,True,True,0.7025983781081573,0.7025983781081573
Viet Nam,Prophet,2023-11-01,1.909,0.9924577963131668,True,True,0.9165422036868334,0.9165422036868334
Viet Nam,Prophet,2023-12-01,1.821,0.7275415537325264,True,True,1.0934584462674737,1.0934584462674737
Singapore,Holt-Winters,2014-01-01,0.4,0.9105307862389379,True,True,-0.5105307862389379,0.5105307862389379
Singapore,Holt-Winters,2014-02-01,1.251,1.0580763964260644,True,True,0.19292360357393545,0.19292360357393545
Singapore,Holt-Winters,2014-03-01,1.31,0.9838426954214294,True,True,0.3261573045785706,0.3261573045785706
Singapore,Holt-Winters,2014-04-01,1.74,1.0300611491006253,True,True,0.7099388508993747,0.7099388508993747
Singapore,Holt-Winters,2014-05-01,0.696,0.8860570206903784,True,True,-0.19005702069037844,0.19005702069037844
Singapore,Holt-Winters,2014-06-01,1.86,1.229584247230314,True,True,0.6304157527696861,0.6304157527696861
Singapore,Holt-Winters,2014-07-01,2.197,1.129350951341683,True,True,1.067649048658317,1.067649048658317
Singapore,Holt-Winters,2014-08-01,0.51,1.048330304955395,True,True,-0.5383303049553949,0.5383303049553949
Singapore,Holt-Winters,2014-09-01,1.673,1.0437335644387535,True,True,0.6292664355612465,0.6292664355612465
Singapore,Holt-Winters,2014-10-01,1.88,0.9016301422282451,True,True,0.9783698577717548,0.9783698577717548
Singapore,Holt-Winters,2014-11-01,1.337,0.9728647002355792,True,True,0.3641352997644207,0.3641352997644207
Singapore,Holt-Winters,2014-12-01,0.665,0.9405292044894578,True,True,-0.2755292044894577,0.2755292044894577
Singapore,Holt-Winters,2015-01-01,1.25,0.933139153214262,True,True,0.316860846785738,0.316860846785738
Singapore,Holt-Winters,2015-02-01,0.55,1.0806847634013885,True,True,-0.5306847634013885,0.5306847634013885
Singapore,Holt-Winters,2015-03-01,1.257,1.0064510623967535,True,True,0.25054893760324637,0.25054893760324637
Singapore,Holt-Winters,2015-04-01,1.185865133395807,1.0526695160759492,False,False,,
Singapore,Holt-Winters,2015-05-01,1.002,0.9086653876657025,True,True,0.09333461233429752,0.09333461233429752
Singapore,Holt-Winters,2015-06-01,1.66,1.252192614205638,True,True,0.4078073857943618,0.4078073857943618
Singapore,Holt-Winters,2015-07-01,2.697,1.1519593183170072,True,True,1.545040681682993,1.545040681682993
Singapore,Holt-Winters,2015-08-01,1.71,1.070938671930719,True,True,0.639061328069281,0.639061328069281
Singapore,Holt-Winters,2015-09-01,2.463,1.0663419314140776,True,True,1.3966580685859225,1.3966580685859225
Singapore,Holt-Winters,2015-10-01,2.53,0.9242385092035692,True,True,1.6057614907964306,1.6057614907964306
Singapore,Holt-Winters,2015-11-01,2.237,0.9954730672109033,True,True,1.2415269327890968,1.2415269327890968
Singapore,Holt-Winters,2015-12-01,1.995,0.9631375714647818,True,True,1.0318624285352183,1.0318624285352183
Singapore,Holt-Winters,2016-01-01,1.88,0.9557475201895861,True,True,0.9242524798104138,0.9242524798104138
Singapore,Holt-Winters,2016-02-01,1.465,1.1032931303767126,True,True,0.36170686962328746,0.36170686962328746
Singapore,Holt-Winters,2016-03-01,1.945,1.0290594293720776,True,True,0.9159405706279224,0.9159405706279224
Singapore,Holt-Winters,2016-04-01,2.36,1.0752778830512733,True,True,1.2847221169487266,1.2847221169487266
Singapore,Holt-Winters,2016-05-01,1.515,0.9312737546410266,True,True,0.5837262453589733,0.5837262453589733
Singapore,Holt-Winters,2016-06-01,1.44,1.2748009811809622,True,True,0.16519901881903776,0.16519901881903776
Singapore,Holt-Winters,2016-07-01,2.177,1.1745676852923312,True,True,1.0024323147076688,1.0024323147076688
Singapore,Holt-Winters,2016-08-01,1.49,1.093547038906043,True,True,0.3964529610939569,0.3964529610939569
Singapore,Holt-Winters,2016-09-01,1.693,1.0889502983894017,True,True,0.6040497016105983,0.6040497016105983
Singapore,Holt-Winters,2016-10-01,1.66,0.9468468761788933,True,True,0.7131531238211066,0.7131531238211066
Singapore,Holt-Winters,2016-11-01,1.767,1.0180814341862274,True,True,0.7489185658137725,0.7489185658137725
Singapore,Holt-Winters,2016-12-01,1.945,0.9857459384401059,True,True,0.9592540615598941,0.9592540615598941
Singapore,Holt-Winters,2017-01-01,1.43,0.9783558871649102,True,True,0.45164411283508976,0.45164411283508976
Singapore,Holt-Winters,2017-02-01,1.095,1.1259014973520367,True,True,-0.030901497352036733,0.030901497352036733
Singapore,Holt-Winters,2017-03-01,0.564,1.0516677963474017,True,True,-0.48766779634740176,0.48766779634740176
Singapore,Holt-Winters,2017-04-01,1.26,1.0978862500265973,True,True,0.16211374997340267,0.16211374997340267
Singapore,Holt-Winters,2017-05-01,0.484,0.9538821216163507,True,True,-0.4698821216163507,0.4698821216163507
Singapore,Holt-Winters,2017-06-01,1.34,1.2974093481562863,True,True,0.0425906518437138,0.0425906518437138
Singapore,Holt-Winters,2017-07-01,0.797,1.1971760522676553,True,True,-0.4001760522676553,0.4001760522676553
Singapore,Holt-Winters,2017-08-01,0.79,1.1161554058813672,True,True,-0.32615540588136716,0.32615540588136716
Singapore,Holt-Winters,2017-09-01,1.543,1.1115586653647258,True,True,0.4314413346352741,0.4314413346352741
Singapore,Holt-Winters,2017-10-01,1.13,0.9694552431542174,True,True,0.1605447568457825,0.1605447568457825
Singapore,Holt-Winters,2017-11-01,1.517,1.0406898011615515,True,True,0.4763101988384484,0.4763101988384484
Singapore,Holt-Winters,2017-12-01,1.635,1.00835430541543,True,True,0.62664569458457,0.62664569458457
Singapore,Holt-Winters,2018-01-01,0.38,1.0009642541402344,True,True,-0.6209642541402344,0.6209642541402344
Singapore,Holt-Winters,2018-02-01,0.907,1.1485098643273608,True,True,-0.24150986432736077,0.24150986432736077
Singapore,Holt-Winters,2018-03-01,0.175,1.0742761633227258,True,True,-0.8992761633227258,0.8992761633227258
Singapore,Holt-Winters,2018-04-01,1.04,1.1204946170019214,True,True,-0.0804946170019214,0.0804946170019214
Singapore,Holt-Winters,2018-05-01,0.45,0.9764904885916748,True,True,-0.5264904885916748,0.5264904885916748
Singapore,Holt-Winters,2018-06-01,1.13,1.3200177151316104,True,True,-0.19001771513161048,0.19001771513161048
Singapore,Holt-Winters,2018-07-01,1.067,1.2197844192429794,True,True,-0.15278441924297947,0.15278441924297947
Singapore,Holt-Winters,2018-08-01,1.0,1.1387637728566913,True,True,-0.13876377285669128,0.13876377285669128
Singapore,Holt-Winters,2018-09-01,0.943,1.13416703234005,True,True,-0.19116703234004995,0.19116703234004995
Singapore,Holt-Winters,2018-10-01,1.71,0.9920636101295415,True,True,0.7179363898704585,0.7179363898704585
Singapore,Holt-Winters,2018-11-01,1.467,1.0632981681368756,True,True,0.40370183186312447,0.40370183186312447
Singapore,Holt-Winters,2018-12-01,1.315,1.0309626723907541,True,True,0.2840373276092458,0.2840373276092458
Singapore,Holt-Winters,2019-01-01,1.58,1.0235726211155585,True,True,0.5564273788844416,0.5564273788844416
Singapore,Holt-Winters,2019-02-01,1.81,1.1711182313026849,True,True,0.6388817686973152,0.6388817686973152
Singapore,Holt-Winters,2019-03-01,1.975,1.0968845302980499,True,True,0.8781154697019502,0.8781154697019502
Singapore,Holt-Winters,2019-04-01,1.71,1.1431029839772455,True,True,0.5668970160227544,0.5668970160227544
Singapore,Holt-Winters,2019-05-01,0.8,0.9990988555669988,True,True,-0.1990988555669988,0.1990988555669988
Singapore,Holt-Winters,2019-06-01,1.44,1.3426260821069345,True,True,0.09737391789306549,0.09737391789306549
Singapore,Holt-Winters,2019-07-01,2.077,1.2423927862183035,True,True,0.8346072137816964,0.8346072137816964
Singapore,Holt-Winters,2019-08-01,1.74,1.1613721398320154,True,True,0.5786278601679846,0.5786278601679846
Singapore,Holt-Winters,2019-09-01,1.743,1.156775399315374,True,True,0.5862246006846261,0.5862246006846261
Singapore,Holt-Winters,2019-10-01,1.71,1.0146719771048656,True,True,0.6953280228951344,0.6953280228951344
Singapore,Holt-Winters,2019-11-01,1.617,1.0859065351121997,True,True,0.5310934648878003,0.5310934648878003
Singapore,Holt-Winters,2019-12-01,1.195,1.0535710393660782,True,True,0.14142896063392185,0.14142896063392185
Singapore,Holt-Winters,2020-01-01,1.37,1.0461809880908826,True,True,0.32381901190911755,0.32381901190911755
Singapore,Holt-Winters,2020-02-01,1.666,1.193726598278009,True,True,0.47227340172199095,0.47227340172199095
Singapore,Holt-Winters,2020-03-01,1.763,1.119492897273374,True,True,0.6435071027266259,0.6435071027266259
Singapore,Holt-Winters,2020-04-01,1.81,1.1657113509525696,True,True,0.6442886490474304,0.6442886490474304
Singapore,Holt-Winters,2020-05-01,0.803,1.021707222542323,True,True,-0.2187072225423229,0.2187072225423229
Singapore,Holt-Winters,2020-06-01,1.19,1.3652344490822585,True,True,-0.1752344490822586,0.1752344490822586
Singapore,Holt-Winters,2020-07-01,1.627,1.2650011531936276,True,True,0.3619988468063724,0.3619988468063724
Singapore,Holt-Winters,2020-08-01,1.49,1.1839805068073395,True,True,0.30601949319266053,0.30601949319266053
Singapore,Holt-Winters,2020-09-01,0.993,1.179383766290698,True,True,-0.18638376629069808,0.18638376629069808
Singapore,Holt-Winters,2020-10-01,1.46,1.0372803440801897,True,True,0.4227196559198103,0.4227196559198103
Singapore,Holt-Winters,2020-11-01,1.517,1.1085149020875238,True,True,0.4084850979124761,0.4084850979124761
Singapore,Holt-Winters,2020-12-01,1.745,1.0761794063414023,True,True,0.6688205936585978,0.6688205936585978
Singapore,Holt-Winters,2021-01-01,0.98,1.0687893550662066,True,True,-0.08878935506620667,0.08878935506620667
Singapore,Holt-Winters,2021-02-01,1.491,1.216334965253333,True,True,0.27466503474666704,0.27466503474666704
Singapore,Holt-Winters,2021-03-01,1.417,1.142101264248698,True,True,0.27489873575130197,0.27489873575130197
Singapore,Holt-Winters,2021-04-01,1.76,1.1883197179278937,True,True,0.5716802820721063,0.5716802820721063
Singapore,Holt-Winters,2021-05-01,1.086,1.044315589517647,True,True,0.04168441048235305,0.04168441048235305
Singapore,Holt-Winters,2021-06-01,1.99,1.3878428160575826,True,True,0.6021571839424174,0.6021571839424174
Singapore,Holt-Winters,2021-07-01,1.727,1.2876095201689517,True,True,0.4393904798310484,0.4393904798310484
Singapore,Holt-Winters,2021-08-01,0.99,1.2065888737826636,True,True,-0.21658887378266356,0.21658887378266356
Singapore,Holt-Winters,2021-09-01,1.293,1.2019921332660222,True,True,0.09100786673397776,0.09100786673397776
Singapore,Holt-Winters,2021-10-01,1.86,1.0598887110555137,True,True,0.8001112889444864,0.8001112889444864
Singapore,Holt-Winters,2021-11-01,1.767,1.1311232690628479,True,True,0.635876730937152,0.635876730937152
Singapore,Holt-Winters,2021-12-01,1.745,1.0987877733167264,True,True,0.6462122266832737,0.6462122266832737
Singapore,Holt-Winters,2022-01-01,1.48,1.0913977220415307,True,True,0.38860227795846924,0.38860227795846924
Singapore,Holt-Winters,2022-02-01,1.144,1.2389433322286572,True,True,-0.09494333222865725,0.09494333222865725
Singapore,Holt-Winters,2022-03-01,1.352,1.1647096312240222,True,True,0.18729036877597793,0.18729036877597793
Singapore,Holt-Winters,2022-04-01,1.56,1.2109280849032178,True,True,0.34907191509678226,0.34907191509678226
Singapore,Holt-Winters,2022-05-01,1.378,1.0669239564929711,True,True,0.3110760435070288,0.3110760435070288
Singapore,Holt-Winters,2022-06-01,0.84,1.4104511830329067,True,True,-0.5704511830329068,0.5704511830329068
Singapore,Holt-Winters,2022-07-01,1.627,1.3102178871442758,True,True,0.3167821128557242,0.3167821128557242
Singapore,Holt-Winters,2022-08-01,1.29,1.2291972407579876,True,True,0.060802759242012394,0.060802759242012394
Singapore,Holt-Winters,2022-09-01,1.093,1.2246005002413463,True,True,-0.13160050024134629,0.13160050024134629
Singapore,Holt-Winters,2022-10-01,1.26,1.0824970780308378,True,True,0.17750292196916218,0.17750292196916218
Singapore,Holt-Winters,2022-11-01,1.367,1.153731636038172,True,True,0.21326836396182802,0.21326836396182802
Singapore,Holt-Winters,2022-12-01,1.195,1.1213961402920505,True,True,0.07360385970794958,0.07360385970794958
Singapore,Holt-Winters,2023-01-01,1.238678550940334,1.1140060890168548,False,False,,
Singapore,Holt-Winters,2023-02-01,0.989,1.2615516992039812,True,True,-0.27255169920398126,0.27255169920398126
Singapore,Holt-Winters,2023-03-01,0.35,1.1873179981993462,True,True,-0.8373179981993463,0.8373179981993463
Singapore,Holt-Winters,2023-04-01,1.46,1.2335364518785419,True,True,0.22646354812145808,0.22646354812145808
Singapore,Holt-Winters,2023-05-01,1.408,1.0895323234682952,True,True,0.3184676765317047,0.3184676765317047
Singapore,Holt-Winters,2023-06-01,2.29,1.4330595500082308,True,True,0.8569404499917692,0.8569404499917692
Singapore,Holt-Winters,2023-07-01,1.877,1.3328262541195999,True,True,0.5441737458804001,0.5441737458804001
Singapore,Holt-Winters,2023-08-01,2.74,1.2518056077333117,True,True,1.4881943922666885,1.4881943922666885
Singapore,Holt-Winters,2023-09-01,2.743,1.2472088672166703,True,True,1.4957911327833295,1.4957911327833295
Singapore,Holt-Winters,2023-10-01,2.91,1.105105445006162,True,True,1.8048945549938382,1.8048945549938382
Singapore,Holt-Winters,2023-11-01,2.467,1.176340003013496,True,True,1.290659996986504,1.290659996986504
Singapore,Holt-Winters,2023-12-01,1.695,1.1440045072673746,True,True,0.5509954927326255,0.5509954927326255
Singapore,SARIMA,2014-01-01,0.4,0.8621373406614923,True,True,-0.46213734066149226,0.46213734066149226
Singapore,SARIMA,2014-02-01,1.251,0.9766656146108217,True,True,0.2743343853891782,0.2743343853891782
Singapore,SARIMA,2014-03-01,1.31,0.8642857416736414,True,True,0.4457142583263587,0.4457142583263587
Singapore,SARIMA,2014-04-01,1.74,0.8825147721139708,True,True,0.8574852278860292,0.8574852278860292
Singapore,SARIMA,2014-05-01,0.696,0.711473882889157,True,True,-0.015473882889157076,0.015473882889157076
Singapore,SARIMA,2014-06-01,1.86,1.13367989324327,True,True,0.7263201067567302,0.7263201067567302
Singapore,SARIMA,2014-07-01,2.197,0.946802800698008,True,True,1.250197199301992,1.250197199301992
Singapore,SARIMA,2014-08-01,0.51,0.849636138599468,True,True,-0.33963613859946795,0.33963613859946795
Singapore,SARIMA,2014-09-01,1.673,0.8500367274437118,True,True,0.8229632725562882,0.8229632725562882
Singapore,SARIMA,2014-10-01,1.88,0.6472962657263703,True,True,1.2327037342736296,1.2327037342736296
Singapore,SARIMA,2014-11-01,1.337,0.7528578038319064,True,True,0.5841421961680936,0.5841421961680936
Singapore,SARIMA,2014-12-01,0.665,0.7144779480709268,True,True,-0.04947794807092676,0.04947794807092676
Singapore,SARIMA,2015-01-01,1.25,0.7051236556543561,True,True,0.5448763443456439,0.5448763443456439
Singapore,SARIMA,2015-02-01,0.55,0.8855318778557578,True,True,-0.3355318778557578,0.3355318778557578
Singapore,SARIMA,2015-03-01,1.257,0.813623372589505,True,True,0.4433766274104949,0.4433766274104949
Singapore,SARIMA,2015-04-01,1.185865133395807,0.8025049647122275,False,False,,
Singapore,SARIMA,2015-05-01,1.002,0.6256910656097384,True,True,0.3763089343902616,0.3763089343902616
Singapore,SARIMA,2015-06-01,1.66,1.0911066366412847,True,True,0.5688933633587152,0.5688933633587152
Singapore,SARIMA,2015-07-01,2.697,0.9309994458901625,True,True,1.7660005541098376,1.7660005541098376
Singapore,SARIMA,2015-08-01,1.71,0.8857329259598318,True,True,0.8242670740401682,0.8242670740401682
Singapore,SARIMA,2015-09-01,2.463,0.8475734025344582,True,True,1.6154265974655417,1.6154265974655417
Singapore,SARIMA,2015-10-01,2.53,0.6552748694062496,True,True,1.8747251305937502,1.8747251305937502
Singapore,SARIMA,2015-11-01,2.237,0.7711640503202534,True,True,1.4658359496797466,1.4658359496797466
Singapore,SARIMA,2015-12-01,1.995,0.7021711656369525,True,True,1.2928288343630476,1.2928288343630476
Singapore,SARIMA,2016-01-01,1.88,0.7201478318610733,True,True,1.1598521681389267,1.1598521681389267
Singapore,SARIMA,2016-02-01,1.465,0.871219634137418,True,True,0.5937803658625821,0.5937803658625821
Singapore,SARIMA,2016-03-01,1.945,0.8040864379336993,True,True,1.140913562066301,1.140913562066301
Singapore,SARIMA,2016-04-01,2.36,0.8302295714111536,True,True,1.5297704285888463,1.5297704285888463
Singapore,SARIMA,2016-05-01,1.515,0.6719385556477399,True,True,0.84306144435226,0.84306144435226
Singapore,SARIMA,2016-06-01,1.44,1.1209427874371862,True,True,0.3190572125628137,0.3190572125628137
Singapore,SARIMA,2016-07-01,2.177,0.9521529143073991,True,True,1.224847085692601,1.224847085692601
Singapore,SARIMA,2016-08-01,1.49,0.8801941508776808,True,True,0.6098058491223192,0.6098058491223192
Singapore,SARIMA,2016-09-01,1.693,0.8711751253751313,True,True,0.8218248746248688,0.8218248746248688
Singapore,SARIMA,2016-10-01,1.66,0.6757708891047884,True,True,0.9842291108952115,0.9842291108952115
Singapore,SARIMA,2016-11-01,1.767,0.787752569313228,True,True,0.9792474306867719,0.9792474306867719
Singapore,SARIMA,2016-12-01,1.945,0.7401640431063079,True,True,1.2048359568936922,1.2048359568936922
Singapore,SARIMA,2017-01-01,1.43,0.7422971450075919,True,True,0.687702854992408,0.687702854992408
Singapore,SARIMA,2017-02-01,1.095,0.9130988246472104,True,True,0.1819011753527896,0.1819011753527896
Singapore,SARIMA,2017-03-01,0.564,0.8437794529007966,True,True,-0.27977945290079664,0.27977945290079664
Singapore,SARIMA,2017-04-01,1.26,0.8469207143745392,True,True,0.4130792856254608,0.4130792856254608
Singapore,SARIMA,2017-05-01,0.484,0.6773564440992836,True,True,-0.19335644409928365,0.19335644409928365
Singapore,SARIMA,2017-06-01,1.34,1.137128107048542,True,True,0.20287189295145813,0.20287189295145813
Singapore,SARIMA,2017-07-01,0.797,0.9741144432096907,True,True,-0.1771144432096906,0.1771144432096906
Singapore,SARIMA,2017-08-01,0.79,0.9192886615159983,True,True,-0.12928866151599827,0.12928866151599827
Singapore,SARIMA,2017-09-01,1.543,0.8919373949839472,True,True,0.6510626050160527,0.6510626050160527
Singapore,SARIMA,2017-10-01,1.13,0.6986171514372348,True,True,0.4313828485627651,0.4313828485627651
Singapore,SARIMA,2017-11-01,1.517,0.8131630667903346,True,True,0.7038369332096653,0.7038369332096653
Singapore,SARIMA,2017-12-01,1.635,0.7520620199761597,True,True,0.8829379800238403,0.8829379800238403
Singapore,SARIMA,2018-01-01,0.38,0.7642931692996486,True,True,-0.38429316929964863,0.38429316929964863
Singapore,SARIMA,2018-02-01,0.907,0.9226164313311482,True,True,-0.015616431331148206,0.015616431331148206
Singapore,SARIMA,2018-03-01,0.175,0.8547110836971328,True,True,-0.6797110836971327,0.6797110836971327
Singapore,SARIMA,2018-04-01,1.04,0.8724630947606615,True,True,0.1675369052393385,0.1675369052393385
Singapore,SARIMA,2018-05-01,0.45,0.710064941625433,True,True,-0.260064941625433,0.260064941625433
Singapore,SARIMA,2018-06-01,1.13,1.1630183533616902,True,True,-0.033018353361690345,0.033018353361690345
Singapore,SARIMA,2018-07-01,1.067,0.996349517711112,True,True,0.07065048228888793,0.07065048228888793
Singapore,SARIMA,2018-08-01,1.0,0.9306627328331615,True,True,0.06933726716683852,0.06933726716683852
Singapore,SARIMA,2018-09-01,0.943,0.914944631193933,True,True,0.02805536880606696,0.02805536880606696
Singapore,SARIMA,2018-10-01,1.71,0.7203061952569897,True,True,0.9896938047430103,0.9896938047430103
Singapore,SARIMA,2018-11-01,1.467,0.8332283789664329,True,True,0.6337716210335672,0.6337716210335672
Singapore,SARIMA,2018-12-01,1.315,0.780700488925699,True,True,0.534299511074301,0.534299511074301
Singapore,SARIMA,2019-01-01,1.58,0.786527956946961,True,True,0.7934720430530391,0.7934720430530391
Singapore,SARIMA,2019-02-01,1.81,0.9527675296690022,True,True,0.8572324703309978,0.8572324703309978
Singapore,SARIMA,2019-03-01,1.975,0.883966143985785,True,True,1.091033856014215,1.091033856014215
Singapore,SARIMA,2019-04-01,1.71,0.8924511378912255,True,True,0.8175488621087744,0.8175488621087744
Singapore,SARIMA,2019-05-01,0.8,0.7255079754368128,True,True,0.07449202456318726,0.07449202456318726
Singapore,SARIMA,2019-06-01,1.44,1.182786618960969,True,True,0.2572133810390309,0.2572133810390309
Singapore,SARIMA,2019-07-01,2.077,1.01843656221349,True,True,1.0585634377865099,1.0585634377865099
Singapore,SARIMA,2019-08-01,1.74,0.9596391864017721,True,True,0.7803608135982278,0.7803608135982278
Singapore,SARIMA,2019-09-01,1.743,0.9365422607029321,True,True,0.806457739297068,0.806457739297068
Singapore,SARIMA,2019-10-01,1.71,0.7427400816047781,True,True,0.9672599183952219,0.9672599183952219
Singapore,SARIMA,2019-11-01,1.617,0.8566922976811648,True,True,0.7603077023188352,0.7603077023188352
Singapore,SARIMA,2019-12-01,1.195,0.7987264725683532,True,True,0.3962735274316469,0.3962735274316469
Singapore,SARIMA,2020-01-01,1.37,0.8086158833651901,True,True,0.56138411663481,0.56138411663481
Singapore,SARIMA,2020-02-01,1.666,0.9698341328171248,True,True,0.6961658671828751,0.6961658671828751
Singapore,SARIMA,2020-03-01,1.763,0.9016011379364718,True,True,0.8613988620635281,0.8613988620635281
Singapore,SARIMA,2020-04-01,1.81,0.9159642757779878,True,True,0.8940357242220123,0.8940357242220123
Singapore,SARIMA,2020-05-01,0.803,0.7519040551252106,True,True,0.05109594487478941,0.05109594487478941
Singapore,SARIMA,2020-06-01,1.19,1.2064391913918806,True,True,-0.01643919139188066,0.01643919139188066
Singapore,SARIMA,2020-07-01,1.627,1.0406183289820945,True,True,0.5863816710179055,0.5863816710179055
Singapore,SARIMA,2020-08-01,1.49,0.9774509681920219,True,True,0.5125490318079781,0.5125490318079781
Singapore,SARIMA,2020-09-01,0.993,0.9590344782673258,True,True,0.0339655217326742,0.0339655217326742
Singapore,SARIMA,2020-10-01,1.46,0.7647018605228986,True,True,0.6952981394771014,0.6952981394771014
Singapore,SARIMA,2020-11-01,1.517,0.8780007240539552,True,True,0.6389992759460447,0.6389992759460447
Singapore,SARIMA,2020-12-01,1.745,0.8234842146748964,True,True,0.9215157853251037,0.9215157853251037
Singapore,SARIMA,2021-01-01,0.98,0.8307971134187976,True,True,0.1492028865812024,0.1492028865812024
Singapore,SARIMA,2021-02-01,1.491,0.9952004183839653,True,True,0.49579958161603477,0.49579958161603477
Singapore,SARIMA,2021-03-01,1.417,0.9266068908736232,True,True,0.4903931091263768,0.4903931091263768
Singapore,SARIMA,2021-04-01,1.76,0.9372414888554204,True,True,0.8227585111445797,0.8227585111445797
Singapore,SARIMA,2021-05-01,1.086,0.7713526021364797,True,True,0.31464739786352036,0.31464739786352036
Singapore,SARIMA,2021-06-01,1.99,1.2276279612550287,True,True,0.7623720387449713,0.7623720387449713
Singapore,SARIMA,2021-07-01,1.727,1.062740039645926,True,True,0.6642599603540742,0.6642599603540742
Singapore,SARIMA,2021-08-01,0.99,1.0023445857233124,True,True,-0.012344585723312429,0.012344585723312429
Singapore,SARIMA,2021-09-01,1.293,0.9809592685935562,True,True,0.3120407314064437,0.3120407314064437
Singapore,SARIMA,2021-10-01,1.86,0.7869631112638751,True,True,1.073036888736125,1.073036888736125
Singapore,SARIMA,2021-11-01,1.767,0.9006764001725883,True,True,0.8663235998274116,0.8663235998274116
Singapore,SARIMA,2021-12-01,1.745,0.8439719700253531,True,True,0.901028029974647,0.901028029974647
Singapore,SARIMA,2022-01-01,1.48,0.8529191652595175,True,True,0.6270808347404825,0.6270808347404825
Singapore,SARIMA,2022-02-01,1.144,1.0153021712056756,True,True,0.12869782879432434,0.12869782879432434
Singapore,SARIMA,2022-03-01,1.352,0.9469373316493103,True,True,0.4050626683506898,0.4050626683506898
Singapore,SARIMA,2022-04-01,1.56,0.9599369639645708,True,True,0.6000630360354292,0.6000630360354292
Singapore,SARIMA,2022-05-01,1.378,0.7952080106822272,True,True,0.5827919893177727,0.5827919893177727
Singapore,SARIMA,2022-06-01,0.84,1.2503795364342962,True,True,-0.41037953643429625,0.41037953643429625
Singapore,SARIMA,2022-07-01,1.627,1.084899845110851,True,True,0.5421001548891491,0.5421001548891491
Singapore,SARIMA,2022-08-01,1.29,1.0227461547022192,True,True,0.26725384529778085,0.26725384529778085
Singapore,SARIMA,2022-09-01,1.093,1.0032439817756136,True,True,0.08975601822438639,0.08975601822438639
Singapore,SARIMA,2022-10-01,1.26,0.8090344056708024,True,True,0.4509655943291976,0.4509655943291976
Singapore,SARIMA,2022-11-01,1.367,0.92248482217829,True,True,0.44451517782171,0.44451517782171
Singapore,SARIMA,2022-12-01,1.195,0.8671682027798517,True,True,0.3278317972201483,0.3278317972201483
Singapore,SARIMA,2023-01-01,1.238678550940334,0.8750787543378172,False,False,,
Singapore,SARIMA,2023-02-01,0.989,1.038743247590709,True,True,-0.04974324759070903,0.04974324759070903
Singapore,SARIMA,2023-03-01,0.35,0.9702333499487863,True,True,-0.6202333499487863,0.6202333499487863
Singapore,SARIMA,2023-04-01,1.46,0.9817328273635871,True,True,0.47826717263641283,0.47826717263641283
Singapore,SARIMA,2023-05-01,1.408,0.8162681216213133,True,True,0.5917318783786866,0.5917318783786866
Singapore,SARIMA,2023-06-01,2.29,1.272139815236647,True,True,1.017860184763353,1.017860184763353
Singapore,SARIMA,2023-07-01,1.877,1.1070354868521346,True,True,0.7699645131478654,0.7699645131478654
Singapore,SARIMA,2023-08-01,2.74,1.0459970559749152,True,True,1.694002944025085,1.694002944025085
Singapore,SARIMA,2023-09-01,2.743,1.0253003938328153,True,True,1.7176996061671845,1.7176996061671845
Singapore,SARIMA,2023-10-01,2.91,0.8312261904865731,True,True,2.078773809513427,2.078773809513427
Singapore,SARIMA,2023-11-01,2.467,0.9448433484725004,True,True,1.5221566515274998,1.5221566515274998
Singapore,SARIMA,2023-12-01,1.695,0.8886464327218682,True,True,0.8063535672781319,0.8063535672781319
Singapore,XGBoost,2014-01-01,0.4,1.1229536533355713,True,True,-0.7229536533355713,0.7229536533355713
Singapore,XGBoost,2014-02-01,1.251,1.2339478731155396,True,True,0.01705212688446034,0.01705212688446034
Singapore,XGBoost,2014-03-01,1.31,1.260711908340454,True,True,0.04928809165954595,0.04928809165954595
Singapore,XGBoost,2014-04-01,1.74,1.3844242095947266,True,True,0.35557579040527343,0.35557579040527343
Singapore,XGBoost,2014-05-01,0.696,1.2203850746154785,True,True,-0.5243850746154786,0.5243850746154786
Singapore,XGBoost,2014-06-01,1.86,1.3304531574249268,True,True,0.5295468425750733,0.5295468425750733
Singapore,XGBoost,2014-07-01,2.197,1.094472885131836,True,True,1.1025271148681641,1.1025271148681641
Singapore,XGBoost,2014-08-01,0.51,0.9703280925750732,True,True,-0.46032809257507323,0.46032809257507323
Singapore,XGBoost,2014-09-01,1.673,1.0173923969268799,True,True,0.6556076030731202,0.6556076030731202
Singapore,XGBoost,2014-10-01,1.88,0.9572407007217407,True,True,0.9227592992782592,0.9227592992782592
Singapore,XGBoost,2014-11-01,1.337,1.1490788459777832,True,True,0.18792115402221676,0.18792115402221676
Singapore,XGBoost,2014-12-01,0.665,1.0603727102279663,True,True,-0.3953727102279663,0.3953727102279663
Singapore,XGBoost,2015-01-01,1.25,1.1080559492111206,True,True,0.1419440507888794,0.1419440507888794
Singapore,XGBoost,2015-02-01,0.55,1.4748409986495972,True,True,-0.9248409986495971,0.9248409986495971
Singapore,XGBoost,2015-03-01,1.257,1.2342479228973389,True,True,0.022752077102661028,0.022752077102661028
Singapore,XGBoost,2015-04-01,1.185865133395807,1.230918049812317,False,False,,
Singapore,XGBoost,2015-05-01,1.002,1.0400934219360352,True,True,-0.038093421936035154,0.038093421936035154
Singapore,XGBoost,2015-06-01,1.66,1.283835530281067,True,True,0.376164469718933,0.376164469718933
Singapore,XGBoost,2015-07-01,2.697,1.245204210281372,True,True,1.451795789718628,1.451795789718628
Singapore,XGBoost,2015-08-01,1.71,1.1695995330810547,True,True,0.5404004669189453,0.5404004669189453
Singapore,XGBoost,2015-09-01,2.463,1.2452949285507202,True,True,1.2177050714492799,1.2177050714492799
Singapore,XGBoost,2015-10-01,2.53,1.1310900449752808,True,True,1.398909955024719,1.398909955024719
Singapore,XGBoost,2015-11-01,2.237,1.0696079730987549,True,True,1.1673920269012452,1.1673920269012452
Singapore,XGBoost,2015-12-01,1.995,1.0345920324325562,True,True,0.960407967567444,0.960407967567444
Singapore,XGBoost,2016-01-01,1.88,1.3109544515609741,True,True,0.5690455484390258,0.5690455484390258
Singapore,XGBoost,2016-02-01,1.465,1.2047196626663208,True,True,0.2602803373336793,0.2602803373336793
Singapore,XGBoost,2016-03-01,1.945,1.4505524635314941,True,True,0.4944475364685059,0.4944475364685059
Singapore,XGBoost,2016-04-01,2.36,1.238311767578125,True,True,1.1216882324218749,1.1216882324218749
Singapore,XGBoost,2016-05-01,1.515,1.0482518672943115,True,True,0.4667481327056884,0.4667481327056884
Singapore,XGBoost,2016-06-01,1.44,1.3060821294784546,True,True,0.13391787052154536,0.13391787052154536
Singapore,XGBoost,2016-07-01,2.177,1.1095253229141235,True,True,1.0674746770858765,1.0674746770858765
Singapore,XGBoost,2016-08-01,1.49,1.1207435131072998,True,True,0.3692564868927002,0.3692564868927002
Singapore,XGBoost,2016-09-01,1.693,1.061505675315857,True,True,0.6314943246841431,0.6314943246841431
Singapore,XGBoost,2016-10-01,1.66,1.1643706560134888,True,True,0.49562934398651115,0.49562934398651115
Singapore,XGBoost,2016-11-01,1.767,1.1048007011413574,True,True,0.6621992988586425,0.6621992988586425
Singapore,XGBoost,2016-12-01,1.945,1.182157039642334,True,True,0.7628429603576661,0.7628429603576661
Singapore,XGBoost,2017-01-01,1.43,1.211687445640564,True,True,0.21831255435943597,0.21831255435943597
Singapore,XGBoost,2017-02-01,1.095,1.3488658666610718,True,True,-0.2538658666610718,0.2538658666610718
Singapore,XGBoost,2017-03-01,0.564,1.3234105110168457,True,True,-0.7594105110168458,0.7594105110168458
Singapore,XGBoost,2017-04-01,1.26,1.2129740715026855,True,True,0.04702592849731446,0.04702592849731446
Singapore,XGBoost,2017-05-01,0.484,1.1731171607971191,True,True,-0.6891171607971192,0.6891171607971192
Singapore,XGBoost,2017-06-01,1.34,1.283982276916504,True,True,0.056017723083496174,0.056017723083496174
Singapore,XGBoost,2017-07-01,0.797,1.2166457176208496,True,True,-0.41964571762084957,0.41964571762084957
Singapore,XGBoost,2017-08-01,0.79,1.1409704685211182,True,True,-0.35097046852111813,0.35097046852111813
Singapore,XGBoost,2017-09-01,1.543,1.1145548820495605,True,True,0.4284451179504394,0.4284451179504394
Singapore,XGBoost,2017-10-01,1.13,1.1364426612854004,True,True,-0.006442661285400497,0.006442661285400497
Singapore,XGBoost,2017-11-01,1.517,1.0274691581726074,True,True,0.4895308418273925,0.4895308418273925
Singapore,XGBoost,2017-12-01,1.635,1.0892131328582764,True,True,0.5457868671417236,0.5457868671417236
Singapore,XGBoost,2018-01-01,0.38,1.2366085052490234,True,True,-0.8566085052490234,0.8566085052490234
Singapore,XGBoost,2018-02-01,0.907,1.281713604927063,True,True,-0.37471360492706296,0.37471360492706296
Singapore,XGBoost,2018-03-01,0.175,1.4216454029083252,True,True,-1.2466454029083252,1.2466454029083252
Singapore,XGBoost,2018-04-01,1.04,1.1937144994735718,True,True,-0.15371449947357174,0.15371449947357174
Singapore,XGBoost,2018-05-01,0.45,1.0880721807479858,True,True,-0.6380721807479859,0.6380721807479859
Singapore,XGBoost,2018-06-01,1.13,1.3313297033309937,True,True,-0.20132970333099376,0.20132970333099376
Singapore,XGBoost,2018-07-01,1.067,1.1155580282211304,True,True,-0.04855802822113042,0.04855802822113042
Singapore,XGBoost,2018-08-01,1.0,1.03835129737854,True,True,-0.03835129737854004,0.03835129737854004
Singapore,XGBoost,2018-09-01,0.943,1.048559546470642,True,True,-0.10555954647064214,0.10555954647064214
Singapore,XGBoost,2018-10-01,1.71,1.1328372955322266,True,True,0.5771627044677734,0.5771627044677734
Singapore,XGBoost,2018-11-01,1.467,1.0762763023376465,True,True,0.3907236976623536,0.3907236976623536
Singapore,XGBoost,2018-12-01,1.315,1.1996433734893799,True,True,0.11535662651062006,0.11535662651062006
Singapore,XGBoost,2019-01-01,1.58,1.2095410823822021,True,True,0.3704589176177979,0.3704589176177979
Singapore,XGBoost,2019-02-01,1.81,1.3244216442108154,True,True,0.4855783557891846,0.4855783557891846
Singapore,XGBoost,2019-03-01,1.975,1.3775949478149414,True,True,0.5974050521850587,0.5974050521850587
Singapore,XGBoost,2019-04-01,1.71,1.222479224205017,True,True,0.4875207757949829,0.4875207757949829
Singapore,XGBoost,2019-05-01,0.8,1.1126556396484375,True,True,-0.31265563964843746,0.31265563964843746
Singapore,XGBoost,2019-06-01,1.44,1.3564226627349854,True,True,0.0835773372650146,0.0835773372650146
Singapore,XGBoost,2019-07-01,2.077,1.1319150924682617,True,True,0.9450849075317382,0.9450849075317382
Singapore,XGBoost,2019-08-01,1.74,1.074167251586914,True,True,0.6658327484130859,0.6658327484130859
Singapore,XGBoost,2019-09-01,1.743,1.050763726234436,True,True,0.6922362737655641,0.6922362737655641
Singapore,XGBoost,2019-10-01,1.71,1.1328372955322266,True,True,0.5771627044677734,0.5771627044677734
Singapore,XGBoost,2019-11-01,1.617,1.1223245859146118,True,True,0.4946754140853882,0.4946754140853882
Singapore,XGBoost,2019-12-01,1.195,1.1456897258758545,True,True,0.04931027412414557,0.04931027412414557
Singapore,XGBoost,2020-01-01,1.37,1.1947028636932373,True,True,0.1752971363067628,0.1752971363067628
Singapore,XGBoost,2020-02-01,1.666,1.4178377389907837,True,True,0.24816226100921623,0.24816226100921623
Singapore,XGBoost,2020-03-01,1.763,1.3811774253845215,True,True,0.3818225746154784,0.3818225746154784
Singapore,XGBoost,2020-04-01,1.81,1.1522636413574219,True,True,0.6577363586425782,0.6577363586425782
Singapore,XGBoost,2020-05-01,0.803,0.9662521481513977,True,True,-0.16325214815139766,0.16325214815139766
Singapore,XGBoost,2020-06-01,1.19,1.3207579851150513,True,True,-0.13075798511505132,0.13075798511505132
Singapore,XGBoost,2020-07-01,1.627,1.11414635181427,True,True,0.51285364818573,0.51285364818573
Singapore,XGBoost,2020-08-01,1.49,1.0860573053359985,True,True,0.40394269466400146,0.40394269466400146
Singapore,XGBoost,2020-09-01,0.993,1.075365662574768,True,True,-0.08236566257476807,0.08236566257476807
Singapore,XGBoost,2020-10-01,1.46,1.0611172914505005,True,True,0.3988827085494995,0.3988827085494995
Singapore,XGBoost,2020-11-01,1.517,1.0801236629486084,True,True,0.4368763370513915,0.4368763370513915
Singapore,XGBoost,2020-12-01,1.745,1.1398199796676636,True,True,0.6051800203323365,0.6051800203323365
Singapore,XGBoost,2021-01-01,0.98,1.2744396924972534,True,True,-0.29443969249725344,0.29443969249725344
Singapore,XGBoost,2021-02-01,1.491,1.3044161796569824,True,True,0.18658382034301768,0.18658382034301768
Singapore,XGBoost,2021-03-01,1.417,1.4067538976669312,True,True,0.010246102333068885,0.010246102333068885
Singapore,XGBoost,2021-04-01,1.76,1.2610692977905273,True,True,0.49893070220947267,0.49893070220947267
Singapore,XGBoost,2021-05-01,1.086,1.060485601425171,True,True,0.025514398574829178,0.025514398574829178
Singapore,XGBoost,2021-06-01,1.99,1.299830436706543,True,True,0.690169563293457,0.690169563293457
Singapore,XGBoost,2021-07-01,1.727,1.1661462783813477,True,True,0.5608537216186524,0.5608537216186524
Singapore,XGBoost,2021-08-01,0.99,1.0558124780654907,True,True,-0.06581247806549073,0.06581247806549073
Singapore,XGBoost,2021-09-01,1.293,1.0925829410552979,True,True,0.20041705894470208,0.20041705894470208
Singapore,XGBoost,2021-10-01,1.86,1.074519157409668,True,True,0.7854808425903321,0.7854808425903321
Singapore,XGBoost,2021-11-01,1.767,1.0944180488586426,True,True,0.6725819511413573,0.6725819511413573
Singapore,XGBoost,2021-12-01,1.745,1.1398199796676636,True,True,0.6051800203323365,0.6051800203323365
Singapore,XGBoost,2022-01-01,1.48,1.2507301568984985,True,True,0.22926984310150145,0.22926984310150145
Singapore,XGBoost,2022-02-01,1.144,1.3899095058441162,True,True,-0.2459095058441163,0.2459095058441163
Singapore,XGBoost,2022-03-01,1.352,1.3889827728271484,True,True,-0.03698277282714835,0.03698277282714835
Singapore,XGBoost,2022-04-01,1.56,1.2302989959716797,True,True,0.32970100402832037,0.32970100402832037
Singapore,XGBoost,2022-05-01,1.378,1.1441891193389893,True,True,0.23381088066101063,0.23381088066101063
Singapore,XGBoost,2022-06-01,0.84,1.2584211826324463,True,True,-0.4184211826324463,0.4184211826324463
Singapore,XGBoost,2022-07-01,1.627,1.192415475845337,True,True,0.4345845241546631,0.4345845241546631
Singapore,XGBoost,2022-08-01,1.29,1.1205809116363525,True,True,0.1694190883636475,0.1694190883636475
Singapore,XGBoost,2022-09-01,1.093,1.064022421836853,True,True,0.028977578163146944,0.028977578163146944
Singapore,XGBoost,2022-10-01,1.26,1.0176860094070435,True,True,0.24231399059295655,0.24231399059295655
Singapore,XGBoost,2022-11-01,1.367,1.0615471601486206,True,True,0.3054528398513794,0.3054528398513794
Singapore,XGBoost,2022-12-01,1.195,1.1055831909179688,True,True,0.08941680908203131,0.08941680908203131
Singapore,XGBoost,2023-01-01,1.238678550940334,1.302935004234314,False,False,,
Singapore,XGBoost,2023-02-01,0.989,1.2214821577072144,True,True,-0.23248215770721437,0.23248215770721437
Singapore,XGBoost,2023-03-01,0.35,1.4031997919082642,True,True,-1.053199791908264,1.053199791908264
Singapore,XGBoost,2023-04-01,1.46,1.279375433921814,True,True,0.180624566078186,0.180624566078186
Singapore,XGBoost,2023-05-01,1.408,1.0797275304794312,True,True,0.32827246952056877,0.32827246952056877
Singapore,XGBoost,2023-06-01,2.29,1.3235397338867188,True,True,0.9664602661132813,0.9664602661132813
Singapore,XGBoost,2023-07-01,1.877,1.1798046827316284,True,True,0.6971953172683716,0.6971953172683716
Singapore,XGBoost,2023-08-01,2.74,1.067206859588623,True,True,1.6727931404113772,1.6727931404113772
Singapore,XGBoost,2023-09-01,2.743,1.050763726234436,True,True,1.6922362737655638,1.6922362737655638
Singapore,XGBoost,2023-10-01,2.91,1.0223488807678223,True,True,1.8876511192321779,1.8876511192321779
Singapore,XGBoost,2023-11-01,2.467,1.0701687335968018,True,True,1.3968312664031983,1.3968312664031983
Singapore,XGBoost,2023-12-01,1.695,1.1210249662399292,True,True,0.5739750337600709,0.5739750337600709
Singapore,Prophet,2014-01-01,0.4,0.6789759131200144,True,True,-0.27897591312001435,0.27897591312001435
Singapore,Prophet,2014-02-01,1.251,0.8628318034978443,True,True,0.3881681965021556,0.3881681965021556
Singapore,Prophet,2014-03-01,1.31,0.7672893823355422,True,True,0.5427106176644578,0.5427106176644578
Singapore,Prophet,2014-04-01,1.74,0.8144880644335372,True,True,0.9255119355664628,0.9255119355664628
Singapore,Prophet,2014-05-01,0.696,0.6524902233657611,True,True,0.04350977663423883,0.04350977663423883
Singapore,Prophet,2014-06-01,1.86,1.004186443952086,True,True,0.8558135560479141,0.8558135560479141
Singapore,Prophet,2014-07-01,2.197,0.8825508720433416,True,True,1.3144491279566584,1.3144491279566584
Singapore,Prophet,2014-08-01,0.51,0.7942676148631851,True,True,-0.2842676148631851,0.2842676148631851
Singapore,Prophet,2014-09-01,1.673,0.8157713129251336,True,True,0.8572286870748664,0.8572286870748664
Singapore,Prophet,2014-10-01,1.88,0.6778887606945146,True,True,1.2021112393054851,1.2021112393054851
Singapore,Prophet,2014-11-01,1.337,0.7466199270257606,True,True,0.5903800729742393,0.5903800729742393
Singapore,Prophet,2014-12-01,0.665,0.7191710098007729,True,True,-0.05417100980077283,0.05417100980077283
Singapore,Prophet,2015-01-01,1.25,0.697803418134567,True,True,0.552196581865433,0.552196581865433
Singapore,Prophet,2015-02-01,0.55,0.8031007869876884,True,True,-0.25310078698768834,0.25310078698768834
Singapore,Prophet,2015-03-01,1.257,0.8272852294687885,True,True,0.42971477053121143,0.42971477053121143
Singapore,Prophet,2015-04-01,1.185865133395807,0.8727818172165082,False,False,,
Singapore,Prophet,2015-05-01,1.002,0.6742931654982428,True,True,0.3277068345017572,0.3277068345017572
Singapore,Prophet,2015-06-01,1.66,1.0409608028730433,True,True,0.6190391971269567,0.6190391971269567
Singapore,Prophet,2015-07-01,2.697,0.8776198056769126,True,True,1.8193801943230876,1.8193801943230876
Singapore,Prophet,2015-08-01,1.71,0.7781170554136991,True,True,0.9318829445863008,0.9318829445863008
Singapore,Prophet,2015-09-01,2.463,0.8516135321749991,True,True,1.611386467825001,1.611386467825001
Singapore,Prophet,2015-10-01,2.53,0.7202755289235295,True,True,1.8097244710764704,1.8097244710764704
Singapore,Prophet,2015-11-01,2.237,0.7829075282004081,True,True,1.454092471799592,1.454092471799592
Singapore,Prophet,2015-12-01,1.995,0.763244689749136,True,True,1.2317553102508643,1.2317553102508643
Singapore,Prophet,2016-01-01,1.88,0.7151421304121305,True,True,1.1648578695878693,1.1648578695878693
Singapore,Prophet,2016-02-01,1.465,0.7436641309062982,True,True,0.7213358690937018,0.7213358690937018
Singapore,Prophet,2016-03-01,1.945,0.7423543323841617,True,True,1.2026456676158384,1.2026456676158384
Singapore,Prophet,2016-04-01,2.36,0.7878395548025126,True,True,1.5721604451974873,1.5721604451974873
Singapore,Prophet,2016-05-01,1.515,0.6975958687998199,True,True,0.81740413120018,0.81740413120018
Singapore,Prophet,2016-06-01,1.44,1.0181905751677105,True,True,0.42180942483228945,0.42180942483228945
Singapore,Prophet,2016-07-01,2.177,0.9804090269078843,True,True,1.1965909730921158,1.1965909730921158
Singapore,Prophet,2016-08-01,1.49,0.918736794096745,True,True,0.571263205903255,0.571263205903255
Singapore,Prophet,2016-09-01,1.693,0.8375305088202509,True,True,0.8554694911797491,0.8554694911797491
Singapore,Prophet,2016-10-01,1.66,0.6843928587633846,True,True,0.9756071412366153,0.9756071412366153
Singapore,Prophet,2016-11-01,1.767,0.7639356463503972,True,True,1.0030643536496027,1.0030643536496027
Singapore,Prophet,2016-12-01,1.945,0.7188336762922322,True,True,1.2261663237077678,1.2261663237077678
Singapore,Prophet,2017-01-01,1.43,0.7488234376365064,True,True,0.6811765623634936,0.6811765623634936
Singapore,Prophet,2017-02-01,1.095,1.0129478738451876,True,True,0.08205212615481239,0.08205212615481239
Singapore,Prophet,2017-03-01,0.564,0.7990912598443546,True,True,-0.23509125984435464,0.23509125984435464
Singapore,Prophet,2017-04-01,1.26,0.8462801962526855,True,True,0.41371980374731454,0.41371980374731454
Singapore,Prophet,2017-05-01,0.484,0.7203760981432368,True,True,-0.2363760981432368,0.2363760981432368
Singapore,Prophet,2017-06-01,1.34,1.056716235650459,True,True,0.28328376434954117,0.28328376434954117
Singapore,Prophet,2017-07-01,0.797,0.9769524188654705,True,True,-0.17995241886547042,0.17995241886547042
Singapore,Prophet,2017-08-01,0.79,0.901282602910891,True,True,-0.11128260291089098,0.11128260291089098
Singapore,Prophet,2017-09-01,1.543,0.8711992064566851,True,True,0.6718007935433148,0.6718007935433148
Singapore,Prophet,2017-10-01,1.13,0.7260411033008455,True,True,0.4039588966991544,0.4039588966991544
Singapore,Prophet,2017-11-01,1.517,0.8004094739979294,True,True,0.7165905260020705,0.7165905260020705
Singapore,Prophet,2017-12-01,1.635,0.7644824309143844,True,True,0.8705175690856156,0.8705175690856156
Singapore,Prophet,2018-01-01,0.38,0.7691621345853151,True,True,-0.3891621345853151,0.3891621345853151
Singapore,Prophet,2018-02-01,0.907,0.953018024963409,True,True,-0.04601802496340901,0.04601802496340901
Singapore,Prophet,2018-03-01,0.175,0.8574756038008722,True,True,-0.6824756038008721,0.6824756038008721
Singapore,Prophet,2018-04-01,1.04,0.9046742858988446,True,True,0.13532571410115546,0.13532571410115546
Singapore,Prophet,2018-05-01,0.45,0.7426764448309974,True,True,-0.29267644483099736,0.29267644483099736
Singapore,Prophet,2018-06-01,1.13,1.0943726654173822,True,True,0.03562733458261769,0.03562733458261769
Singapore,Prophet,2018-07-01,1.067,0.9727370935085161,True,True,0.09426290649148383,0.09426290649148383
Singapore,Prophet,2018-08-01,1.0,0.884453836328213,True,True,0.11554616367178705,0.11554616367178705
Singapore,Prophet,2018-09-01,0.943,0.9059575343901459,True,True,0.037042465609854025,0.037042465609854025
Singapore,Prophet,2018-10-01,1.71,0.7680749821597129,True,True,0.941925017840287,0.941925017840287
Singapore,Prophet,2018-11-01,1.467,0.8368061484908158,True,True,0.6301938515091843,0.6301938515091843
Singapore,Prophet,2018-12-01,1.315,0.8093572312660899,True,True,0.50564276873391,0.50564276873391
Singapore,Prophet,2019-01-01,1.58,0.7879896395995337,True,True,0.7920103604004664,0.7920103604004664
Singapore,Prophet,2019-02-01,1.81,0.8932870084530653,True,True,0.9167129915469348,0.9167129915469348
Singapore,Prophet,2019-03-01,1.975,0.9174714509336603,True,True,1.0575285490663398,1.0575285490663398
Singapore,Prophet,2019-04-01,1.71,0.9629680386816653,True,True,0.7470319613183347,0.7470319613183347
Singapore,Prophet,2019-05-01,0.8,0.764479386963545,True,True,0.03552061303645504,0.03552061303645504
Singapore,Prophet,2019-06-01,1.44,1.1311470243381423,True,True,0.30885297566185765,0.30885297566185765
Singapore,Prophet,2019-07-01,2.077,0.9678060271421074,True,True,1.1091939728578926,1.1091939728578926
Singapore,Prophet,2019-08-01,1.74,0.8683032768785842,True,True,0.8716967231214158,0.8716967231214158
Singapore,Prophet,2019-09-01,1.743,0.9417997536403107,True,True,0.8012002463596894,0.8012002463596894
Singapore,Prophet,2019-10-01,1.71,0.8104617503886599,True,True,0.8995382496113401,0.8995382496113401
Singapore,Prophet,2019-11-01,1.617,0.873093749666005,True,True,0.743906250333995,0.743906250333995
Singapore,Prophet,2019-12-01,1.195,0.8534309112143877,True,True,0.3415690887856123,0.3415690887856123
Singapore,Prophet,2020-01-01,1.37,0.8053283518773383,True,True,0.5646716481226618,0.5646716481226618
Singapore,Prophet,2020-02-01,1.666,0.8338503523714458,True,True,0.8321496476285541,0.8321496476285541
Singapore,Prophet,2020-03-01,1.763,0.8325405538495793,True,True,0.9304594461504206,0.9304594461504206
Singapore,Prophet,2020-04-01,1.81,0.8780257762677968,True,True,0.9319742237322033,0.9319742237322033
Singapore,Prophet,2020-05-01,0.803,0.7877820902650616,True,True,0.015217909734938417,0.015217909734938417
Singapore,Prophet,2020-06-01,1.19,1.1083767966329594,True,True,0.08162320336704054,0.08162320336704054
Singapore,Prophet,2020-07-01,1.627,1.0705952483729038,True,True,0.5564047516270962,0.5564047516270962
Singapore,Prophet,2020-08-01,1.49,1.0089230155624664,True,True,0.48107698443753355,0.48107698443753355
Singapore,Prophet,2020-09-01,0.993,0.9277167302855878,True,True,0.06528326971441223,0.06528326971441223
Singapore,Prophet,2020-10-01,1.46,0.7745790802288269,True,True,0.685420919771173,0.685420919771173
Singapore,Prophet,2020-11-01,1.517,0.854121867815667,True,True,0.6628781321843329,0.6628781321843329
Singapore,Prophet,2020-12-01,1.745,0.8090198977575656,True,True,0.9359801022424346,0.9359801022424346
Singapore,Prophet,2021-01-01,0.98,0.8390096591015519,True,True,0.14099034089844809,0.14099034089844809
Singapore,Prophet,2021-02-01,1.491,1.1031340953097475,True,True,0.3878659046902526,0.3878659046902526
Singapore,Prophet,2021-03-01,1.417,0.8892774813093781,True,True,0.5277225186906219,0.5277225186906219
Singapore,Prophet,2021-04-01,1.76,0.9364664177175114,True,True,0.8235335822824886,0.8235335822824886
Singapore,Prophet,2021-05-01,1.086,0.8105623196084903,True,True,0.27543768039150973,0.27543768039150973
Singapore,Prophet,2021-06-01,1.99,1.1469024571156847,True,True,0.8430975428843153,0.8430975428843153
Singapore,Prophet,2021-07-01,1.727,1.0671386403308634,True,True,0.6598613596691367,0.6598613596691367
Singapore,Prophet,2021-08-01,0.99,0.991468824375741,True,True,-0.001468824375741029,0.001468824375741029
Singapore,Prophet,2021-09-01,1.293,0.9613854279218695,True,True,0.3316145720781304,0.3316145720781304
Singapore,Prophet,2021-10-01,1.86,0.8162273247659412,True,True,1.043772675234059,1.043772675234059
Singapore,Prophet,2021-11-01,1.767,0.8905956954632088,True,True,0.8764043045367911,0.8764043045367911
Singapore,Prophet,2021-12-01,1.745,0.8546686523794772,True,True,0.8903313476205229,0.8903313476205229
Singapore,Prophet,2022-01-01,1.48,0.8593483560504297,True,True,0.6206516439495703,0.6206516439495703
Singapore,Prophet,2022-02-01,1.144,1.0432042464285205,True,True,0.10079575357147941,0.10079575357147941
Singapore,Prophet,2022-03-01,1.352,0.9476618252658641,True,True,0.404338174734136,0.404338174734136
Singapore,Prophet,2022-04-01,1.56,0.994860507363739,True,True,0.5651394926362611,0.5651394926362611
Singapore,Prophet,2022-05-01,1.378,0.8328626662960662,True,True,0.5451373337039337,0.5451373337039337
Singapore,Prophet,2022-06-01,0.84,1.1845588868825523,True,True,-0.3445588868825523,0.3445588868825523
Singapore,Prophet,2022-07-01,1.627,1.0629233149736892,True,True,0.5640766850263108,0.5640766850263108
Singapore,Prophet,2022-08-01,1.29,0.9746400577937446,True,True,0.3153599422062554,0.3153599422062554
Singapore,Prophet,2022-09-01,1.093,0.9961437558555217,True,True,0.09685624414447824,0.09685624414447824
Singapore,Prophet,2022-10-01,1.26,0.8582612036250292,True,True,0.4017387963749708,0.4017387963749708
Singapore,Prophet,2022-11-01,1.367,0.926992369955845,True,True,0.440007630044155,0.440007630044155
Singapore,Prophet,2022-12-01,1.195,0.8995434527311605,True,True,0.2954565472688395,0.2954565472688395
Singapore,Prophet,2023-01-01,1.238678550940334,0.8781758610649274,False,False,,
Singapore,Prophet,2023-02-01,0.989,0.9834732299179534,True,True,0.005526770082046606,0.005526770082046606
Singapore,Prophet,2023-03-01,0.35,1.00765767239903,True,True,-0.6576576723990301,0.6576576723990301
Singapore,Prophet,2023-04-01,1.46,1.0531542601468558,True,True,0.4068457398531442,0.4068457398531442
Singapore,Prophet,2023-05-01,1.408,0.854665608428567,True,True,0.5533343915714329,0.5533343915714329
Singapore,Prophet,2023-06-01,2.29,1.2213332458031423,True,True,1.0686667541968577,1.0686667541968577
Singapore,Prophet,2023-07-01,1.877,1.0579922486073503,True,True,0.8190077513926497,0.8190077513926497
Singapore,Prophet,2023-08-01,2.74,0.9584894983441203,True,True,1.7815105016558799,1.7815105016558799
Singapore,Prophet,2023-09-01,2.743,1.0319859751053826,True,True,1.7110140248946173,1.7110140248946173
Singapore,Prophet,2023-10-01,2.91,0.9006479718536021,True,True,2.009352028146398,2.009352028146398
Singapore,Prophet,2023-11-01,2.467,0.9632799711307182,True,True,1.503720028869282,1.503720028869282
Singapore,Prophet,2023-12-01,1.695,0.9436171326794748,True,True,0.7513828673205253,0.7513828673205253
